MD0
# 📊 Benchmark ML — MaroTrade Intelligence (Phase 1)
### Voie 100% Data-Driven · Format Publication PFE

> **Le score ML (data-driven) détermine le classement. Les 7 dimensions sont une lecture
> métier post-hoc pour l'explicabilité PME, pas la cible d'entraînement.**

| Paramètre | Valeur |
|---|---|
| **Données** | Comtrade AG2 · 18 pays accords · 88 produits HS · 2018–2024 |
| **Filtre** | value_usd ≥ 100K USD · lags complets (≥ 2018) |
| **Variable cible** | log_return = log(V_{t+1}/V_t) × 100 |
| **Split** | Train ≤2021 · Val 2022-23 · Test 2024 |
| **CV** | TimeSeriesSplit (4 folds) — pas de KFold aléatoire |
| **Métriques** | RMSE · MAE · R² · **Spearman ranking** |
| **Modèles** | Ridge (baseline) · XGBoost · LightGBM · CatBoost |
---
MD1
## 0. Dépendances, seeds et chargement des données
---
CODE2
# ── Dépendances ────────────────────────────────────────────────────────────────
import warnings; warnings.filterwarnings('ignore')
import numpy as np
import pandas as pd
import matplotlib.pyplot as plt
import matplotlib.gridspec as gridspec
from matplotlib.patches import FancyBboxPatch
import seaborn as sns
import scipy.stats as stats
from scipy.stats import spearmanr
import json, os

# Seed global
RANDOM_STATE = 42
np.random.seed(RANDOM_STATE)

# Style publication
plt.rcParams.update({
    'figure.facecolor': 'white', 'axes.facecolor': '#F8F9FA',
    'axes.grid': True, 'grid.alpha': 0.4, 'grid.linestyle': '--',
    'axes.spines.top': False, 'axes.spines.right': False,
    'axes.titlesize': 12, 'axes.labelsize': 10,
    'xtick.labelsize': 9, 'ytick.labelsize': 9,
})
COLORS = {'Ridge':'#534AB7','XGBoost':'#1D9E75','LightGBM':'#378ADD','CatBoost':'#E24B4A'}
FEAT_LABELS = {
    'log_value_usd':'log(Valeur export)', 'log_lag1':'log(Export N-1)',
    'log_ma3':'log(Moy. mobile 3 ans)', 'std3':'Volatilité 3 ans',
    'growth_lag1':'Croissance lag1 (%)', 'log_return_lag1':'Log-return lag1',
    'price_usd_kg':'Prix USD/kg', 'market_share':'Part de marché',
    'cagr_3y':'CAGR 3 ans (feature)', 'hs_code_enc':'Code HS (catégoriel)',
    'partner_code_enc':'Pays (catégoriel)', 'accord_score':'Score accord (ALE/PREF/NPF)',
    'droits':'Droits de douane (%)', 'wb_gdp_per_capita':'PIB/habitant (WB)',
    'wb_imports_pct_gdp':'Imports % PIB (WB)', 'wb_available':'WB disponible (flag)',
    'ocde_risk_score':'Score risque OCDE', 'distance_km':'Distance Maroc → pays (km)',
}

# ── Données pré-calculées (résultats réels) ─────────────────────────────────
bd         = {"results": {"Ridge": {"cv_rmse": 5969.567769758151, "cv_std": 10246.996467224038, "val_rmse": 53.79652494032469, "val_r2": -0.05435254366853837, "val_spearman": 0.14680662666632388, "test_rmse": 47.32828161729795, "test_r2": -0.7652284819717292, "time": 0.0009799003601074219}, "XGBoost": {"cv_rmse": 53.292509589345755, "cv_std": 4.3311346059712825, "val_rmse": 55.33449627418212, "val_r2": -0.1154993620616811, "val_spearman": 0.05981087407155474, "test_rmse": 50.73824845747419, "test_r2": -1.0287586977933971, "time": 0.09844470024108887}, "LightGBM": {"cv_rmse": 52.73531542226512, "cv_std": 4.9661169392202975, "val_rmse": 54.74698549007637, "val_r2": -0.09193761365766973, "val_spearman": 0.09674364646892719, "test_rmse": 50.600395459681614, "test_r2": -1.0177496246689097, "time": 0.0678091049194336}, "CatBoost": {"cv_rmse": 52.1410041252301, "cv_std": 4.9883591803936485, "val_rmse": 54.40725586435501, "val_r2": -0.07842773523150814, "val_spearman": 0.08028046187882325, "test_rmse": 48.81778056192533, "test_r2": -0.8780861714303017, "time": 0.19670987129211426}}, "best": "Ridge", "features": ["log_value_usd", "log_lag1", "log_ma3", "std3", "growth_lag1", "log_return_lag1", "price_usd_kg", "market_share", "cagr_3y", "hs_code_enc", "partner_code_enc", "accord_score", "droits", "wb_gdp_per_capita", "wb_imports_pct_gdp", "wb_available", "ocde_risk_score", "distance_km"], "y_val": [6.2446378269104885, 19.15771006541055, -14.888739620246486, 100.0, -59.8044718483003, -100.0, 61.49044604424815, -7.367077319490621, 30.63680341743311, -53.4166921348676, -47.46558592873305, -46.0961208284668, 21.5278600496819, 100.0, -46.89942106893984, 39.9856636972934, 25.10405245341745, 13.061715667552551, -47.63523046175241, 28.341263327309303, -19.228869767327986, -46.52670134862073, -80.30174769563887, 3.934916663585677, -65.77838034178058, -24.77140346892291, 14.377593312451353, 2.1720828530121032, 91.9896579314254, 32.84203971647623, -37.81652290568727, -22.063261903520274, 65.06986183012711, 72.23443093613807, -5.371169294637674, 67.2457035066175, 59.08897636924468, -11.834854655123696, 32.73163071448086, -7.936406957965532, 100.0, 9.189095697493862, 24.4009769270642, 46.00784101744598, -60.25206611005749, 100.0, 40.47463064993636, -8.288523397403305, 63.22528987308598, -25.56106112782385, 60.41279319940891, 81.7990446902537, 72.69139800714242, 71.80701504490997, 43.06525929154301, 64.69802458017078, -4.451909946136772, 44.50718219252554, 23.823105762828387, 17.68329301199633, 82.16103383852543, -100.0, -18.383849442190748, -17.674373399204036, 15.02524437552858, 13.764559456855716, 28.991923733721386, 62.0790639978574, 19.75753989278437, 32.79150428684657, -44.04945816181575, 67.61483964419678, 100.0, 8.81534472821585, 37.890899189677256, 92.97735034460472, -37.98994592987796, -16.320887345157335, 26.609356574761577, 1.7674701468103249, 39.3466040999251, 49.133569197416165, 16.584258294134273, 10.896103648931453, 54.472949317420806, 79.26024346483473, 21.926470958983, 6.699379375683087, 28.95887013263479, -13.827329730876995, 8.980494486362808, -5.943861895277919, 25.805217167429845, 4.165180572396638, 11.046063777086806, 3.910940068081656, 47.386311544615126, -11.17208069867464, 6.813264944512658, -44.278358413333336, 38.19620796327045, 61.0157961235416, -49.97420378060469, -9.551865714762492, 23.30308463490352, 9.165854867373415, -2.86505636858923, -1.9327161139207831, -70.68819058884468, -9.195805346769207, -4.302955835963697, -36.27050872022389, 29.68576015373596, -43.458298908542375, 19.32149984750032, 9.929724342509314, 47.95206088492483, 100.0, 78.9037582950474, -3.2204676637847847, 26.186929422540423, -10.693041465137796, 4.245332773993296, -7.243812233864707, 4.653756263543627, -11.150862041940329, -13.727591648586, 3.886221289934513, 18.638000461677493, 24.02251642570621, 1.275687794781997, 9.74262429040677, 35.25725487958896, -51.60309777068346, 42.35018453733434, 58.51602955004704, -6.255487037571841, -10.195324273712012, -30.73894329024824, -25.30457541498638, 55.2062171480581, -38.89246637352007, 86.75066073914226, 11.85136014958572, 60.086345411595374, 11.462513699571652, 40.692516927377575, -46.0603725490195, 95.49438106969843, -42.89009860686564, -14.249043875898462, -10.62896945826192, 2.251620690759307, -7.84807063156496, -30.61799035064893, -58.41984143453279, 23.33465835817629, 42.07811339202317, 67.2027888133013, 70.79494260769688, 88.15273977483929, -27.9586766653108, -11.403656324563874, -17.86494265961423, 25.796117546569004, -17.147717941868624, 100.0, -52.17853731480901, 10.467809900432895, 30.47175332703383, 0.8470105890610317, 89.59369452515824, 62.80739186088803, 28.89865669437005, -73.68793312511802, 19.74406905323352, 39.04525857446286, 38.56756495890773, -5.485323811902566, 26.923291202696745, 81.32359110092476, 11.49923410488127, -8.174974940832259, 18.31925692053199, 10.23490728286598, 16.759114357440293, -54.110299260955, -26.18763294080084, 11.861365314998167, 18.508483528870723, -13.882737515124738, 9.825015515175023, 34.892588020128365, 16.764515773483247, 5.923598659316069, 100.0, -10.70523726973152, 16.84926001590033, 32.667636852718815, -100.0, -10.325022212043097, 24.98824683119528, 19.863150106882564, 22.047784082581472, 17.65722780066085, 18.674341375648563, 5.122050221899395, 43.35421771159575, 57.8073132391021, -59.35072046022636, 22.343604833372023, -41.10623245763764, 49.4738872239224, -23.53697716981561, 69.9492283704989, 15.092894208906625, 32.484132901432986, 5.234251746305931, 53.23589560494175, 87.47536428868929, 100.0, 35.532259473995275, -60.98401381269065, -85.69853296986159, 74.06978338103991, -76.70074458303505, 6.147327634848702, 59.4001990110762, -51.61818834922628, 72.79402399155632, -38.18358455341645, -84.87593979960486, 25.190851235367795, 100.0, 100.0, -77.27720487571634, -23.45348404102036, 29.67443962000329, 38.382616197000594, -25.65995522680388, -88.62077967445477, -0.7503858942940184, 32.38940756293658, -99.02329667508836, -21.6701291054444, 53.62966148394664, -94.21865546178512, -22.800432135817264, 78.58029774532281, -37.56918935084115, -99.55222304640984, -93.38799385401605, 33.857307720678456, -100.0, 45.34096945060633, -32.4958179946796, 27.02289591012716, -52.90875064059736, -43.780494986782855, -10.480696533930653, 100.0, -77.45832744193095, 100.0, 5.34068999347425, 100.0, 16.562645767780385, 33.00243497982917, 34.1824599315712, 37.538737726927465, 17.612767508520886, 59.38994893544187, 23.651222893183945, 22.90462398857472, 4.607739097191335, 60.20362918036693, 12.758147657858348, 50.23172188837371, 58.976157852006615, -19.923869300063792, -19.9345416197285, 44.469159939953705, 0.4612719927337498, 0.628003260034443, -15.18752417201269, 49.99920966045577, 17.396290890837328, 71.42173445041746, -43.43447552632601, 11.963799745268965, 22.67892099577917, 54.97831482597076, -3.933581292999796, 64.22008318074592, -78.14804076597306, 10.542284680920757, -21.180730577949262, 82.13700477524407, 83.4690045777155, -46.12935642045775, 100.0, -20.682909312414104, 37.83319366785902, 98.36967858986488, -100.0, 51.59704930818319, 24.77442423647861, 15.395332932612032, 100.0, 94.40758839045654, 81.13411775387958, 2.6487354151861786, -10.653977690600994, 6.559085236178726, -2.529422480892375, 59.764213384127714, -10.529952865175416, 5.768062307283737, 13.620450440480802, 41.916927387657736, -1.7778268172290774, 25.246647947537483, 2.4762647026336424, 38.23148976081204, 35.77167359814924, -46.72951963263368, -91.43548784274144, 100.0, 31.24814271449089, 5.205985317337094, 23.628174452697284, -67.97059175651468, 47.06874952061515, 51.3775035403523, 28.83279575903017, -7.367000982310337, 32.63271600228836, 5.222585918878657, 57.42357904519477, 10.957382172691135, 24.7604452076682, 36.1312728642738, 24.42938069983068, 1.4206845774959866, 38.32237508525095, -5.417933599070755, -2.658417529501824, -1.1433443291996814, 47.45443076081122, -44.40527114644362, 24.4858975901696, 14.489829504365234, -11.610172189319192, 92.3974836563488, -27.35411610989052, -47.3913280598394, -75.52354793287616, 33.45710854985759, 10.740900250593334, 1.5689362684312091, -19.054358879852696, 28.75182169707042, 9.936151357769866, -3.677730593899494, -37.52191169685383, 12.91938454040618, 51.89050563343302, -24.67549702110151, -56.46158944302635, 100.0, -46.11840142002451, 22.62517079628296, -13.53480085430534, 100.0, 43.11188970362097, 36.00040540574738, -17.04995110777279, 36.48533349657278, 58.793549827379245, 67.90823976261298, 64.21140826841128, 28.77385133894701, -27.502031993207225, -36.646710278174574, 3.168356463259378, -18.45175919255436, -6.280918961862146, 90.9110731188986, 22.223940419077387, 76.82339559963637, 83.50537764848335, -4.614519948989716, 14.93415578878419, 30.8989011944294, 24.04549179703588, 4.482322231774732, 35.404912204768465, 64.10888098445888, -7.845114675193759, 45.96753128789643, 22.667113484882524, 8.754428190111437, 25.798792568971194, 18.257801489616497, 21.97744844632737, 93.60671932159956, 24.443012853047456, 100.0, -45.1043254291161, -71.96066001720476, -73.93520478304981, -4.145500603351471, 25.37872962366293, 9.243203736790823, -100.0, -50.2779675442868, -79.56607540852029, 26.55168580182392, 13.249021446253362, -23.626485861840703, 60.11425746483904, 73.56687498330643, -100.0, 36.34556930705681, -47.62743397130532, -100.0, 93.22615083881956, 69.60103260818184, -37.9979512834476, -21.532454093231884, 100.0, -100.0, 3.645683451271656, -22.79394146633585, 10.671709565250035, 3.7028192710426655, 42.22237638253, -74.40391047099911, 67.91318070959646, -25.35909490884944, -43.68320928363288, 37.33778085719175, 46.33532718815106, -70.45588202786102, 100.0, 100.0, 24.601415383839147, 46.600578156968055, 33.15022004695788, -94.67916086558527, -65.636494662616, 62.17031716948871, 99.56329553383112, 34.04054301560136, -29.2853289548363, -12.209468883373823, -3.2714656481006985, -79.08887085466534, 21.65822575379337, 12.248794974910624, 82.92865018767684, 26.9397644427628, -34.61482033599223, -0.2443924503225508, 64.43330929297143, 81.95187107759423, -100.0, 41.2556292773227, -1.4438802532356447, 100.0, 45.6883661643685, 43.53558651891344, -1.0377186789540516, 11.901944019385988, 52.19700366445772, -92.11914019202727, 21.99525161447014, 37.06643008923236, 24.91451071289516, -80.77180750179085, -46.53725637806384, -56.36942315729727, -100.0, 68.99713902041307, 48.66729360192259, 83.14191447236098, -52.941812143424286, 61.88299066941243, 100.0, 52.92428771680133, -17.762855626912565, -100.0, 30.939067423808904, -30.49037422796338, 41.349447410482526, -18.51686081489545, 43.014251140939, -73.55992407042423, 60.55702650652614, 26.2977130893318, 75.47641374006014, 59.80627735903256, 22.828104571056176, 73.85717225484328, 27.490107890743143, 64.2398697272746, 8.718268770112475, 22.878174604751308, 19.61856196278701, 71.81782129044807, -9.35408419963593, 60.10690659817677, 20.72597611461896, -25.83308860111595, 25.016165362720933, 33.42622132906839, -28.088091854302554, -27.83958978665756, 69.74475220106173, 41.200058319933824, 100.0, 100.0, -38.8735414549879, 100.0, 37.86151970991425, 100.0, -9.369309354904578, 61.785898579702994, 100.0, 93.99797212702946, -32.450466858507, 66.50327459398477, -100.0, 22.94760347701584, -8.829087256729098, -66.78323544047355, 96.50139041936914, 65.73615877228531, 100.0, 79.84465989341055, -33.03959779516401, 66.35734427969629, -76.83063946294953, 74.08907753848652, 23.94093166254764, -28.25623942014545, -51.65398393687736, 100.0, -17.922168869943924, 63.32667668537284, 12.325895784983532, 23.28624993101292, 83.45337680440502, -60.859755569638885, 16.579259834585553, 22.83174819488464, 37.85709506975898, 26.720111510747905, 82.76414314980771, 55.800721899626296, -32.5967410638859, -25.032309841540147, -20.610484028369893, -4.40002055808611, -10.837869817814088, 18.86403596258048, -63.27005831429236, 3.7035883340158455, -11.551151468551826, 25.69910167577289, 25.04048156402488, 47.54440304702754, -40.02464465100847, 21.97197572291621, 0.4215708241957713, 5.946315389544649, -24.59696056182031, 44.60893391791824, 10.353995751960966, 7.923244993542218, 33.504006059693154, 45.87550293604356, -68.09679496369313, 22.37076752132661, 25.79759648017831, 3.3706077502561183, -26.967947590547748, 40.68827071456492, -38.61854172395606, 52.67555693305241, 3.607775732202003, -100.0, -38.354441537601616, 65.30320741943466, 100.0, -5.93051307269455, 36.62527176725229, 82.01895950407517, 31.49976359203133, 50.697663074187474, 34.482524290847344, 66.66099784236606, -2.1093861814090573, 100.0, 2.372373901983148, 44.24162963023514, -90.8307343239128, -76.91834344392873, 35.97284749922514, 35.29410246589423, -29.81631036732133, -0.2939710555606603, 45.1370596540321, 9.928911565352974, 74.36193784611767, -63.819141223559015, 94.06850583246288, -100.0, 61.90186859726585, 58.68718366008498, 92.42150145159628, 14.943171592845166, -4.127876399887199, 22.18721809430664, 31.79170732447401, 86.82843946715141, 32.39807974753742, 56.50404013254982, 96.2097585234872, 54.859898254105055, 27.971081978811625, 90.32559271880612, -100.0, 13.81352033582665, 100.0, -2.8425729374325392, 30.257665924008307, -19.26885411124037, 20.108179470049155, -20.446943156259827, -2.4535216790731065, -41.82949058686938, -7.005974826255605, -20.821817679397977, 53.37200310451403, -100.0, 5.988991238040467, 57.16062393640149, -83.48278198457166, -50.68222372686431, -3.842572137584764, 8.794612889585585, -14.125770634431076, 20.826511059388533, 6.046654710929774, 100.0, -25.331173936934576, 90.98246225376838, -18.582006811064684, 5.434280588133561, -9.654096309581888, 65.27400899907488, 34.3645204088444, 39.98233238010546, -48.11185368194592, 65.9762330544875, 22.19080116119132, 69.04658843757134, -62.416601170143984, -77.6262061898164, 32.68991900494504, 79.83005162673145, -12.454881259098226, -0.2995522408708775, 45.53993685257395, -16.34538109852002, -12.77810803906512, -35.20547572634231, 5.869471554231424, 73.17239248593604, -100.0, 31.74302656051537, -20.35803434666764, -21.61080809706073, -0.7205505882965184, 27.81192725300265, -86.00725031497889, 7.837528532159291, -80.61506802778517, 25.388704713215176, -38.076575632591, -31.942191205074334, 14.129353058007618, -7.010099988551468, 1.833107426997577, -22.37519128240458, -17.651407647118084, -53.54840955987028, -100.0, 100.0, 100.0, 22.74013575040788, 53.4755428391575, 2.3935545324555565, 96.53095706706117, 15.583962299470311, 67.57143009404281, -71.3538948883747, 11.487995355501138, 66.60486793490385, -38.5338464755684, -18.284025896390887, -100.0, -20.69367348184317, 29.834228091192067, -8.795827764115746, -100.0, 100.0, -47.31376594791168, -86.36786177319496, 10.94353189253007, 28.4743126159914, 100.0, -100.0, -72.50692770901055, 24.99031195913746, 50.95317896217225, -18.00486086055577, 5.287419264590495, 92.98255165130618, 11.259519614969648, 84.73635231573147, 77.34011398638567, -55.42789818847077, -10.344742975559903, 51.97890096183964, -87.16067799957034, 82.98449811023276, 22.398679296716285, 67.72799446812753, 44.11251637002266, 9.80843067923395, 66.61143632384132, -37.611755318824095, 82.59748114545117, 4.262952470510989, -100.0, -100.0, 54.29201388495429, 45.793964487075634, -100.0, -15.954168934332811, 14.502527625735992, -16.322242646638674, -18.686563973235536, 84.55647235974625, -3.942979408526371, 91.95241199386588, 6.2573708876418905, 100.0, -38.64590126369319, 100.0, 73.41581592095795, 58.6327247355706, 33.1607728168262, -35.33756805649163, -53.18410865405816, 98.46888444753714, -8.110689907248425, 45.02023365312362, -100.0, 100.0, 100.0, 7.496681316323657, -49.63578139972684, 5.332923602243415, -32.268772409798615, -52.00810877008561, 44.85489020148716, 0.1609771617032364, 13.974127139866024, -8.753671790774753, 45.95692735122348, 53.67815417007979, -7.598471115515339, -42.37964962862661, 10.631260093839323, 7.630022751075124, 17.97833868462924, 59.05712290002846, 38.12830139581884, 29.46491583173693, -18.820440728269, 25.44497830437961, 24.812490053319923, 36.132971251347165, -24.52630420573014, 31.97047395272289, -30.381542047437083, -4.073955598290467, 29.74644836870982, -44.20813131953694, 73.82570007069434, -48.57518867715853, 39.12962341688907, 73.48231464167853, 100.0, 38.21532537724318, 55.13702911884369, 5.926333050123554, 62.1150049300029, -3.2649345345577965, 46.05887058647035, -16.556532519100063, 59.383011491099055, -4.555400996449698, 41.31398921330688, -0.380364002853237, 47.22580278539088, 67.52137714953062, 94.24840023680696, 44.8928345789554, 16.565042476760215, 34.911492546884766, 17.586845817244694, -21.63613240250058, 3.0712133454463544, 66.7860220983131, 19.01816155592815, 56.12927800856773, 37.98206465686472, 62.80204313323489, -100.0, 26.58252662318769, 100.0, 71.08132034565156, 7.286534667966165, 26.02205335597118, 7.903675017997927, 83.80575017150693, 85.56307571406738, -82.15058048539441, -6.708174059120388, 59.964214232446224, -11.87052532400267, 40.63946294588232, -39.44408861461177, 55.12539317923441, -3.2137549620383865, 57.922191251917695, -7.915739403186403, 12.200247092542693, 100.0, 47.07391278410486, 3.901730951974829, 68.4605462253096, 28.864697758588715, 58.83166044963287, 15.377036652145994, 56.27504507703587, -5.929320733991337, 26.090148839011505, -69.85734632137562, 17.49113189539903, -9.592444805839762, 37.55290526988829, 68.52246295557042, 5.743758570236546, 6.633953792986555, 76.58003330015151, 24.756125849755, 67.62926790509079, 4.978037023042974, 39.252734875683984, 37.43423742828772, 39.84539035274796, -100.0, -48.771918283459314, 100.0, -44.162061777277735, 80.13478899136341, 33.95938542243937, 74.76381666422284, -16.52369840119981, 100.0, 28.53108704040271, 100.0, 8.942943914453503, -21.17044961142849, 6.210147263468898, -32.48046927332972, 74.77714180091584, -23.098744657603483, 44.37996322672738, 16.066852676107814, 59.77186548324883, -31.49043657484789, -2.931231727258886, 49.35806451058289, 31.79153361741525, -19.482398428386013, 87.80658966818639, -16.756249386749595, -20.729517081904103, 16.603773466367443, 1.2957080405482555, 93.64115398140262, 36.08082125395149, 100.0, 10.262707045729076, -8.506917764272808, 63.3675810521348, -7.530921983888363, 76.09862586859563, -26.432147724995303, -10.246668995002429, -4.761392007910295, 17.117414284701717, 7.709008627431363, 47.36268147957254, 92.5532789057623, 11.68334482172446, 65.74654099995205, 100.0, 51.419500646785686, -40.43621631384372, 97.13992110004072, 14.9258881939628, -33.426956608799486, 19.62345828381657, 5.592669332228325, 59.0096281091561, 45.8836429146814, 67.93162782355068, -74.85385786895706, -24.349306008025383, -14.7166202379457, -36.28063575161305, -5.179173682876152, -41.870993720605306, 10.514696414089515, 26.21001507082169, 13.301755950591316, 28.839285707641864, -36.67872646786349, 38.57532830315521, 64.96081672100495, -91.64616365466269, -2.382217850103154, 12.57723772030408, 7.724683743199029, 85.47717383472391, 31.24327800448887, 46.65395424569556, 14.459475557824014, 70.4920646328477, -26.18785865568225, -100.0, 4.972358956275462, 69.00956534288336, -18.077027287629047, 63.82666089672673, -15.456262140369962, 28.4618714771212, -10.635478971009965, 31.373071445550448, -18.61821442919037, 36.72990382438536, -13.046634007309086, 6.433374357078551, 11.39296242011339, -25.42581001114185, 9.873839708382926, 58.80036702103454, -64.93569973422305, 55.29007598682208, 75.19003844117351, 32.47232216747377, -100.0, -100.0, -1.216064682537959, 8.804675954223493, -87.86455080659925, 73.16952104821232, -35.08717271653918, -29.73727121774133, 63.93775829389177, -90.23973386643723, 95.94862964973584, -1.5058183527318123, 63.25616758304989, 13.77503699448012, 6.361450488017104, -100.0, -100.0, -100.0, -25.924952877388453, 12.109764234743272, 10.747700217936591, 79.67398564638795, 100.0, -100.0, -100.0, -100.0, 16.41599755939489, 60.73105119385388, -35.10109591140589, 80.55503016349999, 5.811221195165641, 12.028899043847304, 16.35007087126502, 39.31287294793653, -64.11296235395761, 55.67071818965877, 29.23030819392845, 35.22937876905122, 100.0, 29.40690841867863, 97.55981679973326, -27.31480160380758, -100.0, 10.465348417723623, 100.0, -100.0, 1.2260784726290883, -66.68294686435831, -12.476319113856642, -59.302951854529965, -54.37283830440575, 100.0, -18.78790174766116, 49.39656239328053, -100.0, 100.0, 100.0, 100.0, 8.43035302700089, 54.620729185735904, -48.69523285785053, 28.205950847120988, -14.272210345902378, 100.0, -10.070539792599549, -43.86701569370874, 22.000144470905777, -33.40880061005103, 35.78613736593613, 59.3923998749388, 76.62408841239497, 100.0, 4.5487364668150505, 100.0, 98.309052461533, -54.82027428153569, 4.447179240189159, 83.32748761391619, -4.368166083770368, -22.276943669804364, 36.718498956435326, 100.0, -6.429886134105413, 21.17506847850921, 6.312403129863547, 39.49384963060673, 2.8724951675114165, -65.44574456936422, -75.1251354307065, -34.459075431020324, -100.0, 67.71467141672424, 8.643289888969589, 22.490912228067508, 12.450226159741572, 78.43538102551287, -100.0, -28.775843214095527, 2.829206804714097, -32.434162556559215, -100.0, 74.19050900184936, 100.0, 84.59175011821458, -100.0, -100.0, -51.34019147760012, 40.74933397520598, -19.78479780898704, -67.712435627353, -79.22377275239263, -100.0, -100.0, -100.0, -43.60151264470203, 32.07849710880691, 100.0, 52.61981540248987, -49.87693187288319, 42.69283975775101, 100.0, -15.038050089242258, -100.0, 100.0, 11.7843628913659, 100.0, -68.01520108121623, 100.0, -28.855066312533665, 74.71820771552967, 32.101669676365226, -34.85093075920964, -100.0, 43.85564837544079, 55.28782153494479, 25.273013501542145, 10.801285541861237, 20.021417141104948, 27.738722958297167, 52.70665178390352, 87.44290119603187, 42.71972096121793, 62.22859702771469, 13.89141422766865, 37.569690562468764, 15.193172482534688, -37.86486291276501, 12.643815401755097, 60.97628562602667, 7.991758528097817, 23.30513409047469, -17.92953597750873, -19.847596001658875, 78.05344528441493, 34.25827246771098, 79.05638371328975, 30.178826629961343, -64.43251806592917, -10.718536968828376, 40.8850374396289, -52.66233364950389, 57.693826022391306, -62.00191920467464, -4.702695867673891, 48.44268123998008, 100.0, -62.10129413305102, 7.215074938632306, 49.24436694248302, -0.7195379603510047, 55.86303475147011, 35.867658134275246, 31.912891214505795, 23.68985738925191, -17.79391889320998, 6.146434891240041, 41.271092992121325, 17.4506913379308, 66.90765082698557, 56.341796282771305, 100.0, 23.66211659297891, 50.63037989796935, -66.48649819399603, 69.62215188088662, -2.6963281715598986, 76.15691821295222, 8.740770551099738, 37.5418677667046, -4.638168154142715, -100.0, -12.079528646672715, 100.0, 33.04115771126822, 7.786794981481663, 53.69857449423655, 29.785585668906528, 25.53383090461081, 85.13461089277718, 15.82789638829148, 55.89774780254223, -1.830057462346744, 70.63728101734539, 14.45553964794833, 88.0748546532755, -74.67760904231604, -14.026337547810764, 58.67712131893234, -50.557484178489766, 7.319164068209261, 62.180840438308685, 44.66308733454118, 100.0, 29.57640285098181, 88.4754113072709, 37.3224940889471, 9.836974799689234, 82.51968404675041, -24.10529796582552, 100.0, 97.41653036138686, 32.14084079501814, 68.39837682131306, 45.68486975004678, 29.509441025548533, 69.20680123853364, -8.476092167252423, 63.14790590851581, 60.53959432335196, -21.226932890425545, 81.4063853629938, 42.23486875006418, -100.0, 100.0, -12.81023900592316, 21.7835285210042, 83.62266229423831, 72.78831380663647, -82.83255196698663, 20.53081415018484, 44.09618695402772, 28.34828429301911, -48.87731816185902, 100.0, 100.0, -83.53333119326233, 37.49138404515261, -43.52825710201108, -98.23391576896242, 76.75242659595109, 17.944628268231657, 21.614185649930736, 72.03163349995631, -56.03424052883563, 66.52108795242597, 6.409330796380042, 4.504019082560289, 100.0, -100.0, 56.786049590294006, -3.602518853812094, 100.0, -100.0, -4.490380982522079, 100.0, 100.0, 32.524349493424424, 18.67091551007825, -31.15230352575364, 100.0, -43.74935891323137, 40.24108937553959, -8.707242566880208, -2.1852795614994225, -56.67626824446613, -21.210578653395547, 48.54563309549203, -100.0, -100.0, -37.10312441339176, 7.752434635386848, -87.23928265321624, 49.64968848867479, -51.55234071286312, -60.9874668524221, 32.88844173910784, -100.0, 7.1581052803649055, -28.383666905647647, -41.10792439858418], "y_test": [0.0, 0.0, 0.0, 0.0, 0.0, 0.0, 0.0, 0.0, 0.0, -7.957600295815189, -1.16827652831621, 0.0, -23.67559016533305, -100.0, -51.15670242701527, -40.361263612579776, 0.0, -7.199904583602709, -32.65155070059467, -95.15818437150232, -52.61703967426087, -36.75358330503212, -68.85835066419006, -0.9148270476307035, 0.0, -69.31471805599453, 0.0, -69.31471795219953, 0.0, -39.11385512920333, -73.6757705374349, 0.0, -51.81909426160206, -38.71525376358711, -69.30363617536808, -0.0221649894698184, 0.0, 0.0, -69.31464173346355, -0.0001526432983164, -69.31453119830306, -0.0003737270605936, -68.69804647154021, -1.237169616153596, 0.0, -69.27049713773779, -0.0884614148965689, -68.1780016780193, -2.28650270782416, -69.31471845808198, 0.0, 0.0, 0.0, -29.961359937824035, -100.0, 0.0, -65.15977704329276, -8.490029429723144, 0.0, -0.0443928810180078, 0.0, -6.4203138048850015, -7.324767136333138, 0.0, 0.0, 0.0, -13.017521942966724, -100.0, 0.0, 0.0, -3.159250273203077, 0.0, -7.592133396126985, -30.24865307189692, -100.0, 0.0, 0.0, 0.0, 0.0, -1.9488544529966247, 0.0, -0.2425437692473099, 0.0, 0.0, 0.0, 0.0, -0.0459249528723018, 0.0, -5.476263361704208, 0.0, -4.598540236758621, -0.0210429246444298, -63.36572617964775, -12.274399804393028, -14.426495028037008, -100.0, -54.71433654154896, -31.70301275858024, -50.65444337260924, -41.6202646722976, -60.04423517679462, -19.489021729082936, -59.46082960032293, -20.785980438023586, -66.27662959442152, -6.171376538182949, -2.547523250298291, 0.0, -3.3962810569172595, -66.63208311689162, -5.439224682400417, -48.17194827760485, -47.98833053643328, -69.09521650342548, -0.4394859745540597, -1.9802594526407853, -31.8730574218946, -97.98145361194268, -2.7656428776823403, -64.9616167787478, -8.90435599369618, 0.0, 0.0, 0.0, 0.0, 0.0, 0.0, -3.815567904633837, 0.0, 0.0, -4.126512624797275, 0.0, -27.96206569387948, -100.0, 0.0, -0.4093271447832183, 0.0, 0.0, -12.695342815573872, -100.0, -0.2494970801470516, 0.0, -0.0296189227673663, -7.222939777597023, -63.93067552746149, -11.074542211426325, -59.11009068572187, -21.570189397191783, -39.62689746757219, -72.0993229855193, -59.47693117516234, -20.750060730938767, -57.49686021383559, -25.221875602996462, -56.14294258657008, -28.345535596176543, -55.79474732172056, -29.157914517956407, -69.3147178332535, 0.0, -65.60304793396178, -7.566433400744127, 0.0, -46.02146623383664, -53.71455362194413, -60.31609241066194, -51.77524907213724, -38.82370834649994, -61.415286523347554, -16.47680985707554, 0.0, 0.0, -52.74856773668625, -62.69184460985979, -13.715678295541114, -1.7107762060486251, -8.99946870148381, -0.2836085023483083, -24.88460404080521, -100.0, -18.623582473817184, -100.0, 0.0, 0.0, -20.60480047651923, -100.0, 0.0, 0.0, -0.1768991933801754, -19.623854503364136, -100.0, -40.31597819286164, -70.0079164206036, -5.215910599289003, -44.42092261655278, -58.11467183907513, -43.90387828325167, -59.562953595668645, -55.635385195755525, -29.53098741408369, -63.33562025631166, -12.338554217550234, -62.93820473850615, -13.187486448745773, -44.18445937318401, -58.77535091876245, -57.53188071689053, -25.14180585380526, -52.76489392636917, -36.39258723415074, -53.90953969314503, -33.62349021512795, -53.23065953106203, -35.260384088456675, -52.39294288290382, -37.30220321123981, -58.11523125076947, -23.81332229491288, -51.997001515844886, -38.27590306081057, -66.23169550451857, -6.264127295305583, -53.91349219815705, -33.61400578077925, -63.50171868245168, -11.984877330762666, -42.00652127245924, -64.99712110920986, -65.94013921877831, -6.867024584889138, -68.9707386781558, -0.6891460590547881, -67.64564381225327, -3.366480120661907, -37.48462692518522, -78.79684188055501, -38.80800932477383, -74.62360774891978, -69.06440703094843, -0.5012501819080243, -52.42530773305612, -17.732513411194613, -100.0, -47.14168865210439, -50.70613668067468, -39.01314890542629, -1.5865636160111298, -53.01979750920344, -35.77202212007143, -32.59175596501373, -60.23404763532261, -19.06903727953612, 0.0, 0.0, -0.5541717048835195, 0.0, 0.0, -21.74028600395526, -100.0, -57.19117162484787, -25.92232801071701, 0.0, -15.0290054028179, -100.0, 0.0, -21.643123015263583, -100.0, -0.0574715222734936, -14.014912351994328, -100.0, -30.128545698235108, -100.0, -7.593429139351447, -9.86140955920797, -6.087498226033812, -16.460061856843577, -100.0, 0.0, -8.847888189224394, -8.20998854842923, 0.0, -1.5194753989075709, -7.712962172030968, -14.27871815140343, -100.0, -16.932863631983828, -100.0, -1.7656642672138512, -69.31471805599453, 0.0, -30.7384196551346, -100.0, -30.36289734180749, -100.0, -68.93386659131491, -0.76315859030995, -13.503966094624747, -100.0, -32.31627331558626, -96.36702559420132, -53.50489697808924, -34.59726219727484, -39.92844608527094, -71.18049177087748, -34.94402979507478, -87.16197164042794, -63.21019037517156, -12.60607547035431, -42.14767891272363, -64.5861323787151, -69.31471805599453, 0.0, -0.5733434508948594, -34.69848900061401, -87.99700200226997, 0.0, -64.55736323237859, -9.752388167962412, -0.4637796362871271, -8.710316993358076, -0.2382336647398736, 0.0, 0.0, 0.0, -14.383775436362074, -100.0, 0.0, 0.0, -3.9806519605153095, 0.0, 0.0, -1.0034106401499754, -31.34800967670148, -99.91881339909074, -58.36790220035244, -23.24095894196088, 0.0, -5.973096504426534, -69.31471805599453, 0.0, -14.755818996544471, -100.0, -66.63828708712718, -5.426469772804529, -68.95751838015838, -0.7156798430338438, 0.0, 0.0, 0.0, -7.567320154726498, -7.251912317266745, 0.0, 0.0, 0.0, -12.0968457619872, -50.085420069808, -43.05826111797112, 0.0, -0.0003633556078989, 0.0, -0.0005211387720924, -7.79961982327895, -42.57905797151642, -63.33696732799338, 0.0, -67.94394720218588, -2.760593290966874, 0.0, 0.0, 0.0, -13.137821655049144, -100.0, -66.46043061237124, -5.792444190835353, 0.0, 0.0, -59.22015088186311, -21.32374211221841, 0.0, -0.0002648882297487, 0.0, -69.0820129530996, -0.4659535938659377, -69.31257538593474, -0.0042853860308939, -68.8976014285752, -0.8359804078568862, -69.29218967204761, -0.0450619100736695, -69.28046759120774, -0.0685126645363715, -22.860091153715736, -100.0, -68.65799885243361, -1.3177797342800917, -69.31471805599453, 0.0, -69.31471805599453, 0.0, -69.22912786727852, -0.1712536948734627, -69.29865301133194, -0.0321327939184871, -56.52928612835757, -27.448535698744514, -68.23875084112306, -69.17044386068835, -0.2887568418241699, -69.26082901375457, -0.1078071404273175, -69.28856462790968, -0.0523136979771098, -50.88965512296599, -41.02947849233337, -59.17120546027211, -21.433299421150583, -10.795442623249183, -69.3124932961688, -0.0044495691481245, -69.29130276178797, -0.046836072457248, -4.348627150713277, -3.637677200022969, -10.38613579860304, -69.2381441214901, -0.1532065496202598, -69.13382663778681, -0.3621106465371733, -69.31471805572374, 0.0, -68.92148428953163, -0.7880199675823034, -69.31449887248212, -0.0004383654070844, -67.27804554262248, -4.115689283971712, -69.31471805599453, 0.0, 0.0, -69.31471806272869, 0.0, -69.31471805599453, -68.4468557052843, -1.7433225388946538, -69.3147182056405, 0.0, -65.99122581553188, -6.761248938207978, -69.31465584377281, -0.0001244244821088, -53.228281672405565, -35.26614518432073, -19.28035648305862, -100.0, 0.0, -17.227113423124074, -100.0, -69.22477204436193, -61.75059314873164, -15.74757562142792, -64.4933969787693, -9.886920686576884, -13.717084638462012, -100.0, 0.0, -9.064891379629286, -28.707085310454843, -100.0, -51.261978934848, -40.09857182645884, 0.0, -13.5459570206233, -100.0, 0.0, 0.0, -38.52522734772468, -75.50542588330708, -18.770756571626872, -100.0, -0.8396594693229594, -25.46309831585653, -100.0, -58.48527827665559, -22.97569324220916, 0.0, -55.292406484924086, -30.336632431974635, -28.891376787589497, -100.0, -1.7716173827017825, -34.463870398801, -88.79951896209549, -1.5493741851931353, -1.0565785818635198, -8.726435542928284, -69.10305448707157, -0.4237763012398376, -69.26440693321801, -0.1006472156106556, -69.31471722053439, -66.24166539987225, -6.243544094506293, -67.52862088188614, -3.60467620478562, -66.75041447721361, -5.196098200256449, -63.642947877711165, -11.684675458632988, -69.12707911931354, -0.3756306190595497, -66.26464151852826, -6.196117415029887, -65.81475065695858, -7.126889311531379, -69.31428420025004, -0.0008674738027653, -50.15882980493075, -42.87204103871856, -63.02994852165165, -12.991168870843095, 0.0, -64.20279217644833, -10.49931427024178, -67.95067048762452, -2.7469590030681816, -13.711178500443474, -100.0, -68.18687766032225, -2.268546250761664, -68.72386757912874, -1.1852127563716115, -68.90571321970462, -0.8196894819197056, -69.22885766627455, -0.1717945628604823, -67.78677278914206, -3.079599428436401, -66.46273295040062, -5.78770226933581, -69.07314912198153, -0.4837228369130979, -69.06708212103125, -0.4958866281666998, -69.31471805599453, 0.0, -69.18563969890684, -0.2583235417595387, -69.31471805599453, 0.0, -44.38703591724232, -58.209179566603154, -69.31471805599453, 0.0, -64.86943358854363, -9.097404547191314, -26.753160560936816, -100.0, -64.70352120209024, -9.44534731296859, -60.49358871411034, -18.49632842040004, -61.855859248818525, -15.51923064201303, -54.47187933670333, -32.27933496991264, -51.646045142525686, -39.1437132365712, -16.938368069813247, -68.3979312881912, -1.8420563446177551, -67.06056708122762, -4.560288012007717, -1.1739361760479456, -57.82183320142739, -24.480250170281824, -55.71409291185646, -29.34662988833197, -69.31471805599453, -69.31471805599453, -45.70599504181664, -54.57215170240257, -40.96198102815391, -64.72346386808707, -9.40349108642614, -66.92550916490474, -4.8369011123849255, -69.09658305426507, -0.4367468622808163, -69.13377580122756, -0.3622125040999772, -67.0950600308179, -4.489705456097001, -53.95699361287189, -33.50965437010952, -15.97224563586009, -100.0, -3.885200705012996, -13.83296747130144, -100.0, -30.216162251030863, -100.0, 0.0, 0.0, 0.0, -12.695071279384814, -100.0, -0.3884660132951192, -1.722153388919275, -54.791314823108905, -31.520436285196705, -68.5885975348189, -1.4575521409471224, -56.91269208628522, -26.562853191649666, -66.81122371378632, -5.071276406924308, -65.51677386100671, -7.745846242324152, -67.61973713734514, -67.95230527119664, -2.7436439108182924, -13.217301579003337, -100.0, -65.04064685926176, -8.739007291145187, -9.0054949874786, 0.0, -68.90650082388252, -0.8181077101211442, -38.40454235376185, -75.88338132052189, 0.0, 0.0, -50.81723633731093, -41.211150201339024, -69.31471708576964, -69.31471805599453, -69.18645131756689, -0.2566978568146186, -69.31395865098685, -0.0015188157823833, -67.92001514659395, -2.8091332441319583, -68.67534505287244, -1.2828603044333804, -66.99235439721937, -4.699945965733419, -69.29068580566936, -68.53699634602424, -1.561539375909541, -69.31457078672916, -0.0002945387475924, 10.96825800288013, 63.98089165727494, 3.114774990694415, 67.76945734949604, -68.16576526706297, -2.311259998288017, -68.16600020543152, -2.3107847191755213, -19.71050632427285, -100.0, -67.95133561563547, -2.745610227603632, -69.31471736888261, -69.30440480666843, -0.0206275623930182, -68.64372336979089, -1.3465221428668936, -65.77538006695634, -7.208556062168602, -69.3032710915422, -0.0228952393846335, -68.47100462205665, -1.694606005762224, -69.2904269155539, -0.0485882169885268, -69.31471897724025, -25.61370985526925, -69.18830761430699, -0.2529808816486236, -69.2822054131784, -0.0650358035445791, -69.31455860332261, -0.0003189055980835, -68.36573734842308, -1.9070534091313425, -69.31471805599453, 0.0, -69.31471824112741, 0.0, -69.18765936381328, -0.2542793090521975, 0.0, -35.078711807983524, -86.70602841405649, -48.924830318105855, -46.030731227766594, -0.0566469817667762, -55.321997923118985, -30.266975994854263, 0.0, 0.0, -40.20742136212536, -70.33545546934312, -58.99671188773247, -21.82441987555548, 0.0, 0.0, -2.0759320858883745, 0.8081508475393909, 68.91145901474371, 4.537701700860334, 67.07160341855389, 1.4355400511439609, 68.59952397735219, 0.9219362986710922, 68.85481236106979, 6.682232705655926, 66.0294066141829, -56.2360962598516, -28.128834835848423, -58.73446150398001, -22.413843818508347, -69.3147178653713, 0.0, -69.30593773961655, -0.0175614037632042, -68.76287080905583, -1.1067567545325945, -68.62646825741709, -1.3812693215845366, -68.9260044748319, -0.7789440430458909, -69.31471805599453, 0.0, -69.31471810247075, 0.0, -68.68998391970034, -1.253395749139775, -69.05536935846295, -0.5193717618727716, -49.54472897502423, -44.436367043125486, -65.87781235612533, -6.99615180252358, -65.5445880391895, -7.687987109706143, -69.16122571989955, -66.7352389143667, -5.227261155397868, -68.76022409825573, -1.1120797027086016, -69.05559937869465, -0.5189105241747711, -69.27234383416652, -0.0847663908476636, -0.003343218501314, 0.0, -69.10210307543375, -0.4256829757691928, -26.63943775718159, -100.0, -69.20140715364977, -0.2267503427388082, -68.16325647114118, -2.316336417377204, -65.03194139434127, -8.757214088899646, -64.25560713145477, -10.387870265129411, -65.18215843021804, -8.443289077862168, -69.11187754021365, -0.4060933107209907, -68.61082594859327, -1.412773999238115, -69.26662619083753, -0.096206868332882, -69.28615699541517, -0.0571302808310675, -67.54642525511638, -3.568417929185362, -12.1808817545544, -66.8514202668488, -4.988809674527903, -6.1764515342877, -38.66218350524005, -75.07768711388687, -69.29512980546917, -0.0391803387980982, -49.07349012804163, -45.646962503691086, -69.22559041261623, -0.1783347949938083, -68.07504709309299, -2.4949028730925265, -62.45915137934192, -14.215940776010616, -63.970822538048246, -10.989565606066762, -65.10218341583456, -8.610357703021268, -68.9809217946654, -0.6687104547560078, -66.47413388948779, -5.764222487948988, -32.26362556580506, -96.55781057398416, -35.375329745419684, -40.67359273499928, -68.93395575414132, -32.172116080025226, -96.89005088403287, -69.00139033167511, -0.6276402778182131, -24.04519930801107, -100.0, -69.27090031004522, -0.0876547002642278, -51.97288311936896, -38.335397420333535, -68.795136798336, -1.0418762684397906, -63.144805760346046, -12.745680941381138, -66.7187686397089, -5.261088154713396, -69.11619640008826, -0.3974384460862954, -65.13862620174878, -8.534210344472873, -69.30707970797198, -0.0152772795332382, -68.75909240756354, -1.1143557440125271, -16.38607531250967, -100.0, -69.262411428668, -0.1046406288047912, -47.76384076731206, -49.05943363010797, -69.23854494176884, -0.1524042952477754, -64.46034876541559, -9.956464234396064, -69.17893906385954, -0.2717425943070681, -66.61837037821556, -5.467417689871098, -69.30079945314132, -69.31471805599453, 0.0, -68.63965668079395, -1.3547108188237234, -69.30444290246419, -0.0205513629569913, -64.76269525447479, -9.321177908263, -0.5291497900474225, 0.0, 0.0, -19.04737498907495, -100.0, 0.0, -44.44928695979353, -58.03561131109818, -12.778451500345106, -100.0, -56.29605651696464, -27.98949242441463, -60.6461070605588, -18.16061089191048, -56.811133407076376, -26.797024996866824, 0.0, -59.34230270502072, -21.05061193731766, -66.3049288426005, -6.11298535947021, -17.466194704167876, -100.0, -2.181300511083725, 0.0, -2.41366804395906, -12.768655332459783, -100.0, -58.959609745393934, -21.907692245838188, -0.8617628658635985, -34.77518563899369, -87.73564434968533, -23.05246758557972, -100.0, 0.0, -10.501640754365573, -60.62451940314286, -18.208091357302823, -18.71886199079815, -100.0, -60.468875927509245, -18.550782278158653, -1.326115172743042, -67.95025006788529, -2.747810931837145, -52.76487056984761, -36.39264419995836, -69.22441737525996, -0.1806829773037477, -20.52027451880433, -100.0, -65.63071639424474, -7.508930305532808, -56.498943322282656, -27.51881921979477, -64.74871038779322, -9.350516133733272, -48.67623799027093, -46.6745030416196, -51.2763713770603, -40.062690786632096, -15.213386182608192, -100.0, -55.86146875410783, -29.001953426288825, 0.0, -69.31471805599453, 0.0, -69.31471805230737, 0.0, 0.0, -50.26083231977695, -42.61363712057487, -68.46503566543599, -1.706646275990092, -8.42582683092159, -64.16963223279566, -10.569317956279914, -69.21423185114078, -0.2010735070793195, -69.05246672835705, -47.40016410691616, -50.019957529672986, -65.00103713283482, -8.821862024689082, 71.01334110799249, -67.64446694517176, -61.93277516879602, -15.352560944217048, -50.5133744523515, -41.9756016401968, -0.1581538113344263, -7.331749498256587, 0.0, 0.0, -69.31471805599453, 0.0, -68.13218636020126, -2.379214714460594, -35.14185632852082, -86.4927668061001, -65.18069742776682, -8.446339910865612, -40.86751542883505, -68.3547794942283, -28.94764548342733, -100.0, -5.278558258251528, -67.1464848105535, -4.384522750389612, -68.51308529838677, -1.6097436316711506, -45.12143905718819, -56.17367351945581, -69.30550835729211, -0.0184205509353412, 0.0, -66.20633359717212, -6.316497698084788, -7.980518466459931, 0.0, -69.29219213321946, -0.0450569208654234, -69.31471829806573, 0.0, -69.24281314460646, -0.1438612626938802, 0.0, 0.0, -39.07939994602855, -73.78224468435697, -69.31471805599453, 0.0, -69.20571052849228, -0.2181340110979286, -69.31471818592638, 0.0, -65.96819328986065, -6.808930992351346, -69.31471806145566, 0.0, -69.31145006322713, -69.31471805599453, 0.0, -69.31471805599453, 0.0, -67.12215549603037, -4.434278149871875, -68.92272921269897, -0.7855208661109349, -65.63890939993595, -7.491906151925012, -68.38695706058277, -1.8642100629151368, -59.45991324816544, -20.78802486839555, -52.36450278931858, -37.37195603495396, -49.48975425705058, -0.0048586781003741, -68.64779771437419, -1.338318390107407, -69.2652492095372, -0.0989621917667009, -2.071281215125976, -55.400299664434, -45.04653441109002, -56.38007524139454, -10.526888873322246, -8.016189849983949, 63.51291533926118, -75.47397514513851, -61.62472802400038, -16.02097400882579, -59.63001332780225, -20.408916959147355, -67.23999201454498, -4.193410593228846, -29.5279928248874, -100.0, -17.0070673529431, -100.0, -0.991764029789767, -68.10064306835835, -2.443071095142101, -30.576460295590707, -100.0, 76.56284457515787, -62.55662654129273, -61.96746220656989, -15.277446016752302, -69.28886887182652, -0.0517050162893027, -67.73368323119227, -3.187468462417435, -67.50093402414767, -3.661074841957856, -65.34517595873328, -8.103193665495004, -69.24918868669505, -0.1311017077403407, -69.2161009316379, -0.1973315982335314, -69.20146622662796, -0.2266320639366714, -69.27445625564445, -0.0805398069798655, -64.2520865693926, -10.395296780786667, -52.01188859125381, -38.23919073960815, -69.02193489006032, -0.5864260694739243, 69.28498493715128, -69.34446001801243, -0.5276853544979153, -69.3044321916259, -0.0205727866633738, -69.23377686468707, -0.1619479504544139, -46.95391396417843, -51.206474247753405, -53.93745460021088, -33.55651679623054, 0.0, -51.33923796735681, -39.90605291642687, -62.04059410299138, -15.119178312140624, -69.28689370782408, -0.0556564404392399, -65.40243770051019, -7.983874015935704, -69.31471805599453, 0.0, -67.60964835439447, -3.439717079066563, -69.28037624962941, -0.0686954103785023, -51.90676287456263, -38.49860826370183, -68.32186349610676, -1.995665658100685, -65.67193735777713, -7.423292973228311, 100.0, -43.671187268765685, -69.30223276176947, -0.0249721474705077, -69.24790822746999, -0.1336643224235151, 0.6106857964124962, 69.00984132849132, 2.5515454777286184, 68.04708307679019, 0.7675358694200526, 68.93168650861551, 0.1407428697046788, 69.24437138183436, 2.792218678254403, 67.9283540067283, 1.1035228559051249, 68.76447882368524, 69.31471805599453, 0.2259381770818136, 69.20181277751487, 86.96339907262865, 35.002633305232486, 1.3606454325466508, 68.63670951686116, 0.0147157286993437, 69.3073604623357, 100.0, 24.159681891761355, 0.0, -47.255471731490765, -50.40371315060172, -41.23241634282593, -67.27095612423916, -66.87110040469314, -4.948446873742879, -14.673941124598189, -100.0, -68.11386642169123, -2.41629916770566, -55.74865500194066, -29.265736501225664, 0.0, 0.0, -11.563202111704484, -4.783430253615042, -21.335919720775948, -100.0, -26.46636798889227, -100.0, -68.00063030044583, -2.6456739777556364, -1.048721067844198, -59.95171118647572, -19.694094118543187, -1.7651109559888738, -42.45537659571231, -63.694074388094975, -68.15453043711149, -2.3339937570827027, -69.22971629405352, -0.1700758383502985, 0.0, 0.0, -0.8728677419941266, 0.0, 0.0, -3.243627749776702, 0.0, 0.0, 0.0], "residuals": [4.966330867365118, 17.94024489494666, -25.773048777916536, 84.90926918357633, -71.05901135739815, -120.24195079136553, 60.97730867041276, -6.542553874853679, 33.545398393865135, -52.82957071425491, -51.82118185978277, -41.04676868652941, 21.81348190733682, 95.34903056793148, -51.57779126878894, 33.113893658950346, 19.502788761344846, 7.714505761205724, -55.30156869323882, 17.24249870485437, -24.651824506879912, -52.20672640921664, -76.25049143701638, -1.6146626100970205, -61.73710426984197, -20.925464732872086, 22.104961379546555, 7.284257495281977, 118.79743729968973, 28.576304411839796, -39.65114550046077, -20.913943797645235, 61.834660172592955, 71.29614068541512, 2.416271536474216, 66.2893563105351, 63.96215309016656, -22.25939365438856, 25.970675523707378, -12.283356705219084, 102.21589073762377, 14.7907736729186, 26.683357818315205, 51.086089606084535, -57.27266612430155, 92.10108694710335, 38.07293100120552, -4.914857155485622, 73.36130449928952, -3.910095496482338, 49.947139514594184, 77.52911866740378, 79.00790271878267, 78.6469666553586, 38.668156431220034, 61.803815448948875, -7.134791411604847, 34.84614609126164, 17.062072892819515, 7.150134108389041, 72.82216088852601, -91.5234952818535, -25.18195012955136, -24.726384097806186, 7.140908848889637, 7.9002744905961215, 25.642078012184502, 60.585574769782085, 10.258698532491065, 25.981097087909433, -46.54046588173358, 61.37124107483663, 103.53059205024314, 14.243571043720461, 39.26452150692235, 97.13026314151912, -36.260143047960035, -17.47775616179552, 19.771696230947732, -2.3908667477997527, 38.47178093496265, 49.51142033894554, 10.420629229719605, 4.913687079360505, 53.10468096714991, 86.3690269708037, 33.79541840404998, 5.029353380347927, 27.420467265579283, -7.072662963823047, 17.073947553678686, -6.494915326749261, 24.654842646760986, -5.35258424204663, 0.6886386452079734, 6.0429918982210005, 51.00493624293663, -6.7191004495039515, 9.548613069391983, -48.97817749564017, 29.863777664841606, 47.739858974598135, -46.4780784927409, -11.45831120804546, 19.116358166751397, 10.52441663899784, -1.816139084673916, 2.5935182124821736, -66.19082888339177, -12.116832448708585, -6.636009155001618, -28.45636886161899, 31.439276590476542, -43.04092005388664, 13.869605722303085, 10.856107708842423, 46.19009816484982, 106.3646521198129, 95.78158380992829, -5.92544577260306, 20.254950542832738, -3.1717682774212292, 11.134342638232583, -5.167572589955693, 7.773297045315893, -5.451969635733914, -9.961046841020519, -8.437102113794447, 9.721620926976643, 29.30717165863765, 7.327650197442979, 16.600028829446746, 39.92464329094524, -53.5450471262648, 37.31651858073803, 58.33207423625447, -2.3087001747960474, -6.016527311604129, -29.801838567971068, -27.085398716026077, 52.274170351026235, -36.461531317934345, 88.36217112024606, 7.219055321518864, 57.10937917117987, 8.165781367710093, 37.24295221694059, -51.60083996789778, 83.7592958980856, -40.96492548453876, -18.492953472627644, -13.017375030003933, 0.07108308127325902, -11.833193931346173, -34.21591944247861, -50.63240655174013, 25.95485894004561, 51.87322096606654, 82.25716479830605, 57.571458358057455, 77.39405168735817, -22.76571274971309, -7.362752704208711, -20.655661854289754, 21.209388958712992, -22.05723366383029, 94.21610758176824, -50.07290085333404, 7.16641745152628, 38.88358353103659, 9.359784672938163, 83.44619548377102, 60.54175265964063, -30.20448694666489, -73.07677013638694, 25.65505465660245, 39.73442650652874, 49.75881754108562, 4.465575009113591, 29.93438818553637, 81.66596709407838, 16.324507823989176, -7.910800820949358, 15.560454630949199, 12.913325465733784, 20.2926550459152, -41.2837468806722, -16.146974127999485, 6.305392834831087, 13.962369945711941, -16.953381326777794, 5.3354666567716205, 13.21287908316475, 12.21197257619282, 4.130548351814169, 73.26009822012861, -7.925966035211978, 12.226350670595787, 28.527046452264578, -105.51462676778198, -27.25545284495678, 30.57168150973627, 25.926240709800474, 24.277099308406072, 17.588014872013453, 11.002438633968357, -1.1125130188851973, 43.01945807134306, 60.412128296750915, -43.74220758412041, 27.402157589105244, -43.15566873617434, 42.7269154922627, -44.94459267868671, 46.96839609530695, 9.430646665113159, 27.51146732687587, 1.3609190229389947, 49.9199706747913, 78.44589124517418, 124.11028191573259, 49.406266125361775, -37.82912020087577, -95.61585277458518, 57.07245804086699, -99.76301125346022, 2.5197108233895213, 56.3019847298386, -51.61037198127916, 66.5000967572649, -42.57537806070236, -77.93733248976787, 23.693334891886888, 108.90716634024109, 113.4742403448794, -81.31229936719569, -34.08365840858583, 30.66920717863923, 41.66640121469269, -8.577501792043641, -74.58691414625635, -2.862818030664401, 30.603036317119926, -96.20665003765191, -28.20629367456575, 44.07402431919671, -93.47293736439407, -27.98327143524244, 73.3875566141576, -45.009103691876405, -109.19883983115156, -107.86938987590736, 12.66887516995859, -93.50382773272126, 37.320804716007096, -37.46586918181199, 19.338761755583747, -46.347239144601424, -42.12038023991659, -14.87300212628496, 93.34612955894241, -83.12470570978134, 87.90848317111946, 2.9192897839281398, 97.78036953443988, 16.999348104571517, 34.177286205725466, 37.35933002524532, 42.876587903588906, 10.730240417199944, 53.75161733874182, 16.822393523139603, 18.064016460762524, -3.1554835799344367, 52.5704298402799, 5.178299415368487, 46.51566927032147, 63.38536425474791, -9.684697819430905, -25.083600081333614, 37.696398352587266, 14.370740214452638, 13.31258211495839, -18.98995678616576, 52.45738582903679, 6.769277875010237, 62.14247197053392, -36.14838838182173, 14.972737549863252, 18.79305542899869, 52.879923369340496, -9.20084715997502, 57.83466998660533, -67.31514776604674, 11.21794415476219, -11.912268076485546, 87.31789329106012, 83.30402708765591, -43.401088273190716, 123.61626564210367, -19.877843542875834, 39.66490514612931, 100.07299907198473, -126.93142392245198, 47.73715084275553, 23.362873375813287, 5.427219285980774, 86.98862631398131, 67.68326524740885, 62.63096837547195, 15.158705952747882, -4.636665955451667, 4.923060443507873, -5.22944568652189, 66.5066669966668, -1.7865953539163932, 3.1032866178472194, 9.571692174615926, 40.448247804892134, 2.2390790248541057, 20.414481616102677, -2.2800931750615376, 35.53024537201487, 35.29312463222496, -33.58195128855917, -83.97996197984834, 97.76730793768353, 44.43658276482654, -2.6304117986159383, 15.258049849151318, -58.813752326383494, 50.56635696573964, 52.09372826553568, 31.573748017890008, -9.654864439167149, 28.3157283747706, 7.561474034928407, 59.86809343139699, 6.365642580389386, 21.707265415675764, 37.272597234486746, 28.229258065282284, -3.5168459604130664, 33.52571851052887, -9.32052714287599, -7.882429711880697, -6.344471305820221, 41.14311152833148, -35.3366421674965, 26.789057913928193, 19.20551757249377, -13.314897080013647, 90.5319334716771, -17.277217100504295, -39.839734147378685, -70.10220698902884, 32.36036149284574, 3.294837154118799, -6.734190265786486, -15.849829182889613, 31.944878603196027, 5.0997598517634835, -7.043560813668819, -44.97986649404255, 3.0099116956039467, 51.20133812109604, -23.11980747950584, -59.287128776856676, 91.37286004850075, -47.95066230429414, 17.834264872132607, -1.9208753047253406, 109.47215959443588, 40.080436649677246, 38.57252110275171, -20.885265711978192, 31.7357653883705, 49.530079747649815, 61.565782523800756, 72.91398913038621, 39.9626958889494, -29.871072726791102, -41.19033537779345, 23.233527422665794, -5.806777807139268, 3.890267867227709, 98.82125967807269, 34.24391778765978, 91.29252018387598, 76.97272217130606, -6.86088555314238, 20.91519895064799, 37.094149485331215, 24.708815609109205, 5.6303099668701275, 29.6096218438237, 62.10182535283463, 0.7594725902058066, 48.37361040655342, 25.51346881600764, 12.878159219139244, 23.33182800667762, 18.919489111211327, 7.353144770437977, 79.30724734186467, -2.0976394964499896, 72.37178900460373, -57.86852634862843, -88.42636772568063, -84.58834687399151, -8.932862146637817, 20.897867445819774, -57.37010511029208, -85.44589172590535, -53.74043244978182, -87.20477966706092, 20.43822475088194, 11.470453957906331, -21.604328230243716, 55.889892747758836, 59.60731407436808, -103.34391387545365, 36.28812318729946, -42.21596716752998, -94.0110222717509, 86.55578118067251, 67.34534517776596, -37.591428683802576, -30.874978369442783, 102.55336634380987, -103.99387292167432, -6.9962486359345615, -24.178778934258695, 13.553056029546255, 11.934759562626233, 34.84442960232748, -79.1505043212029, 62.58375281783002, -21.273702339317367, -48.25722458067312, 29.622029065594866, 48.89118212125178, -68.06827488897346, 77.11957612390752, 86.02688390649956, 19.45956587960171, 44.41986331102725, 17.29133794441688, -37.35658828601694, -66.69871246622283, 53.90534239467344, 84.82121143666386, 22.645968958265755, -39.164443489920764, -14.367287730045973, -6.563488548550788, -79.24686966724526, 16.701734949370408, 22.819310775019183, 92.68849402496987, 22.541260400994197, -38.02336275136997, -2.9390172586304217, 61.84193218471233, 62.66538674813489, -97.5974220050263, 32.94916251058926, -38.68307265041396, 54.50964851025406, 44.160642024469134, 52.39105597743638, -5.2589686357384355, 6.894421610255664, 59.478290258446805, -79.77056587044923, 25.804692463626136, 18.46684219892109, 15.866334352995093, -85.04692558636386, -48.70672278284064, -63.5475293714482, -92.62288528931015, 68.06490140123466, 90.12371636454674, 69.90819849012487, -52.63202337125138, 53.88332793678838, 80.47968565316438, 46.93310053973492, -19.083598871459625, -113.13789056740893, 6.439981718271003, -31.740386799116628, 35.47514273882987, -19.265422035864546, 39.53717520558467, -82.68814120177852, 45.444032018382856, 27.253945878338527, 74.80768941007601, 52.79878044865849, 9.334520860576202, 64.05759887587531, 25.137639712870236, 63.38144642019139, 5.559227455428668, 19.698415513273385, 31.55535709125521, 69.69607547620794, -10.392751616142725, 56.554638424400665, 5.941609327982329, -16.53737305952382, 38.993710470341135, 45.581737641556515, -49.36982445655368, -34.19305967066405, 74.90601445243209, 52.530982643044766, 105.29826478140292, 108.6220835327671, -37.23549459836696, 99.24155289376955, -78.64946250250661, 104.8255977465003, -9.370130288135883, 56.58210266411321, 92.09533140840739, 94.07716288246596, -35.78118457293459, 58.5920032317022, -86.24949192336967, 19.674274071285588, 7.31647273566214, -74.00652840646669, 82.86840137349536, 30.014329637180005, 94.07601788021975, 84.21813941619644, -27.04651352687051, 63.639302145104395, -73.02342407715928, 70.76885398898108, 20.55466331133434, -29.010804611447686, -47.12048797144127, 97.18531659330608, -16.302260113718248, 62.591137856419415, 9.401032239598596, 25.69345904066545, 93.96528583411035, -44.128600916285606, 12.358510721489976, 20.34586841249888, 27.58903973485263, 24.452853030586923, 76.61369185749484, 61.14485024945035, -37.26864382550532, -31.212647080146255, -25.740035630299893, -6.404066719245749, -14.598313597918324, 12.0816676087424, -54.51394712095883, 10.148835779450671, -2.4261469036094336, 30.30252955515043, 19.338706055241857, 45.04070773311202, -33.62437800143125, 25.117173385053754, -8.524879371464554, 0.6242281391801852, -29.89676014257475, 36.48572540016113, 16.363261108527798, 15.032317803367189, 34.716612143841274, 48.759139757557904, -63.10314377240265, 30.222805267641267, 31.873099205757587, 16.424502573449146, -17.195544171765857, 45.33882527482856, -41.51797836204579, 45.50508558641991, 15.815558679317508, -91.62682767399819, -36.04149780399345, 61.3215054841074, 108.97631239614498, -5.5998122736689275, 28.497124789555848, 69.02852311038147, 37.84378977743911, 59.74611565796613, 30.222304770723852, 65.10575867329622, -6.430801384998566, 95.76589909746075, -3.4351331714537348, 37.762275820369, -92.79686300721363, -91.87622735517861, 13.487021013207993, 41.1088639803886, -16.627267523660734, 16.74123857345649, 56.94331028526358, 4.301907821303678, 67.82011171362524, -53.39109613217365, 97.83948961260212, -99.93213745693087, 51.64855080404561, 52.0177004494478, 90.50697013863444, 14.726901808599631, 4.523220508425758, 28.25147242808127, 34.56395475239298, 89.90578142940983, 41.871384868198376, 59.7139205481397, 94.54184296285047, 57.267473797279614, 21.256624157630664, 85.55696892766115, -90.67174754154058, 28.150191172865554, 104.91327982604695, -8.051638169132072, 26.194883589173624, -20.682942300098905, 17.39688970067519, -25.156880388877795, -8.74622453076922, -35.426803295876425, -5.106825319710417, -14.191725848179768, 56.266304064155506, -89.14448069119146, 4.30947685512124, 55.748895488913945, -80.66179602510098, -39.530254106682335, -4.3605785905673065, 4.471202881310987, -15.469959770552961, 18.087530138369463, 0.8906985440103803, 95.36892146638388, -24.05334411224436, 90.69705498320818, -14.475365976385163, 5.987190415453899, -12.768976227117578, 60.01931245781506, 45.38182882421062, 44.51837615874325, -46.64027342318046, 61.45579607747101, 18.90229451852419, 67.32993676052804, -42.50115177401097, -63.72725517876226, 35.98692841706963, 79.84268128018469, -10.824770870811356, -3.285536089882984, 45.12670844662362, -13.623642104507947, -10.149935214066925, -34.705855063314, 9.589688831946114, 76.35133309088607, -89.08501149331143, 33.25619583942701, -17.55921979436784, -19.717929071611206, -1.2993939247300321, 32.64550360561154, -83.12158790285083, 7.457255486984358, -80.35561345815631, 25.122911946458533, -37.36924624127152, -32.47816628021598, 8.39794099771926, -7.6010904625304825, 1.701291103808471, -20.582963301374626, -20.251863444480076, -54.00776084864227, -107.96454282091024, 100.23577941355343, 104.8009962056236, 23.95496702899424, 54.680991548832026, -4.758449798133924, 92.73847871047681, 11.986433329499842, 63.895791271351335, -57.671154538601826, 7.285269292908867, 61.163184523005654, -44.23073089910298, -24.130909326384426, -100.36779212064705, -22.330470868411332, 29.370732399647608, 9.237984783065656, -84.9755491458705, 127.36465324981727, -45.95788607097158, -89.69585626823634, 27.938604002960858, 33.54901275231123, 84.62345391696765, -80.62448552298942, -75.69104288486018, 26.459187834750406, 55.35603996878352, -12.99813027276559, 3.2163186931628127, 91.68753899570284, 6.5870369013723185, 81.49848299001772, 71.52517819306405, -55.03523472604056, -14.784890539301278, 45.9364858470746, -94.83593909767117, 73.7815628674046, 18.021422900552754, 64.59413384444196, 47.89057729619961, 2.2347883355870692, 71.08595621732891, -44.58309121435468, 73.30885002378452, -10.703145589434806, -98.82670662001928, -77.65925893041381, 60.236102993003115, 54.490469472800996, -94.09897435319311, -23.61833857036299, 8.484095468639476, -14.564624887870977, -22.768979183776878, 78.0346624577208, 2.979814538080797, 93.35470282642927, 1.0786394177615897, 94.16681363241494, -35.834418865675886, 100.38093780219747, 71.70708035365382, 62.329397184173175, 32.4467697434061, -33.90546168507078, -54.43110221315435, 90.45338509933988, -10.75084086819014, 39.1639462687046, -99.80099648378034, 101.59045271320923, 111.91104242745435, 10.933719049377494, -45.45592903751955, 8.37037649906996, -31.19840883598271, -42.556107176911674, 47.57910303724334, 0.6414168822669709, 12.649572581019818, -10.509737372588496, 42.90827090992336, 53.1967543284315, -5.266564297344001, -45.37539543011433, 5.075207941482172, 5.481545522503465, 15.169248470586354, 43.14810024509994, 30.864558091316148, 29.008659043970077, -19.38955110496302, 25.267647687535526, 27.32088366447827, 37.98345310831657, -21.664338134272192, 36.78686938103395, -25.752566494366736, -4.616785905585055, 24.065495899964617, -47.258557062506895, 74.68487262298635, -43.475907357238015, 40.40904726735446, 77.11002834428159, 94.60236914268202, 44.841916425727796, 73.46781640463539, 2.1732888568409052, 61.60577315423279, -4.442316202087965, 44.58997597781081, -15.324074275681337, 62.39475235820948, 11.896324269417285, 46.48919722227202, -5.765311847202785, 41.05682190398806, 70.57641748568189, 104.40096852117469, 49.85558562124378, 16.129794400515088, 36.23570955970157, 29.558600340713355, -9.530977259305098, 0.7538670863019821, 64.67904390926226, 24.267688060041593, 59.228595211228324, 41.87844431019368, 64.62569484872373, -92.02981173596794, 30.239933872275962, 103.39717804493878, 85.85412251184529, 22.24763565319992, 39.59319170795041, 5.305894942573916, 81.10479930536376, 93.46048291754754, -68.3167236696544, -3.7632176536544155, 59.582957624953075, -10.825304149508655, 38.34571636580782, -30.20244480355086, 56.60265582369415, -5.8991537657849715, 54.10610186159851, -0.12867787271823605, 19.02504662928132, 105.99206624966932, 67.32539161735855, 0.12395105725236366, 64.12155070350133, 26.57402224183576, 58.46244541113784, 10.918133373453195, 53.86596880242192, -2.273194823038868, 29.071529918991143, -75.64358126101243, 6.636684628309393, 2.030195575931753, 46.95706514322932, 75.86311955517692, 18.829077262419055, 21.50008119741814, 97.74198448663108, 30.085074541555606, 72.26333136852267, 4.709332050142562, 39.95133016121032, 35.916402029328026, 40.90521140094109, -92.64338635322592, -62.49965414581686, 79.91869218135814, -40.201505976047315, 80.6232641986897, 24.613105624966995, 70.12600847147303, -15.837652449551333, 98.72767443744803, 22.810653040795952, 99.55949484973023, 9.259093041549313, -20.464658278644, 22.73054656189285, -34.80514551987545, 69.68621901362206, -15.65934261419079, 49.36214737601655, 8.287618936539838, 53.931071936420196, -22.814544241344528, 1.9466548813199318, 59.81294020527412, 40.998521689379686, -26.300199269518195, 79.58815403568438, -8.300182090346034, -16.190896394756066, 15.692123127941313, 1.0054329425732258, 95.04729325713714, 41.69806793981256, 107.0188471114198, 27.663671864317383, -12.492038716873378, 58.99607304310417, -9.182334883376392, 72.68540765655584, -27.32604226252181, -13.774989399421498, -10.426277673277369, 12.326367437477433, 19.802010668700895, 49.1433916014131, 106.47716978038576, 4.3949734748086, 59.728192512732704, 113.5114675330493, 72.29293350860371, -38.48964817547961, 94.74522407069736, 10.999926382420272, -34.012615619940206, 3.7333445222009463, 5.208877549489284, 58.45325919559968, 47.92237159355418, 72.94244490130811, -81.2697791834701, -37.017432757020416, -3.1330521732323113, -31.772144461668823, -2.1863197627060766, -42.80747134778472, 14.324577148264549, 28.84504954491982, 14.906358319553492, 30.711780960873565, -30.961298744155783, 39.82550345434082, 73.54808232323664, -78.58391956302694, -6.203577298001313, 7.661811355272741, 5.413818982615012, 82.90919426531684, 32.03406618574815, 46.46724794227759, 13.013338354776545, 69.48763082119906, -9.554867419337004, -83.29615559923836, -0.6740646601872564, 63.04585717015219, -9.115981934092163, 72.85688377799866, -18.60253648953749, 23.583760640403376, -10.731316528469103, 28.35953934241181, -11.221197036878891, 39.09785459211726, -12.814083114716402, 4.845276086515156, 22.868830073127807, -17.090274745704946, 6.378406524676604, 55.63374411933383, -63.31948898922407, 50.89365591955267, 74.31695043657865, 35.92795521657245, -85.3856816049787, -84.94027660601628, 1.4860699434929716, 9.398180162713018, -77.21856166337922, 77.35593052635808, -20.104450760318606, -33.61085658392442, 55.78830442507461, -80.13249686248678, 97.1953904496808, -2.979716437616253, 63.11679352186948, 15.85229068742339, 6.362580122371883, -112.53513287238168, -78.12982186812528, -88.28747887448073, -22.798602481332107, 12.108449216149447, 10.695389854471962, 82.37555029729234, 107.26801407432467, -98.16814572611533, -110.3493931823912, -97.97953128715135, -2.7700894826176956, 42.27390724237192, -31.18530707956211, 80.13388080521597, 15.670635129750941, 14.188349645105795, 18.73652349031747, 40.77590547367618, -60.62566510419635, 48.51480173521792, 26.511337050049203, 38.30524245952945, 118.58246929187182, 33.47576881061751, 101.80777668480341, -24.966295945706644, -102.01389530953232, 13.334334846394317, 101.13827387594355, -94.6455719264733, -6.065186356239306, -62.18603737621402, -15.225572120193943, -82.21956121076232, -62.151628530077296, 84.48680975372088, -11.38663533837307, 49.63976793179081, -99.28207055782734, 82.18360681669044, 110.39957253957125, 119.9653464859356, 8.600118083054522, 55.714992677469056, -17.62000016842609, 29.591897158435597, -13.78387274419385, 96.59994980467714, -4.726679933814884, -45.303087711748205, 17.547803117701665, 9.93159834275945, 32.86942998903997, 62.17395898379135, 88.47944426380792, 120.16896978018895, 5.507769717436563, 97.71633441983997, 110.49441297226186, -33.80293626010151, -1.547804913899367, 72.98925441987868, -4.927320791674912, -17.210169558501562, 36.10878229601048, 100.60282650250275, 10.648285835687787, 34.08832706723827, 6.046258490736485, 36.954626755838845, 1.7113040039283276, -68.69749569478805, -66.92025466484252, -36.913696039474786, -106.52844080498525, 48.95067440793099, 3.1046936248001806, 25.67082663354332, 7.51504713701458, 73.61061253451791, -98.15914816690646, -47.29803992313524, -16.653361224988164, -14.742449873607281, -87.20879946373843, 82.74102275035305, 110.92632741142654, 84.96284544892887, -93.20198599004681, -89.98805365313225, -53.06371092424687, 35.47496321911264, -18.574571676321728, -70.25004436580335, -54.63728309226218, -90.12276714133819, -89.10849147393994, -85.99579105449509, -113.32017485186346, 29.870328821408293, 99.93065391049134, 72.04488373135652, -49.46743349770654, 37.3785238494852, 79.99097391868504, -21.810211730320702, -81.70136213725445, 113.1960901780982, 12.091507124870084, 98.00628108494905, -67.21298733547329, 95.48207194027522, -27.415726425139535, 73.49423336912062, 14.24745097578942, -57.34791368891463, -84.74834478396934, 47.033862142382226, 61.654150968220165, 27.424607440580743, 20.20267092000288, 26.62871844103288, 31.193107409635676, 50.6727526469435, 86.40477512048164, 54.769097467710466, 64.81341701618183, 19.801366727985396, 43.2648679419283, 13.247308450743006, -38.428724524276106, 36.04010023324825, 75.15025933014371, 15.751894258164187, 18.362860113101725, -19.193131181607367, -20.349086804192503, 76.45268464677089, 30.788244945091797, 79.12540197170786, 43.959075195109655, -14.608608899555549, -12.213089777659832, 39.20170114920318, -34.67836800515266, 65.06956300132273, -34.009776963429175, -6.24846585636058, 44.43045628833874, 107.11502110892506, -41.108536879323765, 3.494290713296644, 49.89778049708729, -4.326456778005248, 50.82089290653139, 43.8831539984773, 39.66825619360965, 34.32312602680791, -9.566154543268906, 20.049579181361032, 52.508616738000484, 31.716630572796568, 67.13489486476385, 59.013388301188506, 106.92445779761367, 19.052465608912648, 47.85608549906845, -70.61187833309849, 62.23646344696958, -4.294876724394519, 70.45783062561763, 2.4175510484196856, 33.884668915641, 8.024070314603897, -86.22261889499956, -8.76567284617651, 103.69055239319898, 34.7263383750635, 12.034024878914515, 63.86708217758735, 43.37502388523202, 34.29259584967075, 97.39568426454721, 20.842137392625453, 62.96059745918797, -0.40688422931819845, 77.64733984987292, 16.401089306850757, 92.60684037896321, -46.96085842748854, -5.623245714090327, 59.54749174469272, -36.76095294352261, 53.18146647868911, 98.3350965984834, 46.54520470240589, 103.41544403138786, 32.896150203151464, 106.21741910676796, 44.67752389066114, 15.908920369322082, 86.61612554046337, -11.068999140652647, 94.05915789735445, 103.149109550036, 30.677793697410014, 80.85213718586209, 54.30985806115715, 34.67962805693833, 77.11058263397084, -3.300752577832748, 63.76102476739548, 57.842410541388226, -18.218446632769112, 54.27734570775311, 33.85975698573685, -100.64268581979762, 92.1411488509024, -7.342199449524777, 45.50511571616396, 95.62740026666236, 85.02987507078474, -66.02616915022135, -6.800099821651159, 2.9748664669674554, 29.548422353994503, -51.713194090470324, 82.42199016378476, 91.2586845935345, -90.85537312467744, 17.912727868424888, -12.68747270327858, -95.91825590032133, 77.61030985270352, 25.685298066736674, 13.582065952687072, 67.19078056458409, -53.707852969734965, 63.264291012082005, 16.440498196486352, 4.359582242275008, 95.94938416134104, -88.13587768181776, 53.434749480395126, -3.647253308209097, 128.17470383774946, -88.20683767443329, -6.957038763265301, 104.17931112218349, 134.7535278098874, 51.665212094971075, 37.90090612661028, -10.897999106265978, 104.91058031901328, -39.10028834264039, 40.79735343547247, 0.05129193295252499, 1.3539653560618343, -49.130014979879334, -21.66119806247335, 57.48576527321944, -81.6800518709565, -102.74645388630559, -17.664950559304025, 21.981532212743588, -76.70502950695985, 48.04481177716618, -49.50346691259467, -44.633183631412436, 41.32272578515234, -91.94275642297288, 1.1653832989553816, -22.038536960896025, -39.44215235259257], "ci_rmse": [52.036475147517535, 55.58982245827116], "ci_r2": [-0.09838591818302886, -0.01830427574722534], "ci_sp": [0.0915011624838453, 0.2007374320633051], "boot_rmse": [53.518179127760874, 52.837474880778174, 53.43832879787222, 53.669713282009425, 54.05108949047836, 54.51890520322215, 54.527149420543104, 54.89377843065295, 53.763680724098016, 55.561123503873645, 54.61291085765624, 54.16868030919451, 53.38899551463064, 53.022710055838814, 53.8754705290468, 54.98909175615814, 53.117515442470015, 54.14796722611076, 54.17442005912175, 53.131981392381434, 53.03244250500923, 54.53024933900298, 53.824924223268305, 54.25379195299643, 55.3306918682821, 52.392677192888755, 53.168190351656946, 54.82793650317628, 55.06003406899535, 55.4935401697682, 53.74137368913351, 54.196295327641536, 54.23627953383369, 54.10978481479901, 54.15892239784769, 54.671219032448775, 51.57201021611423, 52.89964215702521, 53.8325952083251, 54.55016102112433, 53.36899669699331, 52.997568008981595, 52.91291961005675, 54.62964973755331, 54.88683719175932, 53.04991513572806, 52.646980901773766, 53.29627338251848, 55.632776155141826, 53.5195813162148, 54.483878916037135, 52.61126583178651, 54.44402395425183, 54.60420649070293, 54.21905326341759, 53.28723095915583, 53.179559198502076, 55.88803152627535, 54.16801462670367, 52.175439159798835, 55.34326015256552, 53.27253541941656, 54.28120155889196, 55.01607580026075, 53.67132246001402, 54.118043034992674, 53.87194831894918, 53.98186040526476, 54.631355195988796, 53.24988234433512, 53.61326896364432, 53.829462572347566, 54.02690155247671, 53.86815364037951, 52.44173296840366, 53.658988328377355, 53.64803628734514, 53.679143089508955, 54.27025069219151, 53.77228566502426, 53.80192094977329, 55.298102514827846, 53.75576155132027, 52.40568735233933, 53.0985229284883, 53.925687089830205, 52.692060704872816, 52.374092487909905, 53.32896637660464, 54.39128780096855, 55.20942057902965, 51.432242412006985, 54.423674539866624, 54.68875893436055, 53.35336083642728, 54.245333998309, 55.2730216896605, 54.245450308168635, 54.19949677442714, 54.82288213325853, 52.227069679042984, 53.40575290409564, 52.42251531141768, 54.096826483859935, 52.37560344010374, 55.66415999720467, 53.66001279574376, 54.06571758409379, 52.92781472116839, 53.57052233835283, 53.40307831312773, 54.10159451347153, 54.86802059163682, 55.1885445293796, 53.756104084964754, 52.833104338500206, 54.3610606683761, 53.901858908046975, 53.851762737241124, 53.472601042195, 52.27830731703151, 51.191275244884785, 54.46041169028996, 54.43721122496442, 55.63894504996931, 52.63207654787773, 53.02736058056509, 53.07184026765262, 54.41101738517663, 52.92583712337284, 54.94449143482154, 53.79339760680166, 53.07386157465906, 52.787518814752, 51.81642893105197, 54.93514474615655, 54.28460778212934, 53.346904655307235, 53.778615240259576, 52.45134938355043, 54.7273207800449, 53.221918403756206, 54.772763430235585, 52.87991663297612, 53.225500465639286, 53.63104186029892, 54.39711537978598, 53.160884516111125, 53.18724174547934, 54.74188204780248, 54.27238058226163, 52.4753023597904, 54.31097679380789, 54.005716362495825, 52.39384789057514, 53.134670335738235, 53.96463096449097, 55.8061277324652, 55.04459337288268, 53.154382637648546, 53.820219033083966, 54.87005275653374, 53.377655505574374, 53.77055120560537, 51.88456237900669, 52.73812530605448, 53.021247488520146, 54.56607672184354, 54.23344989949668, 53.25681709390352, 53.93468436086372, 54.43505372657708, 52.65146066032485, 53.29120875880058, 55.786339303448656, 54.00008646445434, 52.92699691705, 52.96031969404714, 52.68919390357426, 54.42893909166797, 53.23814776985332, 54.34212574214111, 54.398754174299185, 55.18623907876821, 53.53562248300917, 55.35775176844227, 54.49576030560606, 54.29063656856448, 54.09545612308589, 53.52637345321036, 54.71764270099364, 53.58352706974462, 54.693812007786185, 54.674212568764084, 54.75111943853059, 52.91820216069674, 54.3729135352403, 53.324301133222285, 54.07596260745595, 53.930920605354174, 53.659201124762376, 51.48213649591233, 55.15423264980928, 54.35480241652537, 54.4858260879677, 52.63909537369927, 53.22467119940843, 52.96872458608734, 55.02584756190111, 53.24933350900184, 51.417069448033644, 53.099022454704304, 54.35006106755538, 54.12701132265444, 55.14751608555528, 53.08729279027107, 52.486337138901355, 53.5785633982603, 54.48262609702293, 54.03254015258092, 52.389995505236776, 54.722717563790695, 54.66372878029392, 52.25206033379078, 53.985446062318495, 53.47899688079205, 52.857289651319824, 53.78809018207787, 53.25341556297026, 54.23873684885158, 56.12799127152595, 53.476266484994355, 53.94605533274397, 53.15897140468468, 55.04146961241666, 53.38951114832446, 54.49292855291643, 52.97211737740927, 52.59136226986436, 53.07317968292837, 52.25793772848868, 50.88523239101171, 53.50720551454317, 53.585472761736426, 54.77283204390847, 53.579330782788105, 54.88497110257979, 55.326729236184065, 54.009294573412284, 52.783937768538486, 54.07409417021248, 54.03818266596923, 53.13723251633222, 52.8347355587998, 53.07318192526991, 54.21912147767508, 51.55476099703477, 53.730716018719654, 54.56889349326967, 54.77218261107017, 53.710556742551844, 54.305159061362914, 53.8015287062254, 53.36520007278312, 53.5388339181871, 55.566634048115496, 53.94973771174631, 53.4133625680333, 54.308179459472605, 54.423531371284014, 53.85289331555822, 53.58976663056061, 54.832665731318, 53.799768352621236, 54.017170762533304, 53.42201659831208, 53.314970674301215, 54.14482929325864, 54.91658208929914, 54.66380082236635, 54.58055038058678, 55.68485905480618, 53.93383012222375, 52.14329066215681, 52.651585083451884, 52.22984540564487, 53.67215848209297, 55.47091073561515, 54.1731161781434, 53.71886223138896, 53.39003758603297, 53.282432137351805, 54.11394227293355, 56.006665944722734, 53.24439280053162, 53.44473607175396, 53.65990802934588, 53.58021618557766, 53.92710061873839, 53.96753168394789, 54.090077261458745, 54.00831508104113, 52.715008177639994, 53.9849659677205, 52.4177286905574, 54.39127173284254, 54.722228031402516, 53.01237318189515, 54.022803079622655, 53.23404126882267, 52.82119925769461, 55.01106550863324, 55.165726238395926, 54.77969061308695, 55.78820872713371, 54.474369900426005, 53.792409221127365, 52.285326078554455, 52.06474340581923, 54.02053520718703, 53.538972912614746, 53.22701019933587, 53.242005283779285, 53.98691439921985, 51.728846243539046, 54.636547221260955, 53.64906225130306, 53.77914109425456, 53.679838247144126, 52.99991146379381, 54.01397242074318, 54.72994760983335, 53.95459445332246, 53.3811512550122, 53.55641995009951, 54.13785864880221, 52.0823319258353, 52.800591357573005, 53.455155430004645, 52.39103707806332, 52.172747842661835, 54.244718396367354, 52.938801836564764, 54.23014487422132, 54.078974579823566, 54.11534444820296, 54.3067553427233, 54.6029510239597, 53.14098627094738, 53.34848336708597, 52.471843256893685, 54.06039870635789, 54.20665799240039, 52.49012899991161, 52.64901104516979, 55.005420083897604, 53.55673296445931, 52.980130314417984, 53.29122545670766, 53.086481060092886, 54.52680382894647, 53.44500663211147, 55.87932312901258, 54.07327735415847, 52.948951198627896, 53.44502971343605, 53.64669611613356, 53.15270993578716, 53.3378688054044, 55.18172234553099, 53.53044360211685, 53.584938918588506, 55.04751736712001, 53.30354380512445, 54.940608218431116, 54.43916334764659, 53.75689179532182, 53.646116071595266, 55.102741545138535, 52.51909119001713, 55.168370852668026, 53.854300472923775, 52.72964654699773, 53.00950017257083, 53.98433622411743, 53.553472240627585, 51.55260031842545, 53.26505374837496, 53.320169832952615, 54.522517314619115, 54.970161907671454, 53.994502199102065, 53.58496117068896, 52.36477386746679, 52.92758132659108, 54.035098769319596, 53.04299377013023, 53.45931674334383, 54.399110534038904, 54.65505342779406, 53.423916350523385, 53.603661836488165, 53.58889372000157, 53.60674918249136, 54.41997118432864, 53.94899164080569, 52.44414802699289, 53.74533914344694, 53.27056812575867, 54.490109923550634, 53.67095075573577, 53.61323301357517, 53.776451491844234, 53.09896693085154, 53.2367781307795, 53.73411292360271, 53.953314080297645, 53.8464161630701, 53.94237619358324, 55.7279960943381, 54.175007602311766, 52.871284811689165, 53.77491027839259, 53.29219655033463, 53.381640627191764, 53.63748455581762, 54.85788738334793, 53.54323351365533, 54.289962665761045, 54.20394650441015, 54.8373371941415, 54.565803516404664, 54.11098398616667, 53.00269981912319, 53.850302205098, 53.064770446485035, 54.185440514461575, 52.8392113200971, 52.89348101623933, 53.578872282803566, 54.78743156544339, 54.20139119954133, 54.45627366899951, 55.2574373773678, 54.437601188104914, 53.428909060328024, 54.03045548782594, 52.989110086973035, 53.39555699792607, 54.333123978234525, 53.124700896539316, 54.1818466404855, 53.777999820237525, 55.14001629321089, 55.868228835036554, 55.43515823183701, 53.542285991430006, 53.1558361832548, 52.767529103753894, 53.742964656618625, 54.89172181534131, 53.016848861693774, 54.05194116330265, 52.63522859986795, 53.959671166689404, 54.122320271543295, 53.587827328320685, 52.808275208394015, 53.21168962001717, 54.71251542101097, 54.3482120108652, 51.893920226592144, 53.38976044081504, 54.066947471196734, 53.80334199373479, 53.26811215826021, 53.00852349703748, 53.54163450113201, 52.971937170604164, 52.949948372513255, 56.377421914395185, 52.538009169380246, 53.57795659606379, 52.670322478168565, 53.475324291075495, 53.38147372566723, 53.68517374545572, 53.984957646057445, 54.24179954576469, 53.3265733322604, 52.76058997496134, 54.02513500797276, 53.83244409689737, 54.03134599994832, 52.06876418471471, 54.41189364688413, 54.83173645588879, 52.66730583433002, 52.3980352054329, 54.5565177009545, 53.04498185357019, 52.50388967130567, 53.640449911884154, 52.881688951484946, 52.880129556614754, 55.070007827398406, 53.510129215470265, 53.87323514574999, 53.772183870062065, 53.3362196188061, 53.503363438769455, 53.6669820354893, 53.147324828490376, 55.613625924557965, 53.80646793492498, 53.68159973547744, 53.548066540691984, 54.509985745471084, 52.27943641181656, 54.395859802772556, 54.90467809276061, 55.55566701549005, 54.04859925287054, 53.43768593200707, 53.38981564435909, 53.70278853413486, 54.113211685116646, 53.48777725345613, 55.298927062737135, 53.90442374757005, 54.73345930152534, 53.26634336646967, 54.76593351912995, 53.95417257691601, 53.941855479973185, 53.67650574251198, 53.69190900035904, 52.76168915810527, 54.40700798193541, 54.53965448047821, 53.715745709634554, 53.0196500289276, 53.369723973976484, 53.735850590110054, 53.64404629741274, 53.938411001894416, 53.445326773946455, 53.229213612678514, 52.781664212793544, 53.4753470664986, 55.58951951822942, 52.396279537916904, 53.80776472070472, 54.4421560107596, 53.23053548291046, 53.53969897700879, 52.63625072095223, 53.57079535490177, 53.2369017743848, 53.84153336506038, 53.31091317388284, 54.87888524055967, 52.91052926549077, 55.058888571098514, 53.711991233205, 53.26657778100764, 54.61399305202574, 53.79307132218442, 54.65626913241237, 53.995183319767165, 53.15735340133522, 53.20591449422087, 53.110177661392974, 53.39737107578564, 52.91532823532303, 53.194168297093995, 52.6056865927137, 54.068399946722096, 54.19286865739357, 53.79852563603788, 53.171737347878114, 55.463321972511544, 54.411457892693974, 55.087938554394896, 53.33200283481511, 54.38678528260773, 54.47572204002386, 54.69603147067544, 54.53988593837956, 53.82826175957863, 54.73604615310127, 52.51882461735457, 54.50010698828408, 54.777266902815214, 53.39603632968979, 53.741845269073686, 54.28721906671963, 53.375917022361364, 54.08549387517659, 53.5620345272013, 52.74477333699577, 54.61361806982679, 54.58824251233152, 56.25955480871512, 52.779042678715534, 52.71409596993056, 53.682417454218275, 54.31903123709996, 54.27273248809985, 53.4030240434118, 52.33574214346075, 51.73026499489814, 52.84051535075958, 53.271659577575534, 53.64011558770255, 53.93200226436345, 54.52607818502866, 52.7511440402103, 53.39747238828177, 52.2332024365044, 52.456882232837025, 53.39458310905829, 53.703929508664174, 54.13129290385823, 53.422093049976226, 53.49028624656443, 52.55733632651298, 52.88648660691701, 52.32446255913813, 54.24273168935107, 54.56720927647512, 55.68459512465256, 52.90154883849037, 53.65331013950155, 54.27977741600837, 53.31958650814541, 54.073614017759425, 53.29116210664686, 55.27990934835812, 51.933226805387754, 53.20100528797255, 53.300116391109064, 53.59238563490741, 53.79974324057774, 55.43404190287813, 53.47625787743706, 53.6852385144425, 54.21738854531566, 54.434903233054, 53.58800726498467, 52.44043669511389, 53.0525524952269, 53.08956293547187, 53.13676770382392, 53.58287126472803, 53.03395069739649, 54.094747601745915, 52.84439075161317, 54.403865124292246, 54.18983247436827, 54.62602918780661, 53.53582786821727, 53.17620364373052, 53.1748809752783, 54.51706883371848, 54.779332815060265, 54.809414713794716, 53.20189773752997, 54.89909853401685, 55.15606362427285, 53.568995779873774, 53.53257293236456, 54.354050364511544, 53.34523137926703, 54.202971143400724, 52.55967639123098, 52.73296377332439, 55.46635999231128, 54.29176386158525, 54.70493556049146, 53.03403725730356, 53.92921916455616, 55.1597404257401, 54.042116307515876, 55.116108878011524, 55.46746618319328, 53.914991470237915, 54.16210444377825, 53.07644178422205, 55.04100109348009, 52.8674385487436, 52.94159618928912, 52.56865379025537, 52.72869691510272, 53.42719826360957, 54.59893769586048, 53.704791578837536, 54.36503193481361, 53.88395595036189, 53.072460033703756, 52.167269399893726, 56.99279053452158, 54.291684423581934, 53.736458472813794, 53.254887745270196, 52.190013808815955, 53.51267863443628, 54.187889145285936, 52.972810990574125, 54.37907962784974, 54.61764769951944, 53.95741549970963, 53.76212362564549, 56.49233955171534, 54.078533129936034, 54.093186289144846, 54.11213728170224, 51.03185308234985, 52.86746601991153, 52.371207978100855, 53.800321813864834, 54.28159372449257, 53.631324328101925, 54.85948918960862, 54.615558855079215, 53.07716426899384, 53.591840772144224, 52.94013222330842, 50.712641994251975, 54.01639458089172, 53.80801849876625, 53.80870240419148, 55.173784772025975, 53.294823204432404, 53.732843100529145, 54.22000830959784, 51.73211766490772, 54.66926975744896, 52.90357793607813, 53.87635102445912, 52.87512974403477, 52.19348262149823, 53.46553356143737, 52.470128076697115, 52.524611018350484, 53.72704715971722, 52.9334487354684, 52.92513689893202, 54.52529312621805, 52.228118929664475, 54.590201216367184, 53.25239081572111, 53.46738368377662, 54.820822286037526, 53.31647267568493, 54.091173133740654, 51.73490391034501, 52.5165047138806, 53.175241415771715, 53.14136122333303, 54.81608568267822, 52.75842688405744, 53.256264633031606, 54.21420744999639, 53.93014917091208, 54.82635553453871, 52.37732884820102, 53.39560377736221, 53.532762950607534, 54.459753222147704, 53.14506203132426, 54.095959192617514, 53.300175928249814, 54.18278119687623, 54.11445172216749, 51.885835212635776, 52.98167446878538, 54.76403829328966, 52.50381749595824, 53.69344264283545, 53.83330761115717, 53.69250991830175, 53.03515974960826, 54.57487854400691, 54.2844114998972, 55.566597659324565, 53.26994374017756, 53.32154567207235, 53.86587206735136, 52.57364401944975, 52.70051624858885, 53.89632480082767, 54.66400701880562, 55.016918074029974, 54.14998206573171, 54.485263437594, 52.584764370335655, 52.81839502826862, 53.83652752138703, 54.54098046299872, 51.905256671315136, 53.33988766498657, 52.890124625669955, 52.743292782515404, 55.06323566673042, 54.01098371913376, 53.31612650876193, 52.882558302164426, 54.14719483696932, 54.652085127898225, 54.60278661949815, 53.65032460914372, 53.79072581992619, 53.32845849098131, 53.81216806610113, 52.95043368429529, 53.030232790998134, 54.51344472461822, 53.87151709047424, 53.53265718034355, 53.36869638706327, 53.372596893084804, 52.92393493438593, 53.82561867907218, 52.912901549145104, 54.44551485852817, 55.16749535354979, 54.11450556079926, 54.39275980160828, 54.22594255071198, 53.661982306355135, 53.05138729949927, 53.44042157512609, 53.38853672985553, 54.49378967888369, 51.45207761911451, 53.93419075545221, 51.62200680876872, 55.696057819437, 53.378607042140366, 54.36983262272881, 54.95006060078872, 53.91091925869025, 53.95522848873039, 54.498492914101654, 53.066910339537266, 54.72026200402636, 54.76044388761558, 53.194393644679096, 53.80650457647498, 54.29673290886503, 55.3663704894154, 54.58821262938099, 53.54866767146722, 54.23605525850198, 52.24213419173094, 53.555443654458266, 53.84152985779325, 53.26397661220933, 51.29755134290942, 53.88974202000565, 54.301030513372964, 53.92193897613264, 54.1236706086847, 54.19059921355197, 54.689018426430025, 53.17262427371966, 53.628011709973485, 54.60732053126864, 54.63603240637315, 54.31011632673668, 53.27237271164303, 53.950018267832846, 52.426247296679115, 52.03370985771085, 54.216717300746225, 53.71673646356136, 54.059367353112016, 53.80034091294496, 52.4486092765215, 54.17832450093944, 53.56298292368934, 53.585482838418194, 54.655898623503425, 52.482355631724246, 53.23214368256015, 54.24514196901377, 53.101963178950164, 54.40492032979551, 53.12269625782913, 53.9089508038047, 52.47401446990312, 52.98884943814341, 54.144653002338174, 54.58996407126829, 53.08834135236386, 52.155406189836505, 53.89917809424799, 53.91735223325855, 54.20558741795203, 54.796347833474165, 54.043680560005, 52.30099575187883, 54.134983881394696, 53.25019049251313, 54.710141150436314, 53.54179901695872, 54.575038063809345, 52.23790949379662, 54.600362203633836, 54.22134625108157, 52.57934228206462, 52.57035343321835, 55.6016371198987, 54.80829052243966, 54.73170088439225, 54.020571257147445, 52.62434579823372, 53.81996921680819, 55.55708468804588, 54.412273686897414, 54.8073985812209, 54.44253735959694, 54.112790521820436, 53.854912892151376, 55.779537478351635, 53.57577405278493, 54.12426282207813, 53.980715618068025, 56.1990958698706, 54.515397059229535, 53.20220777531759, 52.036546052384374, 53.71208227892201, 54.031986552844174, 53.1661297837845, 52.519013427885035, 52.53287436397681, 53.123212312658566, 55.47006091321057, 53.503354809908735, 55.29812519233823, 53.92515034064467, 55.314312088425204, 55.30088703307305, 52.56691567037862, 53.68562446267669, 54.886352790322455, 52.701551920679144, 54.64211019290527, 54.29306413225273, 54.03535078989723, 53.870241842953845, 53.36959769760903, 52.96682818411205, 53.18342884080186, 52.22760528707921, 53.25931398462536, 54.6262765058875, 52.37389452276292, 53.92347958739141, 53.326483041183344, 54.627399220616816, 55.169870210285005, 55.80871826183844, 53.262424780938495, 52.68937416923127, 52.64685813959035, 54.137931626932705, 52.086936448547, 53.33162650400045, 54.22949440904035, 54.97723282663037, 55.22724747977318, 53.12239492513706, 53.16511486865952, 55.64161558962524, 52.632170761728844, 54.978890548562376, 54.110866896067385, 54.6484166885598, 53.05835895773292, 53.0453554153269, 53.54226537330695, 52.69904306544165, 54.80095151605836, 54.11510743939566, 55.501292571355926, 53.07159131180989, 53.76524559063838, 54.57304384615121, 54.394763621811535, 53.048111797577484, 53.84315884740712, 54.10745678060824, 53.79513532333464, 54.44236556215834, 54.54117430062996, 51.903163167820935, 52.5942235921779], "boot_r2": [-0.053375996160867745, -0.044961730458104254, -0.07269261090137835, -0.050454216467564095, -0.08889188796720138, -0.06883076781431319, -0.08227829517088026, -0.06329627366446977, -0.05602239168550471, -0.06991798284936612, -0.08238543344069726, -0.08183728903015552, -0.08294243674574475, -0.03757816133968439, -0.05408648540262173, -0.043191553595205656, -0.0721588596224163, -0.06554479763309673, -0.04956642003025569, -0.053103830292973386, -0.08209255541505156, -0.09181081058938467, -0.04663754258289754, -0.06852099120292476, -0.05633479059882052, -0.03289218664153992, -0.05815750195040725, -0.11154883406166571, -0.06803687029202399, -0.05467651483559788, -0.0753137343723318, -0.0447554234263281, -0.027181788805283658, -0.08021989502332616, -0.056377902846496575, -0.05661736236713444, -0.03473408173309256, -0.05860670237399623, -0.06964028554487833, -0.04227779128718412, -0.04943049404847488, -0.05784185008834619, -0.03066342212831974, -0.07782176403404639, -0.04641029427619592, -0.04388733994988847, -0.06088987374361032, -0.04737877623815856, -0.04100278745913877, -0.09773154028029252, -0.04346684034290882, -0.015436815921910041, -0.03690408121668587, -0.0820251485264103, -0.10994123977945724, -0.04100122311268328, -0.06225986107379011, -0.04624394474613425, -0.08039142751426565, -0.08666929080262009, -0.034296077163330274, -0.0607465783761596, -0.06758044734475033, -0.060349040273875554, -0.06605928585999199, -0.03721625012986962, -0.07799486607591422, -0.08336319979140461, -0.07042407027267816, -0.053903684792595996, -0.03689104070571858, -0.07411977243347478, -0.05395056464643133, -0.05630390625227166, -0.019194597378654255, -0.07358225652385753, -0.04819471592201263, -0.06978815404449001, -0.03116298550686203, -0.08408713009638435, -0.09488195727741333, -0.08523580475650228, -0.07524421886191313, -0.04622862244048309, -0.07074629630042684, -0.06790538366348686, -0.057678647974671815, -0.038302384027291136, -0.04279829685254044, -0.09784442304354846, -0.035504203397947576, -0.03100642888917271, -0.03793167265339714, -0.06090997178424673, -0.053507641520962546, -0.07005078274740173, -0.04867217731435747, -0.057968237475780615, -0.034599521992448645, -0.07219768204788313, -0.05398076544989916, -0.040710880231010105, -0.04522649443390048, -0.053571234448776206, -0.07214527121895786, -0.034225205578036766, -0.045737373405731585, -0.0814784695180939, -0.04862448972997169, -0.07390538168889615, -0.0526703500766319, -0.04832489026154452, -0.07945343639126334, -0.055411885531645666, -0.04476136919597873, -0.02934380102455081, -0.06729755576910446, -0.04653098741424433, -0.06532234171747753, -0.0947685531246687, -0.040045308456467366, -0.05430971530033912, -0.0663145426379741, -0.05628242872718858, -0.075837851960318, -0.03312072305706182, -0.10170393534255084, -0.05758026168424579, -0.09847638132423397, -0.055056216285170434, -0.04912095682645301, -0.04590634143316308, -0.04584550853713143, -0.05140602685896822, -0.04477336751515559, -0.1067684714824797, -0.05052401618017255, -0.04262433396998011, -0.04637661432811857, -0.012709941088538734, -0.051957873152301604, -0.08393265369542924, -0.07356027649558805, -0.03373146783426795, -0.04993981499341604, -0.05171547735587634, -0.06214816414508606, -0.013231505630477258, -0.04251419985801275, -0.05424502275078846, -0.07181282179614623, -0.11981181253411721, -0.04946814136319033, -0.0748654832410951, -0.06192861085908241, -0.051277183746981425, -0.04691341411415073, -0.05908303399374648, -0.025331023726216095, -0.04922634397645509, -0.036271446342942104, -0.0779681202760758, -0.06905703286454368, -0.04357469514124124, -0.04820397486185657, -0.07065227878338898, -0.03615457297067559, -0.04591692428009142, -0.0391185889656005, -0.04339169945470056, -0.05455995572345129, -0.0786427662831728, -0.03639400911824664, -0.07969556052903504, -0.08750639775468128, -0.08415183375425261, -0.05628848757838867, -0.05317905696244396, -0.1387270807806369, -0.0599145279954727, -0.03515704806008513, -0.051302910935562496, -0.10554221462331959, -0.04952141981547231, -0.07117061594270568, -0.05954723371434745, -0.08080667131379782, -0.10620354641016427, -0.06144125299689951, -0.06305282729105288, -0.05866180889103978, -0.04269471208033715, -0.05637895210198196, -0.04939617922332484, -0.06794387071213959, -0.08438890023236323, -0.07880497583625212, -0.08528221928511415, -0.12878946217759313, -0.032761268822883105, -0.056819632871430326, -0.018004281111844156, -0.09393579072677127, -0.0548173544898205, -0.07795172724015531, -0.06550241172820792, -0.03177488570543918, -0.012692888369590483, -0.06897797189582855, -0.009426846169055647, -0.04223880703490157, -0.05306360322455128, -0.041211219708407354, -0.039477882843392154, -0.05177112978154641, -0.03182249174372642, -0.06066780003090955, -0.04671467944237251, -0.0572741580101892, -0.07622104415827269, -0.074220007699064, -0.04165992709943511, -0.0756372452641576, -0.052939101613094675, -0.03662104358977025, -0.055683248322558, -0.02345941359734427, -0.07852085238162854, -0.07388232056970812, -0.0725529698381342, -0.07771313043533623, -0.08525499620112686, -0.08531809028821868, -0.03953959226471038, -0.09917171648658507, -0.0652361238011745, -0.01847610618399198, -0.04068273267748035, -0.029764868945855616, -0.07777128719829363, -0.07796121814270518, -0.016919905800835577, -0.04345138231032997, -0.0519687897062755, -0.057275428572945764, -0.058367747388792024, -0.04411396236914622, -0.07771076333726645, -0.029881505057765434, -0.0053976295423867615, -0.06429286628605446, -0.05744057560793303, -0.05393120926515227, -0.03651392107917384, -0.01938790477593466, -0.12377734979908883, -0.026780973989053214, -0.07047146978500374, -0.04182521074385037, -0.043267410751453905, -0.10258822235772724, -0.08600427451696624, -0.07647805075853298, -0.04655968307803193, -0.06145511494577849, -0.07956834064116758, -0.04060830194937126, -0.03917056402781971, -0.04956632040637987, -0.03552398225085995, -0.05519493267801834, -0.06716592731046322, -0.035643710480278035, -0.056497816196666495, -0.05672842635002362, -0.03475974996514597, -0.016738801645223678, -0.07634280163273033, -0.06979728792529794, -0.059020761230216046, -0.05956332210316373, -0.09897132297648237, -0.05097340840271958, -0.028361957434702045, -0.04026587101716883, -0.044217227728232666, -0.033690976323873745, -0.060497476153364316, -0.04427404934611534, -0.07513038324435839, -0.06948832634335034, -0.0514021470632986, -0.05136864714741063, -0.06599777198107404, -0.06029714129128716, -0.02083145585827295, -0.07511223384023191, -0.050080354208810185, -0.03752285532213184, -0.05762550340790429, -0.04765074557712201, -0.08854839838822537, -0.049076973910604504, -0.0753866585955627, -0.06276963139526637, -0.06121854295750628, -0.06936415957240194, -0.09180137406281297, -0.02197595657100271, -0.07065126532381605, -0.047594548985539165, -0.051335968381132746, -0.07218876069936897, -0.09583860359316132, -0.04541059793468705, -0.042868850784509416, -0.05495877259450599, -0.01899562205972649, 0.004217658985599559, -0.028723655917704427, -0.04198950927351164, -0.06461985152435101, -0.09222990394419628, -0.03582008172320439, -0.02908588681761315, -0.05835250935160796, -0.07394600248361605, -0.07818850458966864, -0.06858348594158015, -0.05038098691479376, -0.06858343002896428, -0.06572611788528171, -0.06199678549117005, -0.05944872067434681, -0.05446267967266927, -0.05067009426583913, -0.04065846047248267, -0.09129462961172163, -0.06135094095626825, -0.051520130787639395, -0.037034175973114536, -0.10015638709061969, -0.043899812636602364, -0.07045633273264706, -0.09984483313385595, -0.06716869337728815, -0.0449362565961251, -0.018350306626517376, -0.051208141698685816, -0.10827583009487785, -0.04223801379635628, -0.08636240601153378, -0.04889892611618363, -0.007242801778730712, -0.048073587790328665, -0.06444286569278934, -0.06967807715881036, -0.06660805927410562, -0.039207587433064406, -0.017753244349058894, -0.09661619308386982, -0.018855658616414583, -0.041502607870679054, -0.007805273041187055, -0.03894524348005968, -0.054775900446393466, -0.03962364468409718, -0.018143758596603776, -0.042408151850544806, -0.06516379147340534, -0.06153812173761941, -0.07146018051777525, -0.05926227083447433, -0.056677060481578945, -0.047485748146204765, -0.0679844664051128, -0.0626335127618094, -0.06866805766261042, -0.062204627594078854, -0.056390300126869075, -0.08208723642310445, -0.0582311823285393, -0.025701991127470736, -0.04551388449826721, -0.047879384661861035, -0.05748546180906344, -0.07831920255321934, -0.0746367272921653, -0.032451901312720244, -0.04729215534321285, -0.04604562691455549, -0.07349840919378225, -0.05414976541793792, -0.07164312563591535, -0.027392635025574874, -0.05621909321536145, -0.07391520898962689, -0.07500423817986768, -0.04742997225004619, -0.02437597501539357, -0.03606063365257439, -0.0342512338799732, -0.04850988988093885, -0.06992905789704973, -0.06406014410807037, -0.05512781351982321, -0.049136514871630066, -0.05339940872989768, -0.04724198851363193, -0.06509771673671816, -0.07223216648786734, -0.049489991884564155, -0.056764767945447936, -0.07001542319725873, -0.061750418530453155, -0.08378549588951434, -0.05303269953366141, -0.057631050155885655, -0.06442346753875072, -0.0814089018742783, -0.03353154402080283, -0.05261682611015894, -0.0962534023895838, -0.039238020351167746, -0.015811424534802443, -0.053217323407967365, -0.062249643848791836, -0.047627270780852715, -0.04178054384005914, -0.07835128132257041, -0.04646141095420653, -0.04046922044564272, -0.09240396479812985, -0.04805284605576765, -0.06768016058640813, -0.058312048574084896, -0.05491818105683555, -0.0690795902661574, -0.04437316457169094, -0.04999866641413342, -0.03712523031937143, -0.06718372788235238, -0.06858406103188042, -0.07038137870835603, -0.08455198488092419, -0.04407246718960511, -0.07705303284625153, -0.02636419440315252, -0.051612665972682326, -0.05131722011437767, -0.03162208540998024, -0.07147708305533573, -0.08201960267032393, -0.045755842805111246, -0.0660916718134017, -0.06837159920648328, -0.0301089925451814, -0.0494563891836175, -0.03893798225674905, -0.05497403224974007, -0.031032975919630168, -0.04517208616382962, -0.05642590833332006, -0.045987364413683895, -0.048752948136104646, -0.02740273360322587, -0.07711759775005, -0.07779462834513828, -0.02882659543922994, -0.08995005403238432, -0.02481116796494387, -0.04699356352653328, -0.05788421645275443, -0.07343176058143674, -0.017225057759198803, -0.06200396447443901, -0.0772736353042991, -0.04465818964550583, -0.048876070783528514, -0.059001953153202, -0.06599633880637623, -0.0632797155860838, -0.07727233495598851, -0.03837644400809315, -0.037453579165360296, -0.05285041623591269, -0.021772036077820855, -0.046567797995626936, -0.02977476268462964, -0.011836852354936367, -0.04471581603618913, -0.04683946287896523, -0.05073071481571967, -0.07778864345799419, -0.07799482244844791, -0.07946279012117885, -0.07407517196144031, -0.07184709907072895, -0.06379933343381938, -0.03034842199555854, -0.03219842491898284, -0.08424540978795281, -0.05289346089997449, -0.0855368301552284, -0.04437459808541555, -0.039892121084209586, -0.05980109110297205, -0.03607686911595698, -0.044015086498615075, -0.09838359861530566, -0.05545657966211737, -0.024531124012331817, -0.04031894880855913, -0.027454832778944116, -0.06423715382750861, -0.04376044262103296, -0.04941914253883706, -0.03503770763679781, -0.03635221087626417, -0.029579976864672064, -0.07180981373767747, -0.07530128610877118, -0.04768501341016651, -0.06680277275732194, -0.09209972455736182, -0.0896407979028424, -0.061337458197379124, -0.03059742334432114, -0.059411447576911414, -0.07413808798423349, -0.03713895960647262, -0.050664263185981495, -0.07259408660313471, -0.05043798943901456, -0.07335576655349985, -0.05565868739910407, -0.06011975325479857, -0.041163116116693876, -0.041546834422843126, -0.05788797408376434, -0.09295444139099707, -0.03447350954387374, -0.06448475043499369, -0.05620036216058888, -0.05489678202096093, -0.035597511774803525, -0.047938572458634976, -0.05069012534999917, -0.03400765934264327, -0.05537990072470089, -0.06217467305677005, -0.0307883486527738, -0.021633155552504446, -0.047826299340212985, -0.07994745693256244, -0.0385989919078622, -0.05483517936023219, -0.020204227464920566, -0.0357782598655314, -0.024834105542125506, -0.04242643732897089, -0.07207673004977444, -0.039617029529243064, -0.03459170285784552, -0.0369723764912282, -0.06922524458407353, -0.09441361713608387, -0.07336897528923925, -0.061106272692164953, -0.06904668445524198, -0.06626261792987198, -0.052807046818216685, -0.07146255597273754, -0.06404520458319407, -0.06042469528362138, -0.07754018743885682, -0.029387993558751546, -0.048634237049238305, -0.05492971344840458, -0.040889274851736435, -0.08621037900502393, -0.05804887144989235, -0.06295134369948485, -0.06681030407965083, -0.0532342423093648, -0.023477900021430242, -0.07112184332169358, -0.08624566536214906, -0.07434227068624089, -0.037999210374844994, -0.07602270761028107, -0.05668896116929267, -0.052367861922849146, -0.05234546739237489, -0.08759528699385255, -0.06691017186514348, -0.018308391571600247, -0.05512492429188032, -0.06890743037620761, -0.052305449751201216, -0.033641902044184935, -0.04082768775487189, -0.006228565889184301, -0.0737916431834782, -0.03703886089396158, -0.046824787879375496, -0.043849777670246004, -0.050835332048150716, -0.05764251547653809, -0.04208403575856923, -0.08472361464766065, -0.038851418394875825, -0.043816789296652336, -0.054509134254719926, -0.03528835046576284, -0.07573806459125954, -0.08229233703277727, -0.04206513798735356, -0.03223526532057508, -0.04060811354607785, -0.05666299499057792, -0.06947064870078568, -0.04190585537963498, -0.04015942842234388, -0.09338586276141214, -0.07175876110913304, -0.046390113536914246, -0.047961211051435804, -0.09773381632871891, -0.07826711342659487, -0.03334763524172635, -0.08835902458823419, -0.04304187749338184, -0.059990508799599995, -0.05473761723154946, -0.0598123406855684, -0.007129503441332119, -0.05488477643742584, -0.06475905916763103, -0.07835412064386871, -0.03886792597547584, -0.028753838626677464, -0.029707568043207733, -0.08760553441418639, -0.09793895735222913, -0.07868204496066489, -0.07129403800914957, -0.09147568876380885, -0.06551233187027483, -0.059374713812236024, -0.03463672388189054, -0.07092815085230186, -0.02202974288154791, -0.04731428044373942, -0.030051662572290416, -0.06599396388428658, -0.08529066446665667, -0.07828195546253269, -0.02079960820531701, -0.047927042948923804, -0.04535772580247577, -0.03860639294197532, -0.04204529569912596, -0.033800180886889075, -0.042071065027922794, -0.06780314605421123, -0.08185812783780078, -0.03962959683317191, -0.08276502680507525, -0.07714706145248384, -0.048337857346649526, -0.07681382213122867, -0.06302961317452982, -0.07493802473844169, -0.07121130322168367, -0.07166827129536268, -0.02688653037263755, -0.11090871802187374, -0.04459317135611918, -0.027409832684088364, -0.03866359860524149, -0.04685432407209178, -0.09406062280539351, -0.05368686105006537, -0.07584859626767604, -0.046734138536068226, -0.034013748899379026, -0.07425318056572894, -0.04697871012979271, -0.078568621401919, -0.03716937799020292, -0.08049969971772275, -0.040480889914892515, -0.028021103732023933, -0.050018081584642715, -0.07271234964029993, -0.06400748951643709, -0.04403797731988668, -0.06312509686264756, -0.07115733772308386, -0.04371771110954881, -0.055660016849707006, -0.05147888652493804, -0.030838190156322165, -0.04340900635293843, -0.061882020827777495, -0.05388580945261312, -0.039096639710522574, -0.0775686067283583, -0.07215509969162048, -0.06758412044110429, -0.06076538437638268, -0.019804638267793884, -0.05861213816450306, -0.030884067611937294, -0.03901053944817079, -0.049108499081984114, 0.0025221658808567415, -0.03207222382851094, -0.0665251196627199, -0.04531191071856777, -0.07108067712888833, -0.03810721623896507, -0.07134967815718007, -0.051432700463013736, -0.048847461543293225, -0.07173703037211832, -0.04210113529646753, -0.01947509125847846, -0.06310163813638714, -0.06992664901678447, -0.06933890952142341, -0.09138785004579564, -0.05978546403940066, -0.02505334281675098, -0.07261691328881414, -0.06948707900504858, -0.049727519474254134, -0.03307228789835426, -0.06643566952653512, -0.05710724674057177, -0.04158491593279523, -0.057531556727750344, -0.06446140845757586, -0.07464301118785999, -0.016696857333790893, -0.032587688398935555, -0.042908576183142255, -0.07128532536784671, -0.04916089432259563, -0.039442323344659025, -0.06652022283249126, -0.06608122498234015, -0.06415321735253188, -0.08693810319463324, -0.05981493585078357, -0.07239804861774535, -0.01984947978551377, -0.041703209962901555, -0.09338306406631558, -0.039326903770990906, -0.021044747451157475, -0.05931933351027974, -0.07246585290343344, -0.007211508875673012, -0.030551764158814443, -0.056327732652013296, -0.07722488850013942, -0.032030892969574065, -0.052513876910273316, -0.018804895455862836, -0.05502723683642463, -0.0625440201606815, -0.06907321403410749, -0.030245571651417613, -0.056891425622849434, -0.07263599753441907, -0.061883111157705395, -0.05433253774251434, -0.06951285825096343, -0.0521777285388898, -0.03963379923102717, -0.059705676699152166, -0.06013712017697892, -0.03690959572378483, -0.05810133380459814, -0.0952487107867821, -0.06696629991849545, -0.07901489361511138, -0.034306681015158214, -0.014878625286844693, -0.07811910946286682, -0.03121475721449607, -0.06961748325032735, -0.04274230109577126, -0.06624546902987971, -0.018631421068912246, -0.07293417415817127, -0.09096552635097988, -0.04224074445788806, -0.04486520425740337, -0.03038442022106702, -0.05251693208279562, -0.07579851034172536, -0.11267160840260271, -0.10007106017405887, -0.025099005034555866, -0.02123785490145247, -0.0399053557647111, -0.0829193914568973, -0.0797158266336826, -0.04420080163010209, -0.060961549848840724, -0.036291704086644394, -0.09270630252150913, -0.03648108019524643, -0.03862833533544219, -0.09182686774163118, -0.02531741267421528, -0.03041740840575713, -0.06160538293091733, -0.04575116892287068, -0.13079021354291887, -0.047171544020444545, -0.04385859827868077, -0.0617936543665214, -0.04798227792255649, -0.06646475513154448, -0.037057821230694454, -0.07494397625550331, -0.005805215570208855, -0.051454287286201605, -0.04133602653677704, -0.05052343351852451, -0.02655191296671977, -0.03648623462939615, -0.042670784940153306, -0.049907726637340444, -0.08291459637212717, -0.040265755274838444, -0.062379632028142895, -0.10196393630418332, -0.06559476254289143, -0.046519228359873876, -0.08981237143215703, -0.053063509535952846, -0.08226070973789135, -0.05485203177457998, -0.06820820411131923, -0.04372224959621285, -0.05606932728378, -0.07446882797525167, -0.04093847786838434, -0.06063073323355628, -0.07012212359301007, -0.03677882659892795, -0.05019739901418263, -0.09205641484882654, -0.05452842991159601, -0.04296552287980848, -0.08379172832439874, -0.035095628963760506, -0.04031280936138426, -0.08940648597926937, -0.022506540342136727, -0.07337157031224817, -0.058024756544927, -0.06313585595243221, -0.0854079373751504, -0.06122364304660666, -0.058847736074580714, -0.06897849976986747, -0.04572978247860515, -0.05285547135247892, -0.06936241178128566, -0.09356312835773561, -0.05367218362455173, -0.02765939153011443, -0.022216400898835253, -0.05586157926363877, -0.05234819590609785, -0.06259021342225801, -0.028770206598074832, -0.041883417121377775, -0.05464445070791557, -0.07009246091079269, -0.07118014694081443, -0.08202913948199186, -0.045122154058403474, -0.0965102094749315, -0.08274057109751376, -0.06097131811781087, -0.07740591082607673, -0.08023747161629768, -0.06043238260259254, -0.01843286228153329, -0.05972204079610144, -0.09589186368005187, -0.0775922175699848, -0.05278390250203957, -0.07068244870503082, -0.04109056995717841, -0.04104349935982232, -0.06972171311944253, -0.032658234028567046, -0.039823100065839334, -0.06674272276770021, -0.03977594531350026, -0.10314618534273934, -0.0909270774929698, -0.0510432097910507, -0.07036901694896192, -0.04729324931602963, -0.060409229599958536, -0.018066490289555093, -0.054420912351677675, -0.06990653314675654, -0.030434821430804115, -0.06145395759193906, -0.0797163717956011, -0.06092738256044794, -0.05193387891023482, -0.08161498696004865, -0.040845415256447026, -0.0746108508810106, -0.0535237201882528, -0.06912101789244152, -0.08172225957967671, -0.061745332523434504, -0.04885181470053035, -0.061531368409587284, -0.049359140122836376, -0.03558330324393322, -0.05782766100887349, -0.01879703266638222, -0.06978782003405626, -0.023473843690158036, -0.038099386914069555, -0.0931237957018265, -0.06865857932805874, -0.033836894398539874, -0.08408385921351158, -0.04528797863749556, -0.05460395581553623, -0.09262288044921885, -0.06575672527506637, -0.01985965617639529, -0.07574762840304339, -0.0437651014956002, -0.06555660185199308, -0.105404355291703, -0.05815450500308428, -0.047846984370200296, -0.06632965788454426, -0.0482075430321649, -0.04686065886405766, -0.029655961805049813, -0.07042895454047926, -0.02530167449888099, -0.04908850657783126, -0.05444165099214637, -0.03661426290736691, -0.053790364565313276, -0.06295899229460167, -0.08821189789436557, -0.06846689088721658, -0.046064849053018, -0.05507485601697559, -0.06203121032140024, -0.048260388268610344, -0.04153304241151212, -0.11038460088492896, -0.061324121026213874, -0.07557992658463375, -0.05837510605752949, -0.059527749767443794, -0.06327014074602633, -0.07094612012624713, -0.038472629667396285, -0.042150730936207026, -0.05777430305922793, -0.04648957907898743, -0.07373862890520644, -0.0567598355554404, -0.06296555268258253, -0.06379271752343785, -0.04885205972667639, -0.04609412551450398, -0.07090081899844636, -0.07866766010646087, -0.08508315904755404, -0.06353027721102644, -0.03204196275552418, -0.08442443020087653, -0.05234462457265443, -0.05736671804766802, -0.05930358363247734, -0.0609189609682701, -0.06519770919887957, -0.04166750780718975], "boot_sp": [0.14786934042388278, 0.1656852462951111, 0.13787599264231437, 0.13832519452528383, 0.11473773494316362, 0.09370218720169883, 0.10747408588801174, 0.1286896705064843, 0.17628848672339556, 0.18188062079224054, 0.10815012462848564, 0.15456747092630713, 0.13884475767192603, 0.19060011904637036, 0.1430195818531017, 0.18635705095622573, 0.11372034366994402, 0.15477391280576044, 0.11743785296431875, 0.1622809549580753, 0.1286983194440381, 0.12163905673855228, 0.16349289498320044, 0.13756100595066484, 0.15971542601503994, 0.14917849737073433, 0.15622320884236404, 0.14055111670941964, 0.1133469548584815, 0.17966479993557752, 0.14031806165633637, 0.1546293101972967, 0.16787787731296971, 0.09609552557952575, 0.15694342931594116, 0.11267269696070731, 0.1983731588818994, 0.1029607374025237, 0.11215527730724088, 0.14813128189066746, 0.1631269231595425, 0.18283970583979414, 0.20758036148026832, 0.12536155149236566, 0.13038165871518367, 0.14714244343864596, 0.12166226890402164, 0.16842422240305543, 0.15798612468461073, 0.11693705148315374, 0.13844630847687975, 0.18928907050028485, 0.16316689686972144, 0.10918130989591511, 0.07021842048529764, 0.1476246586437469, 0.15100728628064877, 0.1655790497503569, 0.10845111398032704, 0.14328218070274837, 0.12969721412859292, 0.11738902814056654, 0.1473316504703119, 0.20714914903293247, 0.14452091542675893, 0.17347704232930267, 0.16130614879284058, 0.09027383485076114, 0.10483168891853589, 0.13534261045600343, 0.17623675917196707, 0.11437880342852821, 0.17940820654139153, 0.13550055289923518, 0.21252805968726224, 0.13394480300487588, 0.13259426627391496, 0.10559566168363135, 0.1680845440441416, 0.10059633065722327, 0.12773900897274662, 0.12135348253268466, 0.1336855404581547, 0.18846775544016384, 0.10408788696300754, 0.18657043937993467, 0.13919013283791729, 0.1977480904670758, 0.16092751147651962, 0.06488206557620871, 0.18271628301102671, 0.16739984174578376, 0.17554144533284038, 0.12485582732810514, 0.10760300005909541, 0.1417177096121681, 0.12183070606461383, 0.17161168178240233, 0.14979272454243983, 0.14576716595055192, 0.16500765948306179, 0.1486112234109042, 0.16970287060389977, 0.1678477175466018, 0.1425713118395609, 0.1363907048520954, 0.17849013091611396, 0.1460281334867537, 0.14224916093937515, 0.15175078335457148, 0.11936627729909574, 0.1284477573802414, 0.10687496581645729, 0.15848144527960303, 0.1538073968299439, 0.18460721716751194, 0.12040791950097818, 0.17455979558134385, 0.13862656865036904, 0.075759618509532, 0.15398281661048677, 0.14841768426580695, 0.11749890061652608, 0.15739141410903235, 0.11609185318151749, 0.15703353271790485, 0.13387137257732631, 0.14696335159647234, 0.09299014555529653, 0.1555851176299043, 0.16700621372169697, 0.14399360689749288, 0.15094207271314422, 0.15811912530918074, 0.1364353716430175, 0.09307168687224529, 0.1510561382658869, 0.13906614488812277, 0.13796904819997458, 0.17233981040912272, 0.13426001218712158, 0.1345978395174569, 0.10072618690459012, 0.13333830707004868, 0.17442799051233457, 0.1602818732775396, 0.13552251186698513, 0.17898212612143838, 0.1780357480966798, 0.13008014060757117, 0.1383703014084754, 0.10304294088350573, 0.18624250669954603, 0.1374861202949883, 0.13855447110689703, 0.1951443621347597, 0.16371307392363002, 0.12452359071444577, 0.14306489890790725, 0.11677517937202299, 0.19122577945438998, 0.14033168467762888, 0.13863256132578866, 0.18809473732733528, 0.15771181918815666, 0.14201311829618904, 0.2126117488354705, 0.15049151744005165, 0.12880622292567037, 0.15949634144226643, 0.11902694756306842, 0.14125276917583346, 0.1361955153563585, 0.12610927597964539, 0.1417817768724255, 0.06976764286825608, 0.17807965984705543, 0.18402851263666029, 0.08755739752338226, 0.1212307374530047, 0.169689227190249, 0.14952839310936222, 0.1299064600841624, 0.18858253499433764, 0.14935171418538176, 0.15787010051146652, 0.12657021299802132, 0.14105806362180004, 0.14903740349551511, 0.14501533057167515, 0.07622835413073616, 0.17084304194032746, 0.1636116150102748, 0.15202142788266979, 0.1407494503276248, 0.12770890806783106, 0.14569094266046267, 0.15152473379441847, 0.1034525690193989, 0.1531929110690456, 0.15146354582599025, 0.1981324970755721, 0.12008349485392222, 0.1724748252349636, 0.09525617055604768, 0.1362779688558547, 0.15650895659662672, 0.17827889060061136, 0.15624017789081687, 0.18890938512102917, 0.136324398593907, 0.1310584032497542, 0.13803218055540462, 0.1530208553717793, 0.1962347949924942, 0.15584170343712178, 0.13498174949635694, 0.174791790752388, 0.13536434993589735, 0.10876107236418947, 0.13360846666066345, 0.17613465543247014, 0.14330995619592343, 0.1218376577475719, 0.13785001985957882, 0.12451089615321137, 0.1688661987808923, 0.15040513766874397, 0.13791185416377935, 0.10493160991564117, 0.04814572195633652, 0.11584231378019785, 0.11295956350821319, 0.16834470187889258, 0.09519490704179487, 0.15522785401930309, 0.18883262071282864, 0.187934362844052, 0.16336008954690237, 0.15479688583122092, 0.15355499979720857, 0.2022337448166886, 0.18017565538588065, 0.1601517903106382, 0.138049438241089, 0.14429188335918952, 0.1458647650756172, 0.16394848963059128, 0.15353697020647847, 0.18910544915196165, 0.1141676071091667, 0.1054929170909227, 0.13738171643408198, 0.20796747538400864, 0.193534391849557, 0.03274377568558451, 0.19318325588693255, 0.14519043354416047, 0.18964004343209792, 0.12022788006062637, 0.12841559350492446, 0.10437476863583883, 0.10769877112806102, 0.17328437687927115, 0.1699274449113671, 0.13124252615293425, 0.21923215946600966, 0.18174487836481817, 0.11661294649762446, 0.1252676282513264, 0.19032754129921106, 0.16966718951258916, 0.15547521465666275, 0.14762930941994507, 0.14603218478238558, 0.180006279275958, 0.20153453863750248, 0.0894149011003371, 0.13578946719192575, 0.1660559110473287, 0.12660371324326625, 0.12544516421849466, 0.15446327594784223, 0.1461969326623808, 0.17362961062233997, 0.1342336185961919, 0.12715673109516348, 0.13612819073766055, 0.197375286316252, 0.14747334749348767, 0.12110067338832674, 0.12727308774269916, 0.17354832025428116, 0.1718175883571324, 0.16761149144840734, 0.1986848254029741, 0.11910973717804521, 0.18175179503867306, 0.17495047823313808, 0.13640500675800293, 0.17222894110644185, 0.06443242239431796, 0.12535392640167872, 0.15031777006818953, 0.15802320787328944, 0.13204999319533736, 0.12638569323548807, 0.12784216117577576, 0.18525175932736657, 0.1451460936791769, 0.1668171799899645, 0.13582174164534203, 0.10476839017243021, 0.12468221961261558, 0.16366464457348615, 0.1283207319546704, 0.14411844345611458, 0.2019954042277976, 0.18563946261518136, 0.20347230285817516, 0.16236218167200758, 0.16767263547286465, 0.1539365137729011, 0.1582471519036911, 0.1727936167370827, 0.11378127909881022, 0.12870716249858932, 0.12332404546545218, 0.15905115625818253, 0.17623786450840456, 0.13296306689904977, 0.1169619708701387, 0.1736579977801528, 0.1421014924002636, 0.10030786058365085, 0.15210510749249181, 0.19221495765308752, 0.1485549675058829, 0.1209030568643667, 0.08658213204505372, 0.17734680410519174, 0.10456333559550819, 0.1465457250283568, 0.12073327626197296, 0.09152298556508937, 0.10402532357831197, 0.14700634965540982, 0.19263994608683108, 0.15430828280489736, 0.11751665098448073, 0.17323070970351573, 0.15448560283826315, 0.17651480771321446, 0.22384738032295545, 0.14850384143866122, 0.11770467105479669, 0.10383533415799923, 0.13306333389333663, 0.15193616683029285, 0.19308857485274522, 0.050651854482624846, 0.17653468447577356, 0.16365470260447612, 0.21185826336024186, 0.17927532130525908, 0.128988313690302, 0.18368461450601878, 0.14782371129152416, 0.19433488719238523, 0.08925290517261439, 0.14954121884000196, 0.09322586433305152, 0.13919694801821206, 0.1443959914962106, 0.15585170412956595, 0.09462576126693835, 0.09613463571732905, 0.18050709628354805, 0.14621387080536863, 0.14431921706834996, 0.11225817876758185, 0.1466039973080043, 0.1803976346482461, 0.12004707855540422, 0.16227148785503565, 0.1491726970083524, 0.14103736251391752, 0.2007169934331975, 0.18127437864384635, 0.1391888272976964, 0.136628260989703, 0.1485362343756174, 0.15944619470217947, 0.17655929241614537, 0.19598992198013748, 0.1342783064289041, 0.10876691553616265, 0.12078172516501878, 0.17692869226183666, 0.1839366867893676, 0.1363956522969221, 0.18357225864428453, 0.164149714724297, 0.10877342326619228, 0.1257492169921718, 0.17798062585061925, 0.17930627221745743, 0.14825683789304508, 0.10788739289985665, 0.14345922722466875, 0.09697688293879579, 0.17001689979158544, 0.149576284235048, 0.1177121447541629, 0.15134536896695336, 0.08467127415558817, 0.12274237298069218, 0.133669063845043, 0.1395941678943651, 0.12446091242610675, 0.17197314667331268, 0.10846652480484055, 0.1510388474196017, 0.13618769587450408, 0.21917453950505608, 0.1109841414114278, 0.13274418742803665, 0.151554104202706, 0.156128763926402, 0.1263259528049987, 0.13163525812167892, 0.15898701554557007, 0.1353627685283009, 0.16654233694906434, 0.16274366318562697, 0.16589773156535095, 0.14396877952519496, 0.12715221177543534, 0.178083547135562, 0.1289022730213845, 0.12327143162450147, 0.1104635570299162, 0.16556498003356185, 0.09106529468607037, 0.06711769360976905, 0.156034719989276, 0.07157047051194093, 0.15721302862532435, 0.1165407152104413, 0.1709533384196718, 0.15298481010408388, 0.14655687886616636, 0.0920313346392848, 0.12986840436291255, 0.1208219208762435, 0.12909577112238935, 0.16001116802968252, 0.16369437028826475, 0.14913346684518464, 0.12423727820104913, 0.1505045623449223, 0.203130564732854, 0.16398654003949925, 0.1531473776412618, 0.17135010717089807, 0.17772229289445374, 0.1520139384351511, 0.09496307370864235, 0.16770518654209482, 0.1058910710636066, 0.1975700493532476, 0.15696007160162795, 0.16339616187589281, 0.13803411764474202, 0.1545640031504505, 0.1462968197878758, 0.09367548777694558, 0.17165352024365135, 0.21006911078031656, 0.16369116984790388, 0.1312055501310532, 0.14049815542364777, 0.12961836942707, 0.18190439795183358, 0.14525592758203276, 0.1734641025866849, 0.13418079423579624, 0.1574106544074293, 0.1852935650916602, 0.1994225604670806, 0.14745675059108249, 0.19925954379685476, 0.151750734692937, 0.14175412432001322, 0.16418203543743587, 0.14000282581705345, 0.09731612210856225, 0.1324431871757964, 0.14022980054200854, 0.1897770660725306, 0.14213883469577324, 0.11906033646139731, 0.1491784940064546, 0.18289546793072523, 0.15415149395332312, 0.13317871831053874, 0.13470671698842548, 0.12963547354676896, 0.17764792111723576, 0.1019957120966165, 0.15107117480667365, 0.14299871692084978, 0.16725526909062524, 0.16465554163330345, 0.1586484999114363, 0.1518086134170739, 0.10968300614734068, 0.14896173501953308, 0.1757054380093012, 0.1834349606016393, 0.1616901674972626, 0.14663457938033206, 0.16549882789154396, 0.16487539475440063, 0.1139522900604949, 0.14635349049339264, 0.15594519588498432, 0.10760455499755414, 0.16816600138472443, 0.10685613962644039, 0.15322733177371936, 0.16803491605286297, 0.10684811154748566, 0.17063142378992024, 0.11613875287899375, 0.13958944899485176, 0.19527185684386691, 0.15207136640528457, 0.20017887891260638, 0.17331006748631272, 0.0832720632290606, 0.14829623138489123, 0.13316065238770391, 0.15265415067229798, 0.16765654459662344, 0.12557618966807638, 0.13011540823064383, 0.13114796926645755, 0.1585710007479794, 0.12600614466758525, 0.16380607905549904, 0.15834528901557204, 0.1887376362993207, 0.15957514326295372, 0.1236383107100486, 0.1682849410499079, 0.18068561731505417, 0.16945922643316702, 0.151156083974669, 0.14895271420594958, 0.15602699158766978, 0.11256891939328359, 0.1876791090461851, 0.16541441403096335, 0.13434196494032366, 0.13088858595331135, 0.13224804354427852, 0.11594031117531192, 0.10602544146945075, 0.1597686744256903, 0.08656137136023273, 0.17121345413171574, 0.14651703671115798, 0.14012942533898867, 0.11936136423741744, 0.1301442933539021, 0.17456755460901968, 0.10751043402420146, 0.14788773139319022, 0.11909290471501889, 0.12089341604016558, 0.12034407217270586, 0.1156776996825042, 0.12012816489906238, 0.19842171540061126, 0.16221321715288184, 0.12930243454153012, 0.11378962081538327, 0.11638724017356335, 0.19382414050307134, 0.1342791818453461, 0.1397573290404188, 0.1332126055501943, 0.11074063676214145, 0.14492640666474862, 0.12786351253305456, 0.17672829375902763, 0.15278814106628222, 0.09995034820380304, 0.13490976133739271, 0.15729874036973307, 0.11813513772638455, 0.20526414508991533, 0.09278059570421807, 0.16733719224260143, 0.15322538674096914, 0.1823238600154268, 0.1568010864246985, 0.12798281488618865, 0.16160779520367516, 0.15029835687986826, 0.1589226012794677, 0.13429575817196912, 0.12856984838347701, 0.16456165398307154, 0.08653919700228757, 0.14673712898401722, 0.13100002313768144, 0.15917329560751256, 0.17102768781028888, 0.09614832085317478, 0.1543508260229449, 0.13691878290622742, 0.16999479804693235, 0.13378326392227502, 0.1285989684869012, 0.15353996919300097, 0.18973334687244997, 0.12454884456110318, 0.14488544781063814, 0.19964838028486753, 0.10183546478199451, 0.17284758496599423, 0.1293884152764662, 0.14872546765180958, 0.15665218274366563, 0.20476143106703043, 0.19915528588080875, 0.12318567159193312, 0.1523717884210764, 0.15214467576175572, 0.20059610263232888, 0.12609395408839977, 0.1550343577105979, 0.11916267615088781, 0.128873531167609, 0.11406909958309504, 0.11405501244632615, 0.18317610349920613, 0.12534201298768555, 0.14987941466739305, 0.1492135770401408, 0.1416786177197352, 0.2025907647647463, 0.17507227491092103, 0.12141973581116379, 0.11842876168111408, 0.1255867861089481, 0.16533503528463406, 0.14562276753008216, 0.11717146163472111, 0.2046972134519208, 0.126836058666264, 0.16891070848821438, 0.1906595053595778, 0.13141437609491685, 0.11202973290445198, 0.16194396079110748, 0.1134209895296616, 0.11149813185711568, 0.1524602457175659, 0.09383982870771093, 0.12428847967774735, 0.17375222158602505, 0.1250307418149259, 0.16191997951382886, 0.14762249847144485, 0.12113091590021391, 0.12134306869345, 0.1548545179357647, 0.16782072870857012, 0.17104640744353028, 0.13276096908274118, 0.1743160548964734, 0.15565459777492402, 0.14482358146022978, 0.17881322541473998, 0.11746816564973704, 0.1341723061447609, 0.1196114120686152, 0.1779784250417368, 0.10051082442671905, 0.19359887806391618, 0.17586681425157802, 0.1539005731223387, 0.12519547070594364, 0.1607439496959711, 0.13891913642580167, 0.15218065658681934, 0.13108527513429757, 0.1427444450488561, 0.10435794641829622, 0.11706672034326676, 0.16042702490383104, 0.16048030958649961, 0.12898043295520553, 0.15738012385351322, 0.15959499231220706, 0.11850923009560368, 0.12365391699194231, 0.10824570996661657, 0.14969983099819223, 0.18791521438897466, 0.11887672818420614, 0.15928222530388303, 0.16905760176069223, 0.1521139904624012, 0.17587277849973051, 0.17511649221719708, 0.10134370793528645, 0.14323639501250515, 0.1583869704324556, 0.14673445877060964, 0.1254341179752822, 0.17166480581015378, 0.13074110031008881, 0.14311260622872982, 0.12862489010392358, 0.17692374748294926, 0.13576617596721477, 0.153016211003493, 0.11430907371243486, 0.12258978662074245, 0.12715535729990293, 0.15201390113345287, 0.11326903069114147, 0.15811587716573108, 0.11176728473679094, 0.1585892276182579, 0.09598035767683545, 0.17524483179118908, 0.14306244481522226, 0.13439537384412187, 0.1227285378069101, 0.12451230824271031, 0.18817327832177339, 0.18811783417969924, 0.14688079432664708, 0.11673348722213096, 0.21256088610732288, 0.1557442651873336, 0.131706457449593, 0.12803017922724974, 0.14852688965185795, 0.12086453671637018, 0.13190751339951132, 0.09875331504295558, 0.15181193281932584, 0.15938439818865602, 0.14906189798776934, 0.1373908453352092, 0.1753159314961546, 0.13973610698401243, 0.1421533944932394, 0.16453805635180221, 0.1695369520918187, 0.13838134618342857, 0.13211610853163827, 0.16653474088750136, 0.16817730254916025, 0.2115972507461482, 0.126110301181369, 0.12614281817509387, 0.16934324576436313, 0.16379455670478102, 0.1663631011957443, 0.14540263540653883, 0.10278469333699994, 0.16968098503021087, 0.175150961094009, 0.1313534486366454, 0.1815531024218423, 0.14565581053186394, 0.12580063155176735, 0.17545606499730348, 0.10293639885661636, 0.14394304413372885, 0.12461268103163654, 0.14346655308135514, 0.1914591498741567, 0.16770153995081344, 0.14612187717980862, 0.20415003919074037, 0.16845849042334113, 0.13721118333199078, 0.16064157861439407, 0.1994133506838436, 0.12102761243687914, 0.12381714428562399, 0.1633928088662436, 0.18957616376147318, 0.19898412093706322, 0.15028895825169183, 0.14894771890703049, 0.11230225721266883, 0.1272679334019136, 0.16033759427811597, 0.1627026938692258, 0.11625571615067022, 0.09683744295081437, 0.11531279560355925, 0.14133533895682796, 0.13597169781538113, 0.15687171774076436, 0.0927672270317762, 0.15393173563504345, 0.2036990489136066, 0.15774626212105186, 0.13421661062741594, 0.16223838514718683, 0.1363712924665329, 0.16573576182417277, 0.09151233858122414, 0.16900474656617137, 0.15369679516484466, 0.131634129714685, 0.16585951997167933, 0.11201778920901796, 0.15637433512966714, 0.1600935368152403, 0.17451479811116516, 0.13833335097698202, 0.18396764017079095, 0.12548718138041529, 0.18801535321378252, 0.10966339693282119, 0.16066990368362635, 0.17084704827273306, 0.09477009295723059, 0.15350830068690768, 0.10265915534716524, 0.08540741937297877, 0.10279704507983813, 0.16378127109711405, 0.1010916559782036, 0.14673525155996694, 0.1347843348725806, 0.16103515523324838, 0.14201623980362146, 0.1472517386809698, 0.13182234266503162, 0.11257393067101629, 0.18176975054726582, 0.16563865543529796, 0.160065646619002, 0.16731585098342394, 0.18071905076970443, 0.11379011113662088, 0.13190207215679434, 0.12841422456236717, 0.1402924431255281, 0.20357921058989462, 0.11557547100711069, 0.04720838445504446, 0.12668671781781551, 0.16274661557329953, 0.13717978106236034, 0.1812410073826333, 0.1385123981513738, 0.12358471925333245, 0.14744999875615597, 0.14209155491785017, 0.14576204979076413, 0.16858672627954924, 0.10542553832844163, 0.15519372765616588, 0.14343650219879137, 0.1968957677945532, 0.17438044406981246, 0.1706179804884354, 0.1485806453881193, 0.15278434536017121, 0.16574938900276567, 0.11131516318950978, 0.1272560269276001, 0.1177579228802122, 0.1370538971593734, 0.12404485654373017, 0.18835396290898762, 0.1076271269371855, 0.10163724736148362, 0.14923003867999093, 0.09724274832407075, 0.09723963514720374, 0.15715917144318647, 0.1848200453452134, 0.14830314349316803, 0.13338723409379102, 0.14684835042273045, 0.14052513422696072, 0.19815745298305149, 0.13860202592115714, 0.15443852658844442, 0.11953555686366758, 0.1763353366939652, 0.14980530070191983, 0.1514340479307671, 0.12163208925526597, 0.0926368416243533, 0.13540813310237831, 0.16512590436040078, 0.13733127589470592, 0.1745574867349537, 0.18578265126874324, 0.16573340354229277, 0.11958224759507881, 0.15388391372876142, 0.157158708216054, 0.1434140647769684, 0.12873161023083138, 0.1616544927711362, 0.14699788976864311, 0.09597076353119052, 0.18456262593216924, 0.14551480469114364, 0.13595376390083339, 0.13484499164272884, 0.15934869577234484, 0.1716865968579232, 0.11723390599555651, 0.1269979588130075, 0.13263204873628864, 0.16492178187698167, 0.17029112582404513, 0.18623580526029232, 0.16311334495364946, 0.1879055631907821, 0.17480783213638898, 0.11974459045154638, 0.0949933648295331, 0.17992446665295125, 0.12735357703988986, 0.10261848774294054, 0.09660640342578967, 0.07314428600084288, 0.12414907336581145, 0.1831244918576746, 0.1087832014105457, 0.14701901633207065, 0.13857918365853106, 0.12184710202647353, 0.17338651499231605, 0.16036571679612968, 0.12734644423990016, 0.14632932396025733, 0.19476390849564604, 0.11721042763990613, 0.1674583244226392, 0.1501618670929051, 0.13876256939823872, 0.16236582771965258, 0.10499013653282913, 0.13257175902646978, 0.10560044698510727, 0.13053936367878347, 0.12518058603832027, 0.15772930340387661, 0.1458574603971439, 0.14226943428318176, 0.2142949588744858, 0.1569503607459441, 0.11842012420722586, 0.12859832920724584, 0.09434828998729282, 0.1258626288095752, 0.1426782172219677, 0.1224796591973078, 0.18210588582219367, 0.1284470986786428, 0.16203937181716638, 0.13373896197024482, 0.15407479014850703, 0.14734656405717625, 0.15087855248029888, 0.14840113558831827, 0.10574861192568001, 0.14932114180018555, 0.1603214463823911, 0.1362108359874105, 0.14093865418528148, 0.07669474798768768, 0.16435599546439397, 0.16407955770643387, 0.09285208573048137, 0.15727451450558322, 0.1453372345838537, 0.13423388519231, 0.13211369413074836, 0.10678003840898312, 0.17827712710119642], "yearly": {"2019": {"rmse": 53.39797434758365, "r2": -0.05205997900788106, "spearman": 0.05640771203426996, "n": 610}, "2020": {"rmse": 53.74941404875824, "r2": -0.17647436488216628, "spearman": 0.06859815937444909, "n": 589}, "2021": {"rmse": 671.7194058412579, "r2": -176.58075877307508, "spearman": 0.09138536173538439, "n": 626}, "2022": {"rmse": 49.00337616322536, "r2": 0.017874409981207928, "spearman": 0.14607096450832024, "n": 630}, "2023": {"rmse": 57.901053498846046, "r2": -0.27150891630655827, "spearman": 0.1460304614833357, "n": 637}, "2024": {"rmse": 50.94200127248706, "r2": -1.0450854452440308, "spearman": 0.1207284590212802, "n": 1176}}, "lc_sizes": [162, 372, 581, 790, 1000, 1209, 1418, 1628], "lc_train": [[29.991074231169975, 23.9463917109524, 23.9463917109524], [23.24418678648223, 18.937081876319045, 18.937081876319045], [20.23605425853066, 17.97519859825838, 17.97519859825838], [18.827218306137564, 16.36491644515113, 16.36491644515113], [19.96768918939088, 17.63030220143631, 18.41506880844255], [21.96887218824796, 19.046763361959037, 20.390916245715417], [24.276851747230914, 22.184958551807203, 22.878059951874032], [25.993365515130524, 24.437535435682044, 23.630897274987284]], "lc_val": [[53.1776965180823, 59.980460543208714, 62.83024433935095], [51.83962849171506, 55.88547576747609, 60.70095010688301], [49.41411611630852, 54.14026496764635, 57.49121218047652], [50.27303246980109, 55.36255412383426, 56.56807411733927], [48.41168967198058, 55.34664301529135, 57.92660190471828], [47.72300259621355, 55.78808430005127, 58.3661774657463], [47.02653063838793, 54.95860701742708, 58.16069229515686], [46.95090878624888, 55.43218052465585, 57.529952348525654]], "shap_imp": [2.397196927909572, 1.5297866916399796, 4.310461747443592, 2.208158545085728, 2.039162142442482, 0.5677638912923478, 0.0, 2.792175820977329, 3.2650561237382827, 3.5191091570719566, 0.524988613317453, 0.26997971641920204, 0.06840660045640776, 1.4525547675412214, 0.6725379772110248, 0.0, 0.9995238175048062, 1.9582116299779886], "shap_vals": [[-0.8050117841977698, -1.545939658917844, 2.612622685078386, 0.8754573912405099, -1.7985057256886547, -0.23646045977832006, 0.0, -1.8461671294288944, -3.3006472096638055, -4.575954937423996, -0.06632860529835126, 0.22173289390421982, -0.04130771094136455, 0.18412158316925709, -0.9023614407951814, 0.0, 0.41685366013922653, -1.1249845959089007], [-0.1612774763887782, -1.6770830016982101, 2.6558273038889655, 0.6920335033249139, 1.5447136629948122, 0.08132465721893986, 0.0, -2.1196863990729846, -2.843821814420541, -4.621601896147533, 0.19651175302507573, 0.1487525577235112, -0.04130771094136455, 0.7568606246044459, -0.8550115594896742, 0.0, 0.41685366013922653, -1.0264308026356574], [-0.1612774763887782, -1.6720011010329894, 2.695451910504508, 0.6920335033249139, 1.4367768308889346, 0.08219712620230649, 0.0, -2.1196863990729846, -3.1731801519058997, -4.621601896147533, 0.19651175302507573, 0.1487525577235112, -0.04130771094136455, 0.7590001551847586, -0.8422037262431535, 0.0, 0.41685366013922653, -1.1063857735038674], [-0.32697718828451033, -1.7992505977261435, 2.74203472723482, 0.7061596600854299, 1.1442922226603287, 0.15692662809701866, 0.0, -1.938162645605505, 0.7477712954909594, -4.621601896147533, 0.2002068796973029, 0.1487525577235112, -0.04130771094136455, 0.7224009822890685, -0.8422037262431535, 0.0, 0.41685366013922653, -1.11453377851463], [-4.266862753289103, 0.896705898313059, -7.000670442947, -2.154134442967389, 3.8261053484400187, 2.9310580008986995, 0.0, -1.6906112848179002, -0.6368174387343726, -9.198839707632363, 0.7901847819872989, 0.15633942482657423, -0.04130771094136455, 0.8479473351833569, 0.01222150995807277, 0.0, 0.5372573898624945, 1.4539621954054063], [-0.04426545308006087, 10.372309908079375, -3.3450080627227483, 0.231120665231501, -4.163808677490789, -2.185702477996404, 0.0, -2.9811253147228105, 0.15739058806165152, -8.454484269062387, -0.13034395497586554, 0.22173289390421982, -0.04130771094136455, 0.1277992968034105, 1.3875405512824037, 0.0, 1.5082858998360666, -0.9136788678037933], [2.0457133833584553, -0.8318559702223566, -6.059580278907678, -2.228639608553299, -2.38459469931033, -0.18580308681275118, 0.0, -3.1212178551682266, -5.416752770946993, -9.230857061473232, 0.12952554325938814, 0.23620526866519373, -0.04130771094136455, 0.756097846441949, 0.00693315507818106, 0.0, 0.39588759166919557, -0.3168454504435664], [-0.557340005697067, 2.084683801107362, -5.359704394285217, -0.4084737158897258, -7.655625134177241, -3.7531443899253225, 0.0, -3.537955550625567, 0.254000621935022, -6.705845874364122, -0.5715903696634871, 0.22988002355586395, -0.04130771094136455, 1.422322640059432, 1.5319527685596899, 0.0, 1.3782794295317153, -1.3165681608218371], [0.7050556197220802, 1.555060744793623, -7.288045631792855, -2.107966694926782, 2.315519132634782, 0.2591199796111433, 0.0, -3.8443162986765373, 2.4040837002778868, -5.897375552378158, -1.0154094142149432, 0.22173289390421982, -0.04130771094136455, 1.0079152552471538, -1.280952249218583, 0.0, 1.4444319897369446, -1.8349639111564273], [-1.1766263829944517, -1.029414808934103, -4.959963504981321, -2.0166321220639785, -7.956562521108904, -4.206049868019942, 0.0, -2.896110366723867, -14.741355596875383, -4.76808362040493, -0.33828634710177746, 0.22173289390421982, -0.04130771094136455, 1.418020416739784, -0.1067358362992802, 0.0, 1.733950459978009, -1.5367157696081764], [-1.3236265373403076, 1.5590237490430203, -3.4319041898457066, -2.517497131916933, -0.4018749486161147, -0.03709831293794716, 0.0, -6.638976948452002, -2.327550457855226, -9.660065047436113, -0.4354905935065953, -0.11877679406900167, -0.04130771094136455, 0.9809866483815264, 0.8226063347624737, 0.0, 0.47711112240419357, 10.946882235553993], [2.663428595740603, 2.4095400531151516, -3.695697171951122, -10.538283880498668, 2.142141637783339, 0.038479480586191515, 0.0, -5.371024833217569, 1.941026304980906, -9.652653060822999, -0.33134639308203384, -0.11062966441735755, -0.04130771094136455, 0.5177500408748152, 0.6145073848099539, 0.0, 0.38725630300844605, 9.575549263077793], [2.3299166135662017, 8.178802637363765, -3.3867647813799726, 3.4915141580204385, -3.051203626568406, -2.165691721130278, 0.0, -5.895424504252441, 0.7239143832604162, -8.218294927163424, -0.3470268100465974, -0.11877679406900167, -0.04130771094136455, 0.9697796641663736, 1.7591605618729096, 0.0, 1.4087408536543955, 9.611107977438433], [0.8878142343929134, 0.06996700630372897, 3.2534050090280466, 2.0271378006253733, -5.809492789464304, -0.5815717322744557, 0.0, 7.958020123400516, -1.2859040052683985, -6.704254759438329, 0.20742492171079868, 0.11038777216154222, -0.04130771094136455, 0.670897112459678, -0.7938242653550382, 0.0, 0.5074883894540545, -1.3989049123970947], [0.9438880573697165, -0.38345744115380503, 0.5490882634946255, -3.4669678319075294, 1.288024775396548, 0.30749289420916637, 0.0, 8.316548644882062, 1.0614522193431237, -7.0849447179415055, 0.18135763651475612, 0.1022406425098981, -0.04130771094136455, 1.3132356058822363, -1.2122296739921978, 0.0, 0.4422615200683864, -1.2007746671436041], [-1.5063839614971748, -0.6491986405184457, 3.075634872294067, -3.0474598160096606, -2.983260364550282, -0.2783127008920446, 0.0, 7.380855047046257, -0.9350627905990828, -5.979807603578052, -0.19759718134952137, 0.1022406425098981, -0.04130771094136455, 0.48252629139789577, -0.9906895046790114, 0.0, 0.4422615200683864, -1.274535416228967], [-1.431234450651059, -2.5086780610822985, 2.5953208769832536, -1.6571114368377509, 0.848477167092289, 0.2357694986731831, 0.0, 7.690350759786583, 1.3558167329121082, -6.876238853580552, 0.0624380084715675, 0.1022406425098981, -0.04130771094136455, 1.195636439138818, -0.6877053350937595, 0.0, 0.4422615200683864, -1.657068936462858], [-0.5986149912951058, -0.7783549032379795, 2.339886325457961, -1.3011706584850573, -2.6900070333716957, -0.2532568673402078, 0.0, 4.476464411275595, -0.7353303456949442, -2.4871099793774096, -0.12274991874303622, -0.3923440863762654, 0.08278138903300587, 0.01570797215452511, 0.39087338196148097, 0.0, 0.4822272949818876, -1.1973421531610013], [-0.6696136383229461, -1.9443740644479992, 3.2272487198067488, 1.150265390031613, 1.4206910665020718, 0.3857542261540516, 0.0, 4.4797231968450975, -0.4610297131298805, -1.9224075056736938, 0.17018344995010515, -0.3923440863762654, 0.08278138903300587, 0.44791061702573093, 0.4562578622516198, 0.0, 0.4822272949818876, -1.525875816480352], [-2.7668379385596396, -1.918477440293049, 3.2251222728705926, 1.417734371669311, -0.10538498190398952, 0.055539743477415, 0.0, 4.048541585456564, 0.115860873488202, -1.7197309926378128, 0.07286670454197353, -0.41821672783756764, 0.08278138903300587, 0.4440203476173585, 0.4662831868976888, 0.0, 0.4822272949818876, -1.8153883093607162], [-1.0603372470460044, -0.9111881922128267, 3.182694082957899, 1.5617365924260695, -3.5870678782833854, -0.4543626092152932, 0.0, 4.050019455286809, -1.3104519721211643, -1.8767605469501567, -0.04877959751393891, -0.41821672783756764, 0.08278138903300587, 0.012501713295462492, 0.42583037995235945, 0.0, 0.4822272949818876, -1.63637368083716], [0.4799359499136615, -0.9211892205193991, 5.243097207647074, -2.5572214710696675, 2.244678694005706, 0.34347400016235446, 0.0, 4.343309329602985, 17.4348558345392, -3.823745017507506, 0.07897235862192559, -0.41821672783756764, 0.07332959714477781, -3.3970163659458956, 1.8970175573422914, 0.0, -1.3521227318446971, -1.5754459902381734], [0.4255024838143321, -0.6389577306377393, 4.722123399681248, -5.2771786455787995, -2.329878518601874, -0.7865675942555963, 0.0, -1.3894830590924414, -0.8055960755956891, -4.817377238856719, 0.145694750632035, -0.25298779625596135, 0.07332959714477781, -4.047428721891213, 0.6241821478655085, 0.0, -1.6626729698735585, -2.0243872890074743], [-0.7926619890929634, -1.372865335036825, 4.7533491590161026, -5.615888449709535, 1.559776549892599, 0.18289563186717248, 0.0, -1.1041250863380265, -3.339498162294944, -4.889553618231359, 0.2060363456815425, -0.43250738312005876, 0.07332959714477781, -4.3112310723736655, 0.6388700300289498, 0.0, -1.411946445972885, -1.8747870642449123], [-2.3992913715103232, 0.4413149992984204, 5.515533101341474, -4.52511045645035, 1.511539128671707, 3.0662313260842664, 0.0, 3.659702822529161, 1.6649928942009, -2.107533056283161, 1.0031077510955473, -0.6580955119481222, 0.07332959714477781, -2.2967131550743844, -0.39792911268133074, 0.0, -2.1653090084080566, -2.081505629784709], [-0.7950004635005632, -0.9100959874142319, 3.4872005096454597, 0.7035579472549256, -2.9960498512067586, -0.4353731233921826, 0.0, 3.5515248278209905, -2.600992130691026, -2.775926911724711, -0.18277456530113345, 0.11038777216154222, -0.04130771094136455, 0.09197515591816756, 0.4602938789623832, 0.0, 0.4822272949818876, 0.6047436063505421], [-0.5558703029754828, -1.8418316680359783, 3.533345721037967, 1.2223891433498404, 1.2098204048922534, 0.2812959427592993, 0.0, 5.203853596604752, 0.46078557496344363, -2.7277210807149945, 0.042564322885780256, 0.1022406425098981, -0.04130771094136455, 0.6568250253110265, 0.5204515935144111, 0.0, 0.41685366013922653, 0.05645038198005711], [-2.432764903668208, -1.8972268747822953, 3.5090711704487205, 1.4550149469642955, -0.34043934863481096, -0.015135076190776777, 0.0, 3.974833973022685, -1.1055632029957043, -2.6188973574123664, 0.10175118096798369, 0.1859240701367807, -0.04130771094136455, 0.5234937902400634, 0.34711489627747005, 0.0, 0.4822272949818876, 0.5609040970403655], [-2.4538639512872846, -0.8884090171630997, 3.592694106949848, 1.4724365359759168, 1.4728862937979448, 0.14492748179157866, 0.0, 3.753740869139537, 1.2319487825491546, -2.6297892200473956, -0.10151185542152566, 0.11038777216154222, -0.04130771094136455, 0.551076300174539, 0.4004527993259025, 0.0, 0.463841222145202, 0.6138797086461543], [-0.8443699337872816, -2.0389665339388094, 3.622522629994601, -1.487715636920581, 1.2909500444986242, 0.19913030805245174, 0.0, 4.565738850388703, -1.3047204582571523, -6.358136806280612, -0.3275099185352581, 0.11038777216154222, -0.04130771094136455, 0.858922117667907, -0.7573976425584025, 0.0, 0.4422615200683864, -1.8737322894644939], [2.0453115636826413, -3.0480081019293137, 4.231794072366524, 2.716479809115462, 6.481507011043966, 3.5487557399404808, 0.0, 7.393382057358732, 6.131558150619099, -7.132710144169623, -1.0015272272290188, 0.1859240701367807, -0.04130771094136455, 1.4018165288213462, -0.518819305633899, 0.0, 0.46523657028138926, -3.7075353704392797], [-0.9293487575492511, -0.6364200625301909, 3.697518298879263, 0.16952012849611678, -2.963954937456706, -0.48725654604590546, 0.0, 7.427182557973204, 0.555394989462857, -7.763331939525938, -0.6815322304493145, 0.11038777216154222, -0.04130771094136455, 0.5061269803305296, -1.287970559654845, 0.0, 0.42387544723170084, -1.849763282969176], [2.418999907557711, -2.4271579515934376, 1.794367500131546, 1.7625090381266386, 0.5379457901189372, 0.34456448733381245, 0.0, -2.6306808192213094, 0.8260708717107077, -4.773131846196103, 0.2511665120801093, 0.1487525577235112, -0.04130771094136455, 0.6926803271881794, 0.31138216793409373, 0.0, 0.4227639201031839, 1.702840613234291], [2.1968760019396676, -1.2082047246272851, 2.523473718773015, -3.8613617582348736, 0.43317667778535845, 0.21851739206303353, 0.0, -1.9098736555096592, -1.1568476816468845, -4.791155108185391, 0.2511665120801093, 0.15689968737515533, -0.04130771094136455, 0.8332385600754824, 0.31138216793409373, 0.0, 0.4227639201031839, 1.3771746784167502], [2.083777529075588, -2.1404765997732724, 1.8202513687436992, 1.232315101433907, 0.2760501766585887, 0.21851739206303353, 0.0, -2.5118939880044926, -1.6408839787318927, -4.791155108185391, 0.2511665120801093, 0.15689968737515533, -0.04130771094136455, 0.969249987504199, 0.31138216793409373, 0.0, 0.4227639201031839, 1.9572058479105239], [3.0657759748465825, -1.9868093288341797, 1.738469783864205, 1.7920839980086858, 0.243726630439845, 0.10463359710933706, 0.0, -2.868535850042285, -4.539282178907092, -4.727484887472565, -0.11002432667540611, 0.1487525577235112, -0.04130771094136455, 0.5729176936537111, 0.25122445338206584, 0.0, 0.4227639201031839, 1.690711305513862], [3.293805945232611, 0.2994208784397275, 2.9339909401744233, 2.139937643953885, 0.062319551970864834, 0.2335703395919794, 0.0, -0.7715742202882931, 0.4421224853388253, -3.7937409682040033, -0.33729647031158894, -0.5170565164903242, 0.07332959714477781, -4.4874367444230945, 0.3833862563936396, 0.0, 0.4227639201031839, -1.791852288510931], [3.208464533142503, 0.1485636960461798, 3.3727199926953286, -3.4448883143950435, 0.06462062241814591, 0.161788580322821, 0.0, -1.067098213397671, -0.738520471391656, -3.7702989237966293, -0.34231853728109557, -0.5429291579516266, 0.07332959714477781, -4.083192884899729, 0.3924380292210381, 0.0, 0.4227639201031839, -1.9165372527149676], [3.28331059952917, 0.25112871854186297, 3.63078830626106, -3.8645777454338175, 0.012450091061348988, 0.08403602621088016, 0.0, -1.1636218648842014, -0.7797048616138922, -3.7937409682040033, -0.44732520153547417, -0.5429291579516266, 0.07332959714477781, -4.193456152662772, 0.44036966071780437, 0.0, 0.4227639201031839, -2.1924714004545804], [3.2535591822492957, 0.25112871854186297, 3.3727199926953286, -3.8645777454338175, 0.1573486491387658, 0.161788580322821, 0.0, -1.2254657889997633, -0.738520471391656, -3.7702989237966293, -0.44732520153547417, -0.5429291579516266, 0.07332959714477781, -4.083192884899729, 0.35232128107479455, 0.0, 0.4227639201031839, -2.1523001804324124], [-1.3868319054453455, -2.3144601783554704, 3.8537491089509808, -5.314231368033658, -2.8034549847518417, 0.016236587487684702, 0.0, -2.1484294304370954, 0.44758446589921963, -3.891203319093693, -0.17309202644954796, -0.27307472329234644, 0.08278138903300587, 0.36124858986067027, -0.666043869037502, 0.0, 0.4211050906570457, -2.262379743993039], [-0.4813599700113956, -1.5382083601185763, 3.868700599699395, 1.5400067386266425, -0.7338716209360602, 0.08351771372668512, 0.0, -1.4545216231927933, 1.1577615516131374, -3.6701470311774314, -0.29893342807748213, -0.492866580366516, 0.08278138903300587, 0.29169000425347574, -0.28587229042508056, 0.0, 0.4211050906570457, -1.8199542644688678], [2.1530204576177225, -1.296467863288152, 3.75888567002203, -5.461366775869092, -2.872185867123494, -0.46690806156134707, 0.0, -0.92241683493379, -0.2855854910075737, -3.587414946001135, -0.3308430853586594, -0.458380024581361, 0.08278138903300587, 0.06072083140658117, -1.0942476729771873, 0.0, 0.4211050906570457, -2.303288504483507], [-0.8763860426766992, -0.7469260622847024, 4.864120426354979, 1.2728797296875305, 7.163239251827724, 5.391691715312812, 0.0, 4.15947593173314, 18.332650293319695, -2.9956630856729634, 0.5900061210446041, -0.6580955119481222, 0.08278138903300587, 0.3256882705013259, -0.5507023761152664, 0.0, 0.5202005816244876, -3.5352531319903817], [-0.22810025355288352, 0.45028526293310805, 2.4755242555828425, 1.6911806165336278, 0.780410799461166, 0.14544836386748694, 0.0, -3.358168562494225, -6.380028976112947, -3.2171538580016077, -1.3665107759208113, 0.11183877669865952, -0.04130771094136455, -2.808723064696889, 1.1283677037691031, 0.0, 0.3985410437486745, -0.6632517557617545], [-1.3013260185506077, 0.6920281312499875, 2.2823016856386196, 2.793270338386426, 1.608963127583648, 0.22967819681963475, 0.0, 8.170161747254717, -2.0199388163855896, -0.511101521071556, -1.332493281465012, 0.17873208929951123, -0.04130771094136455, -2.5685489082561404, 1.1260420447558541, 0.0, 0.4593555931824899, -0.4346229887091822], [-0.04509258648355331, -0.05732302344078995, 5.933208102819506, 5.602611736161963, -0.35331908957944924, -0.08928599152249247, 0.0, 7.129153186484937, -4.373851038524891, -0.4707907598743225, -1.3466219302710483, 0.10319579132427276, -0.04130771094136455, 0.6134044845277736, -0.7482791733984949, 0.0, 0.39229949289275695, -0.12422794144886404], [-1.6451404123842124, -0.42013284501763515, 3.7286233377171523, 2.172341519146356, -0.8519061949262914, -0.5040882172131217, 0.0, 5.3676115680176615, 1.7730027788743248, -1.4047752292952818, -0.8241626394330934, 0.11038777216154222, -0.04130771094136455, 2.5927469228667355, -0.7853239424932658, 0.0, 0.4680926526630212, -0.841038429218006], [-0.03447741977409703, -2.6134898088188767, 0.8975803496261401, 1.0303404495157011, 0.18229335301553853, 0.2411450789287, 0.0, -5.990707007218532, -1.6830733299297365, -5.7958792453260966, -0.7823767304291253, 0.1487525577235112, -0.04130771094136455, 0.8276703980488191, 0.5722972484533733, 0.0, 0.4524203693529608, 5.787658290579162], [-0.08638332289286768, -1.0909677492698813, 0.9483300937867163, 1.2312761472958036, -0.04937502217481292, 0.21530082901489142, 0.0, -6.132875545181817, -1.194232346682135, -5.7958792453260966, -0.9488609609234007, 0.15689968737515533, -0.04130771094136455, 0.8206781447442603, 0.5722972484533733, 0.0, 0.4524203693529608, 6.656639333964296], [-0.04497276547753834, -1.0247067683221567, 0.8863869037130849, 1.2312761472958036, -0.055769779301132444, 0.11670709201323926, 0.0, -5.725789737826375, 0.041405955453100975, -5.7958792453260966, -0.9405243297540196, 0.15689968737515533, -0.04130771094136455, 0.8331920707574768, 0.629280652777538, 0.0, 0.4524203693529608, 6.0801265059615694], [0.8134090412404327, 0.4883121920029269, 0.7838466130294113, 1.3490257685968514, -1.036472121097368, -0.022241466817033016, 0.0, -5.997848022716409, 1.5042446147965016, -5.787076957938502, -0.9694691838841467, 0.1487525577235112, -0.04130771094136455, 0.4784708011847187, 0.5121395339013454, 0.0, 0.4524203693529608, 6.2499290924000395], [-9.157778644135568, 0.47841198286278547, -34.15509109757418, 3.4219456890211806, 0.9535562080436359, 0.32543688372096913, 0.0, 11.672370985586282, -4.964219292215602, -8.80013567471344, -2.171660666439499, 0.1022406425098981, -0.04130771094136455, 1.991686104145509, -1.2808931037056852, 0.0, -4.2725099199035235, -2.223482829483554], [-1.684542332462192, -0.6877940729397706, 3.4250836992911617, -2.830602018824261, -3.053272534065808, -0.1405219493759081, 0.0, 7.436762317692134, -2.2124803457757527, -7.054829057688443, 0.24580757501458228, -0.3519457123948694, 0.08278138903300587, 0.4822948055892962, 0.13365023050639416, 0.0, 0.4579265642082799, -1.2100194313066697], [-1.248130751261269, -2.4425350201051743, 2.8909337127889883, -2.4801755209523435, 1.4949949056545548, 0.5951528033004674, 0.0, 7.627465049209631, -2.342781918741237, -6.741401225174204, 0.3465517752840828, -0.3519457123948694, 0.08278138903300587, 0.9446523936333795, 0.13695856180495564, 0.0, 0.4579265642082799, -1.4101406140457062], [-0.9740366678973897, -0.2805124250618105, 3.53489419281614, -2.916218026983364, 1.6666148502045288, 0.6658058199064938, 0.0, 9.691351169421425, 0.45553332636502714, -7.41865025030911, 0.3335616556907885, -0.3600928420465135, 0.08278138903300587, 1.105494859834074, 0.10305644087169605, 0.0, 0.4579265642082799, -1.1782263162822655], [-1.514943336617475, -0.8912279492154117, 2.778412390149574, 2.8876531824919565, 1.5007186502850645, 0.4661353071770109, 0.0, 6.976056642406968, -1.9053008968014444, -6.748634943566446, 0.3418982868601695, -0.3519457123948694, 0.08278138903300587, 1.6482873359049275, 0.23586267917836995, 0.0, 0.4579265642082799, -1.1059105533645794], [-0.4094132781338511, -0.46858542211797183, 5.106785949363919, -2.060276673808807, 5.147224827463751, 3.309549530428432, 0.0, 6.577885376062897, 7.301119955181153, -6.848831317174208, 1.8020703990410258, 0.1859240701367807, -0.04130771094136455, 0.9415797261022549, 0.38278688186165627, 0.0, 0.4809016144212826, -3.6585902103750962], [-0.5750163788328133, -2.24964301576011, 4.663389578368292, 1.8151281629631264, 0.8179344270700818, 0.17277479180814462, 0.0, 0.7217004240688872, 15.111451717338989, -7.925319690017474, 1.334411504099546, 0.11038777216154222, -0.04130771094136455, 0.6845847915747686, 1.7465900873459916, 0.0, 0.45543992413913753, -1.8334621133791735], [4.2366825957530505, -2.0957268433484564, 6.421776598025352, 2.957988623035634, 6.245783127461217, 2.803640758409779, 0.0, 10.897725844779329, 18.04045830550567, -9.543612371484343, 2.4299768417888563, 0.1859240701367807, -0.04130771094136455, 1.1587719756172816, 1.3102904969280686, 0.0, 0.40243250845039186, -2.5129711423488668], [1.4735512557239736, -0.1362492297362998, 3.0183631024048783, -1.6891378104010562, 0.16270923661540504, 0.4822655863689403, 0.0, 6.38314769738615, 0.4956743276747129, -2.7872806989545813, 3.602760580511978, 0.1022406425098981, -0.04130771094136455, 3.3276943659913787, 0.7943435971663465, 0.0, 0.5398024925447148, -1.496206554049935], [-9.551571501657072, 1.4750532975569737, -26.102426791356322, 4.726863124610447, -1.1636655720051936, -0.12042429191564821, 0.0, -1.4707986052474686, -2.8067281138159434, -8.598613709051406, 0.4930089056165092, 0.1022406425098981, -0.5664303080048112, 0.6970089584132033, 0.553488416895656, 0.0, 1.757022018910783, -0.9039960014688156], [-0.4294755515537481, 0.6443362671600041, 3.330383416363938, -2.432312544442901, 1.3467203861923556, 0.0019705612850054446, 0.0, -1.4630635448317837, -1.3307519633046374, -8.317961954068847, -0.6874785246282581, 0.22988002355586395, -0.037512673289272984, -5.938018573394495, -1.5377289690459603, 0.0, -1.3795789995817982, -1.7830542084444383], [1.096567237878509, 0.009289537315014872, 3.7487463259347096, -1.2955858980167476, 0.7390952083057719, 0.1585075599306931, 0.0, -0.7484603118721096, 4.335538343452194, -8.312012117616135, -0.7824944964602394, 0.22988002355586395, -0.037512673289272984, -4.945545674632704, -1.7716178829812737, 0.0, -1.3011250757064585, -1.723382415862258], [-0.28763994422680866, 0.1710212907703407, 3.2237667736269873, -1.925116023769352, 1.3037427382392652, -0.08182483352812733, 0.0, -1.410345675402359, -0.2721534152114814, -8.356436432234895, -0.6257767206948334, 0.22988002355586395, -0.037512673289272984, -5.647964814106377, -1.4807455647217957, 0.0, -1.3795789995817982, -1.8429538413685056], [1.3773648010128736, 0.027586187837102604, 3.562703666741699, -1.3225277916246347, 1.2602401995002268, 0.2705523287073197, 0.0, -1.3481060499107542, 4.837090208026741, -8.33299438782752, -0.6796833496290533, 0.30541632153110243, -0.037512673289272984, -4.945545674632704, -1.3507059390931484, 0.0, -1.3011250757064585, -1.6891745666450733], [-1.0187986596332754, -1.1271270261740356, 3.0197466895696263, 0.4794776741831837, 1.0025524666130352, 0.15349258428039075, 0.0, -5.76064549670358, -2.5633786756426424, -5.07202631310492, -1.1908980776182707, 0.22173289390421982, -0.04130771094136455, 0.7705580739085159, 0.07623499210722795, 0.0, -1.422768269109152, -1.5549217056310076], [-0.8159099292937342, -1.2626596481122971, 3.1889790016840367, 0.6259324033846823, 1.808538975747691, 0.47186165137734254, 0.0, -4.095100686481678, -2.357319772017998, -4.914767417179091, -0.5701840765001814, 0.22173289390421982, -0.04130771094136455, -1.1221786873248651, 0.13639270665925576, 0.0, -1.422768269109152, -1.6058118903200151], [-1.0864779062727268, -1.0798397335092602, 3.0665316680169905, 0.6107511057714827, -0.7156280825943635, 0.24574990184095988, 0.0, -7.051350291134898, 0.32000790766803733, -5.080828600492515, -1.0052872287717975, 0.22988002355586395, -0.04130771094136455, -1.3725041883526703, 0.12582237431951251, 0.0, -1.422768269109152, -2.145887315881756], [-0.6051302808942433, 0.27498942456205433, 5.140234314639368, 1.5476735293776522, 0.14181303624291502, -0.09528764600739813, 0.0, -4.177246642719059, -5.347745084694443, -7.406572188454679, -1.723193388022494, 0.27782966955576066, -0.04130771094136455, -3.0923867852928733, -0.9574991406976666, 0.0, -1.2781950811741454, -1.833783509632481], [1.8814961845431803, -1.1628638014030181, 4.277654776309615, 1.4388426185451442, 2.035220320414806, 0.5032466108455873, 0.0, -2.2850087017557175, -0.49875195232827113, -4.503913888266819, 0.18018578874466226, 0.22988002355586395, -0.04130771094136455, 0.5887801009030387, 0.433852240099944, 0.0, -1.4299051802955045, -1.6410118094461361], [-1.760086808653793, -2.759840977350025, 2.0797163173482707, 0.8941886447296887, -14.516072407649265, -5.232726546459785, 0.0, -4.044417314180977, -1.408980401616656, -4.302186371650935, -0.46200041905920436, 0.22173289390421982, -0.04130771094136455, 0.3031865934610671, -1.722245727185688, 0.0, -4.857786507212578, -1.4729651644163442], [1.6710324842433524, 0.07129924023594117, 4.973696817954576, 0.8847301414904674, -3.743460668297574, -0.8902678047705797, 0.0, -4.023104682367172, -0.39220932586163576, -4.379112174653451, -1.5675483626134228, 0.23620526866519373, -0.04130771094136455, 1.2264334448838434, -0.5050932557581566, 0.0, -2.0808683324019066, -1.8447325161528674], [-0.552073414874548, -1.1555456442291674, 4.031125095199661, 1.4278746453716318, 0.8591252020860499, -0.41366656839830207, 0.0, -2.143619066832514, 1.5471901462024162, -8.615853318611268, -0.03494335274033521, 0.30541632153110243, -0.04130771094136455, 0.6070662842959239, 0.2079537691270103, 0.0, -1.4299051802955045, -1.6813365597273522], [-0.6221338272129765, -0.870935325463791, 4.6384438243146695, -1.289184736363127, 1.856126169473316, 0.29329239990219585, 0.0, -1.7407443198710013, 2.990751705276109, -7.880058971744376, 0.44312162832563184, 0.22988002355586395, -0.04130771094136455, 0.5820787508679114, -0.4682185066839538, 0.0, -1.3427201905643187, -1.6564291705665097], [-0.19082699715629936, -0.8530276031239405, 4.466031094695946, -1.4650239868726551, 1.3083659619480297, 0.17785376856927945, 0.0, -1.6443817056762378, 3.8574944535791245, -7.880058971744376, 0.4921366974346224, 0.22988002355586395, -0.04130771094136455, 0.661454087064563, -0.6023020199785524, 0.0, -1.3427201905643187, -2.0185988401428565], [-0.861589471899144, -2.1099383936473197, 3.7123934829859806, -1.5103377742302424, -2.4391880119368845, -0.2645717577579107, 0.0, -2.0615957097101294, -1.781285738722621, -7.775314893132181, 0.16949095799740208, 0.22988002355586395, -0.04130771094136455, 0.457592818555034, -0.7580004344153481, 0.0, -1.4211741144396584, -1.6685676027414305], [0.3583204920736498, -1.0442438995741545, 4.2807353305591525, -1.497379550258441, 5.588683723551489, 1.270690711685172, 0.0, -1.6591480321338241, 6.907471702942014, -7.233464473183328, 0.5794257915712043, 0.30541632153110243, -0.04130771094136455, 0.661454087064563, -0.1396998841254865, 0.0, -1.3427201905643187, -2.0185988401428565], [0.2566065146642754, 2.5421759276451974, -14.51942196088102, -9.062512476392977, 11.508230335006523, 1.1382034762167772, 0.0, 2.165777160424526, 7.7172065858968875, -3.0960051535906428, 1.4991145759824105, 0.22173289390421982, -0.04130771094136455, 1.4618119230038256, -0.7674417249611546, 0.0, 4.900031905969835, 0.35914455102982995], [1.8689086277951616, -1.5314964575566936, 4.653499889290712, 1.823381188953048, 0.5504580569372092, 0.10321950760839174, 0.0, -0.4915017481320058, -0.9339630282892998, 2.958295861479318, 0.25236296448676715, 0.22988002355586395, -0.04130771094136455, 0.5040054341369207, -0.7039753677727962, 0.0, 0.4122945747303809, -1.4792145701853958]], "X_shap": [[0.5020202665882071, 0.3852023420167802, 0.34022284293445726, 0.18574195129971643, 0.591444852553128, 0.5254799700092315, 0.0, 6.5536330597953985, 0.401376647199455, -0.8043478260869565, -0.6, 0.0, 0.0, 0.3112035873888728, 6.372950830231543, 0.0, 0.0, 0.0], [0.5577031822259342, 0.5232962017074078, 0.4256141239640373, 0.9382888587603112, 0.10928168929476012, 0.11059577128812535, 0.0, 6.432443478522012, 0.7168943258429106, -0.8043478260869565, -0.6, 0.0, 0.0, 0.3112035873888728, 6.372950830231543, 0.0, 0.0, 0.0], [0.5925832032909182, 0.5772274584211153, 0.5229276036166602, 0.9012968688773667, 0.010805405201431603, 0.011272718006848464, 0.0, 6.171586771906826, 0.43767944822287946, -0.8043478260869565, -0.6, 0.0, 0.0, 0.3112035873888728, 6.372950830231543, 0.0, 0.0, 0.0], [0.6015887855575732, 0.6110102327009999, 0.5917659288761987, 0.4131015616019667, -0.10366324352395054, -0.11226432994748171, 0.0, 5.755193503504952, 0.04275434026649474, -0.8043478260869565, -0.6, 0.0, 0.0, 0.3112035873888728, 6.372950830231543, 0.0, 0.0, 0.0], [-0.9158707339405489, -0.5194617484832883, -0.7650236161211211, -0.16480377931213827, -1.0402082531935162, -1.7846307478515446, 0.0, -0.12496932627941651, -0.10106958346816557, -0.8043478260869565, -0.3, 0.0, 0.0, -0.20467396394820364, 0.18043900268013552, 0.0, 0.0, -0.08333333333333333], [-0.36395466067856735, -1.1957913704050442, -0.7500950372695047, -0.16763836011666122, 18.439886683895057, 4.184521105678199, 0.0, 0.16298391082152, 0.3675593561671405, -0.8043478260869565, -0.3, 0.0, 0.0, -0.20467396394820364, 0.18043900268013552, 0.0, 0.0, -0.08333333333333333], [-0.49430034088170954, -0.3154371076959479, -0.5993278402006151, -0.07480821640236143, -0.5918817340291981, -0.7775953955188591, 0.0, 0.013062503002414011, 1.089178909610645, -0.8043478260869565, -0.3, 0.0, 0.0, -0.20467396394820364, 0.18043900268013552, 0.0, 0.0, -0.08333333333333333], [-0.6102316413403911, -1.0666229325505678, -0.8627852799437198, -0.17461221621049217, 5.075132509325997, 2.371921303582832, 0.0, -0.011069486615554023, -0.14585394706459184, -0.8043478260869565, 0.3, 0.0, 0.0, 0.846435843974435, 5.247506434150525, 0.0, 0.0, -0.020833333333333332], [-0.5290783655021168, -0.5539667700642489, -0.8405616439835978, -0.16652836616759614, 0.2382410319999524, 0.2322044453502722, 0.0, 0.011171883543085489, 4.332462752121676, -0.8043478260869565, 0.3, 0.0, 0.0, 0.846435843974435, 5.247506434150525, 0.0, 0.0, -0.020833333333333332], [-0.15988402777350286, -0.47536639322933083, -0.6154801613078246, -0.15907404708926787, 2.604221686873775, 1.607452622968112, 0.0, 0.4210127997240119, 3.888251447796956, -0.8043478260869565, 0.3, 0.0, 0.0, 0.846435843974435, 5.247506434150525, 0.0, 0.0, -0.020833333333333332], [-0.8049375480903583, -0.8628612014205816, -0.7749978881771717, -0.16693932490046992, 0.4792146427375611, 0.43783417532380636, 0.0, -0.08292116724454911, 2.0624368989742514, -0.8043478260869565, 0.7, 0.0, 0.0, -0.7335488086505132, 0.0, 0.0, 0.0, -0.4270833333333333], [-0.7269893924708924, -0.7425476681789498, -0.683198559650656, -0.19372860006729664, 0.22148463441852045, 0.2169023057387449, 0.0, -0.07563142563502621, -0.5471901917748572, -0.8043478260869565, 0.7, 0.0, 0.0, -0.7335488086505132, 0.0, 0.0, 0.0, -0.4270833333333333], [-0.6538708490894916, -1.2918053148104225, -0.8115059076583833, -0.19956656073759144, 9.929208588720977, 3.273634759260507, 0.0, -0.07914828228054707, 0.1890007789141495, -0.8043478260869565, 0.7, 0.0, 0.0, -0.7335488086505132, 0.0, 0.0, 0.0, -0.4270833333333333], [-0.2566276165929523, -0.4269019516583343, -0.19466182706196114, 0.10028422847622519, 1.1554921976824606, 0.9066431538363903, 0.0, -0.2287781621733895, -0.7058088430773813, -0.7608695652173914, -0.6, 0.0, 0.0, 0.3112035873888728, 6.372950830231543, 0.0, 0.0, 0.0], [-0.2667763421323773, -0.21148633032352596, -0.30546405395981613, -0.13699917902848227, -0.18303155388453646, -0.20371627480445187, 0.0, -0.22825111265859724, 0.08428620481741578, -0.7608695652173914, -0.6, 0.0, 0.0, 0.3112035873888728, 6.372950830231543, 0.0, 0.0, 0.0], [-0.09217867035742258, -0.22131579984959457, -0.2660121220770338, -0.12439352733082418, 0.8021008910849442, 0.6783527330892174, 0.0, -0.22367250306822486, 0.9600726093254882, -0.7608695652173914, -0.6, 0.0, 0.0, 0.3112035873888728, 6.372950830231543, 0.0, 0.0, 0.0], [-0.1726125032646725, -0.05221057699501227, -0.14355017109243115, -0.07783234880527531, -0.43921615021702753, -0.5392914518970388, 0.0, -0.22908635239623185, 0.0, -0.7608695652173914, -0.6, 0.0, 0.0, 0.3112035873888728, 6.372950830231543, 0.0, 0.0, 0.0], [0.3885982968915415, 0.2967621169721019, 0.2952780786842657, -0.16083127733692454, 0.4570023678540551, 0.41991975831743555, 0.0, -0.19106815306086197, 0.17647300924930606, -0.7608695652173914, -0.5, -1.7499999999999998, 2.0, 0.1995905004762931, -0.025652271320634856, 0.0, 0.0, 1.0416666666666667], [0.37112443031840975, 0.4134422313355552, 0.34911532687274666, 0.3389164181369329, -0.21223633002072004, -0.23868999260333734, 0.0, -0.18864679962367828, 0.1241421475967643, -0.7608695652173914, -0.5, -1.7499999999999998, 2.0, 0.1995905004762931, -0.025652271320634856, 0.0, 0.0, 1.0416666666666667], [0.26389991025219484, 0.39651805318964384, 0.38913034689776543, 0.2480070081660876, -0.523904983881214, -0.6672029349574847, 0.0, -0.20202194952055547, -0.23075698553386498, -0.7608695652173914, -0.5, -1.7499999999999998, 2.0, 0.1995905004762931, -0.025652271320634856, 0.0, 0.0, 1.0416666666666667], [0.4276169405625133, 0.29266657466223145, 0.38803225063352265, 0.26360882856121365, 0.7283075348031951, 0.6264027915247228, 0.0, -0.19828522358650622, -0.12012708176398285, -0.7608695652173914, -0.5, -1.7499999999999998, 2.0, 0.1995905004762931, -0.025652271320634856, 0.0, 0.0, 1.0416666666666667], [0.310163148430598, 0.33818464578381247, 0.6116563973469302, 2.2640034076572, -0.14456871144955324, -0.1587621446838999, 0.0, -0.20014196182120358, -0.9334283214033094, -0.7608695652173914, -0.4, -1.7499999999999998, 3.2, -1.8144134498874354, -2.1421365313905, 0.0, -35.0, 1.3958333333333333], [0.6650786734637654, 0.33747447572185896, 0.5136138937693135, 2.3967768521504396, 2.434668092742221, 1.5392765887373026, 0.0, -0.1253351353363763, -0.2239100807560053, -0.7608695652173914, -0.4, -1.7499999999999998, 3.2, -1.8144134498874354, -2.1421365313905, 0.0, -35.0, 1.3958333333333333], [0.6869767030205964, 0.6812251589076253, 0.5127539937032984, 2.3789088426334284, -0.047701720200149754, -0.05070957178300613, 0.0, -0.12085701718304137, 0.9208463403585676, -0.7608695652173914, -0.4, -1.7499999999999998, 3.2, -1.8144134498874354, -2.1421365313905, 0.0, -35.0, 1.3958333333333333], [0.2601078416699511, 0.7024343258491934, 0.6297674406586548, 2.524717860424003, -1.1569882669987626, -2.1933391819173282, 0.0, -0.21266475842077687, -0.34304103965039734, -0.7608695652173914, -0.4, -1.7499999999999998, 3.2, -1.8144134498874354, -2.1421365313905, 0.0, -35.0, 1.3958333333333333], [0.3607125271767891, 0.24427106078356375, 0.3247655608805173, 0.1176787733370923, 0.6179801119671656, 0.5455372169760994, 0.0, -0.1945332202114854, -0.12718731117217763, -0.7608695652173914, -0.3, 0.0, 0.0, -0.20467396394820364, 0.18043900268013552, 0.0, 0.0, -0.08333333333333333], [0.389859815339695, 0.3864336850351044, 0.33870102381203077, 0.25414479569788073, -0.015302900121436447, -0.016098103814623285, 0.0, -0.1860207500081014, 0.02809253992669707, -0.7608695652173914, -0.3, 0.0, 0.0, -0.20467396394820364, 0.18043900268013552, 0.0, 0.0, -0.08333333333333333], [0.26201142615905754, 0.4146640652588914, 0.3725071980613431, 0.4201544671185462, -0.5847570519377835, -0.7656712381352142, 0.0, -0.20220567505021794, -0.09635774557976245, -0.7608695652173914, -0.3, 0.0, 0.0, -0.20467396394820364, 0.18043900268013552, 0.0, 0.0, -0.08333333333333333], [0.24379004558162862, 0.29083749801887887, 0.3843752944552996, 0.25858489770589516, -0.21518184223125442, -0.24225899104353008, 0.0, -0.21372704238210824, -0.49819722795887317, -0.7608695652173914, -0.3, 0.0, 0.0, -0.20467396394820364, 0.18043900268013552, 0.0, 0.0, -0.08333333333333333], [-0.06282748366413769, -0.020215718728809638, 0.014291552379959271, -0.07131779530335965, -0.15673134054735158, -0.17284502135039662, 0.0, -0.22360851820318264, -0.45318265016628057, -0.7608695652173914, -0.2, 0.0, 0.0, 0.2861330418605638, 0.648995015896007, 0.0, 0.0, 0.020833333333333332], [-0.32430402245815987, -0.023782712428685453, -0.02139215966181283, -0.21091711067159355, -0.9018662638323831, -1.4036773235158375, 0.0, -0.22938492411863534, -0.7424462542027805, -0.7608695652173914, -0.2, 0.0, 0.0, 0.2861330418605638, 0.648995015896007, 0.0, 0.0, 0.020833333333333332], [-0.217124623660605, -0.27703378911544063, -0.07779349100452888, 0.011381239382486037, 0.3802427562841904, 0.3564652826404231, 0.0, -0.2273081709307795, -0.588608262791121, -0.7608695652173914, -0.2, 0.0, 0.0, 0.2861330418605638, 0.648995015896007, 0.0, 0.0, 0.020833333333333332], [1.4722007996570272, 1.4951671963974698, 1.491226076510511, 10.940267088432854, -0.27308822893511836, -0.31404302540802753, 0.0, 0.8000672748494049, -0.03785001462722708, -0.7608695652173914, -0.1, 0.0, 0.0, -0.4852865906786874, -0.3510049841039929, 0.0, 0.0, -0.125], [1.5281979706631543, 1.4629570436071013, 1.511615899578191, 3.4962968819847133, 0.1108153561050203, 0.11209615324400772, 0.0, 1.1159977348252779, -0.11667983682380736, -0.7608695652173914, -0.1, 0.0, 0.0, -0.4852865906786874, -0.3510049841039929, 0.0, 0.0, -0.125], [1.5711695788834157, 1.5171926699241736, 1.5253163242237004, 6.29440483118044, 0.04840397765195885, 0.04990584028668441, 0.0, 1.2596230405298041, -0.0494947163968807, -0.7608695652173914, -0.1, 0.0, 0.0, -0.4852865906786874, -0.3510049841039929, 0.0, 0.0, -0.125], [1.6749219438372271, 1.5588124882793317, 1.5484159533610284, 12.056433306643573, 0.3609246802205876, 0.3401024579792871, 0.0, 1.1604187496550307, 0.34319557250845206, -0.7608695652173914, -0.1, 0.0, 0.0, -0.4852865906786874, -0.3510049841039929, 0.0, 0.0, -0.125], [1.3930824079678743, 1.375163167772831, 1.3986889125795425, 6.866086970485015, -0.09288289048346794, -0.1002259502431406, 0.0, 0.5875051858047635, -0.0370455223463234, -0.7608695652173914, 0.0, -1.7499999999999998, 2.0, -0.8729137738376255, -1.2614473329844809, 0.0, 0.0, 1.7083333333333333], [1.3552379283030973, 1.386327538055988, 1.4200403399600778, 2.3495869248173906, -0.29026178792069685, -0.335949102880924, 0.0, 0.5823990902004791, -0.35779578482262453, -0.7608695652173914, 0.0, -1.7499999999999998, 2.0, -0.8729137738376255, -1.2614473329844809, 0.0, 0.0, 1.7083333333333333], [1.3529308356386482, 1.3496735603570378, 1.4017584289046643, 2.8699664426593454, -0.15107141396685045, -0.1662764940675284, 0.0, 0.5578456072004251, -0.29115133848384517, -0.7608695652173914, 0.0, -1.7499999999999998, 2.0, -0.8729137738376255, -1.2614473329844809, 0.0, 0.0, 1.7083333333333333], [1.331147008736619, 1.3474390436237869, 1.3925154891619367, 3.380511985305839, -0.22913180848035108, -0.2592678080373819, 0.0, 0.2789224775616622, -0.3713456983894739, -0.7608695652173914, 0.0, -1.7499999999999998, 2.0, -0.8729137738376255, -1.2614473329844809, 0.0, 0.0, 1.7083333333333333], [0.6793657631952094, 0.8149476791904913, 0.7230385289949668, 2.442340262848119, -0.5730358431933068, -0.7462403502947896, 0.0, -0.13198327235669027, 0.055093259959817675, -0.7608695652173914, 0.1, -1.7499999999999998, 2.0, -0.6887964126111272, 1.007076986754672, 0.0, 0.0, 1.6666666666666667], [0.5626343719384188, 0.6950628090229908, 0.750696244970147, 1.8674897107727806, -0.5524086043152105, -0.71259326708023, 0.0, -0.153709737519703, -0.40548294121761724, -0.7608695652173914, 0.1, -1.7499999999999998, 2.0, -0.6887964126111272, 1.007076986754672, 0.0, 0.0, 1.6666666666666667], [0.7513280037564422, 0.582003524028352, 0.7321552439859241, 2.4258418184152943, 0.9012316405056296, 0.7456530504500621, 0.0, -0.09728073899117051, -0.347257518042441, -0.7608695652173914, 0.1, -1.7499999999999998, 2.0, -0.6887964126111272, 1.007076986754672, 0.0, 0.0, 1.6666666666666667], [0.403250558171615, 0.7647612798187964, 0.7099068468288278, 1.6715206672915806, -1.050599615073087, -1.8171508987018887, 0.0, -0.20083535496060242, -0.8295765603370325, -0.7608695652173914, 0.1, -1.7499999999999998, 2.0, -0.6887964126111272, 1.007076986754672, 0.0, 0.0, 1.6666666666666667], [0.5894493092358789, 1.0445338567615194, 1.2260971197402168, 10.403600652673628, -1.1847004969949197, -2.3073024567026192, 0.0, -0.1557960834910663, -1.464237412156372, -0.7608695652173914, 0.3, 0.0, 0.0, 0.846435843974435, 5.247506434150525, 0.0, 0.0, -0.020833333333333332], [0.1636337503782372, 0.6079749238839204, 1.082952998224651, 16.308056996931345, -1.1557206007060867, -2.1883102891360116, 0.0, -0.2099039740289129, -1.9109738129134868, -0.7608695652173914, 0.3, 0.0, 0.0, 0.846435843974435, 5.247506434150525, 0.0, 0.0, -0.020833333333333332], [0.29715826996415945, 0.1955545620111499, 0.8001577911578227, 9.999110840225411, 0.5353403724944908, 0.482249216696099, 0.0, -0.19861564101928186, -1.5528778415358295, -0.7608695652173914, 0.3, 0.0, 0.0, 0.846435843974435, 5.247506434150525, 0.0, 0.0, -0.020833333333333332], [0.43245461046576056, 0.32487870139733954, 0.4392202081934324, 1.8892336446801945, 0.546203249336764, 0.49070869618508905, 0.0, -0.19775710332628801, -0.5864802097665974, -0.7608695652173914, 0.3, 0.0, 0.0, 0.846435843974435, 5.247506434150525, 0.0, 0.0, -0.020833333333333332], [2.003774776158898, 1.9553670953592703, 1.9385747291821283, 46.65894028596214, -0.04206305010332769, -0.0446332145080113, 0.0, 4.611741111063642, 0.15781077826762147, -0.7608695652173914, 0.7, 0.0, 0.0, -0.7335488086505132, 0.0, 0.0, 0.0, -0.4270833333333333], [1.9448399006357986, 1.9778089018604599, 1.9831946259585276, 39.97705598151486, -0.36632626779979915, -0.4366448129058556, 0.0, 4.295540695248501, -0.14550417636328897, -0.7608695652173914, 0.7, 0.0, 0.0, -0.7335488086505132, 0.0, 0.0, 0.0, -0.4270833333333333], [1.9404898668393171, 1.920727984584045, 1.9916626342272552, 27.086124661908215, -0.15946803579861246, -0.17603047925167437, 0.0, 4.133542111413934, -0.3191046568920921, -0.7608695652173914, 0.7, 0.0, 0.0, -0.7335488086505132, 0.0, 0.0, 0.0, -0.4270833333333333], [2.111650896660092, 1.9165147930385866, 1.9788995495655706, 32.267933982645175, 0.7785402674381969, 0.6619439004229286, 0.0, 4.725518186737147, 0.06585600071214705, -0.7608695652173914, 0.7, 0.0, 0.0, -0.7335488086505132, 0.0, 0.0, 0.0, -0.4270833333333333], [-0.9234037925718034, -0.8914251245982393, -1.0367292015744218, -0.23318679402634046, 0.012491191226962833, 0.01302446347531732, 0.0, -0.23463452725465295, 0.3019494597731574, -0.7608695652173914, 0.8, 0.0, 0.0, 0.0, 8.081889989523978, 0.0, -30.0, 0.625], [-0.10007297374088044, -0.18089658447414217, -0.10791252169073713, -0.14212514250505587, 0.48368062902915043, 0.44141259265943855, 0.0, -0.2248398630659455, -0.2097988548742634, -0.7608695652173914, 0.9, -1.0, 1.0, 0.14590067070610455, -0.1415083356910228, 0.0, 0.0, -0.041666666666666664], [-0.14132593733258023, -0.059856543400921794, -0.10632931648706084, -0.13754702355291643, -0.3028726131837616, -0.352222973856819, 0.0, -0.2250122662021341, -0.17545951285014721, -0.7608695652173914, 0.9, -1.0, 1.0, 0.14590067070610455, -0.1415083356910228, 0.0, 0.0, -0.041666666666666664], [-0.14615507152394253, -0.09981178181084803, -0.10048299836186082, -0.1362746939959679, -0.1614299845024794, -0.17831795134865505, 0.0, -0.22540580891496134, -0.013949992034519946, -0.7608695652173914, 0.9, -1.0, 1.0, 0.14590067070610455, -0.1415083356910228, 0.0, 0.0, -0.041666666666666664], [-0.13385916938288314, -0.10448900233345382, -0.0777932654274114, -0.20154801139063333, -0.08957957514334891, -0.09655472073162433, 0.0, -0.2283080145447298, -0.3037476284206868, -0.7608695652173914, 0.9, -1.0, 1.0, 0.14590067070610455, -0.1415083356910228, 0.0, 0.0, -0.041666666666666664], [-0.08653648323573494, 0.20599441564636436, 0.2173124773018677, -0.13433343304685477, -0.9008408978197486, -1.401158889850736, 0.0, -0.22440766701392184, -0.7419287092579734, -0.7608695652173914, 1.0, 0.0, 0.0, 1.6814220519057155, -2.5379321164437854, 0.0, 0.0, 0.9166666666666666], [-0.06888210979427845, -0.04674588035329503, 0.16190928058051796, 0.3001316530679916, -0.0663536416798013, -0.0709707890432483, 0.0, -0.22252863539210588, -0.803941337278531, -0.7608695652173914, 1.0, 0.0, 0.0, 1.6814220519057155, -2.5379321164437854, 0.0, 0.0, 0.9166666666666666], [-0.2703726854716043, -0.02964687367797366, 0.07624498836674873, 0.2573082231366268, -0.7745863465258055, -1.117275138796661, 0.0, -0.22849906907991785, -1.1292110261452306, -0.7608695652173914, 1.0, 0.0, 0.0, 1.6814220519057155, -2.5379321164437854, 0.0, 0.0, 0.9166666666666666], [0.04215684274094807, -0.22479901033951144, -0.079896960232724, -0.050288333769223176, 1.9708583601417684, 1.336906205774233, 0.0, -0.22342933662998077, 0.12456688940890911, -0.7608695652173914, 1.0, 0.0, 0.0, 1.6814220519057155, -2.5379321164437854, 0.0, 0.0, 0.9166666666666666], [-0.9181025340732808, -1.0632378758397116, -1.147037967757639, -0.23883276963787728, 1.1203418830488807, 0.8853039075995967, 0.0, -0.1815433933976846, 1.911783699535343, -0.7391304347826086, -0.3, 0.0, 0.0, -0.20467396394820364, 0.18043900268013552, 0.0, 0.0, -0.08333333333333333], [-0.2291604582721481, -0.17069862797990243, -0.15081416527302555, -0.17943622443363644, -0.20103266352116134, -0.22518513560910786, 0.0, 0.27377910798086563, -0.1832237381509782, -0.7391304347826086, 0.2, 0.0, 0.0, -0.8615944926790914, 0.7434310598674893, 0.0, -30.0, 0.4791666666666667], [-0.321599506965624, -0.18488322684681638, -0.14651041899957543, -0.18819148814086714, -0.47798192287814595, -0.5966103280835678, 0.0, 0.06999322470282532, -0.6046361660021852, -0.7391304347826086, 0.2, 0.0, 0.0, -0.8615944926790914, 0.7434310598674893, 0.0, -30.0, 0.4791666666666667], [-0.25681320329147, -0.2744143515798219, -0.1990420907645467, -0.17529315972141704, 0.15428198835352153, 0.1540600338815177, 0.0, 0.3226382599376417, -0.32438281149027337, -0.7391304347826086, 0.2, 0.0, 0.0, -0.8615944926790914, 0.7434310598674893, 0.0, -30.0, 0.4791666666666667], [-0.38335942093228403, -0.2116660788831295, -0.21389874591809951, -0.1911754105518518, -0.5810220965247684, -0.7594546390206821, 0.0, 0.16765888542138138, -0.580431752973501, -0.7391304347826086, 0.2, 0.0, 0.0, -0.8615944926790914, 0.7434310598674893, 0.0, -30.0, 0.4791666666666667], [0.5225274460571775, 0.4415064402977807, 0.30082518553700066, 0.863163096721235, 0.36767302758736636, 0.3458369751699802, 0.0, 4.281730137682655, 0.9666283114979702, -0.7391304347826086, 0.4, 0.0, 0.0, 1.2963919029071456, -0.1743199320789472, 0.0, -30.0, 0.5], [0.4924031810343109, 0.543158271567589, 0.4353140651366864, 1.3397970546607256, -0.261232814994676, -0.29908909215293844, 0.0, 3.012060658605981, 0.8496645613151316, -0.7391304347826086, 0.4, 0.0, 0.0, 1.2963919029071456, -0.1743199320789472, 0.0, -30.0, 0.5], [0.4126261069441036, 0.5139816479721243, 0.5205180064354543, 0.374821059086034, -0.4370560529588991, -0.5361555571333598, 0.0, 3.6633606372911074, -0.232558263920975, -0.7391304347826086, 0.4, 0.0, 0.0, 1.2963919029071456, -0.1743199320789472, 0.0, -30.0, 0.5], [-0.06137718914575797, 0.43671418068252776, 0.5191738991443114, 0.40194328470502305, -1.209924853922258, -2.418382103629495, 0.0, 0.7914577588117193, -1.3420751255480483, -0.7391304347826086, 0.4, 0.0, 0.0, 1.2963919029071456, -0.1743199320789472, 0.0, -30.0, 0.5], [0.04139529052654279, 0.011411612075690278, 0.15201080683882542, 0.29349191966373306, 0.16987446024860803, 0.16885622226186503, 0.0, 0.8817845276926631, -0.26901528701064364, -0.7391304347826086, 0.5, 0.0, 0.0, -0.7436148747327533, -0.9982208517260839, 0.0, -30.0, 0.3541666666666667], [0.44999209069401924, 0.07716144837750698, 0.14647303290964936, 0.30522611049714143, 3.11024491255891, 1.7955771266384042, 0.0, 2.6357951117308005, 0.3948550967276445, -0.7391304347826086, 0.5, 0.0, 0.0, -0.7436148747327533, -0.9982208517260839, 0.0, -30.0, 0.3541666666666667], [0.07076810268804126, 0.47290471486877217, 0.2685716921455021, 1.3328777129636382, -1.0955845009189655, -1.9658597591391072, 0.0, 1.2094622005883684, 0.0363627749851007, -0.7391304347826086, 0.5, 0.0, 0.0, -0.7436148747327533, -0.9982208517260839, 0.0, -30.0, 0.3541666666666667], [-0.05596138708938332, 0.10561025812359716, 0.285914222364249, 1.240624711369008, -0.5815484119176056, -0.7603292367834156, 0.0, 0.8077354135643287, -0.4538319371817117, -0.7391304347826086, 0.5, 0.0, 0.0, -0.7436148747327533, -0.9982208517260839, 0.0, -30.0, 0.3541666666666667], [-0.029909961264288427, 0.015755764340462178, 0.09311396107837257, -0.05681510303127452, -0.17396156434645574, -0.19300430370329125, 0.0, 0.6728267505946477, -0.5178077353112216, -0.7391304347826086, 0.8, 0.0, 0.0, 0.0, 8.081889989523978, 0.0, -30.0, 0.625], [-0.10461904428256957, 0.00809929896733197, 0.05061835902491282, -0.11399066936856524, -0.4202492817020838, -0.5119586778781179, 0.0, 0.33819287998830644, -0.5860188011464693, -0.7391304347826086, 0.8, 0.0, 0.0, 0.0, 8.081889989523978, 0.0, -30.0, 0.625], [-0.007816136701761008, -0.06425960481777668, -0.0008088078179442151, -0.1415887762392142, 0.32233750123752475, 0.3069226480274291, 0.0, 0.9146594261337131, -0.18420961391212248, -0.7391304347826086, 0.8, 0.0, 0.0, 0.0, 8.081889989523978, 0.0, -30.0, 0.625], [-0.1833448101214686, 0.029498101645365066, 0.00430243773411785, -0.12653113723584275, -0.7122432736628255, -0.9933202899768696, 0.0, 0.48517301991075096, -0.5787755165392828, -0.7391304347826086, 0.8, 0.0, 0.0, 0.0, 8.081889989523978, 0.0, -30.0, 0.625], [0.3944529558074001, -0.9841942349850823, -1.223068507520427, -0.23066713781546627, 94.38749626206105, 6.762432552564716, 0.0, 3.6224734039220476, 62.78480875724272, -0.7391304347826086, 1.0, 0.0, 0.0, 1.6814220519057155, -2.5379321164437854, 0.0, 0.0, 0.9166666666666666], [-0.01549429415350162, 0.10835181127044756, 0.17755442081253628, 0.5205635261666912, -0.4673125756178867, -0.5806343805685322, 0.0, -0.009126531004800488, -0.1155523518579439, -0.717391304347826, -0.6, 0.0, 0.0, 0.3112035873888728, 6.372950830231543, 0.0, 0.0, 0.0]], "optuna_trials": [{"trial": 0, "value": 56.42510107383677, "best": 56.42510107383677}, {"trial": 1, "value": 56.91311271427939, "best": 56.42510107383677}, {"trial": 2, "value": 57.052379467743556, "best": 56.42510107383677}, {"trial": 3, "value": 55.471227727888, "best": 55.471227727888}, {"trial": 4, "value": 56.76746247318762, "best": 55.471227727888}, {"trial": 5, "value": 54.695555995912706, "best": 54.695555995912706}, {"trial": 6, "value": 56.163931539914806, "best": 54.695555995912706}, {"trial": 7, "value": 54.11372376937408, "best": 54.11372376937408}, {"trial": 8, "value": 54.18307825561983, "best": 54.11372376937408}, {"trial": 9, "value": 55.717204391767694, "best": 54.11372376937408}, {"trial": 10, "value": 53.945496867623184, "best": 53.945496867623184}, {"trial": 11, "value": 53.944918844321144, "best": 53.944918844321144}, {"trial": 12, "value": 53.95013008276768, "best": 53.944918844321144}, {"trial": 13, "value": 54.10182609058018, "best": 53.944918844321144}, {"trial": 14, "value": 54.56308248363249, "best": 53.944918844321144}, {"trial": 15, "value": 54.18688513087621, "best": 53.944918844321144}, {"trial": 16, "value": 53.9525768089469, "best": 53.944918844321144}, {"trial": 17, "value": 54.58968739774511, "best": 53.944918844321144}, {"trial": 18, "value": 55.329424092687276, "best": 53.944918844321144}, {"trial": 19, "value": 54.166378526632876, "best": 53.944918844321144}, {"trial": 20, "value": 54.62911744203032, "best": 53.944918844321144}, {"trial": 21, "value": 53.943921609456474, "best": 53.943921609456474}, {"trial": 22, "value": 53.92006325615203, "best": 53.92006325615203}, {"trial": 23, "value": 53.91531613039329, "best": 53.91531613039329}, {"trial": 24, "value": 54.091181711538376, "best": 53.91531613039329}, {"trial": 25, "value": 53.969917799600964, "best": 53.91531613039329}, {"trial": 26, "value": 53.94566183803964, "best": 53.91531613039329}, {"trial": 27, "value": 54.04237043721797, "best": 53.91531613039329}, {"trial": 28, "value": 54.32556273195031, "best": 53.91531613039329}, {"trial": 29, "value": 54.93158206547008, "best": 53.91531613039329}, {"trial": 30, "value": 54.00121723409795, "best": 53.91531613039329}, {"trial": 31, "value": 53.95181250393998, "best": 53.91531613039329}, {"trial": 32, "value": 54.06184190012453, "best": 53.91531613039329}, {"trial": 33, "value": 53.93679681360465, "best": 53.91531613039329}, {"trial": 34, "value": 53.927616791961874, "best": 53.91531613039329}, {"trial": 35, "value": 53.93789713932688, "best": 53.91531613039329}, {"trial": 36, "value": 54.18017008930977, "best": 53.91531613039329}, {"trial": 37, "value": 55.645876378703115, "best": 53.91531613039329}, {"trial": 38, "value": 54.01959774104375, "best": 53.91531613039329}, {"trial": 39, "value": 54.23024390487885, "best": 53.91531613039329}, {"trial": 40, "value": 53.98515370183845, "best": 53.91531613039329}, {"trial": 41, "value": 53.93265357164693, "best": 53.91531613039329}, {"trial": 42, "value": 53.934601639532524, "best": 53.91531613039329}, {"trial": 43, "value": 53.911000298881774, "best": 53.911000298881774}, {"trial": 44, "value": 54.45812938536994, "best": 53.911000298881774}, {"trial": 45, "value": 54.273865366705834, "best": 53.911000298881774}, {"trial": 46, "value": 54.75915686685762, "best": 53.911000298881774}, {"trial": 47, "value": 53.957321191568056, "best": 53.911000298881774}, {"trial": 48, "value": 54.096014862532385, "best": 53.911000298881774}, {"trial": 49, "value": 53.919693184667395, "best": 53.911000298881774}, {"trial": 50, "value": 53.980532074439616, "best": 53.911000298881774}, {"trial": 51, "value": 53.91309802035391, "best": 53.911000298881774}, {"trial": 52, "value": 53.91341631642738, "best": 53.911000298881774}, {"trial": 53, "value": 53.94551880604582, "best": 53.911000298881774}, {"trial": 54, "value": 53.92101635353208, "best": 53.911000298881774}, {"trial": 55, "value": 55.18317092792241, "best": 53.911000298881774}, {"trial": 56, "value": 53.91524645465858, "best": 53.911000298881774}, {"trial": 57, "value": 54.30716677708322, "best": 53.911000298881774}, {"trial": 58, "value": 53.916809424773774, "best": 53.911000298881774}, {"trial": 59, "value": 55.18027118429207, "best": 53.911000298881774}, {"trial": 60, "value": 53.910674177171344, "best": 53.910674177171344}, {"trial": 61, "value": 53.90320661144901, "best": 53.90320661144901}, {"trial": 62, "value": 53.90685536430627, "best": 53.90320661144901}, {"trial": 63, "value": 53.9376873642249, "best": 53.90320661144901}, {"trial": 64, "value": 53.92531551473871, "best": 53.90320661144901}, {"trial": 65, "value": 53.89138018381446, "best": 53.89138018381446}, {"trial": 66, "value": 53.909565307164094, "best": 53.89138018381446}, {"trial": 67, "value": 53.97656828627973, "best": 53.89138018381446}, {"trial": 68, "value": 53.90622236691151, "best": 53.89138018381446}, {"trial": 69, "value": 54.04326834975103, "best": 53.89138018381446}, {"trial": 70, "value": 53.94468058313371, "best": 53.89138018381446}, {"trial": 71, "value": 53.91123872975804, "best": 53.89138018381446}, {"trial": 72, "value": 53.9417141328067, "best": 53.89138018381446}, {"trial": 73, "value": 53.91186048001309, "best": 53.89138018381446}, {"trial": 74, "value": 54.32475492064054, "best": 53.89138018381446}, {"trial": 75, "value": 53.91561626167382, "best": 53.89138018381446}, {"trial": 76, "value": 54.42630860841955, "best": 53.89138018381446}, {"trial": 77, "value": 54.10585391634854, "best": 53.89138018381446}, {"trial": 78, "value": 53.899209553792026, "best": 53.89138018381446}, {"trial": 79, "value": 53.893003265797304, "best": 53.89138018381446}, {"trial": 80, "value": 53.894472623323644, "best": 53.89138018381446}, {"trial": 81, "value": 53.89979697858818, "best": 53.89138018381446}, {"trial": 82, "value": 53.896822412771655, "best": 53.89138018381446}, {"trial": 83, "value": 53.89577728845754, "best": 53.89138018381446}, {"trial": 84, "value": 53.90029134786396, "best": 53.89138018381446}, {"trial": 85, "value": 53.903493386156946, "best": 53.89138018381446}, {"trial": 86, "value": 53.900040395808794, "best": 53.89138018381446}, {"trial": 87, "value": 53.89542304993213, "best": 53.89138018381446}, {"trial": 88, "value": 53.901894682205594, "best": 53.89138018381446}, {"trial": 89, "value": 53.94177705968136, "best": 53.89138018381446}, {"trial": 90, "value": 53.89883358439045, "best": 53.89138018381446}, {"trial": 91, "value": 53.90005948364799, "best": 53.89138018381446}, {"trial": 92, "value": 53.90216751214173, "best": 53.89138018381446}, {"trial": 93, "value": 53.90205282994708, "best": 53.89138018381446}, {"trial": 94, "value": 53.895743552756045, "best": 53.89138018381446}, {"trial": 95, "value": 53.89884571325375, "best": 53.89138018381446}, {"trial": 96, "value": 53.93428859321785, "best": 53.89138018381446}, {"trial": 97, "value": 53.91620333306501, "best": 53.89138018381446}, {"trial": 98, "value": 53.90227113012771, "best": 53.89138018381446}, {"trial": 99, "value": 53.89870145955655, "best": 53.89138018381446}], "optuna_best": 53.89138018381446, "optuna_params": {"ne": 212, "md": 2, "lr": 0.010713941182421383, "ra": 0.464078464860868, "rl": 4.899426524666897}, "y_pred_val_Ridge": [1.2783069595453704, 1.2174651704638915, 10.88430915767005, 15.090730816423672, 11.25453950909784, 20.241950791365518, 0.5131373738353933, -0.824523444636942, -2.9085949764320236, -0.5871214206126925, 4.355595931049723, -5.049352141937389, -0.2856218576549159, 4.650969432068516, 4.678370199849107, 6.871770038343053, 5.601263692072601, 5.347209906346827, 7.66633823148641, 11.098764622454931, 5.422954739551926, 5.680025060595909, -4.051256258622484, 5.549579273682697, -4.0412760719386025, -3.845938736050822, -7.7273680670952025, -5.112174642269874, -26.80777936826434, 4.265735304636432, 1.8346225947735013, -1.14931810587504, 3.2352016575341525, 0.9382902507229438, -7.787440831111891, 0.9563471960824068, -4.873176720921876, 10.424538999264866, 6.76095519077348, 4.346949747253554, -2.215890737623773, -5.601677975424739, -2.282380891251005, -5.0782485886385516, -2.979399985755937, 7.898913052896646, 2.401699648730844, -3.373666241917683, -10.136014626203542, -21.650965631341514, 10.465653684814722, 4.269926022849919, -6.316504711640251, -6.839951610448626, 4.397102860322972, 2.894209131221909, 2.682881465468075, 9.661036101263905, 6.761032870008872, 10.533158903607289, 9.338872949999406, -8.476504718146499, 6.798100687360611, 7.05201069860215, 7.884335526638942, 5.864284966259595, 3.3498457215368846, 1.4934892280753225, 9.498841360293303, 6.810407198937137, 2.4910077199178318, 6.243598569360142, -3.5305920502431403, -5.428226315504611, -1.3736223172450899, -4.152912796914409, -1.729802881917926, 1.1568688166381835, 6.837660343813843, 4.158336894610078, 0.8748231649624489, -0.37785114152937593, 6.1636290644146685, 5.9824165695709475, 1.3682683502708972, -7.108783505968967, -11.868947445066985, 1.6700259953351597, 1.538402867055507, -6.754666767053948, -8.093453067315878, 0.5510534314713422, 1.1503745206688571, 9.517764814443268, 10.357425131878832, -2.132051830139344, -3.618624698321504, -4.452980249170688, -2.735348124879326, 4.699819082306833, 8.332430298428848, 13.275937148943461, -3.4961252878637894, 1.9064454932829686, 4.186726468152125, -1.3585617716244247, -1.0489172839153138, -4.526234326402957, -4.497361705452899, 2.9210271019393788, 2.333053319037921, -7.814139858604895, -1.7535164367405813, -0.41737885465573754, 5.451894125197235, -0.9263833663331091, 1.7619627200750099, -6.3646521198129005, -16.877825514880904, 2.704978108818275, 5.931978879707685, -7.521273187716567, -6.889009864239288, -2.076239643909014, -3.119540781772265, -5.698892406206415, -3.7665448075654804, 12.32332340372896, 8.91637953470085, -5.284655232931437, -6.0519624026609815, -6.857404539039976, -4.667388411356281, 1.9419493555813379, 5.033665956596316, 0.18395531379256758, -3.946786862775794, -4.178796962107883, -0.9371047222771747, 1.7808233010396974, 2.932046797031865, -2.4309350555857265, -1.6115103811037925, 4.6323048280668555, 2.9769662404155066, 3.29673233186156, 3.4495647104369853, 5.540467418878278, 11.735085171612832, -1.9251731223268833, 4.243909596729182, 2.388405571742013, 2.180537609486048, 3.985123299781212, 3.5979290918296796, -7.78743488279266, -2.620200581869319, -9.795107574043369, -15.054375985004754, 13.223484249639426, 10.758688087481124, -5.192963915597712, -4.040903620355163, 2.790719194675526, 4.586728587856011, 4.909515721961663, 5.783892418231757, -2.105636461474972, 3.3013924489066153, -8.411830204002765, -8.512774083877131, 6.147499041387221, 2.2656392012474047, 59.10314364103494, -0.6111629887310843, -5.910985603368928, -0.6891679320658777, -11.191252582177887, -9.950898821016157, -3.0110969828396237, -0.342375993153619, -4.825273719107907, -0.2641741198829002, 2.758802289582792, -2.6784181828678046, -3.533540688474909, -12.826552380282807, -10.040658812801354, 5.55597248016708, 4.546113583158782, 3.0706438116530563, 4.489548858403403, 21.679708936963614, 4.552543197290425, 1.7930503075019004, 26.739901779871392, -2.7792712345195407, 4.622909345304544, 4.140590400454237, 5.514626767781979, 16.930430632913684, -5.583434678540989, -6.06309060291791, -2.229315225824601, 0.06921292864739748, 7.671902741680206, 6.234563240784592, 0.33475964025269356, -2.6048150576488145, -15.608512876105952, -5.058552755733219, 2.049436278536706, 6.7469717316597, 21.4076155088711, 22.98083227519195, 5.662247543793467, 4.972665574557117, 3.8733327233669366, 3.315924930150448, 9.029473043515113, -24.11028191573259, -13.8740066513665, -23.154893611814877, 9.91731980472359, 16.997325340172925, 23.062266670425174, 3.627616811459181, 3.0982142812375937, -0.00781636794712215, 6.293927234291418, 4.391793507285913, -6.938607309836996, 1.497516343480907, -8.907166340241087, -13.474240344879412, 4.035094491479352, 10.630174367565477, -0.9947675586359388, -3.283785017692096, -17.08245343476024, -14.033865528198415, 2.1124321363703826, 1.7863712458166556, -2.816646637436453, 6.53616456912135, 9.555637164749928, -0.7457180973910535, 5.182839299425177, 5.192741131165201, 7.439914341035253, 9.646616784741727, 14.481396021891317, 21.188432550719867, -6.496172267278732, 8.020164734599232, 4.97005118713239, 7.6841341545434165, -6.561511495995935, -1.660114746866261, 4.392305592354308, 6.653870441057586, 5.666378267850394, 12.09151682888054, 2.42140020954611, 2.219630465560116, -0.4367023367911327, -1.1748512258962958, -3.1768700936741197, -5.337850176661439, 6.8825270913209415, 5.638331596700047, 6.828829370044341, 4.840607527812196, 7.763222677125771, 7.6331993400870335, 7.579848242489861, 3.7160526180522453, -4.409206402741299, -10.239171480632887, 5.149058461605117, 6.772761587366439, -13.909468221718889, -12.684578854923947, 3.8024326141530698, -2.458176168581017, 10.62701301582709, 9.279262479883538, -7.286087144504279, -3.008937804594287, 3.8858655667804785, 2.0983914566302704, 5.267265866975224, 6.385413194140591, -10.832892999926328, -0.6756594738414332, -9.268462501463716, -5.180888515816056, 0.16497749005958928, -2.7282681472670354, -23.616265642103667, -0.805065769538269, -1.8317114782702864, -1.7033204821198447, 26.931423922451984, 3.859898465427655, 1.4115508606653204, 9.968113646631258, 13.011373686018691, 26.724323143047677, 18.503149378407628, -12.509970537561703, -6.0173117351493275, 1.6360247926708533, 2.700023205629515, -6.742453612539077, -8.743357511259022, 2.6647756894365173, 4.048758265864877, 1.4686795827656016, -4.016905842083183, 4.832166331434806, 4.75635787769518, 2.701244388797173, 0.478548965924281, -13.14756834407451, -7.455525862893097, 2.2326920623164743, -13.188440050335648, 7.836397115953032, 8.370124603545966, -9.156839430131182, -3.4976074451244865, -0.7162247251833787, -2.74095225885984, 2.287863456856812, 4.31698762751776, -2.3388881160497506, -2.4445143862022207, 4.591739592301749, 3.0531797919924393, -1.1413243702129483, -3.799877365451605, 4.937530537909053, 4.796656574722078, 3.9025935438052355, 5.224012182378873, 5.2011269766205395, 6.311319232479742, -9.068628978947116, -2.3031603237585947, -4.715688068128536, 1.7047248906944554, 1.8655501846716838, -10.076899009386224, -7.551593912460715, -5.421340943847312, 1.096747057011847, 7.446063096474536, 8.303126534217695, -3.204529696963083, -3.193056906125608, 4.8363915060063825, 3.3658302197693253, 7.457954797188718, 9.909472844802233, 0.689167512336978, -1.5556895415956675, 2.82553933383033, 8.627139951499242, 1.8322608842696284, 4.790905924150351, -11.61392554958, -9.472159594435887, 3.0314530539437214, -2.5721156970043286, 3.8353146042054007, 4.749568108202279, 9.26347007972943, 6.342457238812224, -8.70258086197494, -11.188844550002383, 2.3690407335838772, 4.543625099618881, -20.065170959406416, -12.644981385415091, -10.171186829089855, -7.910186559174093, -12.019977368582394, -14.469124584239616, 6.532655477177279, 2.246365604152664, -5.981043161863802, -6.195248290901818, -0.663323812073326, -1.1479877350953953, 5.795290360944765, 2.00705563162425, -8.604587265399566, -2.406079118656993, -2.846355331125117, -4.123731029027807, 2.466964562293578, -0.66168762159483, 14.624303675889392, 14.299471979734893, 26.540652349497446, 27.628210995396277, 12.764200919512326, 16.46570770847588, 10.653142090941705, 4.787361543286345, 4.480862177843157, 66.6133088470829, -14.554108274094645, 3.4624649054950183, 7.638704258540633, 6.113461050941979, 1.7785674883470306, -2.0221576315969876, 4.224364717080208, 13.95956090893836, 3.343913875453648, 0.05744611975734992, -5.411466803775344, -5.988977728249104, 6.670369658147058, 2.255687430415871, -0.406522599645025, 9.342524276210899, -2.5533663438098713, 3.9938729216743303, 10.641932087206218, 1.384837467922845, -2.8813464642962194, -8.231940291583568, 7.377946780202523, 4.746593850203787, 5.329427891766445, -4.08539256953207, 4.574015297040242, 7.715751791596887, -2.5558549331007163, -2.387607138887565, 22.88042387609248, 13.973116093500433, 5.141849504237438, 2.1807148459408046, 15.858882102540997, -57.32257257956834, 1.062217803606826, 8.264974774815274, 14.74208409716727, 11.394574057335603, 9.879114535084467, 2.1578188466721504, 3.2920229004500894, 0.1579988125799252, 4.956490804422963, -10.570515800108561, -9.75984383729303, 4.398504041768604, 3.4085424153777417, 2.694624808307871, 2.5913771082591053, 19.286484329459338, -2.4025779949736967, 8.30646676673344, 37.239192397178314, 45.49035148974594, 1.5277241398993682, -8.855469458522943, 4.221249956784384, 5.007522409130324, -7.281286593989085, -12.348574321578036, -3.809440849155999, 18.599587890311273, 9.048176359900069, 4.275118084573011, 2.1694664047768035, 7.178106214150928, -7.377114710689854, 0.9322376191784016, -41.45642276262414, 13.2337159822361, -0.3097887721729098, 7.999662732624044, 19.520314346835626, 5.99118717706641, 1.3207432445470597, 13.13789056740893, 24.4990857055379, 1.250012571153249, 5.874304671652658, 0.7485612209690975, 3.4770759353543323, 9.12821713135429, 15.112994488143283, -0.956232789006727, 0.6687243299841241, 7.0074969103740745, 13.493583710479975, 9.799573378967963, 2.3524681778729084, 0.8584233070832097, 3.1590413146838072, 3.179759091477923, -11.936795128468201, 2.1217458142401293, 1.0386674165067964, 3.552268173776107, 14.78436678663663, -9.29571554159213, -13.977545107620202, -12.155516312488128, 21.281732602251125, 6.353469884006489, -5.161262251370356, -11.330924323110938, -5.298264781402915, -8.622083532767107, -1.6380468566209365, 0.7584471062304532, 116.51098221242086, -4.825597746500305, 0.0008209332313038331, 5.203795915589788, 7.904668591592618, -0.07919075543649301, 3.3307177144275943, 7.911271362282568, -13.750508076630329, 3.2733294057302516, -16.145559992391238, 7.223292965993139, 13.63298904587378, 35.7218291351053, 5.923982119780254, -4.373479522785884, -5.993084268293504, 2.718042134591898, -3.8072153857902573, 3.3202235495054353, 3.3862683512133, 0.754565191302234, -4.533495965436087, 2.814683406693915, -1.619908756225676, 0.7355388289534228, 2.9248635453849348, -2.4072091096525265, -10.511909029705317, -16.73115465335328, 4.220749113095577, 2.4858797823857604, 10.268055334906347, 2.2672584801609843, 6.150451292312872, -5.3441283498240555, 4.671902761619419, 6.180337238606107, 5.12955160193, 2.0040461611596396, 3.760443780104235, 6.782368353838081, -8.756111193333531, -6.445247445434825, -9.125004564942392, -4.603427879377538, 5.701775508783023, 2.5036953139155176, -6.400266649577215, -3.145197662137544, 8.946450195660326, 5.322087250364464, 5.2997995807544385, 8.12320851775711, -6.009265356566832, -7.109072809824971, -1.2126060841481174, -2.8836368215143415, -4.993651191290477, -7.852037746314657, -6.075502725579277, -13.053894823193026, -9.772403418781892, -4.650554560263634, 2.899436638089722, 7.170471346632507, -12.207782947115506, -8.37317232600181, -2.3129437336081646, 3.9817019353272554, -8.976312396144976, -0.3307007990256232, 8.128146977696444, 12.990436393693694, -6.344026185407788, -9.048452583778651, 4.260219520123492, 1.5552391690698424, 4.321415203589509, 4.234100902539255, 5.8075070734368825, 6.479353809866138, 1.9661286833008336, 14.957883911249882, 22.485826486017146, -5.814761514494371, -13.189042843660596, -17.03520962901715, -11.80625063123148, 5.627003744049296, 6.541826132492432, -10.428045091385364, -3.7709837801392516, -0.06786254306912864, 10.253317793220237, 6.669483210637178, 1.9145313129618349, 0.2162697842455339, -8.651096908312956, -6.064254333774633, -2.7722474279189675, -3.077341962258416, -9.473305120660955, -3.2098804155898804, 1.6679155606367289, -2.407575543174557, 6.714457821180961, 4.768623791144971, -9.328252458459417, -14.336670837038902, -4.91327982604694, 5.209065231699533, 4.062782334834682, 1.4140881888585346, 2.711289769373968, 4.709937232617967, 6.292702851696114, -6.4026872909929615, -1.899149506545188, -6.630091831218209, -2.8943009596414737, -10.855519308808534, 1.6795143829192272, 1.4117284474875467, -2.8209859594706743, -11.151969620181971, 0.5180064529825423, 4.323410008274598, 1.344189136121886, 2.7389809210190696, 5.155956166919394, 4.6310785336161135, -1.2778298246902144, 0.2854072705602042, -4.106640834679521, -0.5529098273203386, 3.1148799175356903, 5.2546965412598166, -11.017308415366221, -4.536043778637788, -1.471580258765453, 4.520436977016487, 3.288506642667131, 1.7166516770433013, -19.915449396133013, -13.898951011054141, -3.297009412124591, -0.012629653453241296, -1.630110388286869, 2.9859838490121065, 0.4132284059503353, -2.7217389940120715, -2.628172824998195, -0.49962066302830666, -3.7202172777146907, -3.178940604950031, -10.914988506688571, -1.5131692789116369, -2.7988145522998003, -1.8928790254495245, 0.5788433364335137, -4.833576352608889, -2.8856624121280627, 0.380273045174933, -0.25945456962886304, 0.265792766756642, -0.7073293913194845, 0.5359750751416446, 5.731412060288359, 0.5909904739790146, 0.13181632318910586, -1.7922279810299515, 2.600455797361992, 0.4593512887719924, 7.964542820910241, -0.2357794135534279, -4.800996205623608, -1.214831278586359, -1.2054487096745272, 7.152004330589481, 3.7924783565843576, 3.597528969970469, 3.675638822691476, -13.682740349772871, 4.20272606259227, 5.441683411898194, 5.696884423534581, 5.846883429993541, 0.36779212064704714, 1.6367973865681618, 0.4634956915444599, -18.0338125471814, -15.02445085412949, -27.364653249817266, -1.3558798769401021, 3.3279944950413847, -16.99507211043079, -5.07470013631983, 15.376546083032355, -19.375514477010586, 3.1841151758496227, -1.4688758756129432, -4.402861006611266, -5.00673058779018, 2.0711005714276824, 1.2950126556033443, 4.672482713597329, 3.237869325713739, 5.814935793321627, -0.39266346243021033, 4.440147563741375, 6.042415114765043, 7.675261098100828, 9.202935242828167, 4.377256396163532, 3.1338606236855853, -3.778060926176946, 7.573642343646881, -4.4745198934875905, 6.97133589553059, 9.288631121666658, 14.966098059945795, -1.1732933799807168, -22.340741069586187, -5.9440891080488285, -8.696504985725362, -5.90102564680689, 7.664169636030179, 6.018432157096516, -1.7576177587676978, 4.082415210541344, 6.521809902025458, -6.922793946607168, -1.4022908325634007, 5.178731469880301, 5.83318636758506, -2.811482398017302, -0.3809378021974634, 1.708735567304136, -3.6966724486025773, 0.7140030734201022, -1.432106371420844, 1.2469935590961883, 8.01549934819725, 2.6401509609417153, 5.85628738441902, -0.19900351621965617, -1.5904527132092325, -11.911042427454348, -3.437037733053837, -4.179852362207283, -3.037452896826545, -1.070363573815905, -9.452001593173938, -2.724212835756187, -0.4804397205637345, 1.3245545588462062, 1.756065581813743, 3.0486564413001185, 0.48139984164828764, -2.3319068181713383, 2.99574580148772, 5.556052152357151, 2.148477228571659, 2.809090214042885, 15.909022654928522, 7.26374330450269, 0.45625678776685374, 0.5691103766940193, 0.17733061684408336, -2.5083936111583474, -1.8504818569694002, -2.8619660714579473, -4.816395428311058, -4.628975553070347, 0.5428303072945881, 5.680952468745205, 3.050425742969958, -0.8591725522920135, -5.099281319920511, -1.2794238504653923, -3.627713702603067, 5.39763085731798, -6.626591048484613, -18.330787285791693, 3.7530441932826486, 0.509231775770107, 1.1773816675301687, 1.4688946086595405, -1.2324582434187268, -3.011740867110427, -16.451725265866983, -5.1752080089651376, 5.384947844349548, 6.168980881402825, -3.0550403361512717, -10.152568284367732, -4.96275104228838, 0.43524807624512585, -1.3242170128168032, -11.97175452346866, -12.10515514319548, 2.3173462591443723, 2.106978189050837, -5.249526504113442, -3.099317202660592, -3.8963796533289545, -1.8236517154888392, -7.970188264032066, -3.657407249088273, -3.397178044938786, -14.772802166193728, -14.961100985233756, -13.57113835197923, 2.5977800754240117, 2.7009508661431787, -7.897407203480153, -13.83385681574002, -2.9449564054659727, 0.3812566074931487, -1.045221174494015, 2.2937465800745014, -9.24164381106091, -1.4772626444597408, 2.6853988037465855, 3.816089390319185, -7.787061530468167, -6.824799536738627, -5.992066249669319, -20.251478833253678, 3.7777798947224652, 4.338995521808268, 2.290675516752956, 0.369215038495025, 4.4589032786928, 2.4090762746139527, -3.656125910952469, -2.9813810799796383, 5.786234939636811, 10.854447267089636, -11.622640381771514, -9.404159873341028, -7.340656599606509, -13.085318692182511, -14.866127404431587, -21.161951186479577, -5.328948691800607, -4.634063463431884, 0.26870497290041273, -0.6985952855263364, 1.517835398959694, -1.0598210481931294, -7.356613646774083, 13.727735862357545, 20.081307818641864, -3.960555801230423, -0.4884752073262879, 9.346279797472373, 4.637808192749823, -0.686045951648476, 1.2723255625519627, 5.720433999606757, 0.440505150269777, -0.31614912709581056, -0.7057913327844929, -16.520399298423953, 2.3246762465457342, 5.090922787293771, -7.439402043412693, -4.9821841492891785, 7.779233739567976, 5.8407935468286345, -8.675892333503365, -4.877886608578818, -10.454875694691221, -9.206988071964432, 6.817800841132184, 8.218435632502008, -8.45606729640356, -4.538620687148038, 0.9116503384261301, 0.2902750979750297, -1.4061392757345201, -5.617246685861071, -7.018847111419804, -17.400964818588307, 3.98512095260057, 4.371508009030636, 1.651412899488029, 3.413218212039789, 0.8938945375265055, 3.5283204044190697, 5.664885665367073, 4.791046847224283, -12.093002041269534, -1.7807101218405657, -13.923890874623467, 7.288371346915861, 6.0183484872193445, -13.511467533049299, -20.873432861818017, -1.9465681383641136, 2.394697029343369, 3.9259618115425288, 0.5856590111407232, 15.890113761615625, 0.3837917827390407, 0.5563689135564212, -2.0387286788727823, -5.010817077757421, 6.4159213145130485, 12.668126748995032, -11.583568064713388, -4.508491289944223, -2.992853920170075, 0.9364776271794151, -3.809880734175034, -2.6350344740981293, -1.6046023689621767, -1.8724952532317007, -5.717427723707706, -1.2501751511856094, -8.58726560223169, -13.062244091635744, 3.8213594478981587, 4.915426365031339, 2.3108647605840176, 2.567979569407078, -0.7907881812592814, 0.186706303417969, 1.4461372030474688, 1.004433811648632, -16.632991236345244, -16.70384440076164, 5.646423616462719, 5.963708172731177, -8.961045353536884, -9.030222881271934, 3.146274349167528, 4.878110836717825, 0.09583755745913747, 3.013532103138636, -7.397017392311479, -2.3679507677318967, -0.23255089259268358, 1.5880982705633957, -11.475867653014417, -8.335535265436903, 3.4954331837063215, 3.1666229017007095, -1.616210744998979, 4.396420067269409, 0.8730880045948561, -3.4556330490986826, -14.614318395021304, -15.05972339398372, -2.7021346260309307, -0.5935042084895259, -10.645989143220033, -4.186409478145766, -14.982721956220573, 3.873585366183095, 8.149453868817163, -10.107237003950464, -1.2467607999449704, 1.4738980848844405, 0.13937406118040574, -2.0772536929432692, -0.0011296343547786414, 12.535132872381675, -21.87017813187472, -11.712521125519272, -3.126350396056345, 0.0013150185938246572, 0.05231036346462892, -2.701564650904388, -7.26801407432467, -1.8318542738846797, 10.349393182391198, -2.020468712848651, 19.186087042012584, 18.457143951481964, -3.91578883184378, 0.42114935828403066, -9.859413934585302, -2.159450601258492, -2.3864526190524473, -1.4630325257396524, -3.4872972497612653, 7.155916454440849, 2.7189711438792488, -3.075863690478226, -18.58246929187182, -4.068860391938877, -4.247959885070156, -2.3485056581009363, 2.0138953095323155, -2.8689864286706928, -1.1382738759435558, -5.354428073526702, 7.291264828868394, -4.496909488144299, 2.7492530063373013, 22.91660935623236, 7.7787902256715515, 15.513190246279127, -7.401266409288089, -0.2432055385102765, -0.7179294421726632, 17.816393183309557, -10.399572539571256, -19.9653464859356, -0.16976505605363057, -1.0942634917331535, -31.07523268942444, -1.385946311314608, -0.48833760170852836, 3.4000501953228683, -5.343859858784665, 1.4360720180394644, 4.452341353204112, -43.34039895281048, 2.9167073768961522, -2.781559108852551, -11.855355851412947, -20.168969780188945, -0.9590332506215131, 2.2836655801600343, -12.18536051072885, -21.017338021434178, 5.9949841540885265, 10.338233194037521, 0.5591547079045438, -5.066774111302804, 0.6097166604248434, -0.6028265025027486, -17.0781719697932, -12.91325858872906, 0.2661446391270621, 2.539222874767886, 1.161191163583089, 3.251751125423821, -8.204880765863974, 2.454620608454462, 6.528440804985248, 18.763997008793254, 5.538596264169408, -3.1799144054758144, 4.935179022726992, 4.82476849099495, -1.8408518330935446, 18.522196709039715, 19.48256802970226, -17.691712682951934, -12.791200536261568, -8.55051374850369, -10.926327411426534, -0.3710953307142968, -6.798014009953187, -10.011946346867745, 1.7235194466467505, 5.274370756093344, -1.2102261326653112, 2.537608738450342, -24.586489660130454, -9.877232858661817, -10.891508526060061, -14.004208945504914, 69.71866220716143, 2.208168287398612, 0.0693460895086564, -19.425068328866647, -0.4094983751766499, 5.314315908265809, 20.009026081314957, 6.772161641078444, -18.298637862745544, -13.1960901780982, -0.30714423350418363, 1.993718915050954, -0.8022137457429523, 4.517928059724781, -1.4393398873941297, 1.2239743464090547, 17.854218700575807, 22.496982929704988, -15.251655216030652, -3.1782137669414356, -6.366329433275375, -2.1515939390385967, -9.401385378141645, -6.607301299927935, -3.4543844513385102, 2.033899136960017, 1.0381260755502297, -12.049376506492537, -2.5848199884671437, -5.909952500316749, -5.695177379459533, 1.9458640317916815, 0.5638616115110926, -23.39628483149316, -14.173973704117032, -7.76013573006637, 4.942273977372966, 1.2635952040986358, 0.5014908025336264, 1.6007606376440502, 3.4700275226191852, -0.06901825841811604, -13.780248565148312, -49.823909166373625, 1.4945528088314561, 1.6833362904257183, -17.98396564435123, -7.37573697893143, -27.99214224124547, 1.5457699886866885, 4.012224951641345, -7.115021108925067, -20.99275725372726, 3.7207842253356618, -0.6534135546042714, 3.6069188176542437, 5.042141844938721, -8.015495864202055, -7.755364979103856, -10.633268637556004, -8.227764349941074, -13.903144290120991, -11.237523745879159, -14.265939234865769, -0.22724403777827407, -2.6715920184171984, -6.924457797613668, 4.609650984066262, 2.7742943989008975, 4.125380139102456, 7.385688433917039, 1.5985485528346204, 5.6990875873345885, 6.323219502680052, 3.657198851063594, -12.662238468746612, -13.77738110500044, -3.313855800496204, -3.6905523931989914, -1.6851806637952813, -4.247229897432852, -10.168507683350798, -13.58943821632549, -8.758764945059934, -12.26107337177004, -5.014241004333972, -7.062849656645746, -1.4231732330285456, -7.010058832527534, -1.945549658902427, -4.531985725687724, -27.716750614827497, -8.403091833720437, -0.870370425760377, -13.796531234967151, -45.86230241047985, -36.154256160174725, -1.8821173678647063, -3.4154440313878687, -3.3197473521696526, -17.742007799497056, -7.355029801714037, -6.071945569632849, -4.096441493712961, -13.036298825172874, 5.940842102645547, -5.732579188649144, 1.4630470976081282, -12.45376036454903, -8.624988311110371, -5.170187031389794, -7.903781395437196, -5.175339589419675, -0.613118858879671, 2.697183781963739, -3.008486257656432, 27.129039655240685, 8.37511176432733, 0.6426858197976206, 7.858851149097598, -5.468039556398383, -23.721587195159753, -12.00473797242405, -12.24156126414827, -16.806382816765282, 27.330913971835997, 41.12132048706027, -1.2001380609753949, 2.8358759286112982, 17.578009836215244, 8.741315406465498, 7.32204193141512, 19.57865617672772, -30.840784398732502, -2.315659868641094, -0.8578832567524253, -7.740669798505017, 8.032119697243663, 4.840852935372219, -2.326387559100668, 3.256796940343969, -10.031167400106309, 0.14443684028528114, 4.050615838658953, -11.864122318182238, 3.3513001098988773, 0.04473445439700319, -28.174703837749462, -11.793162325566708, 2.466657780743222, -4.179311122183494, -34.7535278098874, -19.14086260154665, -19.229990616532028, -20.254304419487664, -4.910580319013276, -4.649070570590979, -0.5562640599328827, -8.758534499832733, -3.539244917561257, -7.546253264586795, 0.45061940907780373, -8.940132177727413, -18.319948129043496, 2.746453886305583, -19.438173854087736, -14.22909757735674, -10.534253146256393, 1.6048767115086116, -2.048873800268456, -16.354283221009663, -8.434284046044503, -8.057243577027117, 5.992721981409524, -6.3451299447516245, -1.6657720459916106], "y_pred_test_Ridge": [-0.36989800166032216, 1.3744609790812465, 3.76544776038103, 8.94188625571998, -7.74870709554682, -5.5510283677241254, 7.99231525127864, 0.2813922596542975, 2.2241664992221257, 4.50038764818952, 4.550126907035808, 7.271497562092403, 8.41470568229827, 11.612741031285434, 8.096699087968663, 11.375071596554497, -0.8035609091300495, 4.393359945028015, 4.632881428991432, 7.522126372164221, 1.5948446327878418, 6.883693228414396, -12.021738528855606, -4.338800899865253, -2.6096587921407317, -11.29843626609816, -3.4740632910302343, -7.092942173001715, -5.987024329059853, -10.704544722055553, -5.4002998677622145, -0.13453178896754503, -9.06904197441275, -3.048746378601114, -0.45605119399371086, 5.544216176810362, -1.469050280908764, -13.10628211121901, -3.3268745149673093, 2.89522392095422, -6.27921911139136, 4.135796686896456, -0.6455326447234002, 6.835997260383456, 0.9352427454360637, 2.5896560815068392, 7.076049335083095, 2.847570711233485, 9.384623056729613, 7.905528026992636, 2.4389961079699676, 7.414620567065718, 3.4984435109778977, -2.7837861993231674, 1.8195503741271193, 5.306458533742816, 1.8154649295136418, 6.426868103335552, -2.166068365083707, -7.6601549836008545, 2.3535090890046937, -3.4634819205532428, -2.0801658770128832, 5.481657744630332, -4.725540792645591, -10.528488350787532, 1.7550713205176696, 2.545338369965945, -8.259310817995695, -2.955710410674221, 10.39715071670553, -6.878755670088578, 3.562836898553556, 6.641645428809916, 7.486439336816121, -0.9723817482143446, 2.9465084656236216, 0.03861724205702721, -0.7521258035617975, 5.189077939052188, 1.6509696482932303, 6.820545666841932, 1.0367161148632231, -17.630952425284086, 3.7497816677652107, -7.557419432012045, -2.696645939845983, -3.090387630955172, 6.366259345478283, -4.417030535837334, -1.4685893017651899, 4.696607949373462, -2.3229480520616606, 4.385945907251575, 3.1302582988515417, 4.523552836056177, -1.5744530644321286, -0.20573200579879103, -11.519392916143984, -9.476904953647178, -0.5492544460352309, 5.634694281020105, 1.2657162304087821, 5.2083371853061795, 3.745033959389587, 6.827586380382993, 7.7317334456894145, 3.055541267329819, 5.657632461478309, -3.495991396557247, -9.565550838326056, -3.112095292705439, -0.3201606562925643, -15.138658784652069, -5.499808316174111, 1.2288552141545988, -2.6872583177741425, -0.33541719325474295, 2.5620315505229154, -0.42930549689526165, 5.9323982399537005, 2.315445002862858, -6.175661052330808, -4.88254012487341, 5.386529623301115, 0.7696666385866568, -11.654067839501613, -0.7019852471362289, -5.427728617788047, 2.56962483094598, -3.68829458792819, -5.315997930335451, 3.6733602331043427, 5.842753350255733, 4.100784916115156, 21.54659655963241, 2.7932424552222193, -2.754663942019867, 1.6876987598758941, 2.215073386398264, 17.66941364414262, -6.915808779676992, 1.2023682067285535, 4.874598624404632, -4.793862869997152, 1.5687669931624773, -2.531187203094301, 3.195305462972734, -0.6490890735504027, -3.9058960330984784, 4.258319866579688, 7.9930095301009985, 8.323705691210044, 4.1793511134373995, 2.264882372872581, 6.6921031288245345, 0.3834063681433548, 6.322610557330621, -9.149234512280806, 6.371333945474133, -0.2038891736058983, 3.7363553224009625, -2.919561711110473, 11.348674891625771, 10.066082399276224, 16.369353793968866, -0.4691652576896117, 4.017985627301096, 3.3722036915677744, 8.242723954546307, 3.0449110891059945, 2.425925427557284, -29.91298780921565, -13.673170596354812, -1.4435247999065433, 8.569406638291834, -6.094367181406218, -2.947424076321725, 1.417201487847887, 5.237812504838864, 10.329976552352132, 11.178058868565646, 7.860752235941169, -0.526952242308024, 12.297169278904303, 14.672483159868907, 13.314862490024728, 5.802007406959406, 8.976085930794959, 2.0154492790276266, 1.9132653336489533, -3.595982625663003, 0.3933599072337661, 4.357484550924932, -6.669002889131061, -2.3812509615792963, -1.5211547357824942, 3.7942353364395176, -6.847444769921331, -0.26789317389861456, 1.0873941587594926, 3.840812293639906, 2.5605651632264763, 7.467454442759854, 3.4718564872285413, 5.299760427136793, -0.8565163169788779, 4.548176308990277, -6.986136010741095, -0.07121317621347378, 3.5181905183020037, 6.479758157779999, -11.099841500078043, -6.265963397191431, -9.132357857148856, -2.395083635823862, 3.7618523064483655, 5.572468060399434, -3.043673335080015, 0.8077921132044623, -1.0402017602563434, 5.310464341745734, 2.27552369377563, 5.5567908886832225, 3.045003743846284, 9.01229445603843, -9.581419738635539, -4.643277082853514, 3.435155564506073, 10.485296415475554, 8.035884920315548, 20.83682649045927, 19.105156157986535, 29.731003553728485, -6.543567825484628, 0.40979707268248555, 19.968338611559787, -8.216677820145886, 2.7439513432455995, 11.074582518729127, 5.504741738374944, -2.2541468403292817, -3.5642353587706572, -5.728296944135671, 3.406070103730992, -9.640231651184237, 1.087886958355724, -26.36559835302881, -10.533906684907127, -2.857565631916159, -35.56498391498198, -10.700644213742983, 2.448209652671628, -5.342401815648534, 3.910838371625122, -2.1133148860507585, 4.358010376679121, -1.829438052454274, 1.3670319311434962, 1.0772979725587217, 4.969202640893144, -12.409132728370603, 6.849245011168808, 8.021622762445643, -5.2495055065489264, -3.122337059599569, 1.2150188826791077, 2.521741071925779, -5.445251222483455, -2.7652389154650536, 0.7548635817639933, 3.2824963934605096, -5.352326472485339, 2.905497697815845, 5.285988949293662, 3.4501673429916044, 4.755440845986717, 0.7821599724095645, -7.676763786262489, -2.8933035909100586, -4.758564581259254, -0.638981080052234, 8.629802990387027, -6.135906067764948, -5.228127015698334, 3.888886371746982, 5.207987243385153, 8.86364271152697, -0.28084632142840116, 4.95363822322847, -2.470271765167223, -1.548414344057401, 2.533292997667258, -0.019396120153261087, -16.92340052105476, -10.918457980401888, -1.6461322792507764, 2.325596802569469, 2.517058987238325, 3.9613847751034723, -1.0196598772759096, 3.03958510793275, -10.904428081103108, -4.686441614164382, 6.775868530057741, 8.490430036747355, -8.059790850343784, -2.5348008872616563, -11.14809570256942, -4.642267943934064, -15.892046541373361, -6.513624614449705, 3.451673115820903, -7.233322010740174, -3.885267402325636, -0.12276201134616072, -1.6140052980220259, 6.155428624611639, -2.4644020487345037, -5.738599826499874, -0.33977595672743455, -0.36838156240765496, -5.303562036393307, 8.257446433290026, 19.436835649030932, 15.936571023677022, -9.155399056812582, -20.89338943031485, 1.5969242882975596, 0.35980263328109796, -5.489048174156704, 12.815870373848703, 0.36693701902864406, 4.912377638062242, 2.354612567301343, 7.492080539246594, 7.13462698555251, 1.6236258619370465, 0.6218969980642339, 1.2840609751066112, 5.910531838693173, 10.546124833484397, 16.740609390020367, 5.051098860611147, -4.337901991902056, 5.392068850432834, -2.4622803195277876, -0.23710182641088107, -8.080134391295765, 9.979156501916993, 0.6932542029271107, 5.635884929688855, 6.417899086887907, -3.8378106749429324, -1.1850362717538565, 24.32489220996944, 26.36001651399411, 12.247503914199486, 6.591183578909968, 9.257667833679228, 7.538840168245283, 5.135220045175368, -14.081337336209952, -16.224113433879864, 5.5509146395417694, -1.1177711908023116, 4.534641496206832, 20.959088405761218, 8.42923059625894, 24.753241931324702, -12.703901941886288, -7.422002208454035, 7.595584873546201, 14.225521980482778, -2.044250196721728, -10.24644705081626, 3.544613722895546, 3.2237365023554885, -7.766288427474393, 15.020738764285746, -40.74432162744252, 13.424549685579084, -1.897295478123016, -1.7011301498098095, 1.2752146543020717, -11.643678781681333, -4.136469713204274, 51.31909391605053, -4.211478708241147, 4.955462532851234, 7.936905251008078, 23.714348450919935, 18.238778219371255, -5.746585383186192, 6.513381821461042, -19.566255000167494, -0.9682825178138494, 11.57447684449191, -0.3369498607928967, 2.782035969633461, 8.809734590791944, 16.525799910824677, 8.970009902747007, 7.57733620919449, 10.754125662823522, -11.586386679288053, 1.521673201146405, 6.953162118871299, 9.05189442240293, 10.159566792901991, -2.430725128965722, 4.139723385468051, 1.2169389416330638, 6.884323690580567, -4.307193005731829, 1.3996889034922084, 2.385812005040424, -5.204830850010747, 3.99888525241822, 0.6458897485274715, 6.717600481452301, -7.822708164566231, -9.682594511584208, -12.066747665343417, -17.265038908498543, -31.067817880314735, -4.415933218950409, 1.092742596317314, -13.579899269632396, -14.296952796247457, 0.9741219260929159, 3.824374078381862, -8.150396614134403, 0.6014871098745542, 3.2112297979533233, 7.615727981992718, 7.137899956348978, 12.672791914503662, 16.04780390877505, -6.141462528708104, 0.03284508594433122, -13.38409834874436, 4.688177644639568, 6.615537209744165, 19.696576594772615, -5.412052370914438, -9.353450079713566, 0.11053044600704132, 0.4854248352618362, 0.6856828448454602, -17.61299307286225, -5.486077299349612, 0.2081647741357182, 1.5803740952271117, -4.5354835409782, 6.090095033101453, 8.809152597817933, -34.609399383298665, -9.055201886669696, -3.3659555397152894, -2.8615086586635576, 2.845615052031959, -5.474183497450785, -3.923964662541509, -10.591205850522115, 1.5549936746821218, -1.795729515136483, 1.0578834391517036, -5.358916488331845, 2.6619603142971417, 7.078370380170453, -2.9516406847800147, -3.2248968842392958, 3.5871451674125767, -8.250857081693814, -4.751288462602922, -1.7267871194266005, 1.8821031013141063, 5.924921742128357, -4.169217839020606, 4.797971304223717, 3.466429111064679, 5.206726303244306, 7.96376327277064, -7.172519512826815, -3.9786442341914, 3.453650815260425, -7.527397859911485, -6.382188902608874, -8.718144204829459, -5.935279208056869, -3.5662618451155397, 4.273722383069503, 2.7299970992677687, 0.8290625846408486, -16.898205316199956, -1.4481525816496972, -4.048898599768263, 4.035307717059562, -42.92667120591402, 13.200072302117547, 13.657646786206614, -8.31763288721331, -7.778860314078704, -14.246646540549087, -8.224116680729217, -2.559952215472905, 2.9253284372814314, -4.566564706607263, 2.6373768835933027, 2.9222560275053033, 7.907601778076975, -2.6057317592656246, -2.50411320673521, -7.788903449767968, -0.9259312082116531, -21.29992814447546, -11.681604857381714, 15.339195452279732, 6.875189727251811, -7.0366432116957025, -12.607411097178629, -7.503606688469272, 2.784505778724363, 4.094197904363879, -9.553591278408202, -8.408374445628517, 6.898331013495971, 9.022338481143759, -3.88328579317345, 4.472165735838068, -15.378859409205933, -3.0138296098047443, -53.69128721728369, 4.896307726894163, -9.60823793942875, -7.738640687671044, -5.6204822763773095, 3.522534383511703, -3.669719228125554, 4.5092543608875895, -4.3561023977843, 5.186338220448751, -9.865305755208261, -20.873619718017668, -1.4556860448789242, 1.5383325449380472, -5.6456288932487055, 4.180104833133596, 1.5727418486229372, 4.445805034650551, -13.462178947172443, -2.234951370394349, 4.387553221694262, 9.810434917476929, 8.411866788923403, 10.456988227346589, -4.08520074525603, 2.327759926787765, -9.530927354797209, -5.124368137105275, -0.3461268829432629, 4.336738298385205, -0.4709141304651703, 1.8915732842239934, 4.914644453491039, 9.766927836201708, 1.1625786919967513, 1.7873099729406874, 7.159798762010736, -2.6620412003919287, 6.248428810872968, -9.884234151432993, -4.9546085871072805, 1.2163483940215365, 2.910852269789107, 9.146321105055039, -4.473755720817405, -31.415017933081998, 11.55844996078169, 5.980269574874819, -25.080852889126803, 0.6719257756961237, 5.198418901529353, -4.1939656900892395, 3.7148489228100363, 2.577626224377296, 8.085992886672166, -3.101850129062529, 3.6411239287066532, -1.4784661898813298, 7.573140660398437, 3.915974226658223, 5.744658246803512, 1.2237913280644892, 4.651854824335581, 5.848798536323497, -8.308983604069436, -6.321266128740838, 1.7099258598899145, 5.722821589818107, 1.4464720082177205, 7.011982370280485, 2.27007693173307, 7.501469854160774, 8.205062532795157, 0.9563680368867316, 6.11032914938777, -10.851302138585392, 2.349380178654901, -22.509444187506112, -5.178503349172271, -2.5874219013499276, 3.947307598856674, -7.593372700930182, -0.29303260605441883, -3.768700195284976, 2.659307725413161, -2.5116714036812184, 1.5227305501504396, 8.314359706716456, 6.180412346112123, 6.161497314851923, -15.073369142790003, -5.090535961284001, -0.7900126219485277, -8.900325631602641, -10.944402649374172, 5.817257216945936, -13.256073011847512, -6.003210023794226, -2.29161263191588, -9.663286202996616, 8.055923165973933, 7.779620341009625, -2.908530889550446, 13.538486348242527, -6.325907614961782, 1.939857902228683, -0.6920428474518645, 10.095703376238125, -6.305810751249069, 0.5358578346951037, -3.556310923929811, 2.415925812146741, 2.511993021927848, 10.12314937898789, 8.236466227995527, 3.894219189751918, 9.912042859263135, -17.544283129824944, -2.7055538600379143, -6.466503326742899, -4.519766233920196, 0.2881710327403155, 1.9402973958191834, -5.879664423726101, 3.2364044914475345, -13.588511849084242, -2.3976317759037493, -7.1804549125060095, -1.5869118710042254, 2.50593285244624, 8.240514432122051, 1.3384362297961365, -7.2259280130733945, 2.3304075732077707, 4.036228808711819, 7.063922366687631, -0.7251322995947378, 4.429287883445632, -4.49868298885049, 2.6649227155006034, -1.2003195455560989, 6.497662726507835, -9.723484099610314, 0.3766406029707903, -48.39688556295768, -19.358121283142708, -6.193521352007686, 3.1844438425654156, 2.5549652257606095, 8.728361486689545, 0.7036354964361955, 4.886289489426456, 3.909433739340388, 9.46625260935267, -9.379063652651396, -5.387659492922658, -14.961796286897528, -1.3266425052482553, -16.823295004116858, -1.6618079376666341, 0.06561837652885094, -4.082641091543367, -2.8079139778560847, -20.601012359005836, -15.848866799237175, 1.9026856049768237, -0.22540291742923246, 3.8179511277824867, 0.17309642159512073, 4.45738608057799, 0.6000078517447291, 2.009822921774334, -1.595023503665106, 7.022239607555546, -18.65421715147807, 1.758507678826853, -0.8395607150780191, 2.113541934229591, 3.680769741619497, -5.359285519693994, -3.702126454956233, 2.3056889320870626, 2.103672492984316, 7.404233189588794, 9.30298276482129, 0.18843010672683125, 1.1136284743707543, -20.125311160117075, 0.8217025111723295, -6.40284045264206, 1.9381241862261587, -8.598762152887357, 1.0898114295723136, -10.839000075697834, 2.669069306120642, -0.6750267597333504, 7.843535421373703, -22.4799401261153, -3.2710149153805737, -0.41644737702923296, 5.549329757295595, -4.791532444871503, 1.6049791993745828, -3.9599414252796348, 4.041090134951941, 2.928693054729143, 9.357404136422833, -10.787885965509796, 0.6314127871243169, -10.798546431238904, -4.785333530410972, -2.816014562523956, 2.683400197294392, -6.527350752764535, 0.9808187523935756, -8.262038193827951, 0.28854145360120986, -2.2182438927056345, -2.727439184350103, 2.1302828531786604, -2.6149144413076395, 5.517975772499046, -9.503672977957672, 0.7846895634544355, -20.135164058505467, -11.334355826493901, 2.074056664336825, -13.4665108193315, -5.402667690314619, -0.8390706386032174, 0.21908997737280256, 3.6356984134415318, 2.0184313817497284, 7.9775103552495725, -3.1154668861818586, 0.8990112296778467, -1.4094184358973427, 2.674705433504551, -5.4022485217503355, 0.9349433678679424, -21.151338529390667, -10.717860970616641, 0.30504865961242844, -10.923479922027138, -3.256431064348559, 2.3466791638033437, -1.1769255584388185, 3.9239581337557388, -17.161000582763315, -2.47231004747182, -5.755327087521108, 7.865926901166667, 9.391818183000275, -12.975410865078302, -9.595709863133472, -3.4631828935741527, -5.365276949664445, -90.24174519430265, -9.195301257325863, -5.621042562788265, -0.6567782286253636, 4.857114884522767, -1.1513374541752524, 6.799902611220396, -1.8618804621497413, -3.8310654125473653, -7.9172062250118085, -3.662965412469832, -5.036221160994142, 3.152599882260521, -8.09436607430082, 0.719409897483227, -9.742482494024907, 1.234038457399386, 2.2967479801708617, 4.463464934303375, -12.446728032177736, 0.12067682579207828, 0.3084283484261756, -7.686869529574816, -5.7109210887736115, 2.1150997277591013, 4.310137926126952, -4.494458818413092, -3.659525545149973, -6.375858542440536, 3.1006064037992114, -1.1453069641127507, 3.424267268173526, -0.11036197702057615, 4.900394685765413, -0.2502303222111508, 2.922878311178654, -10.173405821734901, -3.8086198901820434, -17.85878912127626, -9.705435441645346, 0.5065146122035107, 4.741571736877452, -1.2025169947052112, 1.1097351581371686, 6.46149299857852, 12.157550081837202, 1.9174157844213475, 1.4356343885960428, -3.4398480479217057, 4.358636849214555, -18.5140363668363, -9.331524196907107, 2.097712883981956, 5.316181112104779, -17.321227340387647, -6.92904202100272, -2.1385972414306376, 3.4658806365166317, 4.397686584868399, 11.374161760969276, 20.349647321939173, -6.984037286688359, -13.489611551949782, -2.5490333316286438, 4.019523283180552, -7.271974891903493, 1.4878248915195849, 14.715945738383068, 14.573399809043709, 2.6180980386932378, 5.502714100914031, -3.3567318417462553, -3.204296208919295, -1.1088592136469995, -4.2924689345106, -8.844392924614638, -4.300526845914472, 2.8225235255958885, 3.1633702108495916, -4.8737213897112035, 0.45766391826572805, -0.9846688555124006, 4.299528799694725, -2.9825640021475883, 1.232878749110592, -14.659712087090806, 1.7950302024126708, 7.156894170841456, -11.939421883756097, -5.410386619771073, 2.549399543236323, 1.37759320415715, 2.4803846444943467, -3.096338669826667, 0.875343011148142, -3.8793286572079864, -2.6228360786824925, -0.8616679415994946, 3.617121781346158, 0.6967941919225682, -4.085985047173036, 1.5639718811497492, 0.010404150688828384, 1.9045631517784283, -6.848856667740737, -7.901033948968886, 4.787148302975704, 8.873863702976701, -6.290916869208358, -7.829985104998611, -3.1696323176118244, 2.852610557375045, 2.6864120076157545, -1.5068023592731232, -0.11278056199875008, 1.2204124223340735, 6.211393163769731, -15.022586144533701, -1.7795690009428742, 21.445699847068344, 20.11577869989889, 8.85996020619545, 8.06777535433022, -3.6275948960526114, 1.2787221085717106, 1.5265151834099653, 8.669777456404164, -1.4358012315156388, 3.9083962208010536, 0.34422572465329715, 5.090895103179038, -11.153414640074459, 0.320727119814745, -13.232251362203558, -7.0449646736207985, 14.476105679092441, 27.039476098962506, 5.615900628839639, -13.940289198705617, -6.360295498418047, 6.904127180127103, 5.735766275004314, 9.181147779813315, 5.4060207811698415, 3.19128745740841, -1.1486061940633765, 14.761331932911279, 12.293350661248864, -15.012856282599927, -0.529679295677068, 33.51083987131529, -4.042297356824955, -1.319938483388567, -8.71046418506091, 0.9014017959319767, 3.1852498371288305, -2.3706946147803856, -4.0190970108613975, 3.622814250145964, 3.2817404521255726, 6.109333023105123, -8.892706830331699, -6.548032108887995, -23.817115024803165, 19.266589621825112, -22.476349357590344, -10.317772601565087, -1.473610553862558, 5.904870241707628, -9.849087269217938, -3.36523180487579, 2.77818859184105, 1.0591315392826939, 1.7642798893516178, 7.250161037315424, -11.594317303921496, -5.145322623990404, -9.87083966999332, 1.2668707282770526, 5.635758980636355, 9.027252632023012, 11.246245720361244, 9.25373024159215, 13.377941280148878, 6.434745244817628, 12.582080535146195, -3.112309683419428, 0.8918431013037407, 6.13562047683616, 12.564935879914835, -2.4459470077935133, -15.087019238224268, -0.849126607126991, -7.990756446033467, -1.1796975130695908, 1.655551350164112, 4.444356359343056, 8.633303602534243, 2.5700496771860117, 4.0431800791723465, 2.8348512865642883, 13.322187934477318, 17.05194595818428, -6.043517819142522, -1.467553352470102, -10.940694703134493, 9.406821872815803, 3.804679903157253, 7.448625330771771, 0.8233363200340522, 5.204866311343375, 9.92992056771589, -23.702071106526105, -7.273392758348065, -8.221851957289285, -2.097234705175269, -1.5791375444761564, 5.060633144456272, -13.050695143513988, -7.2369394064589425, -3.6266000347533, 3.056903990290324, -19.457342444095524, -3.2267310390132287, 22.5843504190138, 10.190005844875822, -5.91016539190182, 2.1629353620967313, -5.8237718232329545, -2.361026335798513, -3.6002112657300684, 4.7331160042615785, -6.495330058033115, 2.465117269620919, -4.005474956828049, -16.370726161590813, 4.372433615422179, 5.181033108919298, -11.457394958159595, -25.42947868626478, 3.7259359406510093, -1.145756502260857, -2.5121052605994367, 2.6632009164103914, -3.9715441037093338, 3.0239778839880893, -8.799634374351289, 2.753921067823446, -1.0200855717596418, 1.2615233449942154, -8.357383148477048, -7.147283887303216, -28.080749805848313, 4.267213019818498, 8.45803022761148, -9.502033825879744, -2.8470634091598863, -2.343454411286755, -7.242466777347552, 1.2265365716736825, 5.648693797784402, -32.8457806171472, -3.389558410880499, -5.716679484077943, 2.6480465513991356, -4.122657288666137, 2.536243040077587, -12.61368481059936, -7.521771829783416, -13.696680345037276, -72.26303015369339, -20.049781699963106, -43.739903531822144, -1.7766637467769715, -4.31677812542719, 2.4058841382660248, 6.438935238076776, -0.2935493009422445, 1.5931754790595751, -0.8380690005812466, 2.846254773183336, -15.317376166066818, -15.269919203839986, -24.735813529123554, -31.656172353092394, -12.883925241675902, -11.99034383218689, -27.281950656531567, -5.955938753778465, -1.4759994488553292, -8.265885556197048, -0.7037289234342627, -9.435781580950131, -10.463264560308568, -2.94814418537077, -12.797314514681169, -7.395252887974781, -5.985847084270453, -88.09130020472612, -15.191729715059164, -47.23931679935577, -26.423704306421264, -64.94119790144849, -16.335433408404693, 21.390338458744814, -12.65237062936126, -4.676429372834194, -6.381450735590015, -0.9106584206680561, -16.939160959852003, -9.158268584182732, -16.375538909831185, -8.253977593972444, -24.756798570713222, -59.65060863718795, 10.195879963129011, 6.293221105606113, -9.211949042215869, -10.12860119926239, 0.06585569162052307, 2.0998776391691636, -0.9360685321609359, -0.6903066684266927, -10.659389041997771, -7.89486545609498, -4.446669142228107, -13.23769604500036, -16.024680604877634, -5.965393207601927, -9.539486416016477, -3.9063857809927547, 23.44645467978782, 13.747353197173751, -8.57410620692443, 3.8024323512833376, 8.264995582066565, 35.33224165980167, -17.7225110770523, 7.645600567520926, 5.028679891116932, -7.416467446773865, -6.0784955032249, 18.296233018476713, -10.2915124599613, 12.41730451506135, -7.193663869136595, -1.8074419190008544, -30.141084635476766, -18.85145469287962, -2.667094748388663, 2.219464813640638, -1.135673607962016, -0.8326162775573027, 1.7255957312762107, 8.76342217136426, -21.598124109528523, -1.9466190392962157, 2.708495551111179, -26.92259552335885, 2.3876381499267705, -0.07601929764694537, -4.396527716413615, -3.6199174053963925, -14.523224828006832, -4.282377431563512, -19.534137892838913, 3.850977978121365, -18.14183543510239, -7.214051404048767, 0.9771328088911919, -2.970979528529566, 0.2908738546875522, 5.372350517418689, 7.876143976603654, 15.296370062077731, -11.53456609796795, -0.47447019137875746, -6.917375164558152, -12.40646640546194, 1.1475072966335373, -6.431586112357394, -33.930228620334184, 3.374269001546945, -7.515890646474293, 8.758111609172824, 5.354906924331443], "y_pred_val_XGBoost": [-5.450542449951172, -5.529897212982178, -48.7769775390625, -23.337678909301758, -13.192651748657227, 16.59101676940918, 0.19451425969600677, 1.2454317808151245, -6.221320629119873, 3.8611843585968018, 15.718276023864746, 2.487067461013794, -4.07166862487793, -2.532325267791748, -0.04938548803329468, 2.8565406799316406, -1.7132717370986938, 2.8436901569366455, -2.8016574382781982, 6.059464454650879, -12.803603172302246, -5.3347249031066895, 5.193872928619385, 5.9848246574401855, -6.620889186859131, 10.383598327636719, 1.6798113584518433, 0.6513178944587708, -13.648822784423828, 7.834858417510986, 4.704159259796143, 4.257046699523926, -0.7800621390342712, -28.256559371948242, -23.770339965820312, -13.73045539855957, -30.64217185974121, 5.276646137237549, -1.3622335195541382, 6.884925842285156, -7.6802167892456055, -28.57352066040039, -9.491659164428711, -15.089734077453613, 8.540663719177246, -12.340675354003906, -4.7052812576293945, -2.2414724826812744, -38.33602523803711, -0.009305711835622787, 9.524452209472656, -2.671563148498535, 2.0560059547424316, 1.4681169986724854, 4.255144119262695, -1.9438493251800537, -7.455455780029297, 9.817228317260742, -0.7687455415725708, 3.3414580821990967, 6.185516834259033, -4.437352180480957, 4.371184349060059, 6.718164920806885, 37.25764465332031, 1.1180472373962402, -3.736971139907837, -4.104339599609375, 6.399088382720947, 7.546834945678711, -3.9209179878234863, -0.11171982437372208, -9.458426475524902, 4.572152137756348, -0.035952746868133545, 2.6703240871429443, 8.81373405456543, 14.68028450012207, 1.0161744356155396, 4.051940441131592, 8.498281478881836, 10.411808967590332, 9.592859268188477, 9.985475540161133, -37.57279968261719, 7.820230007171631, -13.460186004638672, 2.978158473968506, 1.0162590742111206, 7.917789936065674, 5.52021598815918, -6.212948799133301, 15.108436584472656, 8.592461585998535, 7.156284809112549, -1.573098063468933, -6.075738906860352, -3.40431547164917, -2.4628913402557373, 7.078293800354004, 2.4228222370147705, 47.88618469238281, -2.6920666694641113, 7.4097394943237305, 4.291904926300049, 0.24891334772109985, -0.8687232136726379, 26.002391815185547, 12.793594360351562, 4.034809112548828, 4.41006326675415, 11.096941947937012, -5.5060930252075195, 12.870521545410156, 6.419440746307373, 3.0657708644866943, 4.076073169708252, -27.637741088867188, -20.44914436340332, 4.529509544372559, 4.8102617263793945, 0.6735296845436096, 1.7757058143615723, 4.767922878265381, 4.778532028198242, 0.011476382613182068, 1.0905489921569824, 9.661639213562012, 8.888118743896484, 2.4672324657440186, 1.8047891855239868, 0.5595865249633789, 0.3564964830875397, 5.8005146980285645, 0.65514075756073, -1.9519894123077393, -12.114686012268066, 3.0971131324768066, 6.8345866203308105, 32.08954620361328, 7.702469348907471, 27.5262451171875, 32.818973541259766, 2.6856720447540283, 5.023007869720459, 6.514133453369141, -0.31754112243652344, -5.349199295043945, 17.816587448120117, -4.422153949737549, -6.120266914367676, -7.314164161682129, 8.239710807800293, 5.914576530456543, 5.375726222991943, 14.704601287841797, 17.23834800720215, -5.220487117767334, -8.140825271606445, 8.748451232910156, 18.09822654724121, -7.939469814300537, 1.4024477005004883, 8.469799041748047, 10.166589736938477, 1.0990046262741089, 4.071195125579834, 0.854713499546051, 11.378747940063477, -1.3518942594528198, 2.051992654800415, -12.648663520812988, -1.6529818773269653, -18.79285430908203, 10.751824378967285, 24.958837509155273, 8.86751937866211, -51.6622200012207, -6.484964847564697, -32.017032623291016, 2.3767123222351074, -1.2105529308319092, -2.731590509414673, 0.9195666313171387, -3.0649425983428955, -0.8288233280181885, -12.288961410522461, -6.326226234436035, 3.8343889713287354, 1.6681499481201172, -0.7562820911407471, -1.9271340370178223, 6.315810203552246, -1.1643956899642944, -13.634018898010254, 3.362982749938965, -19.373291015625, 2.19502329826355, 0.8359956741333008, 5.475036144256592, 17.674211502075195, 12.876660346984863, 9.971892356872559, 5.982351303100586, 0.09541110694408417, 3.797616720199585, 5.830860614776611, 21.77090835571289, -6.672600269317627, -27.515472412109375, -2.0591344833374023, 0.8692888021469116, 0.6918174028396606, 0.4855845272541046, 4.173694133758545, 17.36031723022461, 13.187483787536621, -4.971312522888184, -3.8742759227752686, 24.064584732055664, 5.013806343078613, -9.505596160888672, -11.013969421386719, 11.845909118652344, 60.03733444213867, 15.649056434631348, 2.131692886352539, 0.2971803545951843, -4.295246601104736, -3.4320216178894043, 8.83913516998291, -3.812201499938965, 32.67237854003906, 9.307307243347168, -32.15046310424805, 10.090513229370117, 38.12728500366211, 1.7562068700790405, -8.907769203186035, -29.57906150817871, -3.4383885860443115, 1.0336923599243164, 2.174344539642334, -0.9133890271186829, 16.342506408691406, -4.567514896392822, 1.9200334548950195, 1.556411623954773, 2.362765312194824, 14.298811912536621, 15.671266555786133, 30.9664363861084, 23.55901336669922, -6.8100714683532715, 57.76036834716797, 13.418347358703613, -1.5599472522735596, 18.25368881225586, 9.331582069396973, 9.544572830200195, 6.842639923095703, 5.132571697235107, 12.456169128417969, 12.061775207519531, 13.05483341217041, -3.8547885417938232, -2.899024248123169, 5.4981913566589355, -0.10011021792888641, 3.2862775325775146, 2.541877031326294, 0.8749696016311646, 2.7745771408081055, 8.995420455932617, 7.835394382476807, 18.541181564331055, 9.74948501586914, -17.906375885009766, -7.0639801025390625, -2.0084950923919678, 1.358778476715088, 16.893964767456055, 13.556868553161621, -22.323177337646484, 26.37808609008789, 10.908952713012695, 10.418030738830566, -5.746305465698242, 8.555439949035645, 8.886412620544434, 6.668541431427002, -1.1764277219772339, 0.036173440515995026, -5.496421813964844, 5.700167179107666, 7.28053617477417, 21.660076141357422, 0.1299731284379959, 0.10603766143321991, 14.262428283691406, -27.04464340209961, -2.225066661834717, -10.408252716064453, 33.884483337402344, 6.461796760559082, 4.1879658699035645, 11.219917297363281, 31.607921600341797, 2.635528326034546, -19.973859786987305, -0.7038177251815796, -6.70554780960083, -3.213188409805298, -2.108851671218872, -0.9998775720596313, -4.560615539550781, 3.888814926147461, 3.3495354652404785, -11.33328914642334, 5.493107318878174, 10.904350280761719, 2.152111530303955, -3.1968607902526855, 3.136707067489624, -8.722367286682129, -5.9455790519714355, 20.18233299255371, -32.200008392333984, 9.161642074584961, 7.019014358520508, -1.8387030363082886, 2.5319621562957764, 11.76279067993164, -1.5325887203216553, -2.3846490383148193, 3.0032715797424316, 12.367609024047852, 10.64113998413086, -0.7977999448776245, -2.3727927207946777, 0.3044840693473816, -7.659087181091309, 0.3553597629070282, -0.3890407681465149, -1.2069542407989502, -1.1945029497146606, 5.437989234924316, 4.492732524871826, -46.91992950439453, 5.682244777679443, -8.50362777709961, -5.269342422485352, -8.311112403869629, 10.458513259887695, 6.86182975769043, -1.480989933013916, 24.597076416015625, 8.572900772094727, 8.121006965637207, 5.075924873352051, 15.279521942138672, -0.4256887435913086, -2.866467237472534, -2.7805633544921875, 0.15555784106254578, 5.330628871917725, 3.326171636581421, 1.1882681846618652, 37.124141693115234, 30.972320556640625, 14.317694664001465, -7.636099815368652, 2.423255443572998, -2.0106399059295654, -3.8761723041534424, -1.0847805738449097, 0.8856016397476196, 2.3587217330932617, 2.0182125568389893, -1.826049566268921, -3.878342390060425, 3.0394387245178223, 8.203553199768066, -24.334474563598633, -20.69460678100586, -11.842124938964844, -5.919137954711914, 3.48850679397583, -10.621907234191895, 21.7241268157959, 0.4768678545951843, -6.220703125, -4.278021335601807, 3.6225357055664062, 13.953836441040039, 0.12325850874185562, -5.4692888259887695, -13.674873352050781, -9.57137393951416, -2.145888328552246, -1.4673298597335815, -4.239680290222168, -2.6424448490142822, -3.187385082244873, 8.658153533935547, 2.5271034240722656, 15.260064125061035, 27.141145706176758, 37.134361267089844, -33.51498794555664, 1.3723728656768799, 4.24016809463501, -6.510506629943848, -20.20796012878418, 5.315330982208252, 20.623455047607422, -6.223091125488281, -5.322566032409668, -3.16107439994812, 2.65211820602417, 20.07842254638672, -13.100465774536133, 16.665836334228516, -6.441334247589111, -6.145514011383057, 47.099876403808594, 4.730255603790283, 8.336877822875977, -21.024045944213867, 12.56809139251709, -1.593001365661621, -18.193038940429688, 15.849194526672363, 12.429098129272461, -3.218841075897217, 14.053603172302246, -0.8579519987106323, 20.842180252075195, 0.9198576807975769, 6.407399654388428, 9.190059661865234, -12.981729507446289, -6.967586994171143, 0.9050639867782593, -26.982709884643555, -2.7945868968963623, -3.9350485801696777, 45.57157516479492, 25.910619735717773, 9.829656600952148, 7.517736911773682, 41.91758728027344, 43.856998443603516, 10.774014472961426, 0.38231217861175537, -4.285139560699463, -1.4251281023025513, 29.18623924255371, -16.750633239746094, -10.811188697814941, 15.065683364868164, 1.8480377197265625, -3.6195414066314697, -5.213388442993164, 30.750629425048828, -1.5819332599639893, -6.180109977722168, 14.203210830688477, 15.381681442260742, -35.30239486694336, -1.4895105361938477, 7.818140506744385, 6.319573402404785, 5.0750555992126465, -16.76734733581543, -51.650550842285156, -5.561929702758789, -2.6356730461120605, 8.532451629638672, 9.929503440856934, -2.9378786087036133, -10.04746150970459, -3.7458882331848145, 11.88489818572998, 9.44191837310791, -5.08839750289917, 8.031233787536621, 29.168292999267578, 1.8024154901504517, -4.198519706726074, 2.4074625968933105, 30.550378799438477, 1.3727976083755493, -2.1479482650756836, 1.0983028411865234, 2.688058614730835, 7.712667942047119, 21.580963134765625, -12.11961555480957, -3.489347219467163, 2.8146276473999023, 22.44792366027832, 8.631355285644531, -3.5928215980529785, -12.146477699279785, -1.1471805572509766, -1.1471805572509766, -2.4428224563598633, 6.863745212554932, -2.9119906425476074, 8.3633394241333, -6.557875156402588, -8.586536407470703, -27.33245086669922, -7.23757791519165, 22.716999053955078, 26.13908576965332, 2.4448697566986084, -0.6333478689193726, -20.246864318847656, -34.33716583251953, -2.290430784225464, -1.088992953300476, 16.425880432128906, -4.948543071746826, -9.484256744384766, 1.6302400827407837, -9.899394989013672, -13.984678268432617, 7.3019022941589355, 7.028146266937256, -34.80411148071289, -23.35921859741211, -50.291133880615234, 6.002601146697998, 15.201861381530762, 10.142457008361816, -3.069519519805908, -15.703798294067383, -4.9189534187316895, -11.155740737915039, -9.812285423278809, 2.4565281867980957, 19.551218032836914, 13.413936614990234, -7.490061283111572, 20.101375579833984, -8.652518272399902, -0.6402254104614258, 21.034841537475586, 3.6851890087127686, 4.999822616577148, -5.893938064575195, 1.4491764307022095, 1.5779218673706055, 17.63341522216797, -9.00515365600586, 21.590885162353516, 1.1725744009017944, -4.446026802062988, -2.7400200366973877, 12.656908988952637, 15.976154327392578, -15.376974105834961, -2.104013442993164, 0.4358064532279968, 8.454737663269043, -9.131625175476074, -5.167259216308594, 3.5299456119537354, 5.979294300079346, 1.5863697528839111, -7.333804130554199, 36.394229888916016, 4.524160385131836, -4.581002235412598, -2.6815967559814453, -1.7821404933929443, 4.757267951965332, 0.979139506816864, -6.378560543060303, -60.318092346191406, -27.020132064819336, -21.05340003967285, -30.87109375, -3.8809170722961426, -3.0296947956085205, 23.28776741027832, 13.092195510864258, -15.986489295959473, -12.32080078125, -1.8845590353012085, -4.119774341583252, -11.000232696533203, -33.23229217529297, -6.2291340827941895, 15.31212043762207, 2.3699278831481934, -7.924108982086182, 0.9081102013587952, -2.3677618503570557, -2.6316535472869873, -0.8402493000030518, 4.774507522583008, 5.820518493652344, -1.1767120361328125, 29.206911087036133, 41.71998977661133, -3.294220209121704, -45.80978012084961, -25.827486038208008, -2.4098153114318848, 5.390502452850342, 5.073879718780518, -10.991374015808105, 11.439715385437012, -3.574418783187866, 5.5035858154296875, 2.3627331256866455, -3.0877583026885986, 3.281651735305786, -10.889117240905762, 1.4423503875732422, 0.6171939969062805, -5.943432331085205, -17.619722366333008, -3.8798770904541016, 0.8845679759979248, 5.955228805541992, 6.423490524291992, 6.4783124923706055, -30.006807327270508, -10.734683990478516, 2.309739351272583, 9.932013511657715, -1.0894216299057007, 1.8746888637542725, 2.2106523513793945, 4.813843727111816, 9.487643241882324, -4.168384552001953, 33.088924407958984, 2.766223192214966, -6.536627769470215, -0.11695119738578796, -2.1952900886535645, -2.1592698097229004, 9.77980899810791, -25.015260696411133, 2.1426150798797607, -6.883471965789795, -6.567305564880371, -6.610451698303223, 4.807159423828125, 3.0670080184936523, -0.3669430613517761, 6.0364484786987305, -18.930015563964844, -3.7376210689544678, 1.3472563028335571, -0.06498894840478897, -27.786924362182617, 3.422484874725342, -1.8398783206939697, -8.12942123413086, -8.012434005737305, -8.329986572265625, -60.25638961791992, -64.93321228027344, -7.630838871002197, 3.979576826095581, -11.163965225219727, 2.496293544769287, 6.559399127960205, -1.034647822380066, -18.884668350219727, 7.980238914489746, 7.562301158905029, 5.268435478210449, 1.7416211366653442, -3.692443370819092, -6.458146572113037, -4.076932907104492, -10.149027824401855, 0.4790434241294861, -4.919624328613281, -20.37495994567871, -19.689022064208984, -5.321876049041748, 5.737092971801758, 7.407440185546875, -5.317949295043945, -9.063149452209473, 1.264136552810669, -6.191304683685303, -0.9053857922554016, -32.475128173828125, -6.929920673370361, -24.973661422729492, -18.506723403930664, -6.104236125946045, -4.480695724487305, 6.211479663848877, 4.887174129486084, 3.1747028827667236, -1.885865569114685, -52.76789093017578, 7.013347148895264, 5.580902099609375, -1.8192963600158691, 2.8763484954833984, -3.017972230911255, -6.554225444793701, 2.431086301803589, -44.616241455078125, -51.547908782958984, -26.486053466796875, -14.624260902404785, 2.2539594173431396, -18.978923797607422, 2.8348500728607178, -18.18876838684082, -22.463672637939453, -53.494232177734375, -13.710305213928223, -20.95244026184082, 3.4960224628448486, -6.449005126953125, -6.609421253204346, 7.306705474853516, 3.5583674907684326, 4.5621490478515625, -11.125292778015137, 8.095534324645996, 6.012868881225586, -48.21315002441406, 34.486934661865234, 8.626654624938965, -6.786245346069336, -6.03564453125, 8.79362964630127, -48.652034759521484, 5.417346000671387, 17.89577865600586, -60.26898193359375, -14.02188777923584, 16.76932144165039, -23.539413452148438, -13.513643264770508, -17.981124877929688, 22.2335205078125, 3.47629714012146, -33.784122467041016, 11.454594612121582, 7.505947589874268, -30.01594352722168, -17.109928131103516, -0.08025515824556351, 7.715218544006348, -39.30103302001953, -3.441817283630371, 1.0085179805755615, -4.214157581329346, -6.610109806060791, -13.808109283447266, 2.512059450149536, 17.558961868286133, 6.827920436859131, 9.416912078857422, 6.3653411865234375, -5.042187690734863, -51.30412673950195, -0.5338274240493774, 6.487886428833008, -19.845918655395508, 4.805299282073975, -7.590068340301514, -1.7072432041168213, 1.3224695920944214, -4.160884380340576, -4.771316051483154, -5.143038272857666, -3.231755256652832, 0.875547468662262, -12.289175987243652, -13.719161987304688, -8.975008964538574, -8.553879737854004, 18.307458877563477, 15.208863258361816, -17.492759704589844, 1.5669258832931519, -0.6906618475914001, -5.791178226470947, -7.643575668334961, -5.283820629119873, -48.95874786376953, -0.2062060385942459, -4.878180980682373, 5.043287754058838, 6.184643745422363, -13.038483619689941, -7.557900428771973, -2.4961400032043457, -9.636383056640625, 16.16739845275879, -6.515667915344238, -48.30418395996094, 3.289733409881592, 2.9115841388702393, -1.4205405712127686, 0.09198307991027832, -12.382671356201172, -17.459716796875, -23.710453033447266, -4.602023601531982, 5.538323402404785, 5.7370829582214355, -28.627758026123047, -10.724600791931152, -24.85276222229004, 0.8473148345947266, -2.3316869735717773, -0.5335694551467896, -3.1061580181121826, 0.7293478846549988, 1.7088760137557983, -1.0386245250701904, -2.0150599479675293, 0.7981960773468018, 0.2730543315410614, -47.010711669921875, -9.853049278259277, -5.524766445159912, 12.794981956481934, -17.664485931396484, -62.8148307800293, 7.02813720703125, 3.6814277172088623, 14.025345802307129, 15.759294509887695, -0.1706220507621765, 0.38306719064712524, -3.287891149520874, -1.8899683952331543, 11.24335765838623, 0.8360947370529175, -0.04448127746582031, -1.8631092309951782, 4.043468475341797, 4.299086093902588, -30.09955406188965, -4.768988132476807, 1.4625943899154663, 0.9164510369300842, 3.9840240478515625, -1.9291563034057617, 5.515550136566162, 9.336152076721191, 14.508177757263184, -1.8497655391693115, 0.13028720021247864, 31.939960479736328, 13.547859191894531, 8.959940910339355, 0.46120405197143555, -1.2407797574996948, 3.519531011581421, -0.8156022429466248, 18.945024490356445, 8.122393608093262, 6.617402076721191, -1.8312172889709473, 6.945207118988037, 2.9958770275115967, -6.688558578491211, 60.57910919189453, 45.42364501953125, 11.688889503479004, 24.102767944335938, 8.10192584991455, 28.050405502319336, -10.637472152709961, -2.608646869659424, 9.117127418518066, 10.921483039855957, -15.631595611572266, -19.8394718170166, -55.42168426513672, 17.42159652709961, 13.277803421020508, 0.5720218420028687, 5.15201997756958, 8.196441650390625, 4.653201103210449, 4.630599021911621, 18.805559158325195, -5.354045391082764, -19.722490310668945, -0.6957076787948608, 31.57752799987793, 4.912201881408691, 12.836034774780273, 13.367703437805176, -4.5060577392578125, -29.59393882751465, -6.549415111541748, -16.58318519592285, -25.01686668395996, 1.094459891319275, 1.1781202554702759, -5.922455787658691, -5.413754940032959, -2.6478302478790283, 5.148499011993408, 6.734520435333252, 2.0452630519866943, 3.166344165802002, 6.6800007820129395, -27.730775833129883, 6.9035468101501465, 7.656935214996338, -49.82367706298828, -5.191755771636963, 0.5088794827461243, -14.989102363586426, 3.1789445877075195, -0.6166442036628723, 6.049428939819336, -0.7594448328018188, -0.7594448328018188, -4.292809009552002, -11.18448543548584, 17.478240966796875, 26.91185188293457, -17.813682556152344, 5.235529899597168, 12.820237159729004, 28.1987361907959, -5.282015800476074, -3.453805685043335, -6.810715675354004, -3.699683427810669, -2.213266134262085, -0.4523744583129883, -12.338141441345215, -24.133960723876953, 1.987963318824768, 3.6251819133758545, -6.829463005065918, -1.1796185970306396, 5.974002361297607, 2.110826253890991, 14.384940147399902, -8.957235336303711, -47.86977005004883, -44.947078704833984, 7.980917930603027, 7.870858669281006, -6.306765556335449, 3.9641449451446533, 13.443584442138672, 1.0309746265411377, -9.237785339355469, -6.004950523376465, -3.89703369140625, 0.4333535432815552, -5.011831283569336, -5.944438457489014, -6.118952751159668, -3.518413543701172, 1.1727054119110107, 0.7955785989761353, 3.9635918140411377, 24.208837509155273, 11.20132827758789, 14.927949905395508, -57.72846984863281, -76.93267822265625, -7.376124382019043, 0.11855779588222504, -6.096693992614746, 26.826278686523438, -12.990273475646973, 1.59633469581604, 9.632184028625488, -6.859818458557129, 4.034422874450684, 0.48593682050704956, -2.2712180614471436, -4.334193706512451, -10.829568862915039, 17.036277770996094, -20.764747619628906, 1.3725591897964478, 34.23017883300781, 2.9587440490722656, -2.88834285736084, -8.093697547912598, -5.430296897888184, 6.549190521240234, 12.758761405944824, -3.9871747493743896, 10.780122756958008, 8.373208999633789, -6.371199131011963, 0.8982740044593811, -1.565515398979187, -28.543039321899414, -3.7273526191711426, -0.34143829345703125, -11.495156288146973, 9.642298698425293, -4.986496448516846, -18.917354583740234, -23.52860450744629, -16.416746139526367, -12.844769477844238, -5.235075950622559, -1.3132023811340332, -5.391996383666992, -6.209765434265137, 11.671045303344727, 6.487381935119629, 0.826133131980896, 17.03343391418457, 5.9003005027771, -3.1896328926086426, 33.13322830200195, -6.526291847229004, -13.606508255004883, -9.845146179199219, 3.657151222229004, -44.08139419555664, -42.53342056274414, 8.46820068359375, 1.339443564414978, -20.366832733154297, 1.2550828456878662, 0.6561059355735779, 10.831870079040527, -5.465576171875, 6.716422080993652, 9.921714782714844, -5.095245838165283, -2.1544525623321533, -8.978833198547363, -3.145974636077881, -4.075695514678955, 4.718337535858154, 6.131808757781982, -55.584991455078125, -30.844438552856445, 4.234923839569092, 17.734310150146484, -5.633852005004883, -8.886995315551758, -6.949524879455566, -4.910755634307861, -16.511005401611328, -11.703350067138672, -3.6470632553100586, -4.193100452423096, 7.250102519989014, -4.548033714294434, -19.030780792236328, -3.931079864501953, 30.778911590576172, -6.403133392333984, 19.69451332092285, -0.09472658485174179, 10.877655982971191, 3.6369645595550537, 7.661904335021973, 37.08262634277344, 51.649497985839844, -15.781423568725586, -10.341170310974121, 5.935544013977051, -9.9887113571167, -12.230111122131348, -19.437225341796875, 4.412067413330078, 6.2113871574401855, 11.02726936340332, 0.23601071536540985, 7.541112422943115, -46.22084426879883, -43.88950729370117, -21.243061065673828, -13.548538208007812, 7.013049125671387, 2.6122052669525146, -5.667177677154541, -6.285477161407471, -14.343292236328125, -3.0448989868164062, -13.075604438781738, -16.06545639038086, -20.793834686279297, -18.7645263671875, -30.055824279785156, 2.2800405025482178, 0.4722749590873718, 4.0344157218933105, -2.5835845470428467, 5.373506546020508, 16.116411209106445, 51.55137252807617, -60.75947952270508, -5.007674217224121, -4.169411659240723, -46.53761672973633, -32.013187408447266, 10.021788597106934, 13.071145057678223, -1.195801854133606, 3.104201555252075, -14.25080680847168, 1.8841981887817383, 0.8744827508926392, -3.2142200469970703, 22.915149688720703, -3.1000192165374756, -8.979308128356934, -20.814067840576172, -0.3725903630256653, 3.170314073562622, 0.30409127473831177, -2.8078227043151855, 0.5978928804397583, 6.091438293457031, -1.5800434350967407, -9.312718391418457, 2.290980100631714, -4.078181266784668, 0.29271405935287476, -34.112571716308594, -8.492134094238281, -19.162208557128906, 4.718367576599121, 5.158225059509277, -3.5226547718048096, -44.475345611572266, 27.897972106933594, 2.159395217895508, -2.6960132122039795, -1.9322338104248047, 5.15733003616333, 0.019477814435958862, 0.05173550546169281, 7.772368431091309, -11.975732803344727, -4.122499942779541, 2.6817150115966797, 2.8988912105560303, -2.8900394439697266, -3.443729877471924, 5.402378559112549, 7.749441146850586, -6.716167449951172, 18.514720916748047, 26.87057113647461, 24.11203384399414, 32.261592864990234, 12.182426452636719, -4.684356212615967, 6.301939010620117, 14.62531852722168, 14.271627426147461, 5.716119766235352, 5.883402347564697, 0.13631224632263184, -7.988667964935303, -6.613898277282715, -9.255132675170898, 8.820223808288574, -12.335161209106445, -29.46234893798828, 0.3842509388923645, 0.8428040146827698, -5.305830955505371, 13.06855297088623, -13.271430969238281, 18.619556427001953, -10.31992244720459, -1.9139323234558105, -2.4058187007904053, -0.823091447353363, -2.8900394439697266, 4.827851295471191, -0.06344669312238693, -2.3680357933044434, -0.319094717502594, -1.6837538480758667, 16.949947357177734, 39.76747512817383, -29.778396606445312, 3.0094857215881348, 2.927241802215576, 10.101137161254883, -5.1346635818481445, -5.735278606414795, -12.41246509552002, -11.093931198120117, 42.98339080810547, -16.23920440673828, 18.118854522705078, -49.01224136352539, 8.1319580078125, 22.903661727905273, -7.1897149085998535, -8.342753410339355, -26.662090301513672, -27.652151107788086, 1.992558240890503, -3.678842782974243, 21.460575103759766, -31.115798950195312, -26.452726364135742, -15.598496437072754, -20.44166374206543, -12.650630950927734, 19.029945373535156, 29.913454055786133, -3.3074376583099365, 4.92503547668457, -7.244029521942139, 20.46762466430664, -3.6673994064331055, -9.306404113769531, 18.260974884033203, -3.9131717681884766, -3.9370718002319336, 11.983116149902344, -13.580348014831543, 4.353785037994385, -0.5778554081916809, -59.81848907470703, -32.739715576171875, 18.7303466796875, 4.741931438446045, 25.582332611083984, -33.76197814941406, -12.934950828552246, -15.246767044067383, -27.763572692871094, 0.2818032503128052, 20.106510162353516, 33.071250915527344, 23.107728958129883, -12.111954689025879, -5.3133111000061035, -19.72255516052246, -27.283348083496094, -9.501472473144531, 11.504895210266113, -2.3160347938537598, 1.425425410270691, 10.842535018920898, -8.975652694702148, 15.302845001220703, 3.03566575050354, 17.69718360900879, -15.903908729553223, -5.2792487144470215, -16.77461814880371], "y_pred_test_XGBoost": [-6.236860752105713, -24.949752807617188, 0.9453312754631042, 1.7631560564041138, -9.823281288146973, -24.505041122436523, 27.667970657348633, -2.41776967048645, 24.283536911010742, 1.0236560106277466, -0.7419961094856262, 1.2577354907989502, -4.786777496337891, 9.430986404418945, 1.7235372066497803, 14.477710723876953, 5.501981735229492, 1.7094365358352661, -1.7063370943069458, 6.349023342132568, 16.38330841064453, 13.222577095031738, -24.934410095214844, 1.2040643692016602, -1.055375099182129, -24.459043502807617, -15.575945854187012, -6.061577320098877, -2.5940239429473877, -10.278822898864746, -20.933671951293945, -53.99287033081055, -17.270545959472656, 0.6617154479026794, -21.337770462036133, -14.331122398376465, 9.3024320602417, -9.083070755004883, -0.5501351952552795, -10.906492233276367, 3.1510767936706543, -15.448640823364258, 9.360036849975586, 2.726231813430786, -7.337111473083496, 0.4738638997077942, 5.847588062286377, 8.608619689941406, 7.994985103607178, 13.923580169677734, -3.0549426078796387, 7.3591742515563965, 1.3676902055740356, 2.495070695877075, -10.614286422729492, 2.1286189556121826, 2.8466851711273193, 10.665265083312988, 2.9504125118255615, 7.124462127685547, 18.270042419433594, 3.1570725440979004, 9.867705345153809, 9.932409286499023, -11.288716316223145, -9.328291893005371, 3.390334129333496, 3.857936143875122, 0.5091922879219055, 7.296987533569336, 6.874983310699463, -1.5393427610397339, 2.6187236309051514, 6.971894264221191, 11.336599349975586, 20.326379776000977, 4.752744674682617, 1.2264854907989502, 39.37826156616211, 4.536498069763184, 10.79558277130127, 15.825652122497559, 4.193958759307861, -22.78042984008789, 2.8216044902801514, 1.0240323543548584, 4.380395889282227, 1.0118663311004639, 9.732585906982422, 6.8551344871521, -1.796690821647644, 12.105629920959473, 1.4064050912857056, 12.571457862854004, 17.94491195678711, 9.365909576416016, -5.627086162567139, 21.00595474243164, -14.440716743469238, 11.693449020385742, -0.44373923540115356, 8.7287015914917, -6.615486145019531, 19.27301788330078, -0.2450135350227356, 15.7506742477417, -1.2941381931304932, 13.089510917663574, 14.18051528930664, 9.439452171325684, 26.564800262451172, 20.165664672851562, 30.84676742553711, -3.642725706100464, -6.853840351104736, 15.629900932312012, 7.997619152069092, 18.22903060913086, 6.542442798614502, 5.3022308349609375, 1.6998093128204346, 12.920584678649902, 3.237283229827881, 9.899602890014648, 39.16579818725586, 0.568475604057312, -41.42743682861328, -23.122386932373047, 12.072930335998535, 2.133321523666382, 0.16090109944343567, 11.526408195495605, 1.740959644317627, 4.400144577026367, 0.8235511779785156, 8.678716659545898, -3.833564519882202, -0.08021385222673416, -3.807495355606079, -0.09703109413385391, 13.433100700378418, 17.833072662353516, -1.0677552223205566, 2.623439311981201, -5.829740524291992, 20.735319137573242, 14.165525436401367, 42.67704391479492, -15.271875381469727, 0.4547322988510132, -0.035945869982242584, 15.679213523864746, -16.03422737121582, 19.718955993652344, 8.651766777038574, 26.28232192993164, -7.83536958694458, 6.652639389038086, 2.3955695629119873, -10.141874313354492, 11.469005584716797, 3.672015905380249, -42.43105697631836, 5.842676639556885, 31.09270668029785, -19.88349723815918, -7.149256229400635, 8.186867713928223, 4.703037738800049, 13.951826095581055, 24.903100967407227, 32.66135025024414, 13.005914688110352, -11.734477996826172, -10.28439998626709, 22.614490509033203, -1.7823851108551025, -12.833586692810059, 1.8841803073883057, 2.002657413482666, 12.240077018737793, 15.244612693786621, 20.685903549194336, 0.9646028876304626, 52.40825271606445, 33.96150207519531, 0.7817410230636597, 17.72744369506836, 12.27983570098877, 22.51369857788086, 28.26426124572754, -22.045673370361328, -9.766209602355957, 3.968590021133423, 4.227044582366943, 4.137953758239746, -1.250271201133728, 5.8572187423706055, 0.6109142899513245, 12.26671314239502, 1.3134962320327759, 12.07598876953125, 7.714485168457031, 8.967883110046387, 2.7150797843933105, 8.91773509979248, -9.121091842651367, 5.482244968414307, 4.824126243591309, 13.258570671081543, 2.219403028488159, 15.88125991821289, 20.684803009033203, 32.583229064941406, 5.863926887512207, 18.50710105895996, 12.393195152282715, 12.111172676086426, 9.21214485168457, 38.292362213134766, 0.9917607307434082, 15.341934204101562, 5.9753031730651855, 3.075282096862793, -0.11410240083932877, 32.168277740478516, 10.048330307006836, 7.8104376792907715, 0.3673636019229889, 19.816661834716797, 3.0450832843780518, 21.130603790283203, -13.050666809082031, 35.220096588134766, -4.334476947784424, -11.622282028198242, -16.285974502563477, -0.7013726830482483, 8.969161987304688, 11.238083839416504, 8.272329330444336, -21.39954948425293, 3.7281816005706787, 1.2407865524291992, -12.579058647155762, -18.749225616455078, 4.005714416503906, -28.50466537475586, -14.301161766052246, -20.422780990600586, -43.203712463378906, -48.448177337646484, -1.997161626815796, -1.5465902090072632, 2.5961477756500244, 1.55552077293396, 5.253592014312744, -12.271209716796875, -4.608841896057129, 30.241975784301758, 7.587939739227295, -2.990800142288208, 8.253739356994629, 9.835456848144531, -1.818565011024475, -7.862893581390381, 1.784485936164856, 0.8242505788803101, -1.342936635017395, 12.212444305419922, -1.539616584777832, -3.6682004928588867, 0.7875089645385742, -1.5250399112701416, -0.9615033268928528, 2.300421953201294, 7.718296051025391, -25.614948272705078, 0.6781807541847229, -2.494774580001831, 24.876432418823242, -7.541529655456543, 8.85398006439209, -2.258152723312378, 15.127519607543945, -1.7216538190841675, -1.852359414100647, 2.779294729232788, 10.820113182067871, 27.599336624145508, -10.181984901428223, -2.404968500137329, 25.449085235595703, 10.625035285949707, -0.39464765787124634, -13.000782012939453, -3.4250519275665283, 0.8869695663452148, -9.933971405029297, -1.617133378982544, 10.733116149902344, 1.2051465511322021, -10.278088569641113, -3.9713778495788574, 7.439421653747559, 18.531957626342773, -6.270864486694336, 29.73632049560547, -5.768266677856445, -9.523268699645996, -14.550442695617676, -0.30676817893981934, 9.792513847351074, -7.008870601654053, 1.6531562805175781, 3.7412171363830566, 4.574413299560547, 0.8116413354873657, -10.001813888549805, 6.414825439453125, -2.433396339416504, -6.430603981018066, -32.21842575073242, -22.063520431518555, 39.84367752075195, 34.3958625793457, -65.0501708984375, -33.86076354980469, 17.565195083618164, -1.4175755977630615, -12.659723281860352, 45.3617057800293, -4.053467750549316, -3.7337234020233154, -2.502434492111206, 14.926133155822754, 15.755927085876465, -18.52419090270996, -14.815391540527344, 39.45043182373047, -1.2447607517242432, 8.803776741027832, -13.447715759277344, 7.498551368713379, 9.49765396118164, 11.965120315551758, -6.803468227386475, 0.36078184843063354, -4.117853164672852, 34.25023651123047, 6.965097904205322, 1.2162551879882812, 0.5532288551330566, -25.707719802856445, -4.068027496337891, 16.80262565612793, 31.6265811920166, -6.707304000854492, 10.10153865814209, 17.38934898376465, -1.4162360429763794, 3.879206895828247, -16.967500686645508, -26.112672805786133, 11.809160232543945, 0.5203654766082764, 10.337026596069336, 10.070852279663086, -11.35048770904541, -1.8475395441055298, -9.321627616882324, 11.106420516967773, 9.292303085327148, 26.80255126953125, 7.2148284912109375, -22.424272537231445, 12.213300704956055, -1.8820997476577759, -4.390646934509277, 17.485858917236328, 4.363619804382324, 21.929304122924805, -41.95093536376953, -5.071645259857178, 15.837799072265625, 23.236867904663086, -17.01944351196289, -16.17030906677246, 3.488724946975708, 5.673172950744629, 17.97230339050293, 10.582244873046875, 17.031085968017578, -4.292407035827637, 5.469265937805176, -1.073831558227539, -15.481646537780762, 8.838528633117676, 17.143287658691406, -0.16235393285751343, 14.926163673400879, 19.72116470336914, 51.98268127441406, 7.293295860290527, 17.31300163269043, -40.054752349853516, -1.0416425466537476, 13.282549858093262, 6.684592247009277, 20.137781143188477, -2.58251690864563, -0.12285134941339493, 7.257024765014648, -1.7747211456298828, -8.6414155960083, 7.40698766708374, 0.37082114815711975, -8.387015342712402, -1.2571042776107788, -9.445798873901367, 25.62565803527832, -33.04433822631836, -11.126092910766602, -14.025626182556152, -28.68048667907715, -32.2030143737793, 8.01521110534668, 7.084500312805176, -17.23231315612793, -19.095365524291992, 3.0057179927825928, 12.348838806152344, 13.93457317352295, -6.943506240844727, 12.66293716430664, 17.264802932739258, 6.455570220947266, 8.272236824035645, 48.00666046142578, 16.30899429321289, -2.1830990314483643, -49.30244827270508, 14.255579948425293, 19.953371047973633, 17.7595157623291, -32.30219268798828, 9.193683624267578, -11.032563209533691, -1.5765950679779053, 4.199432373046875, -2.8429417610168457, -13.45808219909668, -4.302691459655762, 2.7985098361968994, -47.150352478027344, 24.093114852905273, 21.797882080078125, 23.367414474487305, -8.204577445983887, -6.369539737701416, -5.770297527313232, 16.13763999938965, 8.588375091552734, 13.364327430725098, 5.1626176834106445, -1.0329216718673706, 10.216626167297363, 1.1364107131958008, 5.7434234619140625, 0.5525479912757874, 13.376870155334473, -5.166917324066162, 4.350172519683838, -1.397840142250061, 4.250392436981201, 0.47318094968795776, 0.025416061282157898, 3.5318257808685303, 7.570566654205322, -3.4538304805755615, 17.15462875366211, 9.986652374267578, -0.9496297240257263, 11.05907917022705, -8.6513090133667, -8.922264099121094, 10.459247589111328, -22.55010223388672, -21.88306427001953, -39.593658447265625, -1.1050631999969482, -1.3756662607192993, 18.227310180664062, 26.719884872436523, 7.546106338500977, -30.966352462768555, -13.098712921142578, -8.863069534301758, 3.6896486282348633, 57.213111877441406, -19.343271255493164, 32.115787506103516, 10.232003211975098, -23.815715789794922, -17.486907958984375, 3.220539093017578, 0.9616090655326843, 4.9361724853515625, -9.390180587768555, -3.980123996734619, 3.236668825149536, 14.34081745147705, -31.8365421295166, -38.25144958496094, 9.828968048095703, -15.883381843566895, -46.881649017333984, -36.90586853027344, 22.775733947753906, 38.86833190917969, -11.424674987792969, 13.478951454162598, -11.091556549072266, 7.200689315795898, 8.106620788574219, 5.189791202545166, 4.79985237121582, -11.522974967956543, 22.0865478515625, 5.339248180389404, -25.22312355041504, -4.253208637237549, 0.22445659339427948, 22.938920974731445, 9.380546569824219, -11.927661895751953, -5.1858720779418945, -0.7076331377029419, -7.525113582611084, -5.489812850952148, -0.02133316546678543, 3.198381185531616, -0.43383193016052246, -12.24531078338623, -24.841825485229492, 11.63793659210205, -4.806665420532227, 6.869687080383301, -6.554621696472168, -6.549885272979736, 1.1309908628463745, -29.466529846191406, -31.615440368652344, 3.0337727069854736, 17.595909118652344, 7.050146102905273, 10.512472152709961, -9.879091262817383, 20.571081161499023, -1.4333833456039429, 7.7224249839782715, -3.9247641563415527, 10.569116592407227, -5.607009410858154, -10.311553001403809, 9.350138664245605, 20.278339385986328, -3.3502306938171387, -3.0154035091400146, 11.951528549194336, -11.53866958618164, -5.324542999267578, -81.75850677490234, 12.085025787353516, 7.400704383850098, -0.3377835154533386, 32.50413131713867, -18.34828758239746, 39.00655746459961, -36.79262161254883, 11.241334915161133, -26.49201202392578, 1.5424926280975342, 12.030679702758789, -10.278196334838867, 10.0851469039917, 1.6521928310394287, 16.43307876586914, -2.258478879928589, -3.3138034343719482, 6.102471351623535, 1.001515507698059, 5.031766891479492, 15.275725364685059, 6.305302619934082, 7.3899359703063965, -3.4050564765930176, -4.102291107177734, -2.3849263191223145, 3.5552496910095215, 1.9002913236618042, -4.3968987464904785, 17.691110610961914, -3.618119716644287, 5.4090447425842285, 8.891091346740723, 3.90511155128479, 6.328070163726807, -28.946426391601562, -0.03702697902917862, -28.96501922607422, -34.75923156738281, -3.124720335006714, 2.504472494125366, 11.75547981262207, -17.25971221923828, 12.426835060119629, -6.082257270812988, -11.213719367980957, 6.522219657897949, 13.788247108459473, 0.6259756684303284, 7.294381618499756, -20.561508178710938, -24.285295486450195, -5.1512370109558105, -44.70943832397461, -24.79000473022461, -2.8408608436584473, -28.933578491210938, -53.584739685058594, -7.467073440551758, -31.281774520874023, -18.036640167236328, 26.571157455444336, -33.407196044921875, -7.233193874359131, -10.653952598571777, -15.012964248657227, 2.555614948272705, -9.214723587036133, -10.991910934448242, 1.8169748783111572, -3.0678958892822266, 14.62683391571045, 7.3433308601379395, 16.927200317382812, -6.946770191192627, -0.6014003753662109, 15.845724105834961, -12.883115768432617, -15.38830280303955, -50.3626594543457, -27.116565704345703, 13.404436111450195, 8.130568504333496, -2.1047208309173584, 8.89797592163086, -16.34423065185547, -9.812674522399902, -17.857484817504883, 7.149881362915039, 2.6176364421844482, 13.439664840698242, -29.324443817138672, -15.193344116210938, 0.2708228528499603, 7.713145732879639, 26.162181854248047, -2.919612407684326, 28.115114212036133, -5.193369388580322, 2.1352226734161377, 9.370697021484375, 9.268630027770996, -32.536582946777344, -12.905940055847168, 1.4127048254013062, -38.095584869384766, -6.832357406616211, -11.138351440429688, -2.857619524002075, 36.80077362060547, 0.5140247941017151, 26.939197540283203, -0.39923983812332153, 24.001815795898438, -32.8503303527832, -21.10162353515625, -40.72956466674805, -34.201316833496094, -18.44293785095215, -40.3012809753418, 23.02185821533203, -7.9033403396606445, 0.16772732138633728, -53.86565017700195, -46.9542236328125, -2.887895107269287, -7.2847490310668945, 1.8184765577316284, 9.679072380065918, -22.93115234375, -6.470537185668945, -7.1401190757751465, 11.501723289489746, 23.85985565185547, -55.165584564208984, 12.916441917419434, -5.746645927429199, 1.1557399034500122, -0.4457378387451172, -46.115196228027344, -15.181692123413086, -5.252822399139404, -3.053295135498047, 7.176812171936035, 7.425798416137695, 1.7812306880950928, 5.018121242523193, -40.47019577026367, -22.81742286682129, 2.654711961746216, -11.831198692321777, -15.623041152954102, -29.960283279418945, -16.87289810180664, -45.15900802612305, 2.5687789916992188, 22.845260620117188, -31.36168098449707, -32.986671447753906, -6.853830337524414, 8.179450035095215, -4.736190319061279, -12.286248207092285, -5.609963893890381, 13.594437599182129, -0.9839455485343933, 14.796476364135742, -18.754060745239258, -12.134430885314941, 11.180680274963379, -10.962149620056152, -2.4128549098968506, 32.55909729003906, 6.261467933654785, 53.33232879638672, -44.18356704711914, 2.7297353744506836, 10.462989807128906, 1.083816409111023, 6.206600666046143, 12.649357795715332, 10.473037719726562, -9.288466453552246, -5.6229400634765625, 29.084575653076172, -25.299036026000977, 7.331822872161865, 5.824187278747559, 14.03520393371582, 15.122627258300781, -4.096398830413818, 2.2926931381225586, 0.08691537380218506, 12.669013977050781, 17.613317489624023, 41.32334518432617, -4.499920845031738, 25.95640754699707, 15.804611206054688, 33.56254959106445, -13.77679443359375, 5.146401882171631, 6.662889003753662, 11.482242584228516, 1.5341020822525024, 7.3394036293029785, 7.598456382751465, 10.947708129882812, -11.666522026062012, -44.625125885009766, 3.527019739151001, 25.767894744873047, 48.72765350341797, 12.534036636352539, 2.0256354808807373, 3.731367826461792, 5.253835678100586, 9.074594497680664, 7.331299781799316, -0.08513829857110977, -4.377038955688477, 4.6157331466674805, 0.5226560235023499, 1.567110538482666, -1.2827322483062744, 16.782278060913086, -6.271728992462158, 16.45427894592285, 2.9310572147369385, 11.381804466247559, -18.8199405670166, -13.800119400024414, -18.844858169555664, 6.650986194610596, 8.365845680236816, -11.002127647399902, -30.118759155273438, 5.975052833557129, 12.810285568237305, 7.2288336753845215, 11.640670776367188, 3.6207847595214844, 8.349919319152832, 8.912389755249023, 23.186037063598633, -7.574499607086182, -4.48637580871582, 8.77007007598877, 12.88028335571289, 15.854011535644531, 43.0010871887207, 5.763056755065918, 11.417423248291016, -7.589698314666748, -18.08427619934082, -6.408154010772705, -24.180957794189453, 3.354738712310791, 18.260271072387695, -1.6387447118759155, 1.7395106554031372, 4.999654293060303, 32.424747467041016, -5.220803737640381, -10.573929786682129, -10.223553657531738, 6.127204895019531, -2.7023422718048096, -9.084761619567871, 10.739910125732422, 9.103126525878906, -23.993587493896484, -5.91408109664917, 0.409069299697876, 3.9682235717773438, -3.3967268466949463, 40.51280975341797, 12.033923149108887, -49.240013122558594, -46.04002380371094, -9.72586727142334, 4.550610542297363, -12.46594524383545, 0.6204441785812378, 20.200544357299805, 25.46828269958496, 11.747615814208984, 43.40850067138672, 1.0242822170257568, -5.723161220550537, -1.6100029945373535, -5.297948360443115, -9.586033821105957, 18.39223289489746, 0.8144389390945435, 1.3105942010879517, -8.035185813903809, 9.083444595336914, -5.89258337020874, 19.307111740112305, -6.071680545806885, 5.668376922607422, -26.50309181213379, 4.81753396987915, 15.633840560913086, -3.878782272338867, -0.3118191957473755, -5.763969421386719, -5.787096977233887, -3.2293779850006104, -2.675600051879883, -0.5532565116882324, 7.707582473754883, -1.397456407546997, -2.952134847640991, 9.331417083740234, -6.187619686126709, 1.4903069734573364, 2.0498509407043457, 8.775108337402344, 0.3071187734603882, 7.207761287689209, -1.0647763013839722, 10.987942695617676, 20.748920440673828, -13.792520523071289, -1.0260441303253174, -1.1756778955459595, 8.635624885559082, -5.107819080352783, 14.37865161895752, 15.717658042907715, 2.1705989837646484, 14.124969482421875, -39.15839767456055, -10.055953979492188, 21.663938522338867, 25.28058624267578, 14.906938552856445, 17.50237464904785, -0.8451135754585266, 20.70085334777832, -7.282332897186279, 16.11212158203125, -2.205901861190796, 8.230957984924316, 1.555016040802002, 14.643584251403809, -4.259544372558594, 9.862784385681152, -12.546127319335938, -21.411529541015625, 29.672943115234375, -10.668134689331055, -14.165809631347656, -14.579219818115234, -16.07094955444336, 15.746796607971191, 5.839283466339111, 40.70716094970703, -32.134517669677734, 8.511043548583984, -8.110488891601562, 4.107462406158447, 25.40251350402832, -18.363306045532227, -43.03251647949219, 19.978883743286133, -6.8961310386657715, 9.356239318847656, 7.210028648376465, 14.598292350769043, 0.04720856994390488, 1.6473242044448853, 0.4732365012168884, 37.936439514160156, 14.228177070617676, 31.76152229309082, -15.730667114257812, -4.952507019042969, -23.70001792907715, -18.1705322265625, -33.478023529052734, -12.834790229797363, 9.650815963745117, 10.034732818603516, -25.181732177734375, -9.38305377960205, -4.184382915496826, 18.879196166992188, 13.582021713256836, 27.260032653808594, -16.135210037231445, -7.575169563293457, -10.558243751525879, 0.6962635517120361, 14.460521697998047, 36.200775146484375, 41.98970413208008, -4.670206069946289, 2.032294750213623, 45.69424819946289, -9.876361846923828, -1.468564748764038, 9.297567367553711, 13.99240779876709, 39.60165023803711, 43.25535583496094, -44.95259094238281, -10.985734939575195, -14.960927963256836, -33.12297821044922, -2.135352611541748, 16.724227905273438, 33.12383270263672, -11.054533958435059, -29.208837509155273, 14.308923721313477, 15.676141738891602, 24.3062686920166, -2.95664119720459, -13.248627662658691, 9.81224536895752, 10.49215030670166, -5.684682369232178, 34.03920364379883, 2.370028495788574, -16.068195343017578, -15.527166366577148, -36.50605392456055, -38.52042770385742, -8.918526649475098, 2.653748035430908, 2.4123668670654297, 4.4582719802856445, -10.781487464904785, -26.843843460083008, -1.3427163362503052, 9.69965648651123, 14.103981018066406, -10.504470825195312, 21.500343322753906, 19.402936935424805, -4.2314910888671875, -1.8285789489746094, -46.18593978881836, 4.472503185272217, 6.453678131103516, -8.691964149475098, -2.2448277473449707, -0.9903262257575989, 1.3187686204910278, -3.1134395599365234, 26.39546775817871, 12.049776077270508, -6.645811557769775, -39.0444450378418, 2.074817657470703, 3.5289053916931152, 2.9798455238342285, 7.348968982696533, 3.714002847671509, -0.3487449884414673, -17.85051918029785, -5.525302886962891, -3.2625865936279297, -1.5428801774978638, -0.05166015028953552, 6.302073955535889, -17.915952682495117, 3.990799903869629, 13.622836112976074, -10.631441116333008, 4.898275375366211, -4.144283294677734, 2.8486645221710205, 0.06417041271924973, 3.9652812480926514, 18.139150619506836, 40.74785614013672, 7.52885627746582, 18.898914337158203, 8.49775505065918, 31.46862030029297, 10.557926177978516, 9.219138145446777, 4.821343421936035, 9.315305709838867, -6.4389495849609375, -8.481781959533691, 6.348437309265137, 9.944798469543457, 5.570312976837158, 17.244394302368164, 19.319854736328125, 33.26504135131836, 0.7045271992683411, 29.29244613647461, -16.430482864379883, -15.947308540344238, 5.28692626953125, 9.043957710266113, -3.3927056789398193, -1.2741581201553345, -6.554196357727051, -4.618805408477783, -2.779231309890747, -8.669833183288574, 4.87319803237915, 0.649750828742981, -8.806059837341309, 16.10487174987793, 6.7077131271362305, 2.863710880279541, 3.5082292556762695, 10.473189353942871, -8.915637969970703, -8.481781959533691, 3.4150400161743164, -3.636929988861084, -10.566184997558594, 1.9867477416992188, -5.91902494430542, -12.95829963684082, 6.899856090545654, 5.6312994956970215, 18.11593246459961, 10.507266998291016, 5.253098011016846, -9.983970642089844, 10.361828804016113, 13.181975364685059, 49.57733917236328, 17.326366424560547, 1.9891244173049927, -1.6094290018081665, 3.510610342025757, 4.315108776092529, 6.720653057098389, 4.5145416259765625, -16.896907806396484, -15.113166809082031, -26.549039840698242, 4.860304355621338, -8.375967025756836, -5.464126110076904, -18.168678283691406, -15.64700698852539, 23.129148483276367, 41.866912841796875, -2.1087334156036377, 3.126581907272339, 17.229148864746094, 33.58500671386719, 16.56575584411621, 22.99068832397461, -8.725240707397461, -9.155081748962402, -36.3929443359375, 5.084608554840088, -28.26490592956543, -4.675512313842773, 1.1395591497421265, -11.354632377624512, -29.820735931396484, -24.846391677856445, -4.705878257751465, 0.3326056897640228, -2.187567949295044, -8.412463188171387, -10.842098236083984, 9.789234161376953, -59.65972900390625, -23.05054473876953, -16.6947078704834, -47.146018981933594, -0.2325419783592224, -33.64361572265625, -0.8695744276046753, -4.276782989501953, -27.918163299560547, -7.612765789031982, -20.45573616027832, 0.9061266183853149, 5.567419528961182, -28.29805564880371, 12.59024429321289, 12.873791694641113, 14.27267837524414, 18.991628646850586, 12.459954261779785, 26.150781631469727, 21.700580596923828, -4.20280122756958, -14.637123107910156, 8.002947807312012, 10.212726593017578, 1.0649775266647339, -61.7698860168457, 24.952302932739258, 19.355857849121094, 41.33340835571289, 3.8830268383026123], "y_pred_val_LightGBM": [-6.489385918765992, -5.474753575757483, -38.33144926418541, -6.6582096825920924, -15.312813958735086, 5.393605836934597, -5.930829682645928, -8.807099655871932, -15.524196942086025, -5.082529360461883, 13.341846324401995, 0.08342733052504067, 3.637702353255652, 8.438386275063873, 2.5567757681051138, 7.31743632003349, -0.3886345749363947, 1.4312836956519785, -3.95660092347084, 8.899272169416012, -13.97795518617673, -3.3634820788634108, -1.0626109918234856, 9.869525572792188, -6.1414660339641, 6.762838776190111, -2.771090288340462, -9.199485231430495, -16.731103424872465, 13.451956494605751, 3.1679199717218642, 9.380929954578505, -0.22077473048368215, -40.94161967554612, -34.46782584468121, -7.839604820586338, -29.710465720659627, -5.863746935835489, -12.394574648821063, 4.17190307662617, -6.918511288050827, -6.477458321940661, -9.404776884137117, -11.293894289939987, -1.533339060287369, -12.21129501462821, -1.4905579326351055, -3.482008001656778, -22.940949460668016, 1.2309226845219683, 5.43255380527407, 1.1627895905512775, -9.913641714556134, -7.861335491874176, 2.0257356045315373, -5.056686964580226, -6.632209912768986, 20.67769841992129, -1.3992943653297605, 2.9576715944027594, 7.865364465896114, -2.4516906010169004, 2.9094641757242203, 9.456274485008567, 28.148215126646896, 1.0688132413767641, -6.718875514047038, -4.163009949206228, 9.011711053495423, 0.3472297484317464, -3.5322353468812926, -1.7939866415481038, -12.26851719692706, -1.0280586266282774, -2.3113651226416403, -1.1799476072424624, 29.555267664331602, 28.284117584334446, -1.4513326493874656, 4.28085909390491, 3.064302443792965, 8.67643874736772, 8.55944185325912, 8.55944185325912, -43.81654130223626, 15.095285931601303, -9.005397027792206, -2.1752041845496954, -2.4207955208162653, 11.373547763979794, 7.000270753312802, -1.9484623663018563, 16.995885575804195, 9.067281952852827, 9.408830958125835, -0.5799939360459508, -10.09669861031606, 1.8125919716293701, 0.26070598924674154, 4.680104799893315, 2.789109717085347, 32.37849428327521, -0.9239485721675772, 3.658840262148691, 2.9718918680614235, 1.2456211949220333, 2.775492492045883, 17.632636008924955, 12.732056289705113, 0.7298471999797544, 7.288926375614435, 11.381027476449729, -9.918671260994003, 5.99328430903897, -6.791755703992454, 0.17004327851224202, -0.018096913987048144, -25.593868111534963, -15.825586158362807, 3.2837701992744384, 2.075856423262986, 1.598019038127571, 0.9787540754419599, 5.492030369280188, 5.997827541423065, 1.1675593172263232, 1.1199704766166165, 8.675726821499673, 9.648644303924504, 4.385511873013727, 3.3095425835085783, 1.8125919716293701, -0.9895814771484949, 5.637580213224715, 3.5935287622696066, -0.7694616868429893, -10.680347434489079, -1.125703759218956, -3.5721591279442797, 25.60537636061301, 12.719423493993693, 29.88417359318944, 20.65373127553558, 3.372465404755408, 4.575492215158866, 10.361985025800704, 4.040925530397247, -8.901422627750762, 13.59351116485747, -8.359984437857552, -1.5999762872039742, -7.978921971444217, 15.11029616563981, 5.983242602976875, -0.6773623777020324, 14.35733837037169, 21.417689742294684, -8.66685412915205, -8.169002205139273, 7.283544495205238, 16.393174179368007, -10.139900009123016, 2.1329175133426634, 11.648912945300864, 8.554948372196876, 0.21729378437667243, 2.5725938401194255, -2.6761143836559214, 10.727570774009054, -7.777939959555507, 6.090529440307334, -6.1948148498289735, -0.26431410466364347, -29.636127217369204, 7.916601439740653, 26.69294415761453, -0.07548562622918961, -42.79762886786304, -4.54148299853907, -26.826847772460955, -9.33496476925783, -3.980996104679638, -9.186500440670098, -2.094957494204087, -3.8908362749871386, -3.7112318157589725, -4.105749589289482, -10.534111326715037, 3.8148779618234068, 4.454104605713873, 0.7034034773435454, 1.2908273010086029, 12.692227499140282, 4.344883211403245, -13.713843191044404, 7.96849330267471, -8.026871883210497, 1.322051483063326, -2.9118220682323117, 2.530702715370656, 26.774772361293028, 6.379589249806566, 25.068686910329717, 4.935190329547493, 1.701279934362497, -1.2000820343907868, -0.497257393254262, 15.44366791210864, -7.103218592309619, -16.354295530687462, -6.881685712486451, -0.3675775008062337, 4.105064770702073, -2.9945259573148957, 8.133013275606926, 14.519756494084776, 8.45126074030517, -5.259745338097688, -2.804052321897898, 18.37856989746423, 4.841369050696825, -13.737197889564925, -20.790363306246338, 3.744239878695754, 56.10093027436884, -14.053101640906386, -1.0085077560415947, -0.9125549286531204, 1.019385993188062, -3.1949848903005202, 33.427245464787276, -3.562530298703955, 14.946409335742123, 7.038748648097261, -32.105444520958834, 11.385500857503121, 39.716338839515096, 5.819909716529995, -11.671633790085382, -21.451220476891166, -6.281363094887385, 1.7119607456254509, 1.31367579700778, -4.433249818951038, 6.457445304522774, 3.965034509744239, -1.0770873682219622, 3.71973293151357, 6.612756084381514, 13.079815708401307, 24.366945711859046, 26.76703173859689, 23.452272466511644, -9.160187986954577, 39.507069021289624, 12.774201121693979, -1.8050284796850606, 18.690429267365523, 13.88054082095966, 9.116060201555099, 11.563806031470852, 3.3755793457092556, 9.387077582289516, 2.028149669449951, 7.2454787479007665, -0.72653451503022, -0.2785457701501282, 1.5526213444764363, -2.7033751655048914, 4.429784510672611, 3.415152167664096, 1.3741303233025248, 6.689772257669124, 6.602469807627025, 5.587837464618515, 16.026425069930323, 12.8183595244669, -12.218464116730601, -9.453361332549665, -1.6824625382045855, -1.1834731502109275, 30.063455986999887, 11.945892376081234, -18.81149254093774, 30.665063492899037, 11.161787206068405, 9.532100177907695, -0.5970883467699605, 12.640706774272386, 6.148102357079471, 1.5601021096204537, -2.7550825815119486, -3.378059659280736, -5.139968355818212, 6.577695024819981, 7.678699297916101, 12.762612403642743, -2.3392906143511425, -2.0167305303774614, 14.165037969700665, -22.737886731393953, 0.9572517832434526, -7.563768637048626, 29.99235769517789, 3.3003192657189917, 4.331617289327437, 1.5329203098059476, 31.243954035945986, 12.974642437971417, -6.48048011294423, 3.3339023335304208, -13.234274558523694, -2.8481622890839913, -0.07582615130863102, -0.40979024978036044, -4.940556805207838, -3.1173091482408153, 3.216267641953649, -14.359012535785652, 1.2746684627643285, 5.241074184165003, 3.54675572196046, 2.1341766810319562, 3.5569170160314463, -4.463422958413067, 1.0106137007563554, 21.189830215565504, -29.942962766986973, 8.583173920513202, 4.169148124727037, -0.33145316905737293, 5.971582962008194, 13.018113454385967, -2.9217833310584247, 3.379522796149278, 2.510456899975113, 6.462085125062172, 4.885228307609997, -0.28982596643568587, -1.2296798215146185, -3.3292729931409286, -9.654939153885145, -3.1074432785474566, -4.308650596289295, -2.304039180464708, -0.6346231150655646, 5.243408795468433, 2.4755057354235945, -44.107082375562726, -6.112753440085361, -8.991955919574512, -1.3194149919231148, -5.008963798971703, 10.23123033903929, 2.7543074782522106, -5.237260343940702, 15.392184318734941, 8.205501364283545, 3.698822580832592, 5.036221689713219, 18.40108762051061, -2.6517510855335034, -5.624207206878144, -5.807003566585626, -3.958922604561891, 2.5924448793860706, -3.4456081931842317, 4.506088681522211, 38.1982792727251, 30.311935021558877, 14.202162996808802, -10.856887943790305, 11.397157521955354, -5.494503465060781, -2.127783036606054, -3.8636647906706383, -0.28443589099442057, 10.316519267309129, 3.654395645345555, -4.617905108788231, -14.958251347348558, -4.335248075456378, 6.1016008446596075, -17.402643995787574, -21.587406240521712, -10.30480934097032, -4.519634421738472, -1.6080520782796124, -4.874624958873192, 19.845254553393517, -1.402734098766011, -2.143224908541231, -3.911530581338067, 3.9943225502216326, 14.233619475335699, -4.268657816151064, -1.9656988823551986, -11.586718892452211, -6.441173614742706, -4.616312255805766, -2.5081111949386745, -5.646004212682358, -2.654185489592179, 9.08678610465406, 11.978645436434919, -5.534082871332907, 9.066218983967236, 21.566133543702552, 31.304336923706632, -11.418764918793714, -10.211404200672861, -4.74720069216856, -7.43246046268251, -17.31277502277412, 6.275704258920419, 17.811490310333646, -8.260925791906203, -4.097906177609965, -2.0197910238512686, -3.5754076469107323, 17.512053286884207, -9.57008024095006, 14.030272164652606, -8.319819899527797, -4.9298652331308075, 31.662137197723208, 2.705125441304359, 4.543209146033491, 6.185879316634728, 14.08027069742123, 1.6576560669837752, -17.139927900209024, 12.743023690232597, 12.296851691888016, -1.907098984934094, 9.086044335955991, -5.627150828048984, 24.084121624602886, -4.360758596904133, 4.434272056117411, 7.385038821717829, -12.35673015785331, -6.95862340341606, 20.835077490458715, -16.52098550007545, -1.5958981675787327, -1.833261450116656, 34.843796324471, 9.858810974308888, 9.17341672348273, 8.480336736599739, 36.312688353370795, 35.7109402910435, 7.591487501421661, -0.2042509635249495, -1.7254222016915959, -2.0926715400439537, 25.233936731416637, -8.884826057040495, -6.261721283556403, 16.92012821251331, 3.6307988470225205, -4.01890083236528, -11.35202724976518, 33.8920772511808, 5.593837885090262, -6.670032379592774, 15.065384303012017, 11.822561805038966, -30.96301306459884, -6.203945388767656, 8.028525710735886, 7.18058669777265, 0.9991277727236454, -7.610958121305331, -39.44750708916276, 1.6185568753721074, -1.2874711396977268, -1.1231945216111778, 2.7277608399179143, -10.23192535020872, -7.073208553989585, 7.654948705294236, 24.773503135725317, 5.799388606731281, -6.389612052405629, 14.79983568798681, 26.570503671258148, 5.6758201515088365, -1.597339756411604, 13.754253527944114, 30.839252681651946, 2.7464793245368018, -7.734736695569374, -1.2030313699654063, 1.9302636373351028, 1.7357519327148028, 21.201017460629323, -11.661665280018585, -2.5034892396678177, 16.117034418921268, 21.048473794661415, 12.39188651692061, -3.0668998774271805, -5.305927407858005, -3.2227020640997153, -3.8377567492519153, -13.011119528754223, 4.105499126681834, 0.46067992831978394, 4.344517094301786, -22.82376525310378, -8.488426817796984, -12.734151192366909, -5.4685299391291595, 23.616881268579636, 23.569440843678947, 4.710957897550633, 3.0674252921005496, -12.059721108578719, -28.401621565990162, -0.2835286031581696, 6.93662030090907, 10.815270455168257, -8.320941259256694, -11.837854169949047, 3.442022640346289, -13.287931289448858, -6.174834299895949, 8.468536249779406, -0.4280053554333197, -17.16686609796228, -8.069181299802404, -40.91283850851976, 5.716706408654941, 25.01465300206993, 8.973009337211874, -6.547753355745738, -15.629523816912217, 5.814499706973198, -12.038517849862078, -6.540595994593655, 4.44606094796338, 19.149741075257154, 3.1957119231611624, -13.036820278139047, 11.00199822845842, -5.254450498931318, -1.1145588105767241, 16.740955762179993, 3.0487498699169016, 13.071940525746331, -4.222344927493419, -0.23688270353150573, -0.09681238244515811, 13.452294732753703, -9.2344764356776, 19.902750887742094, 3.824968402683529, 7.740140779710195, 0.37307753868514104, 10.913476900535928, 15.779427346426209, -15.929841114566829, -1.4082389139400437, -4.413588322976626, 4.157893409887205, -5.9133048687612595, -3.301379241566034, 8.12197924012264, 13.530692939183115, -3.3327764113507614, -4.955641966102654, 40.70270515829096, 8.132816357197907, -3.197444096074717, -3.331589946316166, -10.29630327824681, 1.1594172218896772, 2.2443266908160933, -5.965052517391265, -49.93949011579607, -27.201741222947604, -28.173600364457382, -25.440693589310758, -1.8550479079274487, -6.5431071406904335, 23.04786670396948, 13.523334893313162, -11.96281490595658, -7.468638796606254, -7.739941781754739, -9.506731398211443, -13.668696481685053, -23.147529287453516, -2.1028458346841252, 14.7583818004144, 5.964360781029663, -7.789465037808061, 4.1545181050504105, 0.11363884668291113, -1.8661028989938462, -0.5109127211580399, 2.219427767693577, 4.925370141034112, -3.7244837014801746, 16.08522429000611, 33.1709961522471, 4.527090126671715, -50.96816679123581, -21.624860412669328, -2.4238472227119634, 3.298313231618863, 3.4544241261047226, -15.613787503332096, 11.618879835420648, -5.079028634143294, 5.308686139282483, 1.7525569909998893, 2.5100656520063627, 7.059752413784002, -10.857388461480385, -0.3157574571705143, -1.9694503096057614, -5.904496666758708, -17.933482181847673, 7.883689746408017, 1.9556042653123993, 3.4760492079819545, 5.231566663860659, 6.383020126393304, -39.05253205358443, -13.008750299455606, 9.348683357054194, 9.634945646522814, 3.910882504670515, -5.388143973287316, -8.457005641728394, 12.080661551433753, 9.396386553696438, -8.422832055570543, 21.136284399048346, -4.932433899750464, -8.494881414899957, -1.047775039710959, -6.682868853004863, -6.81379293894836, 15.459679763721551, -35.59914971579086, 5.624609256103497, -18.53284504805815, -1.6345808859218829, -6.371351161116538, 0.6419979299052058, 5.404320601123196, -1.6478759672698893, 12.18203452612704, -14.60738480008668, -2.2248049343645366, 2.683521405597156, 1.545305373713032, -32.06058421316249, 7.862679015494366, -3.4866058247409537, -13.591679154742156, -5.8681558772580775, -9.739247889842224, -59.93079223851187, -64.27630028276867, 4.916281899213369, 9.748842323837081, -13.331046529382997, 2.266131988799326, 13.129238604171638, -5.08971482260053, -12.488189705368727, 11.741765086118704, 0.06417271361104873, 1.8007217157936923, -4.3735189707235556, 0.16480117254614934, -5.665280243424866, 0.612209129804379, -5.182578525827605, -7.8394908835976524, -9.333914142425824, -25.744728923930037, -28.99871180035389, -4.890622558455504, 4.944840514111426, 11.326298182260476, -6.145665763460018, -5.339788708037205, 5.722062527646129, -2.8289507510362717, -4.123287162204995, -29.275908929453706, -16.44019637426786, -8.394964294963405, -21.3016483204649, -2.7695944192894637, -2.7695944192894637, 7.411714431718922, 4.216293064025583, 2.8510289321297133, -0.3849257848917128, -47.94341247272743, 12.363259241691447, 1.8256221461725728, 0.47954191480142244, 2.5120900258712298, -6.695973557825624, -6.020524431743635, 3.256450656220648, -31.95734714223877, -37.358766339743966, 5.017550266805198, -1.0221356039928198, 12.035923890412318, -25.66619690029792, -3.2835398929730744, -13.068784973918328, -34.23387596208328, -36.012237884069165, -12.068155699679245, -19.63696368975636, 1.2618481918437272, -3.9275978330969266, -3.9275978330969266, 8.659252621849348, 4.1059566055932155, 2.0086885754151034, -7.540974183876039, 8.074720009390498, 5.92187163449786, -29.557873333490083, 29.560184401351133, 11.998560172298042, -8.980326808724037, -7.371391951755247, 12.901608155771553, -50.67240230110109, 2.480249375647994, 14.83219457191837, -64.31714139945295, -15.034955607838784, -0.9255302556271273, -19.33743918407561, -10.488914667283927, -22.327764428156055, 20.644992685501006, 6.768033770665613, -39.16430833418987, 7.817689099075946, 6.452649351725761, -25.681530557334074, -16.59757529798497, 1.8364281963114366, 6.673752738131479, -27.38343883837179, -8.042691153701773, 7.516311485062332, -4.20153373287385, -3.4723241929184803, -8.662522699789958, 1.4976398279000154, 15.413424738978895, 12.300421536407203, 13.181446314641168, -0.0032049860587401793, -5.488593989130368, -48.52643023024812, 0.19434535498244768, 2.260561565431829, -23.986561171469003, -6.32495725834049, -12.101864307273221, -6.0023096372441875, 3.2809601393829912, -0.32010991216765516, -5.160013513001761, -2.466076692883933, -2.6654137409722294, 1.6840727367554646, -8.227048028665159, -13.771990623584538, -15.695332182310626, -5.3541159846950785, 19.168886262163582, 18.371131661457277, -15.651237399864977, 5.52470538251138, -0.9260644594662393, -6.646331862376894, -1.5071518552757173, -4.364349531503743, -42.220225622664074, -4.233949190664919, -4.984170762907059, 3.2650711184760968, 2.675098174604797, -12.083789027879101, -19.512103539855445, -1.5243874416538752, -9.367311746249962, 13.346597727720567, -17.350093715391683, -40.9414272109257, 6.420727197446728, 5.5736756740731215, 0.4326638080926762, 2.225663562367436, -9.178933550650179, -20.246599008785957, -26.051690566563998, -2.23107372576319, 4.975815226857455, 0.9545056509780594, -26.611622411437377, -13.832182157460814, -34.5722311814311, 1.0036698954544168, 0.2735557201517654, 9.264211467678074, -6.108186641053979, 0.798732183848611, 2.9515805587412465, 2.7309815193956104, 1.3872698838539934, -0.1019297748716059, -0.853304164861875, -51.304171504114564, -5.571729434394209, -2.125736541587621, 15.509049882207103, -19.500916894204448, -53.710299966801934, 5.304595129532238, -0.5778369278862192, 19.914040590700505, 20.871713525665207, 1.8638512507296428, 1.8638512507296428, 7.341348974342456, -2.6483510312916816, 0.1255612708742545, -1.2541740818154958, 1.9533986670985428, 0.2227818664012762, 7.054923838809399, 8.7187501002654, -27.710920516219023, -9.766530631754323, 2.020950963919613, 0.3912639357589028, -0.7528832112286248, -2.4467629842545224, 4.1736351580431865, 11.56655352872276, 14.718721402399076, -4.229749637782837, 6.812308435408582, 33.86695783412724, 15.555489511586112, 10.667812175601043, 4.930652915213474, -1.7186302388502035, 2.8428076639211817, -3.123566116895554, 9.191146510705837, 7.79815374289125, 9.55019437881526, -4.3054499541220705, 14.443436302267362, 17.533887733814502, -11.589346377386994, 40.64375481424996, 29.29528937668865, 16.435891682131878, 29.58080292729592, 8.181596752116665, 29.79217264620659, -12.790950955062955, -4.003280833109683, 10.07048488757052, 11.859400778347089, -20.43767105155803, -21.470772790265688, -66.51501758911868, 16.32395515563687, 11.191939993564999, 3.378482425659429, 14.125384414889446, 4.175356623134964, -0.5032306583384221, 8.770138049894705, 26.247971995640423, -7.339726340042878, -13.801085604368721, 1.1914200472038712, 32.753946947968686, -1.1851328395974168, 9.77638811626797, 17.446789418504753, -5.139211987912323, -39.883808618357804, -11.618120139944054, -23.69898803343379, -21.770503637578784, 1.18988968050589, 4.256043464971599, -5.32551967432195, -7.478368049214586, 6.0395993413367455, -2.72806369148722, 6.35792593318643, 12.533596256057912, 7.984105990415289, 5.905166880497741, -12.21654176545286, 7.57793728890151, 7.021449606634872, -31.045643940833475, 4.477704539702641, -0.8044331019116974, -17.325277694906042, 0.5049381558807684, -0.9662017051854016, -6.637216083454101, 2.3907850547525387, 0.08460498471933578, -5.79977052356848, -11.49322440012689, 13.206988542297111, 39.068062452292736, -13.363503446049897, -7.7996296930059685, 14.749624776602536, 29.04499710925756, -6.356848850375462, -2.285716426638599, -7.098180170116788, -4.686353441051192, -0.9829746466281981, -10.053802226786882, -7.202702092397781, -19.71427291497343, -0.38447492565930225, 4.899103706709133, -2.4311552263906067, -0.940885492962465, 1.2702626666124013, 4.734515209463554, 12.114753538082622, -3.1679861934685944, -48.02258343361935, -43.781091288418246, 7.055803822435164, 9.208652197327801, -3.533151050521898, 4.060616187548208, 10.178333967575862, 1.6938933175120958, -8.029586929975904, -8.641967239019419, -5.8479531460996625, 0.6069598705329317, -4.7480455570481395, -1.819171924294291, 0.0421593948625797, 3.1570597041997814, 1.7158032841820758, 0.24942734923877605, 8.212220926724566, 27.159240150079068, 7.977823551544508, 13.104868397658898, -41.55080053788612, -73.40951337489071, -9.147013694636744, -2.243742517762103, -9.913862934539091, 25.18635301303139, -16.800650839608906, 7.62336734642206, 7.691329038639544, -6.555706004938276, -4.469388611977259, -3.607737267829531, -1.9555077023600578, -8.57804081992854, -12.87382048972793, 8.989054128092526, -20.91611217257557, -1.8844558382195158, 31.34849493390463, 3.39581089578001, -0.21561691241814998, -3.5480119877078824, -6.285993621373879, 2.764808421055302, 10.477407714858687, -13.42701560467366, 23.323503167512996, 9.63051413129343, -11.265006481096885, -1.4720266555738177, 11.130651110978555, -31.30872332668907, -0.7490130253637902, 0.2411068879503326, -14.636281747498005, 12.134852816651218, 0.5078041559721841, -15.642057575658765, -31.195679877416893, -17.17924175570328, -11.059379115504532, -2.6335183360479917, -2.4533163053226548, -0.4573823614573527, -4.765121813416248, 16.25880687052505, -11.98742663506103, -5.591493947795988, 16.58501748957086, -7.357371700545094, 7.776601070979411, 34.50915016017669, -7.059560738430545, -16.175966588508494, -15.410938935016507, 9.218386731977787, -47.689949387947586, -46.05100184983791, 10.852573489348027, 2.096085761647263, -36.337076856504176, -2.6542705816876864, 3.669594001158224, 16.435869306783367, -4.635508889996486, 5.899972299242218, 15.892605940391729, -41.62670036435585, 2.5317144809753405, -2.388450846263889, -5.823368134376668, -1.1633366449689444, 6.47246688148682, 6.854476089129402, -51.90026794373042, -37.697717933278014, 0.06578189366216267, 15.860319001707772, -12.215143276992347, -8.929346851664665, -2.6857422267225064, -7.04253696819273, -7.632912863420361, -7.146718942892619, -11.681837250309945, -4.520333017495106, 2.930539127113355, -6.459834585357109, -17.395239337226588, -3.40292787563213, 22.698912473297092, 6.677790374772917, 25.45538669656559, 0.4092872374338482, 11.277198011805318, 7.149050367162498, 12.166397944559492, 1.820406509174816, 26.600729112574573, -21.12685825387599, -12.502385489562164, 7.013448781948515, -12.072142270560978, -21.40072973143136, -11.010073553778605, -2.7702979754054966, 6.13136112271547, 13.626972159917738, -2.912324281114146, 3.625752239524627, -53.79375243221646, -44.43088159369646, 7.278867429790393, -11.149000811476675, 1.2336593508635452, -0.10034764346434796, -6.534485566288282, -7.576431219080586, -6.326888555743428, -0.3046931100465119, -18.9316642112563, -10.007802829094732, -24.52787476544509, -6.30722016967578, -16.748763975804632, 1.7551348172984171, 3.167636455137074, 5.094741049190912, -3.522588537225178, 7.7229170246925785, 7.779798891534338, 43.97602223166357, -55.56684879110253, -3.59374628754621, -5.071384313321753, -43.88379274513948, -21.35569657781143, 15.450699613815615, 12.974971047312122, 2.8933102909720443, 6.081824751485865, -0.6986319515347493, 2.39165577411871, -5.4009009000947525, -0.6050829474219372, 20.489149565005896, -4.944012898191544, -3.2527386519076997, -20.371751093742212, 2.4012557053906236, 4.821135470336668, 1.4749063078400022, 0.599238477890797, 0.04557584885171314, 6.398618683293877, -4.589814504937874, 0.3424002555598391, -32.69042474662339, -4.484490897917209, -3.2978083178911635, -18.67834493289792, -6.39436654545667, 3.150270029762889, 3.6637188611692406, 3.6637188611692406, -2.0998180226560055, -50.66462701762426, 27.315518703301898, 4.624376684363801, -0.05093982301151805, -1.926441296120934, 3.8205408973835944, 9.412801868461845, -0.8157497670238808, 4.0262070086301875, -7.0306529473569075, 3.2423786113529673, 3.94654972614648, 5.084765758030605, -3.0332583244594695, -3.0332583244594695, 3.2225726459791635, 1.923372219620984, -4.676158849087817, 15.219413293339821, 20.85952022927758, 29.24057217235916, 27.788740247614033, 13.40789502935341, -22.251812881718486, 18.30126630900651, 25.66447790856528, 24.229824939237666, 6.189314888937664, 8.316704962020296, 2.162289810391389, 1.0442920255956776, -4.741391515933747, -6.992868400333539, 13.199764878695584, -5.42838501658806, -22.205622673631222, -7.463328603160489, 8.268635874715322, -4.7317530928204, 5.94368194438025, -14.060502748173821, 15.047757619643871, -9.215169139068912, -1.01762289096346, -1.9028264017508127, -0.08312407708300149, -3.0332583244594695, 1.2235588995951185, 0.6504204566688386, -12.976853272021188, -1.2971777443661783, -0.9148804276544228, 5.557155130806595, 38.53249639656296, -11.787665349485358, 4.163864949956563, 4.8378287745109585, 7.087341323771583, -2.2169283828897486, -2.2169283828897486, 0.06844657401680548, -3.6759318378954347, 30.370065243523143, -17.202743133183187, -0.7962757040855946, -32.700855363523225, -0.17304845962347715, -1.317653441261234, -12.509490480835487, -13.26809598907712, -23.392799739873727, -30.091045328307185, -9.155532991495408, -2.1713017843573126, 26.082667573380114, -11.394406509692054, -19.12438135052118, -17.974696137574043, -36.97951918321037, -21.576613421033944, 9.0521452586431, 15.239322190960369, -0.6868643765562797, -0.9560144244485462, -11.391615728938607, 19.266536725464793, -13.220208872873135, -7.821452632079976, 7.318611326143287, -1.3045044597052484, -9.244025523742799, 14.817481561573228, -19.709704122784935, 7.4588967014856635, 3.2768193017721026, -65.07119234904427, -27.552210951525964, 19.783878629994867, -0.29514774077460054, 16.023017951371774, -43.69901193367893, 2.460161771328691, -0.17188078006218663, -19.919902941558636, -3.049499765517391, 7.880038431337493, 20.624761648336666, 13.700893414252047, 8.752832111118801, 5.279751096443366, -15.340569492092023, -34.37313283905489, -30.651012615730558, 7.513749977760571, -0.5832139738876568, 6.265724251302124, 18.338087913744317, -8.85469368764055, -0.22073747504726446, -8.928640524458585, 5.163239358646821, -19.8764688302202, 9.84221854047935, -6.450949024678596], "y_pred_test_LightGBM": [-7.104440603918192, -25.58423229935445, -4.567648279111786, -15.111391641977526, -4.864353668272435, 6.811897764727025, 17.18637808383393, 2.405219901148878, 21.109520080891194, 3.4280933123754935, -0.43943002422405114, 1.1892611074667656, 5.082921094748003, 15.721410073341218, 2.846138144041063, 22.08792157865077, 20.064634948220707, -3.839153566076937, -2.1015702128202842, 7.730215609573694, 12.293328519864733, 10.765758089088994, -15.145073811927281, -10.51939966322997, 0.9590648337733589, -29.833443648345504, -20.32019128706851, -7.858678294179782, 3.0372149369391805, -9.149430449174838, -19.369027297012547, -47.084142006448936, -15.02408633348863, -0.5026046478325986, -16.610256028676506, -7.190684506310602, 8.35364582086133, -10.64793923577225, -3.3378515447646504, -5.425506616077666, -1.8976725498232891, -14.11449769421712, 0.25843295749437356, 9.421721181419032, -2.636901164513454, 0.5676504737608442, 11.71715882720673, 9.144029619858404, 11.626075617096388, 11.077966777418881, 2.6034724340280264, 9.735829028647375, 2.4718428490320634, -2.808552808889375, -12.641283473043515, -4.459227938931051, -0.9802849066842448, 16.04745204257062, -3.9182773824904347, 3.8457701050165456, 25.171048417958616, 5.1440656377089065, 10.030675831376882, 8.55944185325912, -17.924771989217724, -15.211970993417996, 1.5679301391485503, 3.7827595872680946, 1.6124192260901389, 4.00921273596068, 8.793776272973634, 0.9179660303985164, 5.49697508575002, 11.874727279637181, 7.740266343841213, 19.865041919297916, 4.3156035036030405, 3.052365149036789, 29.902675160839642, 5.136078000721799, 10.030675831376882, 11.389537560847852, 1.7436170009210263, -27.213118141932167, 0.37580907058733976, 0.6940321714573127, 4.919603986683501, 3.2829264255103325, 10.284419989121584, 7.666016662877854, 0.6626676071791884, 13.408356530776466, 1.6943711932947798, 7.94975605931251, 22.245673509250736, 11.489277652563882, -0.23932095952674934, 16.54968367770523, -8.968497116629806, 11.816129845342088, -0.17181985517703882, 11.975170072543097, -8.82534779114245, 17.97346709881361, -2.861482890701683, 15.326649238462018, 1.5023114082627702, 21.30732683371324, 2.4377373341292823, 13.995215452691603, 14.111287776919077, 21.884953656175345, 39.56218493554447, -2.9387905905331255, -8.728161875264696, 16.0688236328094, 5.716236351189497, 17.79389760612678, 11.748821268093991, 2.567773331455134, -0.39559131913162565, 19.401144896802577, -2.12586122068331, 5.425190001738467, 21.478446551451498, -4.787150155059042, -32.66651182221793, -17.873565213786893, 10.685978110877393, 1.32546990262337, -4.355105525020509, 10.744090831289794, 2.301256230821238, 3.8148779618234068, 1.2908273010086029, 0.4696816359767902, -7.182382264422183, 12.12500306918972, -3.188117064368866, -3.130336469619516, 14.08532946599068, 27.52045963638965, -2.100956827016044, -1.7993845966189541, -7.095561834582777, 20.9874888971165, 11.546408464063042, 40.72537100996084, -0.48791576309387336, -5.0198253531225445, -0.6459174021876143, 17.361214837332337, -19.11735194722709, 20.854908115403386, 1.4552208392243562, 24.92035306660839, -7.444867781535618, 3.8615720782662613, 5.362618906858453, -10.43029463748057, 9.285900298247418, 2.738984000005913, -49.86918347093543, 9.908280803759947, 33.60119026996211, -46.35321254068218, -9.370898118107068, 1.9970574312843954, 3.891915931258, 12.44695406549816, 27.680626599780815, 10.267969463749068, 0.12366070570158194, -9.732193253347935, -14.067360058632401, 25.162854114042425, -2.9741683082887596, -12.108382682846047, 3.035403414943755, -1.9145050519704572, 11.842141491441758, 14.174548888175517, 16.981277982050432, 7.4937221603857775, 44.384526016741184, 34.33963138395951, 14.595037138687802, 13.045113397617095, 10.769642940596686, 15.601265619225245, 19.642742908868897, -18.99896406935004, -11.470431339913391, -7.045715035548256, 1.5116392577047857, 1.2474445497461122, 0.8374424166874208, 6.178829208432058, -0.8503531070612872, 6.7186548066839675, 0.1544667205647786, 14.37844972469464, 7.71979700140328, 5.013841230073894, 5.171593717820162, 5.5517942817754795, -2.8290595508614476, 1.0710036516112573, -0.9254306483096251, 1.7735015395926503, 1.3169287464513564, 19.42296546814109, 24.4712893424532, 33.643194447586296, 3.732818023579835, 14.07146786447736, 12.06779611507207, 12.933786786482546, 6.311225935340503, 33.51293949316316, -2.9077909227481804, 19.829485363149637, 4.119827304832876, 6.870899153176644, 3.7960655442617166, 28.693149978242538, 9.157981869793934, 1.875051962736202, 6.527957792580532, 20.438940533042718, 4.880072753783653, 9.187222328368955, -4.584268317336781, 42.88676694247811, -3.8802994769411017, -9.325604287143074, -16.036858619195428, 2.02646525510787, 6.5287574145433975, 18.604077472516426, -7.712794591179594, -16.241766723077504, 3.802714071077232, 2.1403362180285264, -9.609016195118256, -14.139612805369406, 0.861120953237499, -23.66252374011052, -16.389001488050624, -13.277095631526011, -20.178271120799355, -34.30895298842779, -1.1018539360125765, 1.0346705275328556, 1.6495718996506543, -0.17050140630881744, 7.402232689354232, -5.0907783646127625, -0.9151186733642893, 23.20560997408798, 5.797390672678248, -8.293653378554957, 1.8878201918844781, 8.583173920513202, 1.9289396516579893, -7.618919670463479, 2.3516474777814604, 1.8923141245027146, -0.24142888563719148, 8.271753234509163, 1.704140310642828, -3.91805067592252, -4.454576349082499, -0.01686256595718369, -3.121253815211968, 2.9417084099371777, 5.243408795468433, -21.060785870417348, -7.036835278949219, 0.023576008950783836, 26.52592867364862, -6.605293377503762, 5.356140470480442, -9.148082697086243, 12.038994512257638, -0.8833858241840368, -1.4786318550121471, -2.126671694743549, 6.360956047895507, 19.528032390942652, -7.34824527672376, -4.407032832353935, 26.75331178807823, 9.048453944312046, 8.763378151005021, -14.306590004428006, -4.691091321827696, 3.7280675481403667, -9.778629361740819, -0.17254213680552824, 3.3193988052659615, 1.5940076268798429, -12.76984790941814, -6.436694388540206, 11.170144488792161, 19.90922822545328, -0.3107680957819426, 28.809038033149072, -7.873383430556634, -4.9616256025561585, -11.58115719884792, 3.5418335809385852, 13.426874745105943, -2.1918700020857944, 3.7660425925222483, 6.271720553682041, 3.5214495960984196, -0.5076231084969421, -8.026075609350565, 2.4058662395130552, -1.9307078972792413, -4.571293845346568, -39.71484503500193, -24.78045327201513, 44.80198735566511, 33.70512229964548, -66.84276851558863, -13.165372872089602, 2.792640289109119, 7.9913007771209905, -12.339692439403958, 45.399981626282134, -3.9603199529531867, -2.213168750482661, -1.151118770097578, 14.479479693340995, 13.330601862485308, -9.206243881369561, -11.195591927007865, 36.99700838431489, -2.119041796430923, 7.754596694517734, -0.22606944358560419, 11.350755485762859, 23.096930693571863, 16.89288682262762, -4.802298826934923, -2.6983768381737883, -4.283344281184859, 31.306902105555608, 7.910502550173384, -2.7568745836636075, 4.062171925905837, -14.175577416018308, 0.7215775466374188, 9.949759238474458, 26.1337565442801, -3.192280632766708, 6.808599308177842, 25.46476076045405, -0.3095721587899025, 11.738577750674603, -8.89735936775627, -21.739603308174857, 15.094104102895278, -6.850476440298608, 13.56415290835202, 1.8260698736849323, -11.339176051180216, -0.6958913937537882, -7.445312403393597, 6.42278950487711, 5.263716790803624, 30.704566893571933, 9.041157974847456, -20.998754138347373, 13.051505827077753, -2.9622395375391046, -12.305835251063062, 26.896231512293184, -29.904778055291064, 6.4553603817743035, -30.622443027428698, 2.3122305276493007, 21.80162757162715, 8.147640203813966, -5.8445934649179225, -33.849602784509806, -11.295744714920607, 7.345191237460802, 30.03131115762619, 22.88457186561736, 28.672302473661755, -14.130533250885565, 8.153094696420165, 11.629206163244847, -17.03123071757669, -6.413951798721648, 27.848848954010208, 1.5972691481639087, 19.28298166665689, 8.973448958794435, 42.8272013204563, 8.85186738679654, 22.459585832557377, -43.796541423162154, -2.3364277152787394, 18.680015902826096, 14.179360387579425, 21.201481201145032, -4.084995494634271, -1.7349113668700777, 5.703080649155032, -0.5766055032236398, -6.5993916098694605, 6.036717936038831, 1.0981645671757, -4.139370714424482, 0.36179089713478363, -6.945615258699458, 20.04932539389585, -27.324318829652846, -8.54416648035681, -9.551051131298435, -16.582865346030168, -19.689563746528332, 7.508369714564438, 15.679492729024767, -1.7245880597584975, -13.151092948343964, 5.397416246436951, 18.471335508638973, 12.810327343827407, -5.6689506864260935, 10.637161931157673, 18.835879336327842, 7.976117388911218, 13.300925830767925, 49.49197172984693, 12.7569877017758, -11.145864506385815, -41.08458088953512, 13.828251387010319, 25.003257526369154, 14.308155104709499, -16.829967695143154, 13.746031661963094, -10.006194691928545, 2.2153782875480528, 10.770853910680547, -8.667043722948879, -11.93696452172535, -8.689458983435214, -1.0170517534826053, -25.40928715338651, 15.00562515941646, 11.779613118584813, -1.0225855375454738, -14.036521484920575, -13.594300934220062, -5.925427785315068, 11.336236000625364, 6.852116221477242, 10.691001907106186, -0.07429920777692822, 3.6127116145378415, 16.03873113576937, -0.008741010124133315, 1.0967043519665673, 0.8596883225108987, 29.615404835715882, -6.935250998866223, 9.853730437759744, -4.073768079042349, -8.925208710742393, -1.4836958521948889, -1.4723114267286381, 2.725505595050636, 6.456615884117579, -3.1339806304205347, 15.444509998981763, 13.9189208315999, 2.5778849125810086, 10.6761784826057, -11.618172119336027, -6.245203412513978, 6.791541513792989, -28.53840473254431, -27.69334053770292, -50.928556470361734, -3.2170790476397886, -0.6752370508646124, 12.043334657860514, 31.26249996621694, -7.610342025622343, -8.916909603622631, -6.590377232250562, -14.613747781008275, 14.42506730410762, 22.21910209477573, -11.186047254162787, 16.515766162148143, 16.14914599457763, -12.415100021633956, -8.660183094652144, 4.749120137543961, -1.9474850857298036, 9.61350433233465, -5.525561234847292, -9.2397005136501, 0.4939006428962935, 14.14110773638282, -38.15144983550491, -39.159780381117834, 6.201089772257063, -11.148625352540044, -35.14459989658474, -31.304274516982407, 20.032003624223904, 32.58790284403148, -4.128319191924288, 17.438771947673505, -0.5953497398668215, 5.25156577057444, 13.42612721913294, 5.91026295184691, 1.32552756493476, -12.756555869317996, 29.700764688156948, 7.104635867073879, -21.96785205815271, 0.26234153962289936, -3.3612389862025203, 13.19588711489909, 6.814640303900528, -5.826979925689195, 4.000708000558997, 3.1946746948279023, -13.050547718462083, -1.2461994804357137, -4.568061495458629, -3.248675271859466, -1.601045211830866, -17.611838528477236, -29.634777531579413, 3.871634057031232, -2.2470433962054326, 17.186272912550102, -2.2862854702098754, -5.815249670575756, 6.771527500146112, -39.08420960090194, -27.829487649442573, -1.4602243446651297, 18.56292843212986, 3.3481702824216932, 9.320967842278261, -8.708348143229967, 14.560816299048978, -5.67028416968826, 1.5422511919247404, -2.189612696371158, 12.187865647070035, -9.908645059878996, 0.05379323840575484, 5.9465208643315774, 20.093757513749413, 1.926639855858805, -1.6486012456627877, 12.588140909156182, -5.303210691520296, 1.4317309774294857, -67.96239097218938, 10.368009622752918, 12.768695620401365, -2.186417775852747, 24.157098549848364, -9.197654215230125, 27.951042713257962, -27.73191965141993, 6.866260721101745, -21.651098822948615, 0.03962031573839318, 7.592408877622836, -11.739388190123604, 7.663577715933977, -1.3282317204135776, 17.16424854047876, -4.7988802473131695, -4.942335294718037, 8.172139561515182, 3.438139388470611, 7.266032028352283, 21.406224211974045, 4.066500041508307, 5.084604375370793, -7.36124830443643, -3.849959438816368, -4.548445680621397, 1.94306052311638, 3.3623595438751233, -4.364598889888984, 22.387514886454113, -2.8340274018205664, 7.743147734506783, 9.38109888298144, 9.492480522704001, -2.1906774786121828, -26.73327889238399, -2.6373342127895976, -35.10477745530217, -27.008625816942793, 1.3491978830159863, -2.8077935475798497, -0.9393774203047048, -8.065222311155237, 7.564133919867388, -1.2786129421974155, -18.774591254275297, -2.1773384148356643, 14.170584370068347, 1.992400287715485, 6.56625038043861, -19.788722079909242, -27.164255038206342, -6.712443263096575, -42.09899669361629, -25.48245173877198, 12.972893561436353, -32.49401042765886, -33.8407116388378, 2.2585819389326067, -29.729320359522983, -9.50142361889559, 13.986577126457638, -22.709642040347898, -2.4080343543004106, -12.363927021248003, -5.61398519465402, -1.2094704374441192, -2.5428226241348684, -8.258458347689514, -0.4966236726529261, -4.615835046243332, 9.474660869835395, 5.112221433833878, 14.59279907627875, -5.244777880465861, 2.5177049380910375, 17.708619756952043, -21.91550509108584, -9.442507403065845, -40.099881353333735, -18.053752318547794, 3.7086579130772437, -1.1606390053488815, -0.32330877986529866, 1.277385574418232, -14.751075198408982, -12.156318345224365, -9.164862425908032, 12.98105068912745, -0.3145317710131743, 16.736975153052374, -22.14991513166876, -7.790036319413712, 1.6718240377928641, 9.031962991307298, 37.65961529975548, -3.7743372550199337, 22.708441448660842, -2.015907855318791, 12.338479631809918, 7.509439203318416, 7.314473952886665, -37.530080708356664, -5.939813875977342, -12.347774402522393, -47.67720050593307, -5.5503709617705885, -7.8220811738546026, -0.7976394063712928, 32.886116129759905, 3.660945952760715, 20.969314622024932, -1.9971017064842531, 23.119358744542208, -22.397359992066793, -5.881109210917403, -38.85335394278101, -15.633842257249789, -35.352101560516616, -29.352089844755245, 10.018071395909441, -7.937192600766522, -1.6041444970703087, -45.95299955382376, -60.34395337639751, -2.6498417309471813, -6.678433404719999, 7.800482927102844, 21.74404362513049, -22.169922175475993, -9.299180484013482, -2.676442310678321, 3.9953382788470098, 23.395804633616258, -45.05767144875335, 16.460912403205064, -8.638169229492357, 1.3810410668096542, 0.32691535786676656, -46.789903104492545, -14.914142683663624, 0.20921737680762453, -2.4775621671309427, 6.673662072494023, 7.79140545197059, 1.871966549330592, 6.4249852616882075, -40.747819137770065, -27.902076735763707, -3.3615606966338207, -8.850533099858074, -17.963517507215855, -26.93847030557426, -20.472325340630043, -36.48008817464838, 10.655378759711361, 28.83696725216489, -28.71380614089831, -21.53915198594594, -5.47076919651085, 11.41960006476946, -6.450118884120503, -11.815929845231953, -2.309951572661936, 11.243119044689278, -3.0537859924908353, 20.380505441808896, 1.996666289600445, -7.688902783278577, 5.592225139508898, -7.070697211296636, -5.494679261843794, 22.894590281264893, 7.469355343791733, 53.29577308397295, -59.147436953703604, -3.641662319972283, 13.875950684197385, 5.723261248602954, 11.534290339863164, 9.369488721355003, 2.6022372140160406, -1.8193770552322148, -7.729006963549815, 30.63358605399725, -22.30533723005017, 6.924270742748777, 9.02702246611263, 14.653317960797269, 17.33367605199457, -0.5809531210428981, 11.914034203794237, 10.95700348424111, 12.847897423314027, 13.032740731393716, 36.801536530029374, 2.0729730672561093, 21.382658303500843, 20.387733048324563, 38.50487372406892, -3.0760114539118817, 1.7746975031391512, 2.743015533343765, 15.29050254006305, 5.129617459705756, 12.518737247566966, 5.126340633875987, 16.049647421236788, -18.477986043836236, -41.98952513003246, 2.5861024889828164, 17.669298734561384, 29.424490166574174, 9.743832781257431, 10.486795113188323, 6.637880349243474, 1.0497213066500135, 13.513596529906184, 3.1679824309475424, -0.04955971314526706, -0.4509628235319538, 10.677498662722002, 11.868192612402895, 1.2595563161732592, -4.851569343468434, 12.311188469537296, -2.7947981244338194, 4.856045076437146, 3.583300226215847, 7.6581407211723755, -15.82561625961288, -14.134924151233323, -19.78571373895584, 5.50330798529841, 7.443573211939824, 0.1919993601221388, -39.44559360781367, 6.521366662653736, 14.219590663847685, 12.15694407752081, 22.531570261979994, 1.9756128065870766, 12.314264884069932, 12.538043900189919, 25.799679364789355, -8.077016950784756, 4.4349985825888245, 12.058317354923872, 7.218827052832282, 9.686250936680954, 52.11235001214746, 11.556756441621213, 25.11998983949929, 1.459381220791745, 0.6791155625005783, -7.335602912342356, -18.927627778435244, 2.8377336751430393, 22.313165962119946, -0.9708951632425366, 8.821693025791003, -0.33165482667269014, 30.879297766527447, 0.3891084160524294, 6.273007205372031, -5.676588356267252, 8.557810867812785, 0.4375167979985596, -3.8136963264705876, 10.856621689974732, 13.743331626037925, -16.214087053049735, -8.460347245028583, -1.9887158636287672, 1.2104993957148527, -4.249853163574631, 41.08434457686552, 12.576706366573214, -52.317161907424094, -58.242005463094614, -5.465003830217643, 10.82962712089816, -12.657056010791216, -4.0837719843593705, 28.038726746441135, 37.0618229880463, 24.434325568092653, 33.556622072593534, -5.410464244903267, -7.080703579551084, -0.48580226309760627, -9.16753202689883, -9.734090421333642, 11.214586522295626, 1.8561259806515162, 1.7913152021321828, -12.905250294478803, 6.482244719668699, -4.116291824692534, 15.759855954356942, -7.29413957005786, 4.240773074338363, -26.74443350404833, -0.6308983969068388, 17.26638542328804, -5.8164374436721555, -4.180409561242873, -2.241787203280704, -2.2192673644605834, 1.0771072080153758, -4.867349317143708, -0.600962768872708, 14.964141772732486, 6.357874191236743, -0.36963531002571476, 15.363271552165758, 4.240235263178126, 1.4734286751110082, -0.7857141226056885, 2.4792516309104844, -9.488872497656697, 12.873294947974241, -5.232837975773941, 10.335910081945356, 20.932440988199755, -13.533071879977069, -4.000309942212562, -8.378997627750469, 7.340011455463827, -4.3353604659697424, 22.284315056257057, 13.992357464463932, 2.3649289866498178, 11.947290026178688, -39.040471333846604, -7.488052741409337, 19.922256479329477, 38.44441145979308, 11.928765730153836, 17.679474491118828, 0.908221830279057, 17.774738395854367, -3.464993462577339, 11.563548488550085, -1.667174079682673, 8.02188691426784, 3.1228310668886787, 11.024678267873758, -20.350288070761085, 22.217871799526016, -9.932712037229695, -12.06114469452692, 10.172531115337392, 0.5871352948117352, -16.098789503098427, -17.89298991869928, -10.983040719098847, 16.348287403405237, 9.336459626412415, 27.10864377940927, -31.563456725341588, 11.270096193046252, -6.886763798128996, 11.696294472963565, 26.263589591770085, -26.381407409234402, -32.7568957410325, -7.160840370809038, -4.232010901760889, 17.34749294001789, 3.2713981133239427, 6.505766737312833, 1.122611795951768, -0.0827906608428941, 2.5177363687097047, 30.707603757360513, 11.960026514793848, 32.67640642217217, -21.71798507069647, 1.2085893153102212, -25.324814867444438, -16.671314980173186, -39.85037175983199, -7.570996727008828, 13.197040712999325, 12.321419901684514, -14.99850921627637, 5.976319584527017, -7.818195330718491, 10.54059429688766, 9.581317333892914, 29.27913594301981, -9.437130080182822, -5.806779609416826, -11.399423946690229, -0.45072743157270373, 13.891688711199006, 37.82295592448464, 25.741402242191615, -2.9276369874169075, 8.298614005874306, 30.392117306332217, -17.186275362266773, -0.8066138276719126, 12.386770567759601, 9.724194748108733, 19.109114793955165, 42.20041388556644, -41.923166521985664, -8.074934017971456, -20.561151071836765, -25.733151077396464, -6.256026162184412, 26.121964895180604, 48.81965866708076, 3.8523180972576445, -25.382439408024656, 21.042140868975356, 14.670558235149208, 6.072012784197945, -3.717778508536292, -9.988328013052486, 16.409296398106505, 12.838591444926486, -4.477685471782024, 35.07530031806637, -7.727712836847124, -16.122985307997016, -3.3508948165989687, -41.84953883642443, -22.04873084919196, -16.39197591077984, 11.447762848426956, -10.820855484911343, -1.3925214170728082, -19.70210046801888, -24.524481765378003, -1.9657049955505697, 11.278306934021467, 20.94069950415925, -9.061180681950452, 18.723113699758713, 33.71740415496416, -1.667174079682673, -3.8134330866154538, -40.63538863363222, 2.59139778815562, 7.139444928388118, -1.9027854172628698, -4.174968288028373, -0.2666354482911342, 10.296575820161266, -4.351532108593899, 27.214509613910522, 7.626240028979177, 8.33006134731962, -22.59509518976048, 1.122611795951768, -0.4350851727311282, 3.9762892065025794, 2.528950165063543, 1.6813660144286813, 1.4073536713553418, -14.79154672623967, -2.6214311763161793, 0.16963803567255709, -1.7079350444355517, 7.411628338591364, 11.97490142753127, -31.4820718038486, 8.693740000301787, 16.07483479505953, -10.064181697553556, 0.6384651908048846, -3.6860580503791667, -2.886795265263518, 2.7579416551917926, 2.0474518924121905, 3.410531315266272, 28.6636782531597, 10.838429000794692, 19.679475905120317, 12.173607029076432, 35.4836374678776, 7.413050459664752, -3.0267983011726236, 1.3793011582573262, 13.067031884887454, -1.682906679386623, -6.813324381827284, 3.9985273883988617, 15.487087558591115, 3.024486187714673, 9.356733377932311, 14.522307378876102, 32.80406601767921, 8.0527344388307, 28.66569463130425, -9.815721300577477, -10.464397122135537, 2.8041666052053915, 6.893512305352683, 8.621110838010175, -0.8713216541035694, 1.013070477001853, 2.381139072489716, 5.421491703400805, -11.075009118087985, 6.721307569248372, -1.9925222994553151, -11.23065172728792, 23.195801386522174, 2.0331448116901636, 1.5139053883123301, 1.3793011582573262, 13.682086570039656, -8.501488484393475, -7.867631842139454, 4.548805011045833, -4.91908272284915, -12.776406232657171, -4.040781572718483, -6.586764467365053, -25.706026814057402, 13.860800379429026, 5.149638367028428, 17.416355758355667, 15.199138836987263, 15.981833187771882, -6.717960023604916, 6.893512305352683, 11.298078642939835, 47.60947488708129, 24.860374178455427, 0.051686723621674056, 4.001166978344803, 5.080891402289401, 10.181887308209797, -3.389842199814581, -2.1799532507222557, -18.956656696345505, -14.62871345427679, -28.001852342266247, 7.925484777831706, -14.676910871797874, -9.63604178327948, -27.072036481553415, -20.03872407657395, 14.973097463231822, 30.16521011657159, 13.723893121044133, -0.33746826678893177, 16.151648991922332, 22.25710876715579, 13.417671078227823, 21.77858088191119, -15.915392107717956, -16.356707286381198, -35.82108930313841, -13.674005912144203, -21.61857375118259, -3.0859150948954737, 3.5333912924476167, -18.908229215028243, -32.01959286442179, -38.654094729513965, -13.854473484799922, -2.9409213772459384, -4.791487281928148, -4.377083883943637, -11.592388875637191, 8.677960914968986, -38.78855181163972, -22.180183396421747, -12.533910491072994, -43.80633638363216, -6.446813820560268, -30.306965455976975, -1.3398247000292136, 0.021213881143275236, -32.14341532123227, -12.05172444087757, -17.55653131421703, -11.938364332121504, 1.8507253414817169, -20.6360283851639, 28.59233710181325, 6.827652288943604, 19.29390506716044, 34.535730836316866, 15.867683704508693, 34.9561402245276, 12.363275688066594, 2.198825903186607, -23.427205666442294, 7.887407658960563, 17.39608812916373, -7.615647462407781, -60.45039586320128, 27.278009784366635, 1.4460787799571868, 24.84265668984916, 12.843615431316621], "y_pred_val_CatBoost": [-3.8469485166548156, -3.658438591515518, -24.686238230306547, -10.657940670167283, -11.743996655161478, -6.113172066808876, 4.236858470350092, -3.7341541536694964, -11.410331139510268, -2.45413522900321, 11.562213005157592, 0.28494466935882257, 3.723847529524507, 18.339184308318195, 1.9685831696399068, 7.862050477209184, 1.2830220924134597, -0.33027347040662486, -6.074793180076006, 0.6950694868422624, -8.667378662766263, 0.14863373225775733, -0.5460988919818949, 5.756967506085773, 0.18435438587483233, -1.6858035260517408, 0.13667440174750312, -0.6341843121337974, -0.5192645238402638, 3.64605843240145, -1.0590950058913164, 4.064949505519532, 2.6883490957494334, -46.454892116241595, -26.73539789161944, -4.808971741861471, -18.27040148257983, 10.7288652813082, 2.372739466827703, 8.995725526265652, -3.3946348476289354, -9.646114230479506, -7.499498737173333, -8.119834688087785, 0.20453372973984485, -4.904520665404152, -1.5761329213601032, -2.214174151700531, -21.13245131537427, -9.51224121217152, 14.314619259186959, 2.129414263076156, -3.211411298873728, -3.290797741442568, 4.527195911378523, -0.342809954300232, 0.17189152033944088, 13.603966678046136, 0.5294532214351153, 7.322708177033385, 8.161137844284454, -4.325646338910292, 6.799183097550117, 7.039609246551413, 23.392682685081663, 3.6293095007979, -0.2081387209188122, -1.5229803974561718, 10.872969733023211, 7.8701028349421005, 0.11912568357326936, 3.3556605705240012, -13.972157011789179, 0.5142745709205712, -1.2594406377689187, 0.03092910321700748, 8.900812947369317, 10.288329554983873, 2.4034701242835546, 2.2672996644626724, -1.5490389253319305, 1.5797082544259857, 5.243422742965124, 5.411631390095743, -24.875579556387063, -0.16978973929569918, -10.08963927411259, 0.4342116608712161, 1.214898344744832, 6.278278833468666, 1.9877056650627813, 2.767431902024622, 9.392616704529425, 7.93011578475336, 7.398744944227255, 0.8262095295928522, -0.6798226552807937, 0.6072455593833372, -0.6421764917852971, 5.040492200745554, 4.808349393627411, 17.26449854595328, 0.5130053778057266, 2.8037972211112603, 3.274612601375591, -2.1453725640054584, -2.23112459292627, 13.062712254382866, 4.158369828054754, 2.221221751927473, 3.873714719670005, 1.7084678153846453, -2.115861024749849, 3.355848022106166, 2.5577810785731208, 0.9036722852821353, 0.3389466063075689, -19.56947746713075, -16.547498148511107, 2.5821706490346608, 2.8029431276908876, 0.6420537957455634, -0.04415589836302858, 0.273269531042897, 2.8985746027705974, 3.1512593974392726, 1.5245012209627542, 8.942795614301602, 7.773483087008083, 0.47605162832757575, -1.6086989482369716, 0.7541745760447536, -1.3254197140940018, 1.3347928610448259, 2.144722228698329, 0.4679727082241967, -4.66193750541148, 1.4151945435749491, 4.142949949197143, 15.1882734151674, 6.724974568560308, 17.4311415750063, 18.10321275691788, 3.7215398148557117, 2.947544430925653, 3.545621921385706, 0.3306736867453599, -0.24703097748649883, 18.248042081465393, -8.634951617996359, -4.602725215517481, -0.8287219850997485, 4.00540760345078, 1.9413073937067158, 2.6787211035185337, 2.0091869962423297, 6.051120705719981, -8.300930960495888, -7.723266832641648, 18.831295133431325, 13.43092222104632, -1.7337509436796394, 3.556828483316374, 3.8311661703756155, 8.149289120150115, 1.581870087606145, 1.7438482481710098, -1.7656257815417826, 10.81047617911526, -6.13079999495357, -1.23810508682744, -2.594190016231148, -0.8947592970700042, -17.545932987856375, -4.168333109374444, 13.496280683493502, 6.798115495973888, -34.37744920211602, -5.283056336621607, -24.668763013088636, 2.1431171580137884, 1.5245182523689342, -1.4046328430459236, -0.1444679098631262, 1.7140225113324314, 0.14155502250530472, -12.458075546872495, -4.592966785852399, 2.9753843413098346, 3.2559177932982255, 0.6908236305436148, 1.3470780878882964, 7.126375801227808, 0.7669768854897285, -5.425786689919294, -15.774098741816347, -3.502633229215503, 5.693202068999118, 0.8740328303982035, 5.235218590655342, 22.09607823589071, 5.43245915669062, 4.38304621751222, 2.9980315170497582, -1.728590305998976, 3.1377451661479254, 2.684352726816013, 6.759384782939577, -1.7352188862105744, -15.832834914388592, -1.311525194439585, 1.1133357150385712, 3.821731984888027, 5.838924246638594, 14.44415598509799, 7.536227166514802, 6.917334716286126, -5.988718110834303, -4.297072861731653, 1.57786153906976, 8.782056411432002, -3.414014938206572, -12.487269324357532, 12.727655607854683, 34.68492831371773, 13.451281153822862, 1.3748621132474872, 1.2770463428195273, 0.13484039985292184, -1.4014465381432384, 22.712289229307547, 0.12028920340221494, 7.34411422376866, 3.4914562188790583, -22.784146584655428, 7.012733746152764, 28.257392934808514, 2.92344643441115, -1.3035749974938118, -34.37307838563583, -8.590057892874182, -0.10522488367354621, 1.5971151127736198, -3.828062527711022, 9.817984180025007, -7.437419133453534, 0.18644042069209366, 6.440914732060954, 4.806561295488276, 0.9713431972756439, 18.69514372865421, 24.25573668826074, 30.815373320586243, -4.679209128714667, 34.582357870143206, 7.083825346793357, 4.331969257715912, 4.520592363390438, 8.401779970130839, 5.2233151229807735, 5.781821618778593, 0.7074699339041626, 12.821583158266943, 9.296635604363598, 8.105593984173549, -2.2325464932755823, -1.1144689617986536, 3.9627902823507943, 0.4417942157477621, 2.892808861391357, 2.601714969144571, 0.08317998775796032, 0.7936239785314623, 4.657465225004864, 4.495272519338643, 13.38882511900672, 3.091232911418185, -7.906244500779082, -7.742932129015868, -1.194413241469002, -0.5250282953920089, 6.853616211894187, 4.9110032013361415, -15.60749124734832, 18.340430331538396, 8.93007172339738, 8.243831117140997, -2.820749709634547, 10.190229377234125, -0.6753029135237768, 0.5877353793350131, -1.191490088511439, -1.1120146995746039, -8.245103688632238, 2.2901409015025918, 1.0333644937625495, 3.348590167055069, 0.8469099615072142, -1.7777129956338693, 9.609863787892541, -27.215032769473133, -2.7566970004205587, -4.604504880046901, 24.867261097180187, 4.323888547629925, 3.9940548737837, 19.998348499650564, 18.388666112085257, 3.887578341333268, -18.84346182587046, -1.2532685552949032, -3.167785530312047, -0.6007271685914488, 0.14152704217453937, -0.7331116080862143, -6.952553679649755, -0.02641225708446493, 0.8947591493203231, -6.226248854220058, 3.2602601176026833, 4.242605462345429, 2.7647023667782507, 2.3588677259349087, -0.4478024664989677, -7.009981230448693, -2.271517666454775, 12.422264549123076, -22.58980686866725, 8.960506778622047, 8.447744360214832, -1.8380150288478998, 3.6206093917518425, 3.776758182894044, -0.48719099096020835, 1.3941969067065951, 2.5555012358910107, 8.074582234184234, 7.7615951998568065, 0.09905457901218728, -0.6818450722871714, 2.996849892285012, -2.7624290358435655, -0.10110072695393779, -0.4060566579235281, -0.1529936365408659, -0.2935138225833455, 3.9158160630563277, 3.2536008248324393, -32.392160531454664, -0.6239141555625884, -4.883079382530902, -1.8994972053064991, -2.731526345544992, 2.2648682601677126, 4.804291593323227, -4.3495807993482, 15.135455474131097, 7.4017241402259515, 7.8779540218281845, 3.2803169293428778, 4.127916729243236, 1.3994342187831248, -0.522323035631194, 2.294142400586063, 2.9378052917688326, 4.211225833665414, -6.65627047445212, 0.594500276244349, 25.211050335986524, 18.792410012941023, 11.999918603613748, -2.2866007823336507, 5.2088018367055415, -0.047376647514391634, -3.0833640437445786, 0.31302763228541286, 1.3818008170495752, 15.655867647966616, 2.162145377382374, -4.481175954071327, -9.230707057274005, 2.268996388378458, 7.627334843402547, -14.394115214105378, -13.173038910763301, -7.29466665722833, -3.6954576749469368, -8.283332294491515, -6.780270011416051, 10.0257796831292, 5.104688260515083, -0.010741230442027239, -1.1990378557956372, 1.4278312757961817, 3.574505056836169, 1.1704599450350086, -1.2763464713407497, -7.015312571295583, -5.610825998049028, 1.2864147629412481, 1.239475970281443, -2.193044134025041, -3.423343657854936, 11.616681170290715, 7.7253334526462965, 5.553467469416313, 7.920012475987358, 24.030395871727777, 30.124089516128443, -35.48008870437264, 0.16646553839744305, 0.6106228313119082, -2.961091884804853, -32.30574833480124, 2.1091016305713914, 17.746284074969093, -2.9294943545233596, -3.1502584856786786, -1.4591180143617775, 0.8186411032227783, 12.706382878023502, -4.451754859930381, -0.9114572010399534, -2.418695026088135, -4.838884760152416, 31.306331500785383, 5.520557071401651, 6.065199895862059, -19.538056804999346, 13.27099223455481, 0.6110528279215157, 7.631099266125711, 11.26517095212512, 10.869530193516166, -6.9864346110395905, 7.554922685604701, -0.4471903974164644, 16.543035156236332, -3.1576866032920448, 2.6729218213183223, 6.765397009855289, -10.102917664265654, -7.735547847531784, 10.574207017124257, -13.737727791517795, -0.9693263234611504, -3.343525464511465, 24.753702867979012, 15.566815877228926, 5.7575140026628295, 5.110708741771063, 18.618427908231077, 31.544205565339034, 4.670059844421979, -0.4117884609489466, -2.899317346274792, 0.9848688461277317, 17.67391404340507, -10.490700983693069, -10.424962529913198, 8.96550386720733, 3.635110718511184, -3.9435227432371587, -3.0772774815673785, 28.917090556541538, -7.886020221557091, -4.078794751222028, 9.200008914770583, 13.693013133570366, -16.377182950865325, -2.964892003151245, 5.375600267753133, 4.9308668902950785, 4.284422100035218, -11.221477408940457, -33.11041331176616, 4.9257752232512955, -0.9103669775051576, 4.436946050190122, 4.559934972191871, -1.3727245593443058, -4.710790348571214, -1.3442317831655295, 0.3731170310064058, -10.200801500381917, -2.470568744801628, 3.984395705311501, 11.640511481796775, 4.458451327263238, -2.1158433260364733, 15.925125431306835, 22.861843854892825, 3.170188847858677, 3.2648732854445863, 0.49326263027782424, 1.0459014111284075, 3.5005164621769653, 18.00162688552593, -5.661816768060955, -4.444954507518494, 9.493584423005997, 17.957491931319048, 11.910272837502115, 3.3868528463219887, -3.5205135168530486, -2.039233497146872, -1.868087243910376, -7.756383103146672, -2.8234187359986644, 1.7796808955225498, 3.013739512982061, -16.868793562540457, -6.767816517756585, -19.03108177941702, -8.243520458621909, 17.819327569034236, 23.08139337499228, 2.1954518645918886, -5.441956123712187, -14.109272772518818, -26.576085396821885, -5.010385617854649, -2.57316846819295, -3.93533733860052, -6.071339109547364, -2.8799414508878356, 2.4847164378643485, -1.5698522187349853, -8.965483306952061, 2.595055420467652, 5.085249127950486, -27.29103941215278, -10.636585648448706, -43.61624317527587, 6.076956698362624, 17.897919867958798, -10.37583915115805, 0.00017641952348368406, -12.381964120742902, -1.7655011134526817, -5.889282009484136, -1.7940560187323409, 4.674879846787071, 9.414048361276775, 8.505307391354522, -1.796467459772262, 6.77247419558082, -4.318236549004541, -1.8645837755932282, 15.248022728867527, 3.7382422662748276, 1.4747904024059375, -12.356856710615716, 0.02806588140909827, -0.2333225768565828, 17.51182369963812, -0.3487418580643695, 15.2416020551696, -9.16147977202724, 0.7769994988103841, 4.692245213320167, 11.37971738482537, 12.642366971885236, -7.565153565990502, 1.960600254949973, -3.8621113474714535, 14.266155983234839, -6.8188936242592035, -2.7801074124603247, 6.266751661326948, 5.24427287889037, 0.7056721384825491, 2.216154960712866, 27.57442640510377, 3.6565661631513136, -1.140740584796586, -1.800593047166194, -3.331702009743464, 3.6909086359164727, 1.329996117396346, -3.025093988914676, -38.123745320950434, -22.140742331647186, -14.938818916796134, -26.981836471148547, -2.704342851586855, -3.244997320280729, 16.403493754798177, 17.14163478598222, -11.335138481499984, -7.631072880287389, -4.0968432628739135, -3.1376380060482183, -20.045561444329902, -22.950625996752116, -3.8287017058554786, 11.46429022433256, 6.154434559627878, -7.390409279896115, 0.9140126314670514, -2.1867489229174915, -1.5615556680019536, -0.6803082351056934, 2.9865179459315616, 3.069161929901697, -2.46951034913243, 28.712059765868545, 28.921331702066816, 2.5369145891456832, -34.007353466266665, -15.811678904933485, -6.521859822728503, 4.550267050873972, 4.257329823096183, -11.215674317327021, 3.489698824312242, -3.116685994188106, 13.270922468580915, 2.8326755996509734, -1.294578381244886, 2.889157157753589, -3.03954973329525, 3.5502112216877038, -3.0941095957668345, -2.6616688922007223, -12.23539549810513, -3.148095069302834, 1.2632703537836791, -2.247362155335158, 5.443976093453232, 4.783407608095092, -31.703188700003615, -11.523387432696621, -1.4310962377829175, 6.556002095363727, 2.6462412332316587, -0.14195660241352703, -2.125169061578485, 7.074740315484551, 8.665989183464358, -2.4301247380983697, 29.61066837392763, -2.7096162158173507, -0.29516527445764096, -11.492414798336357, -1.9232571449585492, -2.3001380274985928, 3.533485367760531, -18.68025217217199, -2.3833305808253864, -7.3012340609288975, -3.4175220025168738, -2.7289448058591126, 5.636305397291542, 6.256965906135817, -1.2852312048319803, 2.626323387315721, -12.390649351674616, -2.6902717360819417, 0.29245439369631465, 0.8304298977159943, -19.53837475003159, -2.8235621470723826, -0.8996432102017912, -3.480949965877249, -3.378508344320718, -4.137284214087041, -51.14857908624748, -45.83229400201519, 1.1836711851997008, 2.4262834158484523, -4.499545630066374, 2.2372435110965423, 0.6290354602005799, -4.123039532193576, -7.082335220119995, 3.826083098006923, 4.024800511581777, 6.748635122843204, -6.854265871392522, -1.4956910715984182, -3.7702440373815356, -0.3656640874730211, -3.1041069667967274, -2.7154233860574104, -0.21914723595336988, -11.034036226656527, -10.27772060864436, -3.8761619962034497, -0.08161707240991711, 5.151441398983676, 3.6489252215733297, -3.3181550574328207, -1.5530815188199592, -1.6504923069444801, -1.3487682621916297, -14.761673591378068, -1.4431282179304186, -6.87128531827847, -8.69121616082297, -2.906504915380989, -3.069762559725302, 6.168281876736974, 5.72121763006892, -8.670067062578985, -1.25596288895542, -43.263952310865065, 7.431575841806289, 6.562421257713429, 2.9853620192287527, 6.288292465093626, -2.479929216989335, -1.8951545081862542, 3.6147699065551446, -38.29061250739367, -45.01650095534695, -27.716874315383816, 2.001097090385295, 13.005564807033918, -16.003627094515736, -5.466262844527956, 1.8222637162634991, -28.65853837672116, -17.380640093606672, -9.573522539923786, -8.617955191804747, -7.8692520560887855, -3.3265664724198634, -2.3711575447188, 9.332033911956684, 3.2875769298907342, 2.656168947767955, -2.0387678328373315, 4.936834326597095, 5.4393069911916925, -28.30792271231404, 14.08587093779582, 7.112250410619022, -0.810524954113897, -2.2957262189761387, 12.21592630532021, -27.221485539169596, 5.8112647076272514, 16.457288520457226, -56.97934831162679, -9.769689593386085, 4.966536855162765, -10.480993206720445, -8.657461862171182, -25.202448776553695, 19.613164326226553, 5.791590598095648, -28.95408863715127, 4.951829614466694, 5.88675160877139, -15.132554768254767, -7.446899891016623, 3.8300008350882813, 6.263178217177106, -14.482208866287149, 1.0098743901593612, 1.2641496257463112, -3.0120702052664647, -3.5651023219859788, -7.173264777180846, 2.1784831005321883, 13.369761600262033, 7.1353922611146094, 8.309314781411716, 5.951447557865176, -8.728596211899443, -30.074072461220823, 5.965937020506252, 5.990405978804786, -19.030970172445272, -3.0957118109429103, -6.043568170085002, -2.168848639761956, 0.7077927575197183, -0.5943373669621391, -2.44063735357741, -2.9942884152192506, -4.665601907234005, -4.470146470341787, -0.8643686422397616, 1.558260541335149, -1.5139908000414448, -0.7732127102183057, 7.902972818171348, 14.824825095381625, -4.763213409553368, -1.7676494896404917, -5.102207482353191, -5.57729343966347, -2.906504915380989, -4.3715381974172285, -36.616733276644624, -4.975588949275645, -1.9268187893341275, 4.6010623650128055, 6.143927441269898, -3.3580230988989928, -6.591353552476847, -2.3784060811486913, -6.2024487876255225, 7.921877502716399, -7.417110245104031, -40.80236750055497, 4.259047036771086, 8.253401275249084, -0.444076630886331, -1.0391825879009902, -8.106914891833842, -14.561935512586698, -7.55731860678634, -0.79282212004302, 6.509201845776601, 7.32914004205298, -15.606489578858264, -6.447599270049445, -20.105105392110307, 1.3373925177221178, 0.5222018928403178, 1.0791971543381964, 1.723560033101732, 1.1912276348860187, 0.7204122546216907, -2.9113230887015322, -2.9690273017129036, -0.34956036627537257, -2.160227132151488, -26.306511540496878, -4.147788845049275, -1.310759708623645, 0.5142972680220843, -24.144465162899422, -43.545713214913704, 5.021188633192558, 3.9927733727569485, 7.470595640305829, 4.025400916150792, -1.8664919704987672, -1.7711989509787374, 0.9884178712750704, -0.27397215042967926, 4.660975732316634, 7.696327553178017, 1.2165256910050344, 1.086432291080581, 0.6815905146413268, 7.470006644546526, -5.544135225658524, -0.9850104059375901, 1.7347337379215024, 1.3317778067883372, -0.3120366557437414, -4.559271558317253, 1.2449052473204394, 4.001413082353016, 8.590334204168014, 0.6807279659238872, 1.665064535627288, 19.03049485637342, 3.4269166830132036, 3.863897643140901, 2.79735155759345, -4.44118726266134, 2.8393821112217448, 1.262258054172426, 7.6164626616069135, 1.533297258243706, -0.5986424031113085, -0.701339885448357, 3.9805829233276073, 3.406718230040674, -1.0991559482805522, 31.618857617951512, 28.718811765936067, 7.442604055942947, 17.483572738714926, 2.2541617745387166, 10.417630856392861, -4.699698932648484, 0.9468413695081259, 10.189672146624314, 2.8882940254460236, -4.444100736740139, -6.74283635210409, -47.55516994122274, 15.012082739819082, 4.575094294180688, 1.6835966627361016, 5.9815375877509425, 9.526890222722974, 5.0342303762710445, -2.9851811636205596, 8.736693152254798, -7.2226406650239126, -10.662683552891885, 1.208546854381918, 16.416578092259734, 3.902979897525788, 3.67582552153557, 7.964678692231557, -0.9853422879553884, -15.315070477414892, -1.8427830547166917, -2.4923451763431883, -26.39687084756078, 0.40772998915510117, 0.8522587282601461, -3.323893792202427, -3.5818127581603285, 0.06411819750055181, 0.36406485493482665, 9.490174937683747, 4.320233789198648, -0.012767115629409131, 0.08469782147823535, -34.825859511440456, 7.226069679580818, 6.296520875830927, -37.27300654482236, -24.10754991613217, -1.632751867292856, -4.871363726750217, -0.4551907404592185, -3.158572199818001, -7.708278611554882, -1.8630355389015487, -1.6407569621066127, -1.2455000615591358, -5.933266025849224, 15.0172760638601, 24.010347473891336, -7.496302506609374, 8.49026889242114, 11.073453615538517, 9.878367169560322, -3.6568188313601606, -3.7421096814140826, -0.8109953247916845, -1.3349574936185316, -2.847568034964511, -2.4086989382327024, -2.625268174395302, -15.485229083509221, 0.6445092488596948, 4.20592830907673, -0.25594052300892617, 1.0316570577371376, 2.830399978974517, -1.6514612251473628, 8.504936010288633, -4.151384670641825, -40.85543097366777, -42.96712628956497, 7.554186847744948, 7.50097968281522, -8.274164743873854, -2.997275821931018, 7.222845800956926, -0.9065415225218515, -3.8773563119697334, -2.76588666716946, -3.5713588910921, -0.2699787808061878, -0.05292336240648288, 0.22959481501926726, -1.6457791495745338, -0.3537826022713056, 0.9178167242651862, 0.3962184507969948, 0.5771430128486923, 9.28996032058096, 3.8019954124200392, 4.188626680070646, -39.804275026071, -57.818968846511446, -1.5990543807711517, 0.10108935983352108, 3.2336475543789747, 10.270338603504097, -10.871591552763308, 5.765432315493103, 8.167495694517408, -1.575496025798162, 1.029697494187717, -0.6464239032200156, -1.856794707497149, -4.437549846414853, -4.958012856227449, 11.873410531175818, -27.526607528125844, -5.700157239050209, 21.070581454995565, 0.5214591050729303, -0.8336333926277453, -4.141486760796074, -8.393296162418736, 3.130215177343219, 18.31891722860689, 1.887025442270779, 22.320183795095332, 7.871874659137134, -2.680573076434584, 0.7059866984787209, -4.700223589573956, -13.087058611593053, -0.9032361276548141, -1.3259184697010742, -11.438606385833664, 9.462959727374836, -2.1475502803246513, -5.169229928785784, -19.717589896187125, -8.357585168740783, -7.103335944944385, -2.9929333366487683, 1.8616666157161559, -3.452549713353789, -4.25772032099197, 6.782122469941457, 14.383440127671866, -3.652564190819947, 11.317679192666823, 5.033865338948796, 3.682177875175067, 18.790003786711612, -4.443393788615602, -5.750755113667417, -2.0614001486135765, 8.298168150070376, -28.82451840560932, -26.386480120054397, 9.741016280024597, 1.538736228273411, -27.910025264698763, -2.1527464253481297, -1.7812418474944132, 5.858567732880334, -2.87431700672026, 3.809639374316869, 7.316802168323633, -28.957940055556776, -3.109422930689866, -3.8585522743228537, -2.8611317804707186, -7.174396889103024, 5.901423402281917, 5.1290299678484095, -38.90729289683256, -23.730980965114913, 8.154196551623096, 10.354407805139376, -3.7335585138507494, -6.769519716926292, -4.72012927925038, -5.856350959008824, -11.660382086568905, -11.40748129700503, -3.3201446144143336, -1.3777642517051167, 3.561305325832219, -1.9831900791484098, -11.958683525317381, -0.8136193972652355, 18.865286560136845, 7.027703791267969, 8.099887444111369, 1.013805696636595, 7.674815659082514, 5.630338750182105, -6.688301434159982, 27.49684657230522, 28.437946076818523, -17.73728872965657, -6.750948778623951, -2.6965106240261627, -7.263755426479897, -9.189996750690845, -19.079314341020396, -2.388636605590457, 4.605522480706007, 9.60436309664651, 1.459579361892143, 3.4263202319125083, -40.88760511955105, -26.02022964042722, -13.364712127710005, -8.497269627672441, -7.545526645519195, -0.01730234133892461, -3.6992582116665704, 0.4003458363850545, -7.959405078220318, -6.676459536165237, 3.459518867540761, -7.7244191314798565, -19.482522274959685, -33.802679018071565, -5.990018033438886, -1.7137742217037037, -2.4584302320789435, 5.3430893580646766, -4.417935145865791, 3.7445913929601273, 13.521473099226485, 20.05605907577049, -39.157271521552396, -4.982678284395087, -3.782474762858191, -43.21120391603544, -28.758796750456238, -0.18608097273132623, 0.6275556535360438, 4.008965565645445, 4.860542354240131, -5.443106543831548, -2.6707282212368653, -1.2212159378961385, -1.9764702305350963, 14.11702010182364, -2.3603584143259537, -5.559407869644542, -6.608938831642616, -1.9763670746742972, 3.6431030260052584, 0.37347232509219097, -1.7285952542369494, -1.7331993584146594, 6.827396588037778, -1.0902056130039142, -11.157659654710379, -7.4379005858626, -1.1656623217731803, -0.2052012200705387, -17.138849112005953, -7.956563662247575, -13.262094075236512, 4.762824178007812, 4.861056174079589, 1.7185186410452307, -25.307526897603356, 16.18003953703161, 2.35121692199624, -1.0931684174270984, -1.2393664681587007, -1.3631056026817407, -3.2756618444101355, -3.406754503330935, 1.145679946916108, -5.344099652802385, -3.6311090883668036, 1.189342797094272, 2.1248767183510417, -0.9939039268249941, -0.7869730797487953, 4.307676656605651, 3.480037642371326, -0.39509083055966165, 10.339947966900482, 11.131671938495858, 12.005965217886775, 16.443438022556393, 8.755165085989942, -33.870552980884405, 4.911151643051505, 14.217170846831882, 9.03848416007116, 4.425039468999125, 2.5150616995094794, -3.481882174350309, -6.6635254543979405, -3.6974175206532665, -7.563549142724336, 3.6338114615576806, -8.19939775747035, -14.586624091057306, -3.1574013643477494, -2.1524081928617305, -3.0522952266269363, -0.7159585383006224, -4.316360836291015, 18.784897279765516, -0.21717722850367754, -2.9597975473588525, -2.949082966802592, -3.9204711357549775, -1.1115385365201678, 2.1404405322927644, -1.8476892127926126, -15.55896783442155, -3.296949404079765, -2.009748219296359, -13.515406311626888, 24.154398608078647, -13.07675451794335, 5.437561538855075, 2.566393390553303, 4.139711354911533, -1.3980179507905979, -4.564748594045158, -3.773638194839821, -1.300323218636536, 23.04795181254472, -6.140912312398383, 22.740179516096266, -25.368389600516224, 21.879592260424896, 6.624939061176161, -3.2727983337532622, -5.656818529511951, -11.394260054237398, -12.131235316541765, 3.3203421431203766, -5.2591686816208965, -3.3322426700110395, -4.995282874163793, -13.722265980023078, -4.268487302590385, -20.554420147022356, -8.224673702564612, 5.9929324326257865, 29.339897255168534, 7.258594503179941, 3.274019668237024, -5.001356364938199, 13.705261145638556, -0.9100284755035786, -2.174665098424757, 10.396359963167484, 2.071365820660467, 0.6967052145428303, 3.163326869913134, -9.495152960539738, 6.542056793791032, 4.368334354737766, -59.20139765229717, -18.020020525660577, 11.727354023712978, 0.7832455063220862, 20.03510897951898, -31.230403397211138, -8.212625874789303, -5.02401500837759, -10.978939876928974, 2.6029864380793173, 10.00002613807105, 8.579497765911675, 5.863034126721728, -5.221257137694737, 2.292288390973801, -0.9371522916308082, -20.29735506913434, -11.73655569368987, -0.11834789378948063, -4.986636573483594, 1.3518315261064997, 5.150970325932265, -9.4572959408086, 3.262822621896285, -10.659671575940827, 1.6695961461925974, -5.641573918421391, -2.843034852384706, -3.061292487681299], "y_pred_test_CatBoost": [-4.0010702884877904, -10.399766661899168, 2.4885905185611112, 5.57860712257432, -11.102672644649296, -2.719705463545848, 12.015993384370377, 3.084868357395823, 17.885019098378756, 1.7777635166303303, 0.7821007665157556, -6.910601375700881, 2.5083059007120174, 11.766388300717923, 2.192195095930668, 20.458580258180717, -3.5660605360618036, 2.9195085231463365, 2.5533044538797003, 6.4751075204378346, 4.771535187856311, 7.595658814696598, -22.780592226709786, -11.674156353588288, -12.534858574067702, -19.153470956645712, -14.18532527662357, -7.084435213213329, 1.5819070799376163, -13.656647172452749, -10.1101366886045, -35.859730965218716, -9.00481368818226, -4.675732852825245, -13.497185433460334, -1.4724230717024493, 3.901335317381845, -8.44404747202314, -1.005527218751188, -0.8198884945556666, -1.998597344241214, -3.266191798656614, 0.983157677521971, 5.72917869500208, 2.4904675508683556, 0.6549912224202212, 8.555384933468872, 6.4610509054282845, 8.834873370678736, 9.982185446210362, 8.716447640319434, 7.162816171946148, 6.2866709225745, -2.1664931953398883, -3.0471281724327866, 4.63883969010394, -0.963398197148479, 11.939243766516825, 0.6655984998770645, 1.0202999932799863, 8.145999794192608, 1.4308693791746463, 1.2982272137502804, 4.9886279681491725, -5.383216912511136, -5.983264410711823, 0.18972542261131065, 3.4075687181727545, 0.5721515390658796, 0.7182948670379936, 7.891640494341024, -3.184129894990509, 4.120696099210823, 4.735103014131944, 11.465424996252086, 8.696752386047393, 3.1740152082450654, 0.14201379457161345, 22.650726387636333, 4.195842380276153, 2.4577186497942654, 7.1230428963487435, 0.4808027000802013, -15.681446985552576, 0.3760618777832192, 0.052388833604315455, 2.708226103276936, 4.185396132398241, 7.578635407307344, 1.5318834343168475, 0.9375652470954603, 5.006160649719382, -1.1515928232939587, 6.529114511779689, 9.277481425413173, 8.671933318581608, -1.5040575187384873, 11.915656531961492, -12.301972976017437, 1.1760524199070808, 1.420402063565711, 6.663687907736994, -1.986750904792718, 10.485821769266412, -0.5007717664956617, 12.501361139134625, -2.4414651734109247, 6.0869995674830015, 8.701424555419395, -5.52720060834214, 15.140413271692902, 4.015260219396255, 21.948285950048746, -6.12121211114935, -3.6772940069477906, 11.196802929196753, 4.718613783365972, 15.146779933953983, 5.912492475653361, 0.7486022298885804, 3.746598689115567, 2.9391269682523067, -0.5790018678689278, 0.9436276330113516, 22.23231590827039, 3.6712783076278965, -24.66107811329693, -2.2025095027886388, 7.523191390775988, 1.7161606318916367, 0.2879175514282142, 2.94119799687602, 3.1890009093529517, 3.691651686590693, 1.5685533328776922, 3.2319071107925037, -3.8742891146119156, 2.4014181233218794, -1.3327881598992928, 0.31720902725903155, 16.877723107290972, 6.5405839026244115, 1.5196675815935894, 2.185798118378835, -0.37959897809135984, 10.771141915421765, 3.2734557599514504, 24.674976468695366, -14.437359970162131, 14.890717606960816, 0.7907139790549047, 14.170571711278416, 3.756747017594824, 12.64525917591025, 3.5393115559091113, 13.097193245809567, -6.601067551706783, -2.2280131980464235, -2.580894044586013, -1.3949301920831054, 3.430376230075076, 4.156517748157022, -39.9827997945998, 8.869812735917039, 25.795305816276823, -20.84066575853273, -3.7616457477279743, 2.8485665844941264, 1.59721995839283, 13.430052383589393, 16.864206747410076, 21.083417605037805, -3.7673233693273818, -12.094135185887104, -4.569015833050743, 17.54980917551637, -2.987285252431458, -9.768579742794957, 1.3311412993015377, 3.2325271499011112, 9.379254246119855, 18.1537785983808, 11.760270328825598, -1.166790294316798, 22.36290412456159, 19.30155970912047, 6.618077630834925, 11.200860699288137, 7.861817571935843, 18.43112335292296, 16.79978167970736, -14.096585928356381, 0.1268528226482306, -6.5759725254584644, -0.3578150236602308, 3.341939227159664, -1.1664964612771245, 6.393274529321752, -0.9774158979793279, 5.050855593607723, 0.0973207317572331, 6.611499042682846, 0.5330069553090042, 8.625823408855867, 2.223947102834351, 6.636319285966956, -1.1779242525616254, 2.0182564741889286, 1.3051436061394617, 6.738373014482494, -1.2160676476175982, 8.655028722742992, 9.776389905234446, 18.88053702259116, -0.5247693578152326, 12.892790212421229, 7.080845783991297, 6.9966542044203575, 5.875088431006676, 25.915573056857788, -1.901614978189779, 2.241817373186006, 0.46247683436861897, 3.11384645478127, -0.25000813437761155, 30.916446552585985, 3.731737380949939, 7.3476294258349, 3.7520905181540662, 14.195900585047829, -3.3319161540218523, 0.4615830958518188, -0.6458724859925563, 30.073368433797306, -5.393822087996844, -5.306089336177931, -29.291107377442074, 0.8269384422405555, 3.9328845075003205, 9.978399457514238, -5.885569553939568, -10.76890430093464, 2.1992358568334867, -0.7054400733854684, -5.708665566958307, -16.11287604037035, 3.4094866725808144, -41.450856877831534, -13.276533851384464, -4.487422867101028, -43.09212490982256, -22.65379122498564, 0.2826958376133497, -0.9884045154141625, 1.4515210406256425, -0.39868484136724325, 5.218683009297991, -4.116591268894675, 0.8283267090810154, 22.200590438617393, 22.468219457715843, -3.630234876345278, 7.343506455261578, 8.896671466658686, -1.1904003692404128, 1.2952709379350384, 3.634239664484328, 1.796988026924076, 0.610100676259322, 5.385051384416311, -2.2790565200297266, 0.04660020979890278, 0.12405828239164918, -0.94779785117061, 1.748071417262297, 1.6325765260460345, 3.780458180931988, -10.413339955359078, -3.962656755459071, -2.864868448603837, 20.199467379797625, -2.6119926158940263, 8.335262365332442, -3.4266325224501353, 4.130874536517973, 1.9364457445262078, 1.6501298524200037, 4.584717864140027, 7.925250065915321, 18.03712719221953, -8.212856556067372, 0.5160060144559462, 16.44950417269863, 10.333124882944878, -9.741284649804728, -2.3383802604434707, -2.810696080000336, 0.7687013742439408, -1.8826297992694876, 4.281836209443131, 3.5401708842214603, -0.2596136821353788, -6.995086471684395, -4.685069607696647, 10.982249704168948, 18.221049033655728, -4.845886137891399, 21.819802932625805, -10.83388306463964, -6.297810348943313, -10.382915922450849, 4.009730400236998, 9.50382073379765, -4.040115189894123, 5.544810274201433, 4.917038452119719, 0.07355082969693227, 0.25579913450558955, -6.9381995649695964, 6.420430921807554, -2.2675801917662994, -2.924568038641126, -28.975934925312377, -17.18267677874049, 29.16850268415473, 25.012333120292904, -46.0551584576934, -26.474683292501638, 7.884003958775708, -1.6030249046879037, -3.7481915689113667, 29.52730324452623, -3.352662536567142, -1.1996574720095006, 0.9653472713363196, 10.66747513033721, 7.018534818539722, -8.430744868735395, -7.146018005203161, 30.549051837708365, 3.35933302105741, 7.341833182976045, -24.980338489753326, 17.035749276227317, -1.080033865958241, 10.815250802818342, -11.134818094958687, 4.726078213364207, -6.1352966220984095, 20.560494660638213, 4.457080470997435, 1.002752133766304, 0.25104454799156506, -12.898097974937333, -3.462882870412869, -1.8014292067937785, 27.250126252413978, -9.173768481206919, 5.940447867144823, 20.318224343173963, -1.0918598613334909, 5.326708111764318, -14.934495933013654, -20.412717792497, 14.676864534031608, -4.250157158039519, 6.1225732749623045, -1.4115372100035275, -5.396901809313567, -18.166541046923555, -5.332744412476192, 4.908138265518636, 6.743380747397335, 20.867077415049877, 9.199173850894889, -19.33334709603822, 7.337183245499638, -6.532054438125085, -3.5826774569825446, 19.814120159281995, 3.7806897964800097, 14.192076051955329, -18.747049806047432, -4.049597817370348, 12.346303943378851, 4.674294789057242, 8.120677692254015, -18.485204784487152, -2.2053504870273155, 3.447889460909212, 15.614064691482877, 7.398803300926094, 7.236972903776335, -8.946028496991406, 2.9292383694051503, -7.713887929953101, 1.309161372310664, -1.8980258368510219, 15.771519400169172, -0.5334728490759257, 10.961983727031958, 15.493801900330691, 38.05182387801536, 5.8664020122286065, 16.802736354612467, -38.32120079767418, 0.5704366372021277, 13.838432233086186, 7.392290449869023, 20.668823174346304, -2.5771792521069807, -0.39185934419980206, 3.570733728942159, 3.1651655462018735, -7.571453859672685, 3.654350334349309, -0.7339457828841478, -5.400373207552781, 1.1011522784392955, -2.044502924339647, 17.354312481296986, -24.926340442010158, -10.67174135730866, -8.88173509467204, -18.826941788080976, -16.078999001344137, -3.5815606671420017, 8.864323214509657, -13.402416993277743, -13.512208979529454, 1.8326471069886274, 9.831314548676792, -0.22750632002520454, -2.3648203775796945, 2.654592026025803, 15.67430134113388, 1.225923695642305, 10.333804040495957, 24.683470081955583, -7.558928669859985, -2.025949958016258, -37.846840882160784, 7.514625519799358, 18.348445678030032, 1.811912481436479, -15.428647509678202, -1.5868845493000987, -1.3375154158503748, 1.6102396827628698, 5.291084771081348, -11.312208606219654, -13.70527537080637, -3.0159322759724745, 3.0939011068199576, -35.183471265787524, 11.727225165092547, 14.005992670600925, 14.73969008820993, -15.230907630336286, -3.064078850446076, -7.468608450261855, 10.07685522237065, 3.821116160634894, 5.565518874993238, -3.124544004572867, -0.4743199748268996, 1.5282129374448026, 1.9410134023774859, -0.902839569107585, -3.8219206689530476, 10.049906313874182, -0.8264314853935895, -1.3934858108459542, -1.075249783156404, 3.8265758370680487, -4.205091041373798, 2.1476497349885038, 3.776915395854461, 6.500660944608692, -1.0679061521614417, 12.162902659798537, 7.325065550053354, 0.03700065100625549, 10.969313713147667, -3.1083844926662993, -4.81592395340237, 6.849555296627267, -14.076727235268091, -14.765109833149328, -20.783133233564648, -6.490350242208764, 2.977229568214044, 11.745233131753537, 20.279946369443344, -5.29586629202251, -15.456291298750994, -11.467496502159065, -9.752974516311976, 5.915492927359027, 30.159705177054313, -15.0042887865148, 28.858413245601152, -5.546842748234084, 0.9686815288653563, -10.138384823332386, 1.5683927224226295, -0.755401418709505, 2.2160676366560352, -9.960334349631896, 0.38705494857533473, 2.08292019729541, 10.473720860335325, -25.14873404515227, -31.77085820952003, -4.924477953961055, -3.3440044580360917, -39.98808633956374, -15.72710789127964, 18.483151153047334, 27.038080546617998, -2.0627902635147963, 1.0814363985202173, -0.9129001572995705, 3.6432773212070773, 6.958019412912539, -2.848314295116069, 2.6960098445819685, -3.452669646550347, 21.80807867278961, 0.2831643648160237, -4.246934936318368, -5.36208298185149, -0.8056406183246775, 12.527317415278313, -1.793341279939398, 0.21732776259033504, 12.157467865165943, -2.905137267951389, -2.246845017139826, -3.8098646879768236, 1.4117361984834682, -1.1746181929332584, 2.754095752772144, -8.040071128753922, -30.0318131325436, 3.7033242273004934, -0.3106221083813379, 0.7398611645777586, 0.8083217740101689, -1.7187746893471068, 7.052287655501362, -24.041001470316164, -17.59596542225877, 0.33801670507389436, 14.347163261915401, 9.23126769162428, 14.636830005938762, -1.8563840735704904, 13.5656882877791, -4.749278014319471, 5.338517797597623, -1.7972104349597957, 6.15966181663151, -4.008601894990308, 1.2298012950740576, 4.606898824857031, 23.22417528916168, 3.369007713624203, -2.252762826493596, 14.130528765254343, -5.03579069071453, 3.992958686638394, -54.484313427418826, -0.7327857408759704, 1.9462125542017241, -1.4824647584730735, 19.847256436919203, -14.488765203045453, 39.98141029169387, -20.1676046845959, 0.8936798869102984, -27.55980112272648, -2.0175033437243868, 4.946017060683287, -6.104888082441186, 9.10825407115732, 0.6481523746519351, 14.488886248402938, -2.8810808122748757, -0.812451700234496, 3.604122513734926, 5.956122462617478, 7.000861146238926, 13.131260047796795, 3.0801404254078095, 4.837709604293807, 2.5645546108547115, 0.5457040726240647, 1.5337191663366756, 0.7317748638507076, 2.914906366107276, -2.111513348761357, 11.330281915529598, 2.537915467588499, 7.913292977557637, 8.31018274117073, -0.9748804019691641, 1.1472400804488716, -12.88484270355728, 4.7134798561735956, -25.502994709011986, -14.680121850819594, -2.247410940424311, 1.1983421611669636, -1.2282518983715858, -10.063448336969715, 0.79854741450562, -4.272463092116482, -25.471407137534005, 4.640135632757251, 11.57104575551353, 2.609248617595715, 5.915017883977372, -22.653016300647185, -15.787291755695666, -1.8615017830287302, -29.471322802062797, -18.36826322971164, 3.8922353622305614, -31.73458460927075, -19.695473424701596, -4.019115793753038, -25.203645466395304, -9.09352989989424, 19.038479298033156, -31.67252834074004, -7.374423340343405, -8.651068161585748, -3.354346872303017, 3.8222572261551075, 2.304578417203541, -8.974952936453578, -0.35507458607452574, -5.16028732456842, 5.818801666162379, 0.7736794760664165, 16.02338529193652, -12.644310910439064, 3.655174011695122, 12.533759644546965, -15.188037743061434, -4.134230440699794, -30.473614948448304, -23.110490945186314, 8.993134843527681, 7.883726606293582, -4.397770916123623, 4.097199927490771, -14.078952787089493, -6.673428972738832, -13.30261603449536, -1.496808052789567, 3.1308962254836783, 12.979353092677739, -13.052465349287436, -8.617711636304495, -0.26802830815021644, 7.496479118775319, 18.935302468949054, -2.348087121856387, 16.14824947048702, -5.096438323068715, 2.0238926330149125, 4.059009581647321, 6.432990753015086, -24.865864408279084, 0.0668725986609422, 4.891292883726514, -48.59623624795047, -4.054573079509341, -3.900269300289417, -1.2835405919345133, 21.973118741714863, -4.443886313111536, 17.034589607530847, 3.4213081297843955, 17.1664086844607, -17.832116076280354, -2.6873601155813898, -37.2390343575276, -11.772058562221497, -21.792840898612273, -13.723495690088402, 13.708009290304124, -4.549098792782201, 5.950011940588242, -37.678966569733376, -38.989718018447924, 0.005119438611675298, -5.054464073659485, 2.4976013548766267, 5.903746204832128, -5.346918249498336, 0.4682815260687945, 3.770366491697782, 5.631856827131343, 15.37549107486359, -40.84093672410102, 5.677242214636665, -5.121667921024626, 0.08182930173802294, 0.41849076774118643, -32.22434861046108, -7.932933651133313, -0.2281884615076512, 2.8664439780643978, 6.529105649481401, 8.149515769959743, -0.6361617993639296, 0.9834929788664282, -39.25999912177406, -33.58140861294524, -4.567057740198941, -4.83054913659138, -8.437067771427206, -7.677481947237508, -12.421065216716784, -19.416300390556845, 3.0708738167895255, 16.359146357653504, -25.70504113839549, -13.747712942215498, -2.753642990198318, 7.67271217179448, -1.3803443426051518, -5.8158119265280375, -8.309488046564468, 11.624358348830269, 3.9757784787421926, 13.308169673631225, -12.338592997804135, 1.029639411131414, 13.2812607571956, 3.710219877704012, 0.05709399759471323, 18.26988924750965, 8.547116084050495, 19.823025128462092, -34.06435323785517, -0.4342312986339185, 3.503168238660109, -0.9231365641609922, 4.420607078174251, 4.293526727218246, 4.876654091970979, -7.741280615306589, -2.1055626778143237, 10.308210974142494, -12.79350225327414, 5.296038854652548, 4.8165233908575065, 5.742017463306552, 8.26609772837494, -2.6181592328613577, 5.289088658906373, 3.754697578873885, 14.642858891158808, 11.41208470847642, 24.295268524935185, -2.4271177295780157, 11.927075232542286, 13.332789491203322, 22.043999352903104, -3.741252311675164, 3.104527893028939, 2.9790158146972683, 5.037435725405974, 0.9196752947457894, 8.003136478682114, 3.40048701799693, 9.962541828075578, -14.352296276190259, -14.686145544484178, -3.3157344317190764, 12.306030768243001, 24.298680892315485, 1.055772980498893, 4.5428718238347265, 4.692875411303258, 2.121401391025783, 5.716197090927262, -0.4099211687104064, 1.1177687186399097, -0.49975360064332097, 9.695952618225776, 1.8997102185946644, 4.257201825650062, -1.03430259733498, 2.638235709327432, -0.7342739745207556, 12.677699244897406, -3.100717077765924, 2.622196388095553, -9.698471162814844, -1.295344408352836, -12.718312108190883, 0.8307688031418392, 4.698138064871891, 6.350656537278029, -33.86116302341439, 0.9290707673067613, 7.468277483905968, 2.3665902879266834, 7.135484603877852, 4.91041411600797, 7.065758507053194, 5.180588689683575, 10.157073519367263, -3.804576583848917, 1.1236853806512672, 1.6348716167813326, 4.344381058358591, 8.354465244490811, 28.833488706667115, 8.155889061610804, 12.40538274380473, 3.295422007943583, 2.1314525840379224, -4.920282564020938, -10.19323514342965, -1.010872812824522, 9.154732184409196, -4.206854244406324, 4.6814544281626755, 2.7715554609883104, 21.59352110858419, 0.17918882570688133, 2.225840425721852, -4.531598572835533, 8.308117437978652, -5.651972638082347, -3.622149689276479, 5.7720846067754605, 8.45308665006932, -12.272690815016002, -3.322444863575862, -1.7051739168077078, 6.269566345636308, -0.44708333154335855, 25.16637994279207, 12.793350722145048, -49.6671651011059, -48.29120400993514, -3.9761128615587262, 5.098080306473546, -6.651336468299375, 1.4966514008332417, 19.787893892325865, 2.769738943736659, 17.757402480226624, 24.869938270774227, -4.441676091263104, -5.849542059707487, 0.9648337872274335, -5.601640112244874, -0.8667498621110248, 29.196829873399352, 1.2188454733147993, 0.9908874610152938, -6.869159485449186, 5.4673341466369685, -1.6987448707284283, 12.189010924065379, -6.4880937064451185, 0.41020294007003555, -5.858868913116475, 5.1661500317171285, 9.510600772058305, -7.316633632400803, 0.2692107553377583, -3.6756396595219782, 1.4120744828357457, -1.026544640120136, -3.5390189486222097, 3.0321899233316887, 7.828565845541862, 0.48205479407030993, -1.9093377914405851, 3.7469821656579114, -3.646878545589586, 1.7897971010417484, 2.431257744638638, 3.655511687173446, 1.127666506294575, 3.7885584842367788, 0.5445149440618902, 5.709576706769657, 13.37205882666132, -7.289899646247987, 0.48322807981171345, -4.612801847320773, 2.795222667942416, -2.2933913813498785, 16.16244272909915, 20.185350643854797, 0.9403282414840535, 8.343696005745517, -18.03919782712507, -8.36856214046039, 26.736184793207943, 17.355742985587597, 9.735097946492996, 9.949660697606518, 1.1153454084913277, 8.860215447636524, -3.1320400191275213, 12.06366439264354, -0.6520917489274334, 2.2584908304789804, 0.07550165610404258, 2.069057511496374, -2.2750719731717632, 13.095280282687673, -9.86528084813968, -10.597282927471747, 26.558362278131, -4.706765735331426, -27.129531875254195, -16.28913996889723, -8.533755505902306, 19.318340032434335, 3.3572506409411758, 24.19861865081616, -14.028301875531124, 6.444553556659878, -5.737649986675011, -5.761052415136902, 24.715533386989275, -12.988318531154782, -14.831792751248589, 15.283027234546461, -0.450950198080463, 7.369780395356287, 2.139857672904856, 1.8206516219362383, 2.2205310044778788, -0.5612023994531479, 3.0515246029509218, 10.87753706488205, 8.653652187984479, 22.09152463036727, -6.4971493284527355, -4.176663036204301, -24.633246831403223, -29.838296699597226, -18.3656530522492, -3.447970260637949, 3.9880254362071597, 8.87053281340727, -11.312015379447775, -0.8004047668161149, 0.3391242822383086, 8.004252883645377, 5.544546460046017, 19.279911098536374, -9.841119718634344, -5.851257577545231, -10.556720208392232, 0.42774674316016914, 9.964779120472299, 27.54564987460134, 25.69435160499366, 1.400840663024034, 18.736742478659743, 24.590479384652713, -8.782337022172799, -0.26438536041744815, 5.58180894328572, 8.476733419734156, 31.080751625691864, 15.018163901361246, -24.66584451475043, -5.307341083408152, -7.426223754509929, -9.557282117751285, -1.1558386971316366, 16.47648315784005, 20.07444565846311, -4.661980471287012, -16.06180399119167, 17.813283531777657, 14.682334892124306, 30.983359325193327, -3.456748053907215, -4.185296732195402, 2.754280934642935, 2.905482895703153, -6.325325831980463, 12.422742999811737, 1.6779424453495784, -5.889291185928967, 1.9732018541121876, -34.90061080959647, -10.729647314766739, -7.673867344713656, 0.42281119384736154, -1.3513573974308075, 5.559620895215631, -19.609225372807646, -18.682785040022523, -4.225770239693025, 6.798840144609143, -8.75639016983524, -9.261795860570224, 22.433925019308102, 16.97662721364969, -2.8327537737212753, -1.7796454897784646, -30.845833440382798, 1.4454574678870746, 4.486758810004664, 2.0170515234242283, -4.013354877622776, -0.6019772781853624, -1.104943456942302, -3.3258607981032906, 16.2103854756139, 13.522345201378911, -6.433757105398325, -32.921226237501806, 1.9240770808444951, 0.8077332220027662, -3.707058154093864, 4.230946223121686, -1.1945182907564171, 1.7986741551846737, -7.701707551402431, -0.32779463844898277, -2.5041025210487287, 1.2380601456063502, 0.5635887595494062, 6.998995207168103, -8.631045215349825, 5.198739156878513, 11.832806291156274, -1.7261284119362985, 2.332176427662199, -1.9357195881202713, -2.3818846363900117, -1.6209765644214955, 0.9582697552916717, 0.8735407304497809, 18.63952550916787, 0.560734968562959, 8.462332261485509, 6.84169746615431, 19.371894697095087, -5.637091823421248, 2.01392608693914, 0.06295457624881251, 2.350827283385718, -9.99618338933269, -9.862668748681232, 2.7163624273337605, 4.644371485507564, -0.02552946076331397, 10.094996707686446, 7.942737546638989, 14.079626454235475, 3.418320046053778, 14.46801318234906, -5.263903544839911, -7.597499109026706, 3.7949606220921224, 4.441253154725332, -3.220926391252847, -4.384852581282441, -2.5051795984566763, -2.993992178431461, 0.9171414175350656, -6.048875139087723, 2.098770695005862, -2.101234762495107, -7.039060433212942, 7.884494299467397, 5.757129256430895, 8.64783788429284, -0.7835391460030005, 2.2592748240989144, -12.848118494760671, -9.609767959117358, -0.929690589175912, -2.0733127037769914, -8.195205700410183, 8.313100989534364, -5.276007800687375, -3.687182335559567, 0.5476985278479582, 3.8516152661627334, 10.497001448487099, 4.716411689039818, -1.3737569689104532, -5.405136008640213, 4.863749383282967, 5.759809213581124, 20.99124609926192, -0.501507204041672, -1.2658102796143962, -0.4737051053279879, 3.5936595686466744, 6.66574462221944, 2.8353928764458853, 2.760534582614052, -7.298009705159782, -4.830641898982282, -12.195920478506876, 8.191501500659532, -5.327256990625684, -3.6332612369401605, -10.095635971291545, -5.049644895408995, 12.366029899743618, 23.439465598124368, 4.989029495050302, 6.21264666049529, 14.453302112303266, 3.485333340669536, 4.891304075868714, 17.286968387532973, -1.7635412243270445, -8.180535269504654, -19.46708814616068, 1.9474589461156362, -12.468421684615311, -4.252611804843707, 0.012039366706600663, -7.240459223018673, -40.46945503952025, -16.191733068010578, -6.1425336753073525, -1.3086578837579426, -3.2491566612136404, 2.4272086135811817, -2.0822192998265625, 12.551433048582396, -31.275118050321474, -28.659938430130527, -0.7946953502114803, -38.25971299071102, 4.558964208248026, -26.948048061271198, -3.558388693982863, 1.602986390078284, -15.364350067710774, -1.9555267010037038, -10.689318774243407, 5.320924035529019, 7.299829916624232, -15.09112162844496, 6.75380361669758, 7.416291628252987, 9.337092721012814, 17.341422385368634, 7.517045819026542, 27.686667197890078, 10.312289212478646, 0.39615512442641654, -15.208475004816833, -0.26335807972754827, 3.846604347434231, -3.8457597767836886, -66.06964012604482, 10.048774800425589, 1.5493813586254985, 16.523390838255843, 8.60899921360292]}
FEATURES   = ["log_value_usd", "log_lag1", "log_ma3", "std3", "growth_lag1", "log_return_lag1", "price_usd_kg", "market_share", "cagr_3y", "hs_code_enc", "partner_code_enc", "accord_score", "droits", "wb_gdp_per_capita", "wb_imports_pct_gdp", "wb_available", "ocde_risk_score", "distance_km"]
yearly_stats = {"2018": {"q25": -34.1712223733262, "q50": -5.71923765889243, "q75": 17.062285627998197, "whislo": -100.0, "whishi": 96.49258962961957, "mean": -7.292579542299972, "n": 618}, "2019": {"q25": -40.97346123218971, "q50": -4.94102363729968, "q75": 23.059848091897834, "whislo": -100.0, "whishi": 85.49108141231162, "mean": -9.032915050073068, "n": 610}, "2020": {"q25": -12.668317701631503, "q50": 15.233254428735304, "q75": 44.42037772362795, "whislo": -78.00507081325874, "whishi": 100.0, "mean": 14.162897921088227, "n": 589}, "2021": {"q25": -29.765766686196155, "q50": 2.658659234888804, "q75": 31.6362511741076, "whislo": -100.0, "whishi": 96.02952843855087, "mean": 0.18365738374488141, "n": 626}, "2022": {"q25": -30.986821201306075, "q50": 4.214066521453813, "q75": 28.890166960424715, "whislo": -100.0, "whishi": 87.77991606016717, "mean": -0.47080147072590284, "n": 630}, "2023": {"q25": -0.7205505882965184, "q50": 33.45710854985759, "q75": 65.9762330544875, "whislo": -81.04756209851156, "whishi": 100.0, "mean": 28.060350396850147, "n": 637}, "2024": {"q25": -66.51019301166973, "q50": -23.01408041389444, "q75": -0.38525716473622684, "whislo": -100.0, "whishi": 0.0, "mean": -31.663215424956075, "n": 1176}}
heatmap_d  = {"matrix": [[0.0, -6.016151498958474, 3.122972413174576, 12.02238197094877, -2.813899191634309, -48.26618002907444, 8.824459987907202, -14.882878824950737, -30.183261270234496, 3.202858139777317, 4.437812688063725, -19.43916048248739], [-13.863030486148048, 37.152614827699786, -12.165298884934211, 0.0, 3.3573919335149482, 22.817887168833288, 5.087792219452704, 3.402111840244501, 0.0, 2.967668705891774, -16.766450144204892, 23.83479659193338], [-8.973821981749124, 6.66742247837307, 17.044515990024177, -20.517276505277316, 4.0227137704771305, 30.863801338055676, 8.17750388626805, 8.356227600248797, 6.954838943438111, 1.0909169590336052, 21.250460578300228, 31.229875609675553], [-1.083109611827573, -3.0241207651562974, 5.7390974175011955, -87.71242909032722, -1.420702855833856, -4.878214321226654, -5.958850898641902, -3.843415067336797, 0.0, 0.3982317580262009, 0.699192832297757, 2.566810721440829], [0.0, 1.2072445936087304, 15.518906559462868, -34.66862579106064, -1.60201230701849, -55.62611831454934, -0.7595427782793082, -12.450735376853762, 0.0, 1.3586085376317412, -5.086129185800204, 0.7504011121856259], [32.65216233222241, 11.037972310628778, 17.136700413547626, 0.0, 2.3955424478008047, -5.513997428462189, 10.109891654506445, -45.76161168368335, 0.0, 1.1389096658547497, -14.050802598175288, 9.20848734862662], [-22.930161325772715, 1.8177560723104134, -2.503980465978807, -69.16122571989955, -0.959224534696549, 13.331839005777384, 15.888723025058692, 16.801657373892706, 0.0, 6.078794254304437, 2.2915858321859353, 8.907853836288528], [19.496633986767105, -7.086275842874574, -7.099634052009851, 12.409583804946324, -1.623158160225, 2.917966663902981, 3.49472398860516, -5.898258277797704, -55.52479366415408, 3.561798450870721, 3.604753276332346, -3.061829152880488], [-55.400299664434, -21.132745341307555, 8.737250806297265, -9.24049196716071, -6.65735223104212, -3.11198669899637, -4.008802530213336, -20.298389648380812, -31.496841617232207, 13.666112293357305, -9.907023856703042, 2.440275391673879], [4.717326118055373, 7.060076755856204, 13.0736999179686, 10.052624272574771, -0.16086153854704205, 23.42168953454025, -0.1518868892459253, -16.34950191162276, -12.716749646448623, 5.061879709820564, 12.242042725254507, 12.333219275101209], [0.0, 4.3705617177776235, -29.567982196708936, -20.54115304687091, 8.11311209843013, 6.796068852974295, 14.292038494176072, 16.774899106000806, 0.0, 10.905824103712606, 21.862162922166096, 5.343200710974722], [0.0, 2.8004885013572967, 5.964981985007042, -12.504079899277073, 20.062469369929502, 51.926837080111405, 34.93400083979518, 0.0, 0.0, 18.498807164935503, 12.087368590194858, -34.01462213152001]], "hs": ["3", "7", "8", "16", "28", "31", "61", "62", "84", "85", "87", "88"], "countries": ["Australia", "Belgium", "Canada", "China", "France", "Germany", "Italy", "Netherlands", "Singapore", "Spain", "USA", "United Kingdom"]}
corr_target= {"log_value_usd": 0.0282248272158898, "log_lag1": 0.07024129102693448, "log_ma3": 0.08560489656093205, "std3": 0.01800313177069823, "growth_lag1": -0.026800327894355127, "log_return_lag1": -0.1050306858007897, "price_usd_kg": NaN, "market_share": 0.033835773444543665, "cagr_3y": -0.03265450533487118, "hs_code_enc": -0.013296494834295448, "partner_code_enc": 0.009543385552843684, "accord_score": 0.03284350864730141, "droits": -0.03862822556104221, "wb_gdp_per_capita": 0.015170967893502483, "wb_imports_pct_gdp": -0.01148681027211962, "wb_available": NaN, "ocde_risk_score": 0.06284840578312911, "distance_km": -0.04037715463429147}
miss_pct   = {"log_value_usd": 0.0, "log_lag1": 0.0, "log_ma3": 0.0, "std3": 0.0, "growth_lag1": 0.0, "log_return_lag1": 0.0, "price_usd_kg": 0.0, "market_share": 0.0, "cagr_3y": 0.0, "hs_code_enc": 0.0, "partner_code_enc": 0.0, "accord_score": 0.0, "droits": 0.0, "wb_gdp_per_capita": 0.0, "wb_imports_pct_gdp": 0.0, "wb_available": 0.0, "ocde_risk_score": 0.0, "distance_km": 0.0}
y_val_s    = np.array([-12.81023900592316, -14.272210345902378, 36.34556930705681, 62.22859702771469, 57.922191251917695, 45.95692735122348, 3.934916663585677, 24.443012853047456, 46.00784101744598, -68.09679496369313, 15.82789638829148, -60.859755569638885, 78.43538102551287, 94.40758839045654, -36.646710278174574, 8.740770551099738, -100.0, 26.609356574761577, -29.81631036732133, 42.23486875006418, -8.829087256729098, -73.93520478304981, -76.83063946294953, -100.0, 56.50404013254982, 10.747700217936591, -1.1433443291996814, 35.78613736593613, 10.262707045729076, 28.53108704040271, -51.55234071286312, -100.0, 0.4215708241957713, 22.94760347701584, -7.243812233864707, 10.467809900432895, 31.24814271449089, -5.417933599070755, 41.349447410482526, 100.0, 94.06850583246288, 28.4743126159914, 57.8073132391021, -13.53480085430534, -66.78323544047355, -17.674373399204036, 22.490912228067508, 52.67555693305241, 67.93162782355068, -20.610484028369893, 97.13992110004072, 61.0157961235416, 93.99797212702946, 46.65395424569556, 76.15691821295222, 17.944628268231657, -73.68793312511802, 6.361450488017104, 81.7990446902537, 100.0, -18.284025896390887, 42.22237638253, 14.943171592845166, 53.23589560494175, -100.0, -56.46158944302635, 49.133569197416165, -37.98994592987796, 34.3645204088444, -100.0, 23.94093166254764, 22.67892099577917, 23.823105762828387, 81.13411775387958, 17.586845817244694, 25.79759648017831, 84.59175011821458, 58.6327247355706, -25.56106112782385, 34.892588020128365, 8.942943914453503, 87.80658966818639, 32.667636852718815, -1.0377186789540516, -79.56607540852029, -37.52191169685383, 29.785585668906528, 60.73105119385388, 69.20680123853364, -8.110689907248425, 10.631260093839323, 1.4206845774959866, -48.57518867715853, 95.94862964973584, 12.643815401755097, 18.638000461677493, -10.480696533930653, -100.0, -10.70523726973152, 0.628003260034443, -29.2853289548363, -100.0, -41.870993720605306, 15.583962299470311, 55.13702911884369, 47.07391278410486, -52.941812143424286, -60.25206611005749, -24.10529796582552, 100.0, 32.84203971647623, -22.063261903520274, 36.00040540574738, 31.97047395272289, -0.2443924503225508, 56.786049590294006, 21.926470958983, -46.12935642045775, 15.395332932612032, -100.0, 40.8850374396289, -44.04945816181575, 92.3974836563488, 62.180840438308685, 23.30513409047469, -58.41984143453279, 33.504006059693154, 5.926333050123554, -4.614519948989716, 7.709008627431363, -100.0, 44.8928345789554, 16.35007087126502, -43.458298908542375, 71.42173445041746, 100.0, 7.752434635386848, -40.43621631384372, -1.9327161139207831, -100.0, 5.811221195165641, 40.74933397520598, -4.638168154142715, -100.0, -100.0, -21.210578653395547, -1.5058183527318123, 23.66211659297891, -0.7195379603510047, 59.77186548324883, -14.125770634431076, 6.559085236178726, 84.55647235974625, 25.016165362720933, -59.35072046022636, -13.046634007309086, 22.343604833372023, 43.06525929154301, 59.38994893544187, 65.27400899907488, -4.451909946136772, -9.195805346769207, -88.62077967445477, 37.569690562468764, -32.450466858507, 22.83174819488464, -70.45588202786102, 23.68985738925191, 100.0, 100.0, 14.489829504365234, 31.74302656051537, 82.59748114545117, 10.542284680920757, -100.0, 74.19050900184936, 42.71972096121793, 100.0, 29.834228091192067, 100.0, -100.0, 80.13478899136341, -35.20547572634231, 24.756125849755, 67.52137714953062, 0.8470105890610317, 54.97831482597076, 74.71820771552967, -16.556532519100063, 53.37200310451403, 31.49976359203133, 92.5532789057623, 85.47717383472391, -2.8425729374325392, 81.95187107759423, 33.15022004695788, -24.59696056182031, 65.74654099995205, -77.45832744193095, -84.87593979960486, 100.0, 100.0, -47.46558592873305, -46.0603725490195, 82.13700477524407, -100.0, 72.78831380663647, 28.83279575903017, -100.0, 63.32667668537284, 100.0, 83.4690045777155, 3.0712133454463544, -4.127876399887199, 51.3775035403523, 25.37872962366293, -36.28063575161305, -21.6701291054444, -16.322242646638674, -4.702695867673891, 58.51602955004704, 87.44290119603187, 39.12962341688907, -71.3538948883747, -51.34019147760012, -37.9979512834476, 85.13461089277718, 60.97628562602667, -24.349306008025383, 67.2027888133013, 55.2062171480581, -22.800432135817264, 5.205985317337094, 14.459475557824014, 1.833107426997577, 100.0, 57.693826022391306, -75.52354793287616, 13.764559456855716, 76.09862586859563, 48.54563309549203, 45.34096945060633, 34.482524290847344, -17.651407647118084, -27.502031993207225, 47.386311544615126, 10.23490728286598, 47.06874952061515, -38.354441537601616, -17.86494265961423, 61.88299066941243, 86.82843946715141, 35.532259473995275, -99.02329667508836, 65.06986183012711, 23.33465835817629, -72.50692770901055, 28.4618714771212, 58.976157852006615, -35.33756805649163, 25.53383090461081, 55.86303475147011, 51.89050563343302, -4.368166083770368, 16.562645767780385, 12.758147657858348, 62.1150049300029, 100.0, 59.3923998749388, -19.482398428386013, -21.226932890425545, 3.7035883340158455, -4.761392007910295, -5.485323811902566, -47.62743397130532, 6.409330796380042, 45.68486975004678, 7.786794981481663, 43.85564837544079, 28.95887013263479, 69.04658843757134, 22.000144470905777, -21.532454093231884, 24.91451071289516, -100.0, 90.32559271880612, 17.396290890837328, 68.39837682131306, 1.5689362684312091, 33.00243497982917, 17.68329301199633, 60.55702650652614, 44.85489020148716, 5.287419264590495, -25.35909490884944, 28.77385133894701, 33.42622132906839, -0.2939710555606603, 5.869471554231424, -56.03424052883563, -48.87731816185902, -46.53725637806384, 58.793549827379245, 10.896103648931453, 24.02251642570621, 4.504019082560289, 100.0, 80.55503016349999, 100.0, 100.0, 3.607775732202003, 100.0, -100.0, -63.819141223559015, -30.73894329024824, 64.22008318074592, -18.78790174766116, -38.89246637352007, 5.332923602243415, -100.0, 66.90765082698557, -25.30457541498638, -43.68320928363288, -14.7166202379457, 74.06978338103991, 4.482322231774732, 60.20362918036693, 35.77167359814924, 24.7604452076682, 74.36193784611767, -8.795827764115746, 45.96753128789643, 27.738722958297167, 1.2957080405482555, 27.971081978811625, 45.53993685257395, -21.61080809706073, 44.11251637002266, 26.02205335597118, -5.93051307269455, -19.26885411124037, 37.86151970991425, 58.68718366008498, 65.73615877228531, 59.0096281091561, 2.4762647026336424, 36.48533349657278, 60.53959432335196, -5.179173682876152, 100.0, -7.936406957965532, -37.81652290568727, 32.38940756293658, -3.2137549620383865, -6.255487037571841, 2.6487354151861786, 83.32748761391619, -0.2995522408708775, 9.936151357769866, 52.70665178390352, -87.23928265321624, 61.90186859726585, 100.0, -36.27050872022389, 22.19080116119132, -43.60151264470203, -80.77180750179085, -10.246668995002429, 66.7860220983131, -2.382217850103154, 93.22615083881956, 59.764213384127714, -66.68294686435831, -1.7778268172290774, 15.377036652145994, -11.551151468551826, -100.0, 38.19620796327045, 67.57143009404281, -100.0, 74.08907753848652, 8.43035302700089, 10.514696414089515, 24.812490053319923, -19.78479780898704, -100.0, 59.4001990110762, 7.496681316323657, 22.37076752132661, 11.487995355501138, -1.4438802532356447, 28.991923733721386, 62.0790639978574, 100.0, -41.10623245763764, 21.5278600496819, -54.37283830440575, -100.0, 100.0, 21.97197572291621, 59.964214232446224, -10.718536968828376, 37.43423742828772, -6.708174059120388, 29.509441025548533, 100.0, -26.967947590547748, 91.95241199386588, -74.67760904231604, 73.56687498330643, -54.82027428153569, 52.61981540248987, 4.607739097191335, 99.56329553383112, -3.677730593899494, 29.67443962000329, 50.63037989796935, 70.63728101734539, -14.888739620246486, 61.49044604424815, 100.0, -10.653977690600994, 55.89774780254223, -100.0, 12.325895784983532, -100.0, -27.31480160380758, 15.092894208906625, -34.61482033599223, 2.1720828530121032, 100.0, 71.08132034565156, 40.63946294588232, 76.58003330015151, -31.49043657484789, 79.84465989341055, -0.380364002853237, 100.0, -47.3913280598394, -34.85093075920964, -38.64590126369319, 27.02289591012716, -3.933581292999796, -24.77140346892291, 5.222585918878657, 68.99713902041307, -8.288523397403305, 41.916927387657736, -2.86505636858923, 44.37996322672738, 64.69802458017078, -7.915739403186403, -23.53697716981561, 26.186929422540423, -100.0, 27.490107890743143, 7.923244993542218, 100.0, -4.145500603351471, -62.416601170143984, 26.58252662318769, -25.032309841540147, -22.79394146633585, 16.579259834585553, -100.0, 39.84539035274796, 32.47232216747377, 22.18721809430664, -14.026337547810764, 55.800721899626296, -91.43548784274144, 47.54440304702754, 18.67091551007825, 5.768062307283737, -25.42581001114185, 14.9258881939628, -100.0, -37.10312441339176, 100.0, -100.0, -3.942979408526371, 36.08082125395149, 82.16103383852543, 10.671709565250035, 64.96081672100495, 25.805217167429845, -10.635478971009965, 72.03163349995631, -11.610172189319192, 5.923598659316069, 44.469159939953705, -4.073955598290467, -18.51686081489545, -19.054358879852696, -43.52825710201108, 46.05887058647035, 45.8836429146814, 3.3706077502561183, 22.878174604751308, 83.45337680440502, -56.67626824446613, -8.174974940832259, -100.0, 61.785898579702994, -4.302955835963697, 22.62517079628296, 12.248794974910624, -25.65995522680388, 17.97833868462924, 47.36268147957254, -12.454881259098226, 17.65722780066085, -100.0, -16.756249386749595, -86.36786177319496, 74.77714180091584, 77.34011398638567, 30.178826629961343, 18.31925692053199, -10.195324273712012, 22.74013575040788, 39.3466040999251, 16.066852676107814, 59.383011491099055, 100.0, -17.147717941868624, 78.58029774532281, 100.0, 12.200247092542693, 96.50139041936914, -7.367000982310337, -11.17208069867464, -51.65398393687736, 73.17239248593604, 44.09618695402772, -11.87052532400267, -53.18410865405816, 54.859898254105055, 7.215074938632306, 98.36967858986488, 54.620729185735904, 76.82339559963637, -77.27720487571634, 93.64115398140262, 38.21532537724318, 24.77442423647861, 56.27504507703587, -59.302951854529965, -37.56918935084115, -39.44408861461177, 67.61483964419678, 11.046063777086806, -90.8307343239128, 72.23443093613807, 28.864697758588715, -94.67916086558527, 24.601415383839147, 38.57532830315521, 21.614185649930736, 6.210147263468898, -16.320887345157335, 54.472949317420806, 50.697663074187474, 16.584258294134273, 21.65822575379337, -20.69367348184317, -32.48046927332972, -74.40391047099911, -3.842572137584764, -100.0, 93.60671932159956, -68.01520108121623, 79.83005162673145, 24.99031195913746, 23.30308463490352, 82.01895950407517, -77.6262061898164, -18.383849442190748, 0.4612719927337498, -55.42789818847077, 38.382616197000594, -85.69853296986159, 11.462513699571652, 88.0748546532755, 43.11188970362097, 78.9037582950474, 31.79153361741525, -99.55222304640984, 100.0, -53.4166921348676, -65.636494662616, -29.73727121774133, 83.50537764848335, -8.506917764272808, -64.11296235395761, 82.76414314980771, 26.9397644427628, 37.5418677667046, 60.086345411595374, 22.828104571056176, -12.079528646672715, -33.03959779516401, 38.56756495890773, -83.53333119326233, -74.85385786895706, -100.0, -60.9874668524221, -7.367077319490621, 100.0, -36.67872646786349, 10.740900250593334, 23.628174452697284, -7.598471115515339, -10.070539792599549, -43.780494986782855, 55.29007598682208, -100.0, 100.0, 17.49113189539903, -35.08717271653918, -9.369309354904578, 63.3675810521348, 22.398679296716285, 100.0, 63.14790590851581, 37.33778085719175, -100.0, 6.147327634848702, -51.61818834922628, -15.038050089242258, 49.4738872239224, 1.7674701468103249, 95.49438106969843, 100.0, 32.88844173910784, 8.794612889585585, -51.60309777068346, 9.873839708382926, -71.96066001720476, -100.0, 19.61856196278701, -90.23973386643723, 64.2398697272746, -64.43251806592917, 47.45443076081122, 90.9110731188986, 6.2446378269104885, 28.75182169707042, 97.41653036138686, 21.99525161447014, 68.52246295557042, -5.929320733991337, 85.56307571406738, 100.0, 62.80739186088803, 62.17031716948871, -11.150862041940329, 66.60486793490385, 66.50327459398477, 8.980494486362808, -98.23391576896242, 11.49923410488127, 11.7843628913659, -50.2779675442868, -93.38799385401605, 32.79150428684657, 9.74262429040677, -20.682909312414104, 66.61143632384132, 100.0, 49.64968848867479, -75.1251354307065, 75.47641374006014, 82.98449811023276, 12.91938454040618, 43.014251140939, -1.830057462346744, 10.957382172691135, -100.0, 25.796117546569004, 91.9896579314254, -27.83958978665756, 16.764515773483247, 53.4755428391575, 6.633953792986555, 30.47175332703383, 59.05712290002846, 20.826511059388533, 28.89865669437005, 41.200058319933824, -17.79391889320998, -8.753671790774753, 30.939067423808904, 8.81534472821585, 100.0, -38.61854172395606, -18.582006811064684, 100.0, 69.9492283704989, -11.403656324563874, 35.25725487958896, 37.55290526988829, 79.05638371328975, -62.10129413305102, 16.759114357440293, 9.189095697493862, -7.010099988551468, -70.68819058884468, 55.28782153494479, 25.69910167577289, 82.51968404675041, 69.62215188088662, 28.34828429301911, 48.66729360192259, 100.0, -65.77838034178058, 84.73635231573147, 0.1609771617032364, 83.80575017150693, 8.643289888969589, -24.67549702110151, 26.21001507082169, 25.273013501542145, 3.168356463259378, -47.31376594791168, -12.209468883373823, 100.0, 55.12539317923441, 25.190851235367795, 100.0, 35.404912204768465, 13.301755950591316, 39.04525857446286, -47.63523046175241, 7.1581052803649055, 69.00956534288336, -7.530921983888363, -4.555400996449698, 36.62527176725229, -100.0, 22.90462398857472, 100.0, -19.923869300063792, 36.72990382438536, -22.37519128240458, 100.0, 12.109764234743272, -87.16067799957034, 17.117414284701717, 31.373071445550448, 51.419500646785686, -28.383666905647647, -17.922168869943924, 63.25616758304989, 25.388704713215176, 67.72799446812753, 39.31287294793653, -79.08887085466534, 24.04549179703588, -12.77810803906512, 1.2260784726290883, 92.98255165130618, 60.11425746483904, -17.04995110777279, 9.243203736790823, 37.890899189677256, -50.557484178489766, 6.433374357078551, 59.80627735903256, 2.8724951675114165, -100.0, 19.32149984750032, 13.249021446253362, -2.1093861814090573, 44.24162963023514, -13.827329730876995, 100.0, 21.7835285210042, -18.686563973235536, 26.2977130893318, 63.93775829389177, -100.0, 13.77503699448012, -46.0961208284668, 64.10888098445888, 76.75242659595109, 37.85709506975898, 24.4009769270642, -52.17853731480901, 26.55168580182392, 44.60893391791824, 34.1824599315712, 16.603773466367443, 69.60103260818184, -31.942191205074334, -28.25623942014545, 7.319164068209261, -16.34538109852002, -38.076575632591, 20.021417141104948, -4.490380982522079, 70.79494260769688, -100.0, -52.90875064059736, 12.57723772030408, 32.63271600228836, 11.39296242011339, 39.9856636972934, -41.10792439858418, -46.72951963263368, 45.02023365312362, 35.97284749922514, 10.801285541861237, 74.76381666422284, -43.86701569370874, -60.98401381269065, 26.923291202696745, -69.85734632137562, -44.278358413333336, 6.2573708876418905, -38.8735414549879, 73.41581592095795, -80.30174769563887, 33.45710854985759, -10.344742975559903, 4.5487364668150505, 53.69857449423655, 45.1370596540321, 100.0, 36.1312728642738, 3.645683451271656, 39.252734875683984, 5.234251746305931, 22.047784082581472, -34.459075431020324, 49.39656239328053, 4.165180572396638, 79.67398564638795, 19.75753989278437, -35.10109591140589, 49.99920966045577, -53.54840955987028, 79.26024346483473, 3.7028192710426655, -21.17044961142849, -7.84807063156496, 92.97735034460472, 100.0, 38.12830139581884, 45.87550293604356, 46.600578156968055, 96.53095706706117, 11.861365314998167, 23.651222893183945, -23.45348404102036, 100.0, 37.49138404515261, -32.5967410638859, 100.0, 20.108179470049155, -52.66233364950389, 73.82570007069434, -15.954168934332811, -25.83308860111595, 100.0, -100.0, -100.0, -8.707242566880208, -13.727591648586, 29.46491583173693, 37.98206465686472, 47.95206088492483, 52.19700366445772, 9.80843067923395, 67.71467141672424, 44.50718219252554, 2.372373901983148, 7.630022751075124, 62.80204313323489, -3.2204676637847847, 90.98246225376838, 29.23030819392845, 32.68991900494504, 9.165854867373415, 30.257665924008307, -46.11840142002451, 37.538737726927465, -25.331173936934576, 94.24840023680696, 34.911492546884766, -91.64616365466269, 40.47463064993636, 24.4858975901696, 32.07849710880691, -48.771918283459314, -49.63578139972684, 100.0, -49.97420378060469, -59.8044718483003, 92.42150145159628, -40.02464465100847, 72.69139800714242, 5.34068999347425, 41.271092992121325, 100.0, 4.447179240189159, 53.67815417007979, 7.903675017997927, 7.724683743199029, 14.129353058007618, 51.59704930818319, 24.42938069983068, -64.93569973422305, -2.529422480892375, -42.89009860686564, 4.653756263543627, 15.193172482534688, 5.946315389544649, -100.0, 65.9762330544875, 60.41279319940891, -18.61821442919037, -18.00486086055577, 29.74644836870982, 100.0, -27.35411610989052, 20.53081415018484, 86.75066073914226, 43.53558651891344, -16.52369840119981, 6.046654710929774, 22.667113484882524, 12.028899043847304, 83.62266229423831, 25.246647947537483, 28.341263327309303, 27.81192725300265, 67.2457035066175, -21.63613240250058, -20.729517081904103, 8.718268770112475, 19.01816155592815, 34.25827246771098, -45.1043254291161, 11.68334482172446, 47.22580278539088, 5.743758570236546, 100.0, 100.0, -17.92953597750873, 16.41599755939489, 32.73163071448086, 19.74406905323352, 53.62966148394664, -3.2649345345577965, 49.24436694248302, -100.0, 100.0, -42.37964962862661, -2.1852795614994225, -17.762855626912565, -30.61799035064893, -20.446943156259827, -15.456262140369962, 39.98233238010546, 3.901730951974829, 28.839285707641864, -43.43447552632601, 32.39807974753742, 29.57640285098181, -86.00725031497889, -28.775843214095527, -1.216064682537959, 25.04048156402488, 81.4063853629938, 51.97890096183964, 25.44497830437961, 13.061715667552551, 3.886221289934513, 38.23148976081204, -32.4958179946796, 100.0, 73.16952104821232, -33.426956608799486, 8.804675954223493, 32.524349493424424, -13.882737515124738, 9.929724342509314, -3.602518853812094, 100.0, -76.91834344392873, 81.32359110092476, 37.83319366785902, -73.55992407042423, -44.40527114644362, 100.0, 59.08897636924468, 4.262952470510989, 100.0, 76.62408841239497, 69.74475220106173, 100.0, 100.0, 37.06643008923236, 42.07811339202317, -28.855066312533665, 89.59369452515824, 25.10405245341745, 20.72597611461896, 63.22528987308598, 9.825015515175023, 100.0, -28.088091854302554, 5.434280588133561, -48.69523285785053, 56.12927800856773, 6.312403129863547, -56.36942315729727, -18.077027287629047, 37.3224940889471, -15.18752417201269, -79.22377275239263, -30.381542047437083, -43.74935891323137, -76.70074458303505, 14.377593312451353, 67.91318070959646, 66.52108795242597, 72.79402399155632, -11.834854655123696, -100.0, 45.6883661643685, -100.0, -31.15230352575364, -80.61506802778517, -2.4535216790731065, 42.69283975775101, 36.718498956435326, 35.867658134275246, -44.20813131953694, 88.15273977483929, -100.0, 16.565042476760215, 2.829206804714097, 100.0, -26.432147724995303, 2.251620690759307, 100.0, -9.35408419963593, 39.49384963060673, -9.551865714762492, 40.68827071456492, 13.89141422766865, 71.80701504490997, -10.62896945826192, 21.97744844632737, 43.35421771159575, 32.14084079501814, 30.63680341743311, 35.22937876905122, 21.17506847850921, 34.04054301560136, -100.0, -2.931231727258886, 32.101669676365226, 33.95938542243937, 100.0, 31.79170732447401, -2.658417529501824, -100.0, 100.0, -14.249043875898462, 11.901944019385988, -41.82949058686938, -100.0, 9.836974799689234, 23.28624993101292, 19.62345828381657, 52.92428771680133, 48.44268123998008, 40.692516927377575, 18.257801489616497, 70.4920646328477, 44.66308733454118, -9.654096309581888, 64.43330929297143, -54.110299260955, 35.29410246589423, 11.85136014958572, 14.502527625735992, -87.86455080659925, 16.84926001590033, 100.0, -19.9345416197285, -78.14804076597306, 31.912891214505795, 8.754428190111437, 4.245332773993296, 19.863150106882564, 7.286534667966165, -94.21865546178512, -8.476092167252423, 88.4754113072709, -18.45175919255436, 68.4605462253096, 87.47536428868929, -7.005974826255605, 19.15771006541055, 29.68576015373596, 100.0, 100.0, 31.24327800448887, -62.00191920467464, 46.33532718815106, -48.11185368194592, 56.341796282771305, 13.620450440480802, -50.68222372686431, -38.5338464755684, 58.80036702103454, 96.2097585234872, 13.81352033582665, -100.0, -100.0, -24.52630420573014, 5.988991238040467, 55.67071818965877, 26.720111510747905, -20.35803434666764, 10.353995751960966, -100.0, 100.0, -6.429886134105413, 66.35734427969629, 45.793964487075634, 33.04115771126822, 83.14191447236098, 3.910940068081656, 10.465348417723623, -10.837869817814088, -37.611755318824095, -9.592444805839762, -23.098744657603483, 28.205950847120988, 5.122050221899395, 30.8989011944294, 36.132971251347165, 67.62926790509079, -7.845114675193759, 98.46888444753714, -66.48649819399603, 100.0, -20.821817679397977, 9.928911565352974, 63.82666089672673, 50.95317896217225, -0.7205505882965184, 6.813264944512658, 73.48231464167853, 100.0, 73.85717225484328, 12.450226159741572, -22.276943669804364, 5.592669332228325, 13.974127139866024, -10.325022212043097, 42.35018453733434, 98.309052461533, 100.0, 97.55981679973326, -38.18358455341645, 67.90823976261298, 11.963799745268965, -23.626485861840703, 14.93415578878419, 65.30320741943466, -2.6963281715598986, -67.712435627353, -83.48278198457166, 6.146434891240041, 100.0, 15.02524437552858, -46.89942106893984, 14.45553964794833, -65.44574456936422, -30.49037422796338, 64.21140826841128, -26.18763294080084, 33.1607728168262, 32.484132901432986, -18.820440728269, -32.434162556559215, -44.162061777277735, 57.42357904519477, 10.94353189253007, -21.180730577949262, 29.40690841867863, -3.2714656481006985, 41.31398921330688, 17.612767508520886, -25.924952877388453, 24.98824683119528, -27.9586766653108, 11.259519614969648, 25.798792568971194, 2.3935545324555565, -19.847596001658875, -63.27005831429236, 100.0, -12.476319113856642, 100.0, 18.674341375648563, -5.371169294637674, -32.268772409798615, 71.81782129044807, 40.24108937553959, -5.943861895277919, 49.35806451058289, 18.86403596258048, -52.00810877008561, -0.7503858942940184, 100.0, -10.529952865175416, 66.66099784236606, 22.223940419077387, 100.0, -82.15058048539441, -19.228869767327986, 57.16062393640149, 17.4506913379308, -100.0, -4.40002055808611, 100.0, 7.837528532159291, 4.972358956275462, 18.508483528870723, 75.19003844117351, 100.0, 60.10690659817677, -100.0, -92.11914019202727, 58.83166044963287, 54.29201388495429, 33.857307720678456, -46.52670134862073, 82.92865018767684, 58.67712131893234, 50.23172188837371, -26.18785865568225, -82.83255196698663, -6.280918961862146, 100.0, 38.32237508525095, -100.0, 1.275687794781997, 4.978037023042974, -37.86486291276501, 6.699379375683087, -67.97059175651468, 100.0, 41.2556292773227, -10.693041465137796, -33.40880061005103, -49.87693187288319, 78.05344528441493, 26.090148839011505, 7.991758528097817])
resid_s    = np.array([-7.342199449524777, -13.78387274419385, 36.28812318729946, 64.81341701618183, 54.10610186159851, 42.90827090992336, -1.6146626100970205, -2.0976394964499896, 51.086089606084535, -63.10314377240265, 20.842137392625453, -44.128600916285606, 73.61061253451791, 67.68326524740885, -41.19033537779345, 2.4175510484196856, -113.13789056740893, 19.771696230947732, -16.627267523660734, 33.85975698573685, 7.31647273566214, -84.58834687399151, -73.02342407715928, -81.70136213725445, 59.7139205481397, 10.695389854471962, -6.344471305820221, 32.86942998903997, 27.663671864317383, 22.810653040795952, -49.50346691259467, -94.0110222717509, -8.524879371464554, 19.674274071285588, -5.167572589955693, 7.16641745152628, 44.43658276482654, -9.32052714287599, 35.47514273882987, 104.91058031901328, 97.83948961260212, 33.54901275231123, 60.412128296750915, -1.9208753047253406, -74.00652840646669, -24.726384097806186, 25.67082663354332, 45.50508558641991, 72.94244490130811, -25.740035630299893, 94.74522407069736, 47.739858974598135, 94.07716288246596, 46.46724794227759, 70.45783062561763, 25.685298066736674, -73.07677013638694, 6.362580122371883, 77.52911866740378, 108.90716634024109, -24.130909326384426, 34.84442960232748, 14.726901808599631, 49.9199706747913, -90.67174754154058, -59.287128776856676, 49.51142033894554, -36.260143047960035, 45.38182882421062, -81.6800518709565, 20.55466331133434, 18.79305542899869, 17.062072892819515, 62.63096837547195, 29.558600340713355, 31.873099205757587, 84.96284544892887, 62.329397184173175, -3.910095496482338, 13.21287908316475, 9.259093041549313, 79.58815403568438, 28.527046452264578, -5.2589686357384355, -87.20477966706092, -44.97986649404255, 43.37502388523202, 42.27390724237192, 77.11058263397084, -10.75084086819014, 5.075207941482172, -3.5168459604130664, -43.475907357238015, 97.1953904496808, 36.04010023324825, 9.721620926976643, -14.87300212628496, -85.44589172590535, -7.925966035211978, 13.31258211495839, -39.164443489920764, -85.3856816049787, -42.80747134778472, 11.986433329499842, 73.46781640463539, 67.32539161735855, -52.63202337125138, -57.27266612430155, -11.068999140652647, 124.11028191573259, 28.576304411839796, -20.913943797645235, 38.57252110275171, 36.78686938103395, -2.9390172586304217, 53.434749480395126, 33.79541840404998, -43.401088273190716, 5.427219285980774, -89.10849147393994, 39.20170114920318, -46.54046588173358, 90.5319334716771, 98.3350965984834, 18.362860113101725, -50.63240655174013, 34.716612143841274, 2.1732888568409052, -6.86088555314238, 19.802010668700895, -126.93142392245198, 49.85558562124378, 18.73652349031747, -43.04092005388664, 62.14247197053392, 92.09533140840739, 21.981532212743588, -38.48964817547961, 2.5935182124821736, -84.94027660601628, 15.670635129750941, 35.47496321911264, 8.024070314603897, -102.01389530953232, -105.51462676778198, -21.66119806247335, -2.979716437616253, 19.052465608912648, -4.326456778005248, 53.931071936420196, -15.469959770552961, 4.923060443507873, 78.0346624577208, 38.993710470341135, -43.74220758412041, -12.814083114716402, 27.402157589105244, 38.668156431220034, 53.75161733874182, 60.01931245781506, -7.134791411604847, -12.116832448708585, -74.58691414625635, 43.2648679419283, -35.78118457293459, 20.34586841249888, -68.06827488897346, 34.32312602680791, 82.18360681669044, 104.17931112218349, 19.20551757249377, 33.25619583942701, 73.30885002378452, 11.21794415476219, -92.62288528931015, 82.74102275035305, 54.769097467710466, 99.24155289376955, 29.370732399647608, 118.58246929187182, -77.65925893041381, 80.6232641986897, -34.705855063314, 30.085074541555606, 70.57641748568189, 9.359784672938163, 52.879923369340496, 73.49423336912062, -15.324074275681337, 56.266304064155506, 37.84378977743911, 106.47716978038576, 82.90919426531684, -8.051638169132072, 62.66538674813489, 17.29133794441688, -29.89676014257475, 59.728192512732704, -83.12470570978134, -77.93733248976787, 110.39957253957125, 120.16896978018895, -51.82118185978277, -51.60083996789778, 87.31789329106012, -100.64268581979762, 85.02987507078474, 31.573748017890008, -88.28747887448073, 62.591137856419415, 111.91104242745435, 83.30402708765591, 0.7538670863019821, 4.523220508425758, 52.09372826553568, 20.897867445819774, -31.772144461668823, -28.20629367456575, -14.564624887870977, -6.24846585636058, 58.33207423625447, 86.40477512048164, 40.40904726735446, -57.671154538601826, -53.06371092424687, -37.591428683802576, 97.39568426454721, 75.15025933014371, -37.017432757020416, 82.25716479830605, 52.274170351026235, -27.98327143524244, -2.6304117986159383, 13.013338354776545, 1.701291103808471, 79.99097391868504, 65.06956300132273, -70.10220698902884, 7.9002744905961215, 72.68540765655584, 57.48576527321944, 37.320804716007096, 30.222304770723852, -20.251863444480076, -29.871072726791102, 51.00493624293663, 12.913325465733784, 50.56635696573964, -36.04149780399345, -20.655661854289754, 53.88332793678838, 89.90578142940983, 49.406266125361775, -96.20665003765191, 61.834660172592955, 25.95485894004561, -75.69104288486018, 23.583760640403376, 63.38536425474791, -33.90546168507078, 34.29259584967075, 50.82089290653139, 51.20133812109604, -4.927320791674912, 16.999348104571517, 5.178299415368487, 61.60577315423279, 134.7535278098874, 62.17395898379135, -26.300199269518195, -18.218446632769112, 10.148835779450671, -10.426277673277369, 4.465575009113591, -42.21596716752998, 16.440498196486352, 54.30985806115715, 12.034024878914515, 47.033862142382226, 27.420467265579283, 67.32993676052804, 17.547803117701665, -30.874978369442783, 15.866334352995093, -89.08501149331143, 85.55696892766115, 6.769277875010237, 80.85213718586209, -6.734190265786486, 34.177286205725466, 7.150134108389041, 45.444032018382856, 47.57910303724334, 3.2163186931628127, -21.273702339317367, 39.9626958889494, 45.581737641556515, 16.74123857345649, 9.589688831946114, -53.707852969734965, -51.713194090470324, -48.70672278284064, 49.530079747649815, 4.913687079360505, 29.30717165863765, 4.359582242275008, 127.36465324981727, 80.13388080521597, 105.29826478140292, 93.34612955894241, 15.815558679317508, 95.76589909746075, -85.99579105449509, -53.39109613217365, -29.801838567971068, 57.83466998660533, -11.38663533837307, -36.461531317934345, 8.37037649906996, -99.28207055782734, 67.13489486476385, -27.085398716026077, -48.25722458067312, -3.1330521732323113, 57.07245804086699, 5.6303099668701275, 52.5704298402799, 35.29312463222496, 21.707265415675764, 67.82011171362524, 9.237984783065656, 48.37361040655342, 31.193107409635676, 1.0054329425732258, 21.256624157630664, 45.12670844662362, -19.717929071611206, 47.89057729619961, 39.59319170795041, -5.5998122736689275, -20.682942300098905, -78.64946250250661, 52.0177004494478, 30.014329637180005, 58.45325919559968, -2.2800931750615376, 31.7357653883705, 57.842410541388226, -2.1863197627060766, 99.55949484973023, -12.283356705219084, -39.65114550046077, 30.603036317119926, -5.8991537657849715, -2.3087001747960474, 15.158705952747882, 72.98925441987868, -3.285536089882984, 5.0997598517634835, 50.6727526469435, -76.70502950695985, 51.64855080404561, 84.90926918357633, -28.45636886161899, 18.90229451852419, -113.32017485186346, -85.04692558636386, -13.774989399421498, 64.67904390926226, -6.203577298001313, 86.55578118067251, 66.5066669966668, -62.18603737621402, 2.2390790248541057, 10.918133373453195, -2.4261469036094336, -120.24195079136553, 29.863777664841606, 63.895791271351335, -80.62448552298942, 70.76885398898108, 8.600118083054522, 14.324577148264549, 27.32088366447827, -18.574571676321728, -91.94275642297288, 56.3019847298386, 10.933719049377494, 30.222805267641267, 7.285269292908867, -38.68307265041396, 25.642078012184502, 60.585574769782085, 105.99206624966932, -43.15566873617434, 21.81348190733682, -62.151628530077296, -84.9755491458705, 123.61626564210367, 25.117173385053754, 59.582957624953075, -12.213089777659832, 35.916402029328026, -3.7632176536544155, 34.67962805693833, 102.55336634380987, -17.195544171765857, 93.35470282642927, -46.96085842748854, 59.60731407436808, -33.80293626010151, 72.04488373135652, -3.1554835799344367, 84.82121143666386, -7.043560813668819, 30.66920717863923, 47.85608549906845, 77.64733984987292, -25.773048777916536, 60.97730867041276, 84.62345391696765, -4.636665955451667, 62.96059745918797, -103.99387292167432, 9.401032239598596, -94.6455719264733, -24.966295945706644, 9.430646665113159, -38.02336275136997, 7.284257495281977, 91.2586845935345, 85.85412251184529, 38.34571636580782, 97.74198448663108, -22.814544241344528, 84.21813941619644, -5.765311847202785, 108.97631239614498, -39.839734147378685, -57.34791368891463, -35.834418865675886, 19.338761755583747, -9.20084715997502, -20.925464732872086, 7.561474034928407, 68.06490140123466, -4.914857155485622, 40.448247804892134, -1.816139084673916, 49.36214737601655, 61.803815448948875, -0.12867787271823605, -44.94459267868671, 20.254950542832738, -106.52844080498525, 25.137639712870236, 15.032317803367189, 103.53059205024314, -8.932862146637817, -42.50115177401097, 30.239933872275962, -31.212647080146255, -24.178778934258695, 12.358510721489976, -97.97953128715135, 40.90521140094109, 35.92795521657245, 28.25147242808127, -5.623245714090327, 61.14485024945035, -83.97996197984834, 45.04070773311202, 37.90090612661028, 3.1032866178472194, -17.090274745704946, 10.999926382420272, -97.5974220050263, -17.664950559304025, 100.38093780219747, -93.20198599004681, 2.979814538080797, 41.69806793981256, 72.82216088852601, 13.553056029546255, 73.54808232323664, 24.654842646760986, -10.731316528469103, 67.19078056458409, -13.314897080013647, 4.130548351814169, 37.696398352587266, -4.616785905585055, -19.265422035864546, -15.849829182889613, -12.68747270327858, 44.58997597781081, 47.92237159355418, 16.424502573449146, 19.698415513273385, 93.96528583411035, -49.130014979879334, -7.910800820949358, -100.36779212064705, 56.58210266411321, -6.636009155001618, 17.834264872132607, 22.819310775019183, -8.577501792043641, 15.169248470586354, 49.1433916014131, -10.824770870811356, 17.588014872013453, -91.62682767399819, -8.300182090346034, -89.69585626823634, 69.68621901362206, 71.52517819306405, 43.959075195109655, 15.560454630949199, -6.016527311604129, 23.95496702899424, 38.47178093496265, 8.287618936539838, 62.39475235820948, 103.69055239319898, -22.05723366383029, 73.3875566141576, 86.98862631398131, 19.02504662928132, 82.86840137349536, -9.654864439167149, -6.7191004495039515, -47.12048797144127, 76.35133309088607, 2.9748664669674554, -10.825304149508655, -54.43110221315435, 57.267473797279614, 3.494290713296644, 100.07299907198473, 55.714992677469056, 91.29252018387598, -81.31229936719569, 95.04729325713714, 44.841916425727796, 23.362873375813287, 53.86596880242192, -82.21956121076232, -45.009103691876405, -30.20244480355086, 61.37124107483663, 0.6886386452079734, -92.79686300721363, 71.29614068541512, 26.57402224183576, -37.35658828601694, 19.45956587960171, 39.82550345434082, 13.582065952687072, 22.73054656189285, -17.47775616179552, 53.10468096714991, 59.74611565796613, 10.420629229719605, 16.701734949370408, -22.330470868411332, -34.80514551987545, -79.1505043212029, -4.3605785905673065, -98.16814572611533, 79.30724734186467, -67.21298733547329, 79.84268128018469, 26.459187834750406, 19.116358166751397, 69.02852311038147, -63.72725517876226, -25.18195012955136, 14.370740214452638, -55.03523472604056, 41.66640121469269, -95.61585277458518, 8.165781367710093, 92.60684037896321, 40.080436649677246, 95.78158380992829, 40.998521689379686, -109.19883983115156, 82.42199016378476, -52.82957071425491, -66.69871246622283, -33.61085658392442, 76.97272217130606, -12.492038716873378, -60.62566510419635, 76.61369185749484, 22.541260400994197, 33.884668915641, 57.10937917117987, 9.334520860576202, -8.76567284617651, -27.04651352687051, 49.75881754108562, -90.85537312467744, -81.2697791834701, -89.14448069119146, -44.633183631412436, -6.542553874853679, 101.59045271320923, -30.961298744155783, 3.294837154118799, 15.258049849151318, -5.266564297344001, -4.726679933814884, -42.12038023991659, 50.89365591955267, -110.3493931823912, 110.92632741142654, 6.636684628309393, -20.104450760318606, -9.370130288135883, 58.99607304310417, 18.021422900552754, 107.0188471114198, 63.76102476739548, 29.622029065594866, -86.24949192336967, 2.5197108233895213, -51.61037198127916, -21.810211730320702, 42.7269154922627, -2.3908667477997527, 83.7592958980856, 95.36892146638388, 41.32272578515234, 4.471202881310987, -53.5450471262648, 6.378406524676604, -88.42636772568063, -98.82670662001928, 31.55535709125521, -80.13249686248678, 63.38144642019139, -14.608608899555549, 41.14311152833148, 98.82125967807269, 4.966330867365118, 31.944878603196027, 103.149109550036, 25.804692463626136, 75.86311955517692, -2.273194823038868, 93.46048291754754, 119.9653464859356, 60.54175265964063, 53.90534239467344, -5.451969635733914, 61.163184523005654, 58.5920032317022, 17.073947553678686, -95.91825590032133, 16.324507823989176, 12.091507124870084, -53.74043244978182, -107.86938987590736, 25.981097087909433, 16.600028829446746, -19.877843542875834, 71.08595621732891, 97.76730793768353, 48.04481177716618, -66.92025466484252, 74.80768941007601, 73.7815628674046, 3.0099116956039467, 39.53717520558467, -0.40688422931819845, 6.365642580389386, -103.34391387545365, 21.209388958712992, 118.79743729968973, -34.19305967066405, 12.21197257619282, 54.680991548832026, 21.50008119741814, 38.88358353103659, 43.14810024509994, 18.087530138369463, -30.20448694666489, 52.530982643044766, -9.566154543268906, -10.509737372588496, 6.439981718271003, 14.243571043720461, 100.60282650250275, -41.51797836204579, -14.475365976385163, 113.4742403448794, 46.96839609530695, -7.362752704208711, 39.92464329094524, 46.95706514322932, 79.12540197170786, -41.108536879323765, 20.2926550459152, 14.7907736729186, -7.6010904625304825, -66.19082888339177, 61.654150968220165, 30.30252955515043, 86.61612554046337, 62.23646344696958, 29.548422353994503, 90.12371636454674, 54.50964851025406, -61.73710426984197, 81.49848299001772, 0.6414168822669709, 81.10479930536376, 3.1046936248001806, -23.11980747950584, 28.84504954491982, 27.424607440580743, 23.233527422665794, -45.95788607097158, -14.367287730045973, 97.78036953443988, 56.60265582369415, 23.693334891886888, 86.02688390649956, 29.6096218438237, 14.906358319553492, 39.73442650652874, -55.30156869323882, 1.1653832989553816, 63.04585717015219, -9.182334883376392, 11.896324269417285, 28.497124789555848, -91.5234952818535, 18.064016460762524, 103.41544403138786, -9.684697819430905, 39.09785459211726, -20.582963301374626, 91.37286004850075, 12.108449216149447, -94.83593909767117, 12.326367437477433, 28.35953934241181, 72.29293350860371, -22.038536960896025, -16.302260113718248, 63.11679352186948, 25.122911946458533, 64.59413384444196, 40.77590547367618, -79.24686966724526, 24.708815609109205, -10.149935214066925, -6.065186356239306, 91.68753899570284, 55.889892747758836, -20.885265711978192, -57.37010511029208, 39.26452150692235, -36.76095294352261, 4.845276086515156, 52.79878044865849, 1.7113040039283276, -99.93213745693087, 13.869605722303085, 11.470453957906331, -6.430801384998566, 37.762275820369, -7.072662963823047, 113.5114675330493, 45.50511571616396, -22.768979183776878, 27.253945878338527, 55.78830442507461, -112.53513287238168, 15.85229068742339, -41.04676868652941, 62.10182535283463, 77.61030985270352, 27.58903973485263, 26.683357818315205, -50.07290085333404, 20.43822475088194, 36.48572540016113, 37.35933002524532, 15.692123127941313, 67.34534517776596, -32.47816628021598, -29.010804611447686, 53.18146647868911, -13.623642104507947, -37.36924624127152, 26.62871844103288, -6.957038763265301, 57.571458358057455, -78.12982186812528, -46.347239144601424, 7.661811355272741, 28.3157283747706, 22.868830073127807, 33.113893658950346, -39.44215235259257, -33.58195128855917, 39.1639462687046, 13.487021013207993, 20.20267092000288, 70.12600847147303, -45.303087711748205, -37.82912020087577, 29.93438818553637, -75.64358126101243, -48.97817749564017, 1.0786394177615897, -37.23549459836696, 71.70708035365382, -76.25049143701638, 32.36036149284574, -14.784890539301278, 5.507769717436563, 63.86708217758735, 56.94331028526358, 98.00628108494905, 37.272597234486746, -6.9962486359345615, 39.95133016121032, 1.3609190229389947, 24.277099308406072, -36.913696039474786, 49.63976793179081, -5.35258424204663, 82.37555029729234, 10.258698532491065, -31.18530707956211, 52.45738582903679, -54.00776084864227, 86.3690269708037, 11.934759562626233, -20.464658278644, -11.833193931346173, 97.13026314151912, 113.1960901780982, 30.864558091316148, 48.759139757557904, 44.41986331102725, 92.73847871047681, 6.305392834831087, 16.822393523139603, -34.08365840858583, 80.47968565316438, 17.912727868424888, -37.26864382550532, 106.3646521198129, 17.39688970067519, -34.67836800515266, 74.68487262298635, -23.61833857036299, -16.53737305952382, 104.91327982604695, -92.64338635322592, -98.15914816690646, 0.05129193295252499, -9.961046841020519, 29.008659043970077, 41.87844431019368, 46.19009816484982, 59.478290258446805, 2.2347883355870692, 48.95067440793099, 34.84614609126164, -3.4351331714537348, 5.481545522503465, 64.62569484872373, -5.92544577260306, 90.69705498320818, 26.511337050049203, 35.98692841706963, 10.52441663899784, 26.194883589173624, -47.95066230429414, 42.876587903588906, -24.05334411224436, 104.40096852117469, 36.23570955970157, -78.58391956302694, 38.07293100120552, 26.789057913928193, 29.870328821408293, -62.49965414581686, -45.45592903751955, 73.26009822012861, -46.4780784927409, -71.05901135739815, 90.50697013863444, -33.62437800143125, 79.00790271878267, 2.9192897839281398, 52.508616738000484, 77.11957612390752, -1.547804913899367, 53.1967543284315, 5.305894942573916, 5.413818982615012, 8.39794099771926, 47.73715084275553, 28.229258065282284, -63.31948898922407, -5.22944568652189, -40.96492548453876, 7.773297045315893, 13.247308450743006, 0.6242281391801852, -107.96454282091024, 61.45579607747101, 49.947139514594184, -11.221197036878891, -12.99813027276559, 24.065495899964617, 103.39717804493878, -17.277217100504295, -6.800099821651159, 88.36217112024606, 52.39105597743638, -15.837652449551333, 0.8906985440103803, 25.51346881600764, 14.188349645105795, 95.62740026666236, 20.414481616102677, 17.24249870485437, 32.64550360561154, 66.2893563105351, -9.530977259305098, -16.190896394756066, 5.559227455428668, 24.267688060041593, 30.788244945091797, -57.86852634862843, 4.3949734748086, 41.05682190398806, 18.829077262419055, 94.07601788021975, 94.16681363241494, -19.193131181607367, -2.7700894826176956, 25.970675523707378, 25.65505465660245, 44.07402431919671, -4.442316202087965, 49.89778049708729, -87.20879946373843, 97.71633441983997, -45.37539543011433, 1.3539653560618343, -19.083598871459625, -34.21591944247861, -25.156880388877795, -18.60253648953749, 44.51837615874325, 0.12395105725236366, 30.711780960873565, -36.14838838182173, 41.871384868198376, 32.896150203151464, -83.12158790285083, -47.29803992313524, 1.4860699434929716, 19.338706055241857, 54.27734570775311, 45.9364858470746, 25.267647687535526, 7.714505761205724, -8.437102113794447, 35.53024537201487, -37.46586918181199, 96.59994980467714, 77.35593052635808, -34.012615619940206, 9.398180162713018, 51.665212094971075, -16.953381326777794, 10.856107708842423, -3.647253308209097, 107.26801407432467, -91.87622735517861, 81.66596709407838, 39.66490514612931, -82.68814120177852, -35.3366421674965, 99.93065391049134, 63.96215309016656, -10.703145589434806, 107.11502110892506, 88.47944426380792, 74.90601445243209, 109.47215959443588, 92.10108694710335, 18.46684219892109, 51.87322096606654, -27.415726425139535, 83.44619548377102, 19.502788761344846, 5.941609327982329, 73.36130449928952, 5.3354666567716205, 97.18531659330608, -49.36982445655368, 5.987190415453899, -17.62000016842609, 59.228595211228324, 6.046258490736485, -63.5475293714482, -9.115981934092163, 44.67752389066114, -18.98995678616576, -54.63728309226218, -25.752566494366736, -39.10028834264039, -99.76301125346022, 22.104961379546555, 62.58375281783002, 63.264291012082005, 66.5000967572649, -22.25939365438856, -94.09897435319311, 44.160642024469134, -88.20683767443329, -10.897999106265978, -80.35561345815631, -8.74622453076922, 37.3785238494852, 36.10878229601048, 43.8831539984773, -47.258557062506895, 77.39405168735817, -83.29615559923836, 16.129794400515088, -16.653361224988164, 79.91869218135814, -27.32604226252181, 0.07108308127325902, 106.92445779761367, -10.392751616142725, 36.954626755838845, -11.45831120804546, 45.33882527482856, 19.801366727985396, 78.6469666553586, -13.017375030003933, 7.353144770437977, 43.01945807134306, 30.677793697410014, 33.545398393865135, 38.30524245952945, 34.08832706723827, 22.645968958265755, -93.50382773272126, 1.9466548813199318, 14.24745097578942, 24.613105624966995, 94.05915789735445, 34.56395475239298, -7.882429711880697, -90.12276714133819, 87.90848317111946, -18.492953472627644, 6.894421610255664, -35.426803295876425, -102.74645388630559, 15.908920369322082, 25.69345904066545, 3.7333445222009463, 46.93310053973492, 44.43045628833874, 37.24295221694059, 18.919489111211327, 69.48763082119906, 46.54520470240589, -12.768976227117578, 61.84193218471233, -41.2837468806722, 41.1088639803886, 7.219055321518864, 8.484095468639476, -77.21856166337922, 12.226350670595787, 98.72767443744803, -25.083600081333614, -67.31514776604674, 39.66825619360965, 12.878159219139244, 11.134342638232583, 25.926240709800474, 22.24763565319992, -93.47293736439407, -3.300752577832748, 106.21741910676796, -5.806777807139268, 64.12155070350133, 78.44589124517418, -5.106825319710417, 17.94024489494666, 31.439276590476542, 100.23577941355343, 92.1411488509024, 32.03406618574815, -34.009776963429175, 48.89118212125178, -46.64027342318046, 59.013388301188506, 9.571692174615926, -39.530254106682335, -44.23073089910298, 55.63374411933383, 94.54184296285047, 28.150191172865554, -88.13587768181776, -86.22261889499956, -21.664338134272192, 4.30947685512124, 48.51480173521792, 24.452853030586923, -17.55921979436784, 16.363261108527798, -84.74834478396934, 104.8255977465003, 10.648285835687787, 63.639302145104395, 54.490469472800996, 34.7263383750635, 69.90819849012487, 6.0429918982210005, 13.334334846394317, -14.598313597918324, -44.58309121435468, 2.030195575931753, -15.65934261419079, 29.591897158435597, -1.1125130188851973, 37.094149485331215, 37.98345310831657, 72.26333136852267, 0.7594725902058066, 90.45338509933988, -70.61187833309849, 84.48680975372088, -14.191725848179768, 4.301907821303678, 72.85688377799866, 55.35603996878352, -1.2993939247300321, 9.548613069391983, 77.11002834428159, 72.37178900460373, 64.05759887587531, 7.51504713701458, -17.210169558501562, 5.208877549489284, 12.649572581019818, -27.25545284495678, 37.31651858073803, 110.49441297226186, 102.21589073762377, 101.80777668480341, -42.57537806070236, 61.565782523800756, 14.972737549863252, -21.604328230243716, 20.91519895064799, 61.3215054841074, -4.294876724394519, -70.25004436580335, -80.66179602510098, 20.049579181361032, 108.6220835327671, 7.140908848889637, -51.57779126878894, 16.401089306850757, -68.69749569478805, -31.740386799116628, 72.91398913038621, -16.146974127999485, 32.4467697434061, 27.51146732687587, -19.38955110496302, -14.742449873607281, -40.201505976047315, 59.86809343139699, 27.938604002960858, -11.912268076485546, 33.47576881061751, -6.563488548550788, 46.48919722227202, 10.730240417199944, -22.798602481332107, 30.57168150973627, -22.76571274971309, 6.5870369013723185, 23.33182800667762, -4.758449798133924, -20.349086804192503, -54.51394712095883, 101.13827387594355, -15.225572120193943, 95.48207194027522, 11.002438633968357, 2.416271536474216, -31.19840883598271, 69.69607547620794, 40.79735343547247, -6.494915326749261, 59.81294020527412, 12.0816676087424, -42.556107176911674, -2.862818030664401, 95.34903056793148, -1.7865953539163932, 65.10575867329622, 34.24391778765978, 94.21610758176824, -68.3167236696544, -24.651824506879912, 55.748895488913945, 31.716630572796568, -92.02981173596794, -6.404066719245749, 95.94938416134104, 7.457255486984358, -0.6740646601872564, 13.962369945711941, 74.31695043657865, 104.8009962056236, 56.554638424400665, -89.98805365313225, -79.77056587044923, 58.46244541113784, 60.236102993003115, 12.66887516995859, -52.20672640921664, 92.68849402496987, 59.54749174469272, 46.51566927032147, -9.554867419337004, -66.02616915022135, 3.890267867227709, 94.60236914268202, 33.52571851052887, -99.80099648378034, 7.327650197442979, 4.709332050142562, -38.428724524276106, 5.029353380347927, -58.813752326383494, 128.17470383774946, 32.94916251058926, -3.1717682774212292, 9.93159834275945, -49.46743349770654, 76.45268464677089, 29.071529918991143, 15.751894258164187])
pred_s     = {"Ridge": [-5.468039556398383, -0.48833760170852836, 0.05744611975734992, -2.5848199884671437, 3.816089390319185, 3.0486564413001185, 5.549579273682697, 26.540652349497446, -5.0782485886385516, -4.993651191290477, -5.014241004333972, -16.73115465335328, 4.82476849099495, 26.724323143047677, 4.543625099618881, 6.323219502680052, 13.13789056740893, 6.837660343813843, -13.189042843660596, 8.37511176432733, -16.145559992391238, 10.653142090941705, -3.8072153857902573, -18.298637862745544, -3.2098804155898804, 0.05231036346462892, 5.2011269766205395, 2.9167073768961522, -17.400964818588307, 5.720433999606757, -2.048873800268456, -5.988977728249104, 8.946450195660326, 3.2733294057302516, -2.076239643909014, 3.3013924489066153, -13.188440050335648, 3.9025935438052355, 5.874304671652658, -4.910580319013276, -3.7709837801392516, -5.07470013631983, -2.6048150576488145, -11.61392554958, 7.223292965993139, 7.05201069860215, -3.1799144054758144, 7.170471346632507, -5.010817077757421, 5.12955160193, 2.394697029343369, 13.275937148943461, -0.07919075543649301, 0.186706303417969, 5.6990875873345885, -7.740669798505017, -0.6111629887310843, -0.0011296343547786414, 4.269926022849919, -8.907166340241087, 5.846883429993541, 7.377946780202523, 0.2162697842455339, 3.315924930150448, -9.328252458459417, 2.82553933383033, -0.37785114152937593, -1.729802881917926, -11.017308415366221, -18.319948129043496, 3.3862683512133, 3.8858655667804785, 6.761032870008872, 18.503149378407628, -11.97175452346866, -6.075502725579277, -0.3710953307142968, -3.6966724486025773, -21.650965631341514, 21.679708936963614, -0.31614912709581056, 8.218435632502008, 4.140590400454237, 4.221249956784384, 7.638704258540633, 7.457954797188718, -13.58943821632549, 18.457143951481964, -7.903781395437196, 2.6401509609417153, 5.556052152357151, 4.937530537909053, -5.099281319920511, -1.2467607999449704, -23.39628483149316, 8.91637953470085, 4.392305592354308, -14.554108274094645, -2.7792712345195407, -12.684578854923947, 9.879114535084467, -14.614318395021304, 0.9364776271794151, 3.597528969970469, -18.330787285791693, -20.251478833253678, -0.3097887721729098, -2.979399985755937, -13.036298825172874, -24.11028191573259, 4.265735304636432, -1.14931810587504, -2.5721156970043286, -4.816395428311058, 2.694624808307871, 3.3513001098988773, -11.868947445066985, -2.7282681472670354, 9.968113646631258, -10.891508526060061, 1.6833362904257183, 2.4910077199178318, 1.8655501846716838, -36.154256160174725, 4.942273977372966, -7.78743488279266, -1.2126060841481174, 3.7530441932826486, 2.246365604152664, -12.093002041269534, 26.931423922451984, -4.96275104228838, -2.3864526190524473, -0.41737885465573754, 9.279262479883538, 7.904668591592618, -14.22909757735674, -1.9465681383641136, -4.526234326402957, -15.05972339398372, -9.859413934585302, 5.274370756093344, -12.662238468746612, 2.0138953095323155, 5.514626767781979, 0.45061940907780373, 1.4738980848844405, 4.609650984066262, 3.6069188176542437, 5.8407935468286345, 1.344189136121886, 1.6360247926708533, 6.521809902025458, -13.977545107620202, -15.608512876105952, -0.23255089259268358, -5.058552755733219, 4.397102860322972, 5.638331596700047, 5.2546965412598166, 2.682881465468075, 2.9210271019393788, -14.033865528198415, -5.695177379459533, 3.3307177144275943, 2.4858797823857604, -2.387607138887565, -10.633268637556004, 17.816393183309557, -4.179311122183494, -4.715688068128536, -1.5131692789116369, 9.288631121666658, -0.6756594738414332, -7.377114710689854, -8.55051374850369, -12.049376506492537, 0.7584471062304532, 0.4634956915444599, -18.58246929187182, -22.340741069586187, -0.4884752073262879, -0.49962066302830666, -5.328948691800607, -3.0550403361512717, -8.512774083877131, 2.0983914566302704, 1.2239743464090547, -1.2324582434187268, -2.8943009596414737, -6.344026185407788, -13.923890874623467, 2.567979569407078, 5.209065231699533, 19.286484329459338, 15.858882102540997, 5.2997995807544385, 6.0183484872193445, 5.666378267850394, -6.938607309836996, -10.399572539571256, -20.168969780188945, 4.355595931049723, 5.540467418878278, -5.180888515816056, 0.6426858197976206, -12.24156126414827, -2.74095225885984, -11.712521125519272, 0.7355388289534228, -11.911042427454348, 0.16497749005958928, 2.3173462591443723, -8.651096908312956, -0.7162247251833787, 4.480862177843157, -4.508491289944223, 6.53616456912135, -1.7576177587676978, 1.5457699886866885, 0.18395531379256758, 1.0381260755502297, -1.2794238504653923, -13.682740349772871, 1.7235194466467505, -0.406522599645025, -12.26107337177004, -14.173973704117032, 12.668126748995032, -15.054375985004754, 2.932046797031865, 5.182839299425177, 7.836397115953032, 1.4461372030474688, 0.13181632318910586, 20.009026081314957, -7.37573697893143, -5.421340943847312, 5.864284966259595, 3.413218212039789, -8.940132177727413, 8.020164734599232, 4.260219520123492, 2.600455797361992, 2.3690407335838772, -3.618624698321504, -2.6784181828678046, -3.4976074451244865, -2.3129437336081646, 2.790719194675526, 7.999662732624044, -3.077341962258416, -13.8740066513665, -2.816646637436453, 3.2352016575341525, -2.620200581869319, 3.1841151758496227, 4.878110836717825, -4.409206402741299, -1.432106371420844, -8.758764945059934, 5.042141844938721, 0.689167512336978, 0.5591547079045438, -0.4367023367911327, 7.579848242489861, 0.509231775770107, -34.7535278098874, -2.781559108852551, 6.817800841132184, -3.008486257656432, -6.445247445434825, 5.664885665367073, -9.950898821016157, -5.411466803775344, -10.031167400106309, -8.624988311110371, -4.247229897432852, -3.1782137669414356, 1.538402867055507, 1.7166516770433013, 4.452341353204112, 9.342524276210899, 9.048176359900069, -10.914988506688571, 4.768623791144971, 10.62701301582709, -12.45376036454903, 8.303126534217695, -1.1748512258962958, 10.533158903607289, 15.112994488143283, -2.724212835756187, 2.0711005714276824, -4.08539256953207, -11.188844550002383, -12.155516312488128, -17.03520962901715, -3.7202172777146907, -2.326387559100668, 2.8358759286112982, 2.1694664047768035, 9.26347007972943, 5.9824165695709475, -5.284655232931437, 0.14443684028528114, -27.364653249817266, 0.42114935828403066, -5.298264781402915, 6.653870441057586, -12.207782947115506, 4.234100902539255, -14.004208945504914, -10.428045091385364, -0.9371047222771747, 6.385413194140591, -7.401266409288089, -2.4309350555857265, -3.037452896826545, -0.7179294421726632, -0.22724403777827407, 1.7808233010396974, 4.574015297040242, -11.583568064713388, 16.997325340172925, -1.1479877350953953, 7.6331993400870335, 0.478548965924281, 3.0531797919924393, 6.541826132492432, -18.0338125471814, -2.406079118656993, -3.4543844513385102, 0.2902750979750297, 6.714457821180961, 0.4132284059503353, -1.8928790254495245, -3.778060926176946, -13.57113835197923, -0.3307007990256232, 1.4140881888585346, 116.51098221242086, 6.669483210637178, 35.7218291351053, 0.5563689135564212, 4.75635787769518, 4.749568108202279, 2.697183781963739, -2.992853920170075, 0.440505150269777, 4.346949747253554, 1.8346225947735013, 1.7863712458166556, 2.6853988037465855, -3.946786862775794, -12.509970537561703, 10.338233194037521, 2.9859838490121065, 4.8363915060063825, 2.033899136960017, -10.534253146256393, 10.253317793220237, 15.090730816423672, -7.814139858604895, 3.288506642667131, 69.71866220716143, 4.275118084573011, 3.5283204044190697, 2.106978189050837, 3.8213594478981587, 6.670369658147058, -6.742453612539077, -4.496909488144299, -4.016905842083183, 4.4589032786928, -9.125004564942392, 20.241950791365518, 8.332430298428848, 3.675638822691476, -19.375514477010586, 3.3202235495054353, -0.16976505605363057, -3.809880734175034, -2.5083936111583474, -1.2102261326653112, -8.057243577027117, 3.0982142812375937, -3.437037733053837, -7.852037746314657, 4.20272606259227, 37.239192397178314, 3.3498457215368846, 1.4934892280753225, -5.992066249669319, 2.049436278536706, -0.2856218576549159, 7.7787902256715515, -15.02445085412949, -23.616265642103667, -3.145197662137544, 0.3812566074931487, 1.4945528088314561, 1.517835398959694, -2.9449564054659727, -5.170187031389794, -2.5533663438098713, -9.772403418781892, -1.4022908325634007, -27.716750614827497, 13.95956090893836, -21.017338021434178, -19.425068328866647, 7.763222677125771, 14.74208409716727, 3.3658302197693253, -0.9947675586359388, 2.7742943989008975, -7.010058832527534, 10.88430915767005, 0.5131373738353933, 15.376546083032355, -6.0173117351493275, -7.062849656645746, 3.9938729216743303, 2.9248635453849348, -5.354428073526702, -2.3485056581009363, 5.662247543793467, 3.4085424153777417, -5.112174642269874, 8.741315406465498, -14.772802166193728, 2.2937465800745014, -21.161951186479577, -8.675892333503365, -4.373479522785884, 5.384947844349548, -8.976312396144976, -7.551593912460715, 22.496982929704988, -2.811482398017302, 7.6841341545434165, 5.267265866975224, -3.845938736050822, -2.3388881160497506, 0.9322376191784016, -3.373666241917683, 1.4686795827656016, -1.0489172839153138, -4.9821841492891785, 2.894209131221909, -7.787061530468167, 21.4076155088711, 5.931978879707685, 6.528440804985248, 2.3524681778729084, -7.109072809824971, -3.5305920502431403, 4.787361543286345, -19.915449396133013, -3.657407249088273, 6.180337238606107, 1.384837467922845, 4.220749113095577, -2.020468712848651, -1.0598210481931294, -3.4556330490986826, -6.064254333774633, -8.403091833720437, -5.3441283498240555, -7.455525862893097, 2.5036953139155176, -19.229990616532028, 2.6647756894365173, -8.335535265436903, 3.9259618115425288, -2.4025779949736967, -19.438173854087736, -0.3809378021974634, -6.798014009953187, -6.922793946607168, -5.617246685861071, 9.338872949999406, -2.8813464642962194, -8.58726560223169, 1.1503745206688571, 0.09583755745913747, 4.840852935372219, 1.7047248906944554, 1.7930503075019004, 6.772761587366439, 0.5428303072945881, 0.7485612209690975, -3.204529696963083, -30.840784398732502, 1.4688946086595405, -2.0387286788727823, -13.053894823193026, 3.179759091477923, -10.511909029705317, -7.546253264586795, -0.2641741198829002, 0.36779212064704714, 5.203795915589788, 2.333053319037921, 4.790905924150351, -10.570515800108561, -17.08245343476024, 2.809090214042885, -1.7807101218405657, -1.630110388286869, 0.06921292864739748, -8.37317232600181, -8.45606729640356, 3.3279944950413847, 5.090922787293771, 5.814935793321627, -13.780248565148312, 2.758802289582792, -4.178796962107883, -1.214831278586359, 0.8748231649624489, 7.779233739567976, -3.011740867110427, -3.6905523931989914, 4.909515721961663, 5.192741131165201, 13.011373686018691, -6.824799536738627, 13.63298904587378, 2.287863456856812, -4.452980249170688, -4.533495965436087, -3.178940604950031, 41.12132048706027, -1.045221174494015, 1.2469935590961883, -2.407575543174557, 3.7207842253356618, -1.7033204821198447, -1.0942634917331535, -14.469124584239616, 4.035094491479352, -1.4061392757345201, -6.626591048484613, 1.4115508606653204, 2.4090762746139527, 22.91660935623236, 7.439914341035253, -9.24164381106091, 6.243598569360142, 10.357425131878832, 1.9661286833008336, 0.9382902507229438, 2.290675516752956, -57.32257257956834, 5.141849504237438, -1.2501751511856094, 8.032119697243663, -16.520399298423953, 1.1568688166381835, 1.3682683502708972, -9.048452583778651, 6.1636290644146685, 4.956490804422963, 1.6367973865681618, 2.3246762465457342, 4.746593850203787, 0.5180064529825423, -1.8318542738846797, 14.299471979734893, -0.8022137457429523, -0.012629653453241296, -1.4688758756129432, 4.186726468152125, 12.990436393693694, -13.898951011054141, 6.798100687360611, -13.909468221718889, -0.39266346243021033, -3.283785017692096, 9.91731980472359, 3.29673233186156, -4.531985725687724, 3.0314530539437214, -16.877825514880904, -9.206988071964432, 9.646616784741727, 17.578009836215244, -0.5871214206126925, 1.062217803606826, 3.873585366183095, 6.532655477177279, 3.98512095260057, -3.4872972497612653, 6.150451292312872, 4.398504041768604, 3.657198851063594, 2.9769662404155066, 13.493583710479975, -3.313855800496204, -5.993084268293504, -11.191252582177887, 7.32204193141512, 6.4159213145130485, -10.855519308808534, -16.354283221009663, -0.824523444636942, -1.5904527132092325, -5.717427723707706, 7.446063096474536, 8.370124603545966, -2.3319068181713383, -5.343859858784665, -1.660114746866261, 4.396420067269409, 10.349393182391198, -10.926327411426534, 10.854447267089636, -14.982721956220573, 0.0008209332313038331, 4.371508009030636, 4.377256396163532, -7.018847111419804, -0.613118858879671, 7.715751791596887, -13.750508076630329, 3.627616811459181, -0.00781636794712215, 6.772161641078444, 6.7469717316597, 4.158336894610078, 11.735085171612832, 4.6310785336161135, -8.434284046044503, 4.323410008274598, 1.9419493555813379, 3.4954331837063215, 16.46570770847588, -1.1732933799807168, -11.936795128468201, -10.107237003950464, 0.8584233070832097, -49.823909166373625, 6.311319232479742, -7.910186559174093, 1.2783069595453704, -3.193056906125608, -5.732579188649144, -3.809440849155999, -7.340656599606509, -3.656125910952469, -7.897407203480153, -19.9653464859356, 2.2656392012474047, 8.264974774815274, -5.698892406206415, 5.441683411898194, 7.911271362282568, -8.093453067315878, -2.315659868641094, -4.825273719107907, -0.30714423350418363, 3.4624649054950183, 14.481396021891317, 6.810407198937137, -6.857404539039976, -0.805065769538269, -4.4745198934875905, 2.2326920623164743, 1.6048767115086116, -8.204880765863974, 0.6687243299841241, 9.202935242828167, 9.909472844802233, 3.4770759353543323, -1.4231732330285456, 4.591739592301749, 3.343913875453648, 4.586728587856011, -26.80777936826434, 6.353469884006489, 4.552543197290425, -1.2054487096745272, -14.866127404431587, -8.411830204002765, 15.909022654928522, 2.7389809210190696, 59.10314364103494, -11.330924323110938, -8.227764349941074, 1.756065581813743, 24.4990857055379, -5.428226315504611, -0.6028265025027486, 2.899436638089722, -4.106640834679521, -13.474240344879412, 22.98083227519195, -4.040903620355163, -4.667388411356281, -9.404159873341028, -0.06901825841811604, -20.99275725372726, -3.533540688474909, -5.601677975424739, 0.5909904739790146, -4.497361705452899, -6.366329433275375, -4.603427879377538, -4.096441493712961, 7.385688433917039, -1.2001380609753949, -41.45642276262414, 45.49035148974594, -4.0412760719386025, 3.237869325713739, -0.4804397205637345, 2.7009508661431787, 5.538596264169408, -1.5556895415956675, -2.6350344740981293, -2.1515939390385967, -20.065170959406416, -1.3558798769401021, 2.1578188466721504, 2.219630465560116, -1.4772626444597408, 1.497516343480907, 13.973116093500433, 5.795290360944765, -1.6046023689621767, -0.6891679320658777, 7.66633823148641, 5.992721981409524, 5.963708172731177, 1.651412899488029, -16.451725265866983, 8.128146977696444, -8.476504718146499, 4.840607527812196, -3.4154440313878687, -10.239171480632887, -2.3679507677318967, -1.7922279810299515, 8.627139951499242, 0.0013150185938246572, 7.675261098100828, 4.791046847224283, 3.013532103138636, -20.873432861818017, -6.3451299447516245, -1.619908756225676, 0.13937406118040574, 0.265792766756642, 3.1338606236855853, -1.4630325257396524, 0.1579988125799252, -0.663323812073326, -2.628172824998195, 7.291264828868394, 1.2950126556033443, 4.224364717080208, 3.8353146042054007, 66.6133088470829, -1.3736223172450899, -13.796531234967151, 1.5880982705633957, 7.0074969103740745, 1.161191163583089, -0.06786254306912864, 5.451894125197235, 1.7785674883470306, 4.321415203589509, 6.479353809866138, -6.754666767053948, -13.511467533049299, -23.721587195159753, 4.082415210541344, -0.956232789006727, 8.149453868817163, 12.535132872381675, -2.0772536929432692, -5.049352141937389, 2.00705563162425, -0.8578832567524253, 10.268055334906347, -2.282380891251005, -2.105636461474972, 6.113461050941979, 8.12320851775711, -3.1768700936741197, 0.9116503384261301, 2.255687430415871, 0.5359750751416446, 0.754565191302234, -45.86230241047985, -2.7217389940120715, -0.7073293913194845, -6.607301299927935, 2.466657780743222, 13.223484249639426, -21.87017813187472, -6.561511495995935, 4.915426365031339, 4.31698762751776, -11.475867653014417, 6.871770038343053, -1.6657720459916106, -13.14756834407451, 5.85628738441902, 22.485826486017146, -9.401385378141645, 4.637808192749823, 1.4360720180394644, -23.154893611814877, -3.0110969828396237, 5.786234939636811, 4.699819082306833, 5.178731469880301, -1.6380468566209365, 1.708735567304136, -4.051256258622484, 1.096747057011847, 4.440147563741375, -0.9590332506215131, -10.168507683350798, -11.80625063123148, 1.993718915050954, -1.1413243702129483, 10.641932087206218, -0.6985952855263364, 3.8733327233669366, -2.229315225824601, 2.454620608454462, -0.2432055385102765, 9.517764814443268, -2.701564650904388, 9.498841360293303, -3.91578883184378, -2.458176168581017, 0.4593512887719924, -7.108783505968967, -8.231940291583568, -0.7057913327844929, 3.985123299781212, -4.152912796914409, -13.1960901780982, 7.26374330450269, -2.8836368215143415, 2.1807148459408046, 3.7924783565843576, 5.55597248016708, 6.828829370044341, 10.630174367565477, 19.520314346835626, 19.57865617672772, 4.671902761619419, -6.3646521198129005, 2.711289769373968, -17.98396564435123, -0.8591725522920135, 7.664169636030179, -9.29571554159213, -4.91327982604694, -7.356613646774083, -1.8408518330935446, -8.758534499832733, -3.7665448075654804, 0.45625678776685374, -3.8963796533289545, 1.7619627200750099, -7.281286593989085, 7.573642343646881, 18.763997008793254, 9.661036101263905, 5.8075070734368825, 2.148477228571659, -1.8236517154888392, 2.704978108818275, 0.2854072705602042, 2.7189711438792488, -3.297009412124591, -1.3585617716244247, 4.062782334834682, 1.8322608842696284, -5.337850176661439, -1.2778298246902144, -10.152568284367732, -1.3242170128168032, -13.062244091635744, 2.401699648730844, -2.3031603237585947, 2.208168287398612, 13.727735862357545, -4.179852362207283, 26.739901779871392, -3.4961252878637894, 11.25453950909784, 1.9145313129618349, -6.400266649577215, -6.316504711640251, 2.42140020954611, -11.237523745879159, 22.88042387609248, 5.9949841540885265, 0.48139984164828764, 2.5977800754240117, 2.3108647605840176, 5.731412060288359, 3.859898465427655, -3.799877365451605, -1.616210744998979, 2.700023205629515, -1.9251731223268833, -3.119540781772265, 1.9458640317916815, 5.322087250364464, 7.964542820910241, 4.520436977016487, 10.465653684814722, -7.397017392311479, -5.00673058779018, 5.680952468745205, -3.397178044938786, -10.076899009386224, 27.330913971835997, -1.6115103811037925, -8.855469458522943, -0.686045951648476, 5.155956166919394, -2.846355331125117, -2.159450601258492, -12.00473797242405, 4.832166331434806, 11.098764622454931, -4.833576352608889, 0.9563471960824068, -12.10515514319548, -4.538620687148038, 3.1590413146838072, -5.249526504113442, 3.4700275226191852, 12.764200919512326, 7.288371346915861, 6.168980881402825, -13.085318692182511, 5.923982119780254, 5.83318636758506, 1.2635952040986358, 19.186087042012584, 6.76095519077348, -5.910985603368928, 9.555637164749928, 1.1773816675301687, -0.6534135546042714, -12.791200536261568, 2.2836655801600343, 2.99574580148772, -3.539244917561257, 1.3207432445470597, 3.5979290918296796, 4.709937232617967, 3.146274349167528, -4.536043778637788, 3.7777798947224652, -1.8724952532317007, -7.286087144504279, -9.473305120660955, -3.3197473521696526, -2.8856624121280627, 18.522196709039715, -2.7021346260309307, 5.701775508783023, 27.129039655240685, 6.042415114765043, 0.17733061684408336, 5.347209906346827, 12.32332340372896, 2.701244388797173, 4.97005118713239, 3.4000501953228683, -4.186409478145766, 0.5856590111407232, -0.5935042084895259, -19.14086260154665, 3.0706438116530563, -0.9263833663331091, 0.04473445439700319, -7.26801407432467, 14.957883911249882, -0.342375993153619, -1.8317114782702864, 9.12821713135429, -9.068628978947116, 0.0693460895086564, -4.873176720921876, 14.966098059945795, -7.115021108925067, -11.855355851412947, -5.161262251370356, -9.472159594435887, 7.898913052896646, 18.599587890311273, -9.795107574043369, -1.4393398873941297, 6.147499041387221, 5.601263692072601, 14.78436678663663, -10.136014626203542, 4.489548858403403, 2.814683406693915, 21.281732602251125, -0.5529098273203386, -31.07523268942444, -3.099317202660592, 0.2661446391270621, 7.178106214150928, -8.961045353536884, -7.355029801714037, 3.8024326141530698, -24.586489660130454, -4.628975553070347, -4.649070570590979, 23.062266670425174, -7.7273680670952025, 5.329427891766445, 3.256796940343969, 6.293927234291418, 10.424538999264866, -5.90102564680689, 1.5277241398993682, -11.793162325566708, -20.254304419487664, -0.25945456962886304, 6.292702851696114, 5.314315908265809, 0.6097166604248434, -8.015495864202055, 3.050425742969958, 10.758688087481124, -16.70384440076164, 0.43524807624512585, 19.48256802970226, 20.081307818641864, 0.8938945375265055, 2.180537609486048, -6.924457797613668, 1.0386674165067964, 2.539222874767886, 1.9064454932829686, -4.650554560263634, -5.909952500316749, -6.839951610448626, 2.388405571742013, 14.624303675889392, 0.33475964025269356, 1.4630470976081282, -2.9085949764320236, -3.075863690478226, -12.91325858872906, 11.394574057335603, -6.496172267278732, -4.877886608578818, 17.854218700575807, 9.346279797472373, 5.940842102645547, -2.7722474279189675, 5.224012182378873, -9.877232858661817, 12.09151682888054, 4.243909596729182, 5.007522409130324, -6.4026872909929615, 2.746453886305583, -6.071945569632849, -2.4072091096525265, 15.890113761615625, 5.99118717706641, 4.012224951641345, 3.4495647104369853, -0.66168762159483, 1.004433811648632, -1.8821173678647063, 3.1148799175356903, 2.5913771082591053, -12.826552380282807, -5.814761514494371, 4.6323048280668555, 6.018432157096516, -10.645989143220033, 4.622909345304544, 1.2723255625519627, 5.149058461605117, -10.832892999926328, -7.755364979103856, -4.123731029027807, -6.889009864239288, -6.06309060291791, -14.961100985233756, -0.7457180973910535, -5.175339589419675, -17.742007799497056, -12.644981385415091, 4.338995521808268, 9.029473043515113, -1.899149506545188, 1.2174651704638915, -1.7535164367405813, -0.2357794135534279, 7.858851149097598, -0.7907881812592814, -27.99214224124547, -2.5558549331007163, -1.471580258765453, -2.6715920184171984, 4.048758265864877, -11.151969620181971, 5.696884423534581, 3.1666229017007095, 1.6679155606367289, -14.336670837038902, -11.864122318182238, -13.77738110500044, -2.8619660714579473, 1.6795143829192272, 7.155916454440849, 2.2672584801609843, -2.7988145522998003, -6.009265356566832, -15.251655216030652, -4.825597746500305, -17.0781719697932, 2.718042134591898, -8.696504985725362, -1.6851806637952813, 13.2337159822361, -2.132051830139344, -2.8689864286706928, 3.760443780104235, 6.97133589553059, -11.622640381771514, -7.439402043412693, -1.385946311314608, 6.234563240784592, -6.195248290901818, -1.8504818569694002, -4.634063463431884, -8.604587265399566, 8.01549934819725, 4.125380139102456, 15.513190246279127, -6.630091831218209, 5.627003744049296, -9.030222881271934, -4.402861006611266, 0.5788433364335137, -2.735348124879326, -3.627713702603067, 27.628210995396277, 9.799573378967963, 4.935179022726992, -5.066774111302804, 0.3837917827390407, 1.3245545588462062, 16.930430632913684, 5.033665956596316, -12.18536051072885, -2.215890737623773, -4.247959885070156, 4.391793507285913, 6.342457238812224, -3.008937804594287, -2.0221576315969876, -5.981043161863802, 3.9817019353272554, 1.5985485528346204, 2.537608738450342, -2.8209859594706743, -13.903144290120991, -8.622083532767107, 7.884335526638942, 4.678370199849107, -1.945549658902427, 3.251751125423821, 1.250012571153249, -8.70258086197494, -10.040658812801354, 0.7140030734201022, 4.972665574557117, 0.5691103766940193, -17.691712682951934, -3.960555801230423, -2.4445143862022207, -16.99507211043079, -9.268462501463716, -4.068860391938877, 3.2920229004500894, -5.1752080089651376, 6.8825270913209415, -3.126350396056345, -5.583434678540989, -5.192963915597712, 4.672482713597329, 2.466964562293578, 7.152004330589481, 0.5014908025336264, -8.756111193333531, -1.1382738759435558, 2.7492530063373013, 4.517928059724781, 7.671902741680206, -7.787440831111891, -1.070363573815905, 2.1217458142401293, -0.5562640599328827, 0.5510534314713422, -10.454875694691221, 6.782368353838081, -9.452001593173938, 2.1124321363703826, 4.650969432068516, -8.743357511259022, 1.5552391690698424, -12.019977368582394, 5.783892418231757, -13.83385681574002, 5.422954739551926, 1.4117284474875467, -14.265939234865769, -7.970188264032066, 2.0040461611596396, 4.050615838658953, 0.380273045174933, 5.646423616462719, 4.546113583158782, 0.8730880045948561, -4.800996205623608, 3.552268173776107, -10.011946346867745, -12.348574321578036, 0.369215038495025, -5.9440891080488285, 21.188432550719867, 5.680025060595909, -9.75984383729303, -0.870370425760377, 3.7160526180522453, -16.632991236345244, -16.806382816765282, -10.171186829089855, 5.39763085731798, 4.796656574722078, -0.19900351621965617, -6.0519624026609815, 0.26870497290041273, 0.5638616115110926, 1.6700259953351597, -9.156839430131182, -28.174703837749462, 8.30646676673344, -7.521273187716567, -43.34039895281048, -0.4094983751766499, 1.6007606376440502, -2.9813810799796383, -7.76013573006637], "XGBoost": [-7.1897149085998535, 0.6561059355735779, 16.665836334228516, 1.8841981887817383, -1.8631092309951782, -5.143038272857666, 5.9848246574401855, 2.5271034240722656, -15.089734077453613, -60.318092346191406, 8.820223808288574, -5.893938064575195, 3.6369645595550537, 2.635528326034546, 8.203553199768066, 32.261592864990234, 2.4074625968933105, 1.0161744356155396, -45.80978012084961, -49.01224136352539, -50.291133880615234, -33.51498794555664, -9.812285423278809, -20.793834686279297, -3.8798770904541016, -2.88834285736084, 5.437989234924316, -2.1544525623321533, -25.01686668395996, 9.117127418518066, -8.975652694702148, -6.145514011383057, 36.394229888916016, -23.35921859741211, 4.767922878265381, 11.378747940063477, -32.200008392333984, -1.2069542407989502, -2.1479482650756836, -27.763572692871094, 11.439715385437012, 2.8348500728607178, -6.672600269317627, -7.636099815368652, 6.002601146697998, 6.718164920806885, -0.09472658485174179, 13.092195510864258, -11.18448543548584, 12.656908988952637, -14.989102363586426, 47.88618469238281, -13.984678268432617, 2.110826253890991, 24.11203384399414, -7.244029521942139, 10.751824378967285, -10.829568862915039, -2.671563148498535, 9.307307243347168, 2.8763484954833984, 14.053603172302246, 3.281651735305786, -3.8742759227752686, -30.006807327270508, 1.1882681846618652, 10.411808967590332, 8.81373405456543, -27.786924362182617, -27.283348083496094, 19.551218032836914, 8.886412620544434, -0.7687455415725708, -19.973859786987305, -0.5335694551467896, -21.05340003967285, -12.230111122131348, -4.214157581329346, -0.009305711835622787, 6.315810203552246, -15.631595611572266, 31.57752799987793, 0.8359956741333008, 7.818140506744385, 20.623455047607422, -2.7805633544921875, -7.988667964935303, 8.373208999633789, -5.735278606414795, 6.827920436859131, -13.719161987304688, 0.3553597629070282, -7.557900428771973, 4.034422874450684, -8.979308128356934, 8.888118743896484, 9.544572830200195, -20.20796012878418, -19.373291015625, 13.556868553161621, 10.774014472961426, -57.72846984863281, 28.1987361907959, 3.1747028827667236, -48.30418395996094, -4.768988132476807, -5.08839750289917, 8.540663719177246, 16.949947357177734, 5.013806343078613, 7.834858417510986, 4.257046699523926, -3.8761723041534424, -48.95874786376953, -3.6195414066314697, 4.353785037994385, -13.460186004638672, 0.10603766143321991, 11.219917297363281, -21.243061065673828, 0.29271405935287476, -3.9209179878234863, -8.311112403869629, -2.4058187007904053, 3.170314073562622, 14.704601287841797, 0.979139506816864, 3.289733409881592, 0.4768678545951843, 3.166344165802002, 33.884483337402344, -24.85276222229004, -3.7273526191711426, 12.870521545410156, 10.418030738830566, -9.899394989013672, -2.3160347938537598, 0.5088794827461243, 26.002391815185547, -76.93267822265625, -1.565515398979187, 11.02726936340332, -4.684356212615967, -1.3132023811340332, 5.475036144256592, -5.3133111000061035, 0.48593682050704956, 5.402378559112549, -2.6960132122039795, 4.653201103210449, -6.567305564880371, -3.213188409805298, 7.505947589874268, -27.33245086669922, -27.515472412109375, -5.011831283569336, -2.0591344833374023, 4.255144119262695, 2.541877031326294, -0.06498894840478897, -7.455455780029297, 4.034809112548828, -3.4383885860443115, -3.2142200469970703, 7.3019022941589355, 1.5779218673706055, -6.967586994171143, 0.05173550546169281, 3.657151222229004, 4.741931438446045, -8.50362777709961, -3.692443370819092, 17.89577865600586, 5.700167179107666, -10.04746150970459, 5.935544013977051, -14.25080680847168, -1.088992953300476, 2.431086301803589, -23.52860450744629, 16.76932144165039, 24.102767944335938, 7.980238914489746, 18.945024490356445, -28.627758026123047, 2.051992654800415, 6.668541431427002, 5.373506546020508, -12.382671356201172, -6.536627769470215, 2.3699278831481934, -27.730775833129883, -1.1796185970306396, 9.932013511657715, 30.750629425048828, 45.57157516479492, -4.581002235412598, 7.656935214996338, 5.132571697235107, -3.812201499938965, -44.08139419555664, -4.075695514678955, 15.718276023864746, -5.349199295043945, 21.660076141357422, 8.1319580078125, -27.652151107788086, -1.5325887203216553, 1.3725591897964478, -0.6402254104614258, -51.30412673950195, 0.1299731284379959, 0.7293478846549988, -10.889117240905762, 11.76279067993164, 4.24016809463501, 5.235529899597168, 16.342506408691406, -33.784122467041016, 4.718367576599121, -1.9519894123077393, 3.104201555252075, -2.4961400032043457, -52.76789093017578, 6.2113871574401855, 8.336877822875977, -9.255132675170898, -20.814067840576172, 26.91185188293457, -8.140825271606445, 7.702469348907471, 1.556411623954773, 9.161642074584961, 14.384940147399902, 1.264136552810669, -13.075604438781738, -8.492134094238281, -1.480989933013916, 1.1180472373962402, -5.413754940032959, -19.72255516052246, 57.76036834716797, 0.9081102013587952, -0.9053857922554016, 3.0394387245178223, -6.075738906860352, -3.0649425983428955, 2.5319621562957764, -1.8845590353012085, 8.469799041748047, 8.031233787536621, -5.943432331085205, -9.505596160888672, -0.9133890271186829, -0.7800621390342712, 17.23834800720215, -53.494232177734375, 1.0309746265411377, -17.906375885009766, -13.808109283447266, -6.613898277282715, -1.9322338104248047, 5.330628871917725, -5.633852005004883, -3.8547885417938232, 18.541181564331055, 2.9115841388702393, 25.582332611083984, -8.978833198547363, -0.6957076787948608, -16.23920440673828, 8.454737663269043, 6.734520435333252, -6.484964847564697, -6.441334247589111, -3.9131717681884766, 10.101137161254883, 5.883402347564697, -5.007674217224121, 1.0162590742111206, -8.329986572265625, 9.921714782714844, -21.024045944213867, -2.6356730461120605, 1.7416211366653442, 6.4783124923706055, 10.908952713012695, 2.927241802215576, 8.121006965637207, -2.899024248123169, 3.3414580821990967, 21.580963134765625, -1.7072432041168213, -6.449005126953125, 0.9198576807975769, -3.878342390060425, -7.23757791519165, -25.827486038208008, 7.562301158905029, -9.306404113769531, -26.452726364135742, 9.929503440856934, 2.3587217330932617, 9.985475540161133, 2.4672324657440186, -3.9370718002319336, -26.486053466796875, 0.8982740044593811, -20.246864318847656, 6.842639923095703, -15.986489295959473, -0.8402493000030518, -13.548538208007812, -10.991374015808105, 6.8345866203308105, 0.036173440515995026, -6.526291847229004, 27.5262451171875, -19.845918655395508, -9.845146179199219, 2.8988912105560303, 32.08954620361328, 6.407399654388428, -17.813682556152344, 60.03733444213867, 13.953836441040039, 7.835394382476807, 3.136707067489624, -2.3727927207946777, 5.073879718780518, -44.616241455078125, -9.57137393951416, 13.071145057678223, -4.5060577392578125, 6.423490524291992, 6.559399127960205, -4.076932907104492, -6.03564453125, -62.8148307800293, -33.23229217529297, 1.8746888637542725, 16.425880432128906, 2.3627331256866455, 10.142457008361816, -0.7594448328018188, 2.152111530303955, 0.8856016397476196, 42.98339080810547, 12.820237159729004, 10.921483039855957, 6.884925842285156, 4.704159259796143, 2.174344539642334, -0.04448127746582031, -12.114686012268066, -0.7038177251815796, 17.734310150146484, 2.496293544769287, -0.4256887435913086, -1.195801854133606, 1.425425410270691, 5.5035858154296875, -23.337678909301758, 11.096941947937012, -8.012434005737305, 7.013049125671387, 8.532451629638672, 5.148499011993408, 1.7088760137557983, 1.987963318824768, 47.099876403808594, -0.9998775720596313, 0.826133131980896, 5.493107318878174, 5.515550136566162, -9.131625175476074, 16.59101676940918, 2.4228222370147705, -1.885865569114685, -22.463672637939453, 2.4565281867980957, 8.46820068359375, -5.282015800476074, -5.791178226470947, 0.23601071536540985, 17.69718360900879, 0.2971803545951843, -0.5338274240493774, -27.020132064819336, 7.013347148895264, 14.203210830688477, -3.736971139907837, -4.104339599609375, -30.09955406188965, 0.8692888021469116, -4.07166862487793, -3.1896328926086426, -51.547908782958984, 14.262428283691406, -7.333804130554199, 0.38306719064712524, -4.078181266784668, 6.945207118988037, -0.1706220507621765, -5.1346635818481445, 12.56809139251709, -3.8809170722961426, -17.109928131103516, 13.06855297088623, 20.07842254638672, -30.844438552856445, -6.285477161407471, 8.995420455932617, 41.91758728027344, -2.866467237472534, 1.7562068700790405, 7.749441146850586, 0.3842509388923645, -48.7769775390625, 0.19451425969600677, -18.18876838684082, -6.70554780960083, -12.335161209106445, -1.593001365661621, 21.034841537475586, 11.671045303344727, -5.235075950622559, 17.36031723022461, 1.8480377197265625, 0.6513178944587708, -20.44166374206543, 12.794981956481934, -1.8899683952331543, -0.8156022429466248, 4.630599021911621, -15.703798294067383, 5.538323402404785, -11.000232696533203, 6.86182975769043, 51.55137252807617, -39.30103302001953, -1.5599472522735596, -1.1764277219772339, 10.383598327636719, 12.367609024047852, -3.7458882331848145, -2.2414724826812744, -11.33328914642334, -0.8687232136726379, 5.15201997756958, -1.9438493251800537, 4.043468475341797, 0.4855845272541046, 4.8102617263793945, 30.778911590576172, -3.5928215980529785, 4.757267951965332, -9.458426475524902, 1.3723728656768799, -60.25638961791992, -9.853049278259277, -2.7400200366973877, 15.849194526672363, 1.4491764307022095, -3.9871747493743896, 2.9958770275115967, 14.927949905395508, 1.4423503875732422, -13.271430969238281, 1.1725744009017944, -5.9455790519714355, 5.979294300079346, -12.934950828552246, 3.888814926147461, -3.518413543701172, 3.1789445877075195, -1.5819332599639893, 11.504895210266113, -3.441817283630371, -19.437225341796875, -30.01594352722168, -6.549415111541748, 6.185516834259033, 12.429098129272461, -12.338141441345215, 15.108436584472656, -9.237785339355469, -3.6673994064331055, -5.269342422485352, -13.634018898010254, 1.358778476715088, -4.878180980682373, 1.0983028411865234, 5.075924873352051, 29.913454055786133, 0.09198307991027832, -4.292809009552002, -30.87109375, -1.1471805572509766, 4.999822616577148, -12.111954689025879, -2.731590509414673, -3.017972230911255, 1.6302400827407837, 4.41006326675415, 14.317694664001465, -16.750633239746094, -29.57906150817871, -8.553879737854004, 6.6800007820129395, -11.163965225219727, 0.09541110694408417, -12.32080078125, 4.912201881408691, 2.2539594173431396, 13.277803421020508, 4.5621490478515625, -9.312718391418457, 0.9195666313171387, 3.0971131324768066, -6.104236125946045, 8.498281478881836, 8.196441650390625, -17.459716796875, 14.271627426147461, 1.0990046262741089, 2.362765312194824, 31.607921600341797, 4.299086093902588, 15.201861381530762, -2.3846490383148193, -3.40431547164917, -7.490061283111572, 5.268435478210449, 21.460575103759766, -3.287891149520874, 2.512059450149536, 5.955228805541992, 27.897972106933594, -10.408252716064453, 1.339443564414978, -10.621907234191895, 10.090513229370117, -29.59393882751465, -6.515667915344238, 4.1879658699035645, 9.336152076721191, 5.9003005027771, 14.298811912536621, 11.24335765838623, -0.11171982437372208, 7.156284809112549, -1.1767120361328125, -28.256559371948242, 3.9840240478515625, 25.910619735717773, -2.7945868968963623, -0.4523744583129883, 20.46762466430664, -55.42168426513672, 14.68028450012207, -37.57279968261719, -7.924108982086182, 9.592859268188477, 29.18623924255371, -6.554225444793701, 17.42159652709961, -0.8579519987106323, 2.1426150798797607, 6.549190521240234, 8.658153533935547, 0.4722749590873718, 3.979576826095581, -13.710305213928223, 4.291904926300049, 15.31212043762207, -64.93321228027344, 4.371184349060059, 16.893964767456055, -11.125292778015137, -8.907769203186035, 11.845909118652344, 6.514133453369141, -5.305830955505371, -2.0106399059295654, -20.44914436340332, -19.722490310668945, 15.671266555786133, -15.598496437072754, 3.8611843585968018, 9.829656600952148, 1.59633469581604, 21.7241268157959, 1.094459891319275, -11.495156288146973, 21.590885162353516, 15.065683364868164, 12.182426452636719, 5.023007869720459, 22.44792366027832, 14.62531852722168, -4.9189534187316895, -51.6622200012207, -12.650630950927734, 17.478240966796875, -0.11695119738578796, 15.302845001220703, 1.2454317808151245, -5.042187690734863, -2.213266134262085, 8.572900772094727, 7.019014358520508, 0.875547468662262, -5.465576171875, 9.331582069396973, 24.208837509155273, 12.758761405944824, -9.9887113571167, 31.939960479736328, -12.990273475646973, -9.484256744384766, 1.1781202554702759, 8.626654624938965, -16.58318519592285, -11.093931198120117, 9.190059661865234, -34.80411148071289, 2.131692886352539, -4.295246601104736, -16.06545639038086, 0.6918174028396606, 4.051940441131592, 17.816587448120117, 3.0670080184936523, 3.03566575050354, -6.883471965789795, 5.8005146980285645, 1.1727054119110107, 37.134361267089844, -14.02188777923584, -2.4428224563598633, -6.859818458557129, -12.146477699279785, 2.290980100631714, 4.492732524871826, -5.919137954711914, -5.450542449951172, 15.279521942138672, -29.778396606445312, -51.650550842285156, 0.46120405197143555, 14.508177757263184, 14.025345802307129, -42.53342056274414, -1.6529818773269653, 7.517736911773682, 0.011476382613182068, 5.580902099609375, 7.028146266937256, 5.52021598815918, -3.3074376583099365, -1.2105529308319092, -30.055824279785156, 5.315330982208252, 30.9664363861084, 7.546834945678711, 0.5595865249633789, -27.04464340209961, -48.652034759521484, 20.18233299255371, 10.842535018920898, -19.030780792236328, -3.489347219467163, 34.486934661865234, 0.15555784106254578, 2.688058614730835, -29.46234893798828, -0.7977999448776245, -13.100465774536133, 10.166589736938477, -13.648822784423828, 26.13908576965332, -1.1643956899642944, -4.480695724487305, 3.519531011581421, -1.3518942594528198, 18.307458877563477, -6.610451698303223, -18.79285430908203, -0.6333478689193726, 7.772368431091309, -4.771316051483154, 30.550378799438477, 4.572152137756348, -4.910755634307861, 23.28776741027832, -18.930015563964844, -32.15046310424805, 4.173694133758545, 1.4024477005004883, 0.3564964830875397, 8.959940910339355, -1.5800434350967407, -44.475345611572266, -0.8288233280181885, -28.57352066040039, -9.063149452209473, 12.793594360351562, -4.169411659240723, -5.167259216308594, -1.6837538480758667, 18.514720916748047, -31.115798950195312, 11.88489818572998, 15.381681442260742, -6.620889186859131, 3.5583674907684326, 1.3224695920944214, 3.6814277172088623, 19.69451332092285, 3.326171636581421, -3.453805685043335, -46.53761672973633, -24.334474563598633, -14.624260902404785, 0.38231217861175537, 13.05483341217041, 0.8360947370529175, 32.67237854003906, -26.982709884643555, 0.12325850874185562, -6.810715675354004, 8.86751937866211, -2.8016574382781982, -15.903908729553223, 7.870858669281006, -5.922455787658691, -23.710453033447266, -6.2291340827941895, -4.437352180480957, 2.7745771408081055, -2.8900394439697266, -7.0639801025390625, 0.4333535432815552, -6.191304683685303, 37.124141693115234, 2.9587440490722656, -48.21315002441406, 2.0452630519866943, -6.004950523376465, -5.191755771636963, -5.2792487144470215, -8.652518272399902, -2.2712180614471436, -5.321876049041748, -6.786245346069336, -0.34143829345703125, -1.4251281023025513, 3.6225357055664062, -18.884668350219727, 6.487381935119629, -6.609421253204346, 2.65211820602417, -1.0847805738449097, -6.510506629943848, -0.035952746868133545, -10.31992244720459, -5.944438457489014, 2.8146276473999023, 7.250102519989014, -3.574418783187866, 6.419440746307373, -5.322566032409668, -2.6316535472869873, 5.820518493652344, 7.917789936065674, -49.82367706298828, -8.342753410339355, 11.454594612121582, -12.11961555480957, 9.632184028625488, 17.036277770996094, -4.334193706512451, 2.487067461013794, -5.4692888259887695, 4.92503547668457, 17.63341522216797, -9.491659164428711, 0.854713499546051, -6.223091125488281, -2.6815967559814453, 5.4981913566589355, 13.367703437805176, 4.730255603790283, 7.407440185546875, 13.413936614990234, -1.9139323234558105, -1.034647822380066, 5.737092971801758, 10.021788597106934, 18.7303466796875, 8.748451232910156, -20.764747619628906, 18.25368881225586, 3.6251819133758545, 3.0032715797424316, -6.118952751159668, 2.8565406799316406, -16.77461814880371, -8.722367286682129, 9.416912078857422, 41.71998977661133, -32.013187408447266, 28.050405502319336, 6.716422080993652, -11.013969421386719, -32.017032623291016, 0.13028720021247864, 7.078293800354004, -0.08025515824556351, -2.290430784225464, 1.0085179805755615, 5.193872928619385, 24.597076416015625, 8.095534324645996, 4.718337535858154, 0.13631224632263184, -2.4098153114318848, 2.2800405025482178, 0.3044840693473816, -18.193038940429688, -1.8312172889709473, -4.971312522888184, 5.982351303100586, -3.931079864501953, -13.606508255004883, 8.592461585998535, -8.093697547912598, 6.399088382720947, -6.371199131011963, 26.37808609008789, -32.475128173828125, 7.820230007171631, -3.218841075897217, -19.8394718170166, 5.914576530456543, 2.6703240871429443, -18.7645263671875, 15.208863258361816, -6.378560543060303, -3.9350485801696777, 4.887174129486084, 3.8343889713287354, 0.8749696016311646, 38.12728500366211, 29.168292999267578, 19.029945373535156, -4.446026802062988, -27.637741088867188, 2.2106523513793945, -34.112571716308594, -13.038483619689941, 22.2335205078125, -8.586536407470703, 2.309739351272583, -6.688558578491211, 7.661904335021973, 33.071250915527344, 1.0905489921569824, -17.492759704589844, 0.7981960773468018, 4.076073169708252, 5.0750555992126465, 8.79362964630127, -6.403133392333984, 9.817228317260742, 4.774507522583008, -8.975008964538574, 0.2730543315410614, 4.529509544372559, 6.0364484786987305, -4.986496448516846, -7.630838871002197, 0.24891334772109985, -1.0894216299057007, 30.972320556640625, -0.10011021792888641, -0.3669430613517761, -10.724600791931152, -2.3316869735717773, -24.133960723876953, -4.7052812576293945, 5.682244777679443, 2.6122052669525146, 60.57910919189453, 6.487886428833008, 3.362982749938965, -2.6920666694641113, -13.192651748657227, -3.0877583026885986, 1.5863697528839111, 2.0560059547424316, 12.061775207519531, -4.122499942779541, 0.9050639867782593, 4.234923839569092, -3.231755256652832, 7.02813720703125, -6.829463005065918, -5.317949295043945, 6.461796760559082, -7.659087181091309, 3.9635918140411377, -2.108851671218872, -4.422153949737549, 4.778532028198242, 22.915149688720703, 4.524160385131836, -6.929920673370361, -8.12942123413086, 9.524452209472656, -3.89703369140625, 3.4960224628448486, 5.043287754058838, -5.524766445159912, 10.458513259887695, -3.678842782974243, 32.818973541259766, -1.4895105361938477, -10.637472152709961, 4.807159423828125, -2.145888328552246, -28.543039321899414, -26.662090301513672, 10.904350280761719, 6.059464454650879, 0.4790434241294861, -13.73045539855957, -3.1061580181121826, 12.836034774780273, -1.1471805572509766, -1.0386245250701904, 6.091438293457031, 27.141145706176758, 6.9035468101501465, 5.7370829582214355, -1.2407797574996948, -3.069519519805908, 7.715218544006348, 0.30409127473831177, 10.780122756958008, -1.3622335195541382, 24.958837509155273, -4.567514896392822, -1.4205405712127686, 2.159395217895508, -10.341170310974121, 6.131808757781982, -12.289175987243652, 23.107728958129883, -4.198519706726074, 5.375726222991943, 4.813843727111816, 13.443584442138672, 3.422484874725342, 1.4625943899154663, -3.699683427810669, -5.746305465698242, -17.619722366333008, 4.827851295471191, -4.919624328613281, 37.08262634277344, -7.376124382019043, 3.5299456119537354, 18.118854522705078, 6.012868881225586, -0.6906618475914001, 2.8436901569366455, 9.661639213562012, -3.1968607902526855, 13.418347358703613, 10.831870079040527, 26.826278686523438, -0.6166442036628723, 0.11855779588222504, -33.76197814941406, -0.7562820911407471, 3.0657708644866943, -0.5778554081916809, -5.430296897888184, 29.206911087036133, 2.3767123222351074, -2.225066661834717, 7.712667942047119, -46.91992950439453, -5.667177677154541, -30.64217185974121, -60.26898193359375, -3.5226547718048096, -3.145974636077881, 2.4448697566986084, 2.423255443572998, -12.340675354003906, -5.561929702758789, -5.220487117767334, -2.5835845470428467, -12.648663520812988, -1.7132717370986938, -6.557875156402588, -38.33602523803711, -1.9271340370178223, 20.101375579833984, 22.716999053955078, -3.7376210689544678, -20.366832733154297, -2.0150599479675293, -3.6470632553100586, -2.9378786087036133, -6.306765556335449, -2.3680357933044434, -22.323177337646484, -46.22084426879883, -0.2062060385942459, 0.2818032503128052, 15.649056434631348, 1.6798113584518433, 20.842180252075195, 18.260974884033203, -3.4320216178894043, 5.276646137237549, -17.981124877929688, -35.30239486694336, -32.739715576171875, -15.246767044067383, -19.689022064208984, 9.487643241882324, -3.0448989868164062, -6.949524879455566, 5.15733003616333, 6.184643745422363, 18.09822654724121, -44.947078704833984, 0.8473148345947266, 51.649497985839844, 45.42364501953125, -2.6478302478790283, 8.239710807800293, -3.443729877471924, -2.9119906425476074, -4.193100452423096, 7.4097394943237305, -3.0296947956085205, 0.8744827508926392, 1.4681169986724854, -7.314164161682129, -3.187385082244873, 21.77090835571289, 3.0094857215881348, -6.221320629119873, -18.917354583740234, -11.703350067138672, 43.856998443603516, -6.8100714683532715, 18.805559158325195, 16.116411209106445, 8.10192584991455, 39.76747512817383, 0.6171939969062805, -1.1945029497146606, -43.88950729370117, 12.456169128417969, -6.120266914367676, 6.319573402404785, -4.168384552001953, -9.501472473144531, -0.319094717502594, 3.6851890087127686, 6.049428939819336, 1.8024154901504517, 5.158225059509277, -0.31754112243652344, -2.6424448490142822, -8.957235336303711, -0.823091447353363, 1.3472563028335571, -5.213388442993164, -12.288961410522461, -3.294220209121704, 2.6856720447540283, 3.47629714012146, -6.096693992614746, 2.19502329826355, -2.608646869659424, -2.0084950923919678, -5.496421813964844, 0.019477814435958862, -1.4673298597335815, 1.7757058143615723, 9.971892356872559, -17.664485931396484, 1.9200334548950195, -12.41246509552002, -0.06344669312238693, -20.69460678100586, 0.9164510369300842, 24.064584732055664, 33.088924407958984, -5.529897212982178, -5.5060930252075195, -24.973661422729492, 22.903661727905273, 5.974002361297607, -19.162208557128906, -12.981729507446289, -1.8398783206939697, -2.8900394439697266, 3.3495354652404785, -25.015260696411133, -1.8192963600158691, 0.7955785989761353, 0.8845679759979248, -10.734683990478516, -13.580348014831543, 6.301939010620117, -5.283820629119873, -2.1952900886535645, 9.642298698425293, -9.00515365600586, -6.458146572113037, -1.7821404933929443, -60.75947952270508, -4.948543071746826, -16.511005401611328, -11.155740737915039, -13.513643264770508, 5.716119766235352, 9.44191837310791, -1.573098063468933, -5.391996383666992, -15.376974105834961, 5.417346000671387, 13.547859191894531, 0.5720218420028687, 1.2550828456878662, 5.830860614776611, -4.278021335601807, -7.643575668334961, 8.122393608093262, -13.674873352050781, 17.558961868286133, -6.716167449951172, 33.13322830200195, 2.766223192214966, 5.390502452850342, 3.9641449451446533, -20.95244026184082, -10.149027824401855, -2.4628913402557373, -9.636383056640625, 15.260064125061035, 8.631355285644531, 10.877655982971191, -8.886995315551758, -0.7594448328018188, -4.160884380340576, 17.674211502075195, 0.65514075756073, -55.584991455078125, -7.6802167892456055, -12.844769477844238, 8.83913516998291, 2.0182125568389893, 8.555439949035645, -3.16107439994812, -6.220703125, -4.119774341583252, 26.87057113647461, 7.541112422943115, 9.77980899810791, -11.975732803344727, -34.33716583251953, 37.25764465332031, -0.04938548803329468, 0.8428040146827698, -4.548033714294434, 1.3727976083755493, -1.826049566268921, -6.326226234436035, -6.610109806060791, 13.187483787536621, 1.5669258832931519, -15.781423568725586, 11.688889503479004, 10.64113998413086, -18.978923797607422, 7.28053617477417, -16.416746139526367, -4.285139560699463, -4.602023601531982, 3.2862775325775146, 34.23017883300781, 12.876660346984863, -7.939469814300537, 7.306705474853516, -4.239680290222168, 6.211479663848877, -2.8078227043151855, 0.4358064532279968, -6.209765434265137, 17.03343391418457, 4.0344157218933105, 3.797616720199585, -23.770339965820312, 4.805299282073975, 6.863745212554932, 20.106510162353516, -6.212948799133301, -5.354045391082764, -2.104013442993164, -7.590068340301514, 1.0336923599243164, -2.532325267791748, -4.560615539550781, -2.3677618503570557, 3.48850679397583, 4.071195125579834, 15.759294509887695, -12.803603172302246, -2.1592698097229004, 2.6817150115966797, -47.010711669921875, 15.976154327392578, 11.983116149902344, -20.37495994567871, 7.980917930603027, 1.6681499481201172, 11.20132827758789, -18.506723403930664, 8.3633394241333, 4.412067413330078, -16.76734733581543, -1.9291563034057617, -23.539413452148438, 23.55901336669922, -5.3347249031066895, -10.811188697814941, 18.619556427001953, 9.74948501586914, -47.86977005004883, 1.992558240890503, -11.842124938964844, 16.16739845275879, -0.3890407681465149, 6.3653411865234375, 1.8047891855239868, 6.617402076721191, -3.1000192165374756, 2.978158473968506, -1.8387030363082886, -59.81848907470703, -6.180109977722168, 0.6735296845436096, -5.095245838165283, -14.343292236328125, 0.5978928804397583, -1.8497655391693115, -0.3725903630256653], "LightGBM": [-12.509490480835487, 3.669594001158224, 14.030272164652606, 2.39165577411871, 0.2227818664012762, -2.466076692883933, 9.869525572792188, -5.534082871332907, -11.293894289939987, -49.93949011579607, 13.199764878695584, -4.222344927493419, 7.149050367162498, 12.974642437971417, 6.1016008446596075, 27.788740247614033, 13.754253527944114, -1.4513326493874656, -50.96816679123581, -32.700855363523225, -40.91283850851976, -11.418764918793714, -6.540595994593655, -24.52787476544509, 7.883689746408017, -0.21561691241814998, 5.243408795468433, 2.5317144809753405, -21.770503637578784, 10.07048488757052, -8.85469368764055, -4.9298652331308075, 40.70270515829096, -8.069181299802404, 5.492030369280188, 10.727570774009054, -29.942962766986973, -2.304039180464708, -7.734736695569374, -19.919902941558636, 11.618879835420648, -3.2835398929730744, -7.103218592309619, -10.856887943790305, 5.716706408654941, 9.456274485008567, 0.4092872374338482, 13.523334893313162, -11.49322440012689, 10.913476900535928, -17.325277694906042, 32.37849428327521, -6.174834299895949, 4.734515209463554, 29.24057217235916, -11.391615728938607, 7.916601439740653, -12.87382048972793, 1.1627895905512775, 7.038748648097261, 2.5120900258712298, 9.086044335955991, 7.059752413784002, -2.804052321897898, -39.05253205358443, 4.506088681522211, 8.67643874736772, 29.555267664331602, -32.06058421316249, -34.37313283905489, 19.149741075257154, 6.148102357079471, -1.3992943653297605, -6.48048011294423, 9.264211467678074, -28.173600364457382, -21.40072973143136, -4.20153373287385, 1.2309226845219683, 12.692227499140282, -20.43767105155803, 32.753946947968686, -2.9118220682323117, 8.028525710735886, 17.811490310333646, -5.807003566585626, 1.0442920255956776, 9.63051413129343, -2.2169283828897486, 12.300421536407203, -13.771990623584538, -3.1074432785474566, -19.512103539855445, -4.469388611977259, -3.2527386519076997, 9.648644303924504, 9.116060201555099, -17.31277502277412, -8.026871883210497, 11.945892376081234, 7.591487501421661, -41.55080053788612, 29.04499710925756, 2.8510289321297133, -40.9414272109257, -9.766530631754323, -6.389612052405629, -1.533339060287369, 5.557155130806595, 4.841369050696825, 13.451956494605751, 9.380929954578505, -2.127783036606054, -42.220225622664074, -4.01890083236528, 7.4588967014856635, -9.005397027792206, -2.0167305303774614, 1.5329203098059476, 7.278867429790393, -3.2978083178911635, -3.5322353468812926, -5.008963798971703, -1.9028264017508127, 4.821135470336668, 14.35733837037169, 2.2443266908160933, 6.420727197446728, -1.402734098766011, 7.984105990415289, 29.99235769517789, -34.5722311814311, -0.7490130253637902, 5.99328430903897, 9.532100177907695, -13.287931289448858, -0.5832139738876568, -0.8044331019116974, 17.632636008924955, -73.40951337489071, 11.130651110978555, 13.626972159917738, -22.251812881718486, -2.4533163053226548, 2.530702715370656, 5.279751096443366, -3.607737267829531, 3.2225726459791635, -0.05093982301151805, -0.5032306583384221, -1.6345808859218829, -2.8481622890839913, 6.452649351725761, -12.734151192366909, -16.354295530687462, -4.7480455570481395, -6.881685712486451, 2.0257356045315373, 3.415152167664096, 1.545305373713032, -6.632209912768986, 0.7298471999797544, -6.281363094887385, -0.6050829474219372, 8.468536249779406, -0.09681238244515811, -6.95862340341606, -0.8157497670238808, 9.218386731977787, -0.29514774077460054, -8.991955919574512, 0.16480117254614934, 14.83219457191837, 6.577695024819981, -7.073208553989585, 7.013448781948515, -0.6986319515347493, 6.93662030090907, 3.256450656220648, -31.195679877416893, -0.9255302556271273, 29.58080292729592, 11.741765086118704, 9.191146510705837, -26.611622411437377, 6.090529440307334, 1.5601021096204537, 7.7229170246925785, -9.178933550650179, -8.494881414899957, 5.964360781029663, -12.21654176545286, -0.940885492962465, 9.634945646522814, 33.8920772511808, 34.843796324471, -3.197444096074717, 7.021449606634872, 3.3755793457092556, -3.562530298703955, -47.689949387947586, -1.1633366449689444, 13.341846324401995, -8.901422627750762, 12.762612403642743, -0.17304845962347715, -30.091045328307185, -2.9217833310584247, -1.8844558382195158, -1.1145588105767241, -48.52643023024812, -2.3392906143511425, 0.798732183848611, -10.857388461480385, 13.018113454385967, -4.74720069216856, -7.7996296930059685, 6.457445304522774, -39.16430833418987, 3.6637188611692406, -0.7694616868429893, 6.081824751485865, -1.5243874416538752, -47.94341247272743, 6.13136112271547, 4.543209146033491, -6.992868400333539, -20.371751093742212, 39.068062452292736, -8.169002205139273, 12.719423493993693, 3.71973293151357, 8.583173920513202, 12.114753538082622, 5.722062527646129, -18.9316642112563, -6.39436654545667, -5.237260343940702, 1.0688132413767641, -7.478368049214586, -15.340569492092023, 39.507069021289624, 4.1545181050504105, -4.123287162204995, -4.335248075456378, -10.09669861031606, -3.8908362749871386, 5.971582962008194, -7.739941781754739, 11.648912945300864, 14.79983568798681, -5.904496666758708, -13.737197889564925, -4.433249818951038, -0.22077473048368215, 21.417689742294684, -36.012237884069165, 1.6938933175120958, -12.218464116730601, -8.662522699789958, -4.741391515933747, -1.926441296120934, 2.5924448793860706, -12.215143276992347, -0.72653451503022, 16.026425069930323, 5.5736756740731215, 16.023017951371774, -2.388450846263889, 1.1914200472038712, -17.202743133183187, 4.157893409887205, 6.35792593318643, -4.54148299853907, -8.319819899527797, -1.3045044597052484, 7.087341323771583, 8.316704962020296, -3.59374628754621, -2.4207955208162653, -9.739247889842224, 15.892605940391729, 6.185879316634728, -1.2874711396977268, -4.3735189707235556, 6.383020126393304, 11.161787206068405, 4.8378287745109585, 3.698822580832592, -0.2785457701501282, 2.9576715944027594, 21.201017460629323, -6.0023096372441875, -3.9275978330969266, -4.360758596904133, -14.958251347348558, -5.4685299391291595, -21.624860412669328, 0.06417271361104873, -7.821452632079976, -19.12438135052118, 2.7277608399179143, 10.316519267309129, 8.55944185325912, 4.385511873013727, -9.244025523742799, 5.017550266805198, -1.4720266555738177, -12.059721108578719, 11.563806031470852, -11.96281490595658, -0.5109127211580399, -11.149000811476675, -15.613787503332096, -3.5721591279442797, -3.378059659280736, -7.059560738430545, 29.88417359318944, -23.986561171469003, -15.410938935016507, 5.084765758030605, 25.60537636061301, 4.434272056117411, -13.363503446049897, 56.10093027436884, 14.233619475335699, 5.587837464618515, 3.5569170160314463, -1.2296798215146185, 3.4544241261047226, -31.95734714223877, -6.441173614742706, 12.974971047312122, -5.139211987912323, 5.231566663860659, 13.129238604171638, 0.612209129804379, -7.371391951755247, -53.710299966801934, -23.147529287453516, -5.388143973287316, 10.815270455168257, 1.7525569909998893, 8.973009337211874, 0.08460498471933578, 3.54675572196046, -0.28443589099442057, 30.370065243523143, 14.749624776602536, 11.859400778347089, 4.17190307662617, 3.1679199717218642, 1.31367579700778, 1.9533986670985428, -10.680347434489079, 3.3339023335304208, 15.860319001707772, 2.266131988799326, -2.6517510855335034, 2.8933102909720443, 6.265724251302124, 5.308686139282483, -6.6582096825920924, 11.381027476449729, -5.8681558772580775, 1.2336593508635452, -1.1231945216111778, -2.72806369148722, 2.9515805587412465, -0.38447492565930225, 31.662137197723208, -0.40979024978036044, -5.591493947795988, 1.2746684627643285, 4.1736351580431865, -5.9133048687612595, 5.393605836934597, 2.789109717085347, -0.3849257848917128, -34.23387596208328, 4.44606094796338, 10.852573489348027, -6.356848850375462, -6.646331862376894, -2.912324281114146, 5.163239358646821, -0.9125549286531204, 0.19434535498244768, -27.201741222947604, 12.363259241691447, 15.065384303012017, -6.718875514047038, -4.163009949206228, -27.710920516219023, -0.3675775008062337, 3.637702353255652, 7.776601070979411, -37.358766339743966, 14.165037969700665, -4.955641966102654, 1.8638512507296428, -4.484490897917209, 14.443436302267362, 1.8638512507296428, -2.2169283828897486, 14.08027069742123, -1.8550479079274487, -16.59757529798497, 5.94368194438025, 17.512053286884207, -37.697717933278014, -7.576431219080586, 6.602469807627025, 36.312688353370795, -5.624207206878144, 5.819909716529995, 1.923372219620984, -7.463328603160489, -38.33144926418541, -5.930829682645928, -13.068784973918328, -13.234274558523694, -5.42838501658806, 1.6576560669837752, 16.740955762179993, 16.25880687052505, -2.6335183360479917, 14.519756494084776, 3.6307988470225205, -9.199485231430495, -36.97951918321037, 15.509049882207103, -2.6483510312916816, -3.123566116895554, 8.770138049894705, -15.629523816912217, 4.975815226857455, -13.668696481685053, 2.7543074782522106, 43.97602223166357, -27.38343883837179, -1.8050284796850606, -2.7550825815119486, 6.762838776190111, 6.462085125062172, 7.654948705294236, -3.482008001656778, -14.359012535785652, 2.775492492045883, 14.125384414889446, -5.056686964580226, 7.054923838809399, -2.9945259573148957, 2.075856423262986, 22.698912473297092, -3.0668998774271805, 1.1594172218896772, -12.26851719692706, -10.211404200672861, -59.93079223851187, -5.571729434394209, 0.37307753868514104, 12.743023690232597, -0.23688270353150573, -13.42701560467366, 17.533887733814502, 13.104868397658898, -0.3157574571705143, -14.060502748173821, 3.824968402683529, 1.0106137007563554, 13.530692939183115, 2.460161771328691, -3.1173091482408153, 3.1570597041997814, 0.5049381558807684, 5.593837885090262, 7.513749977760571, -8.042691153701773, -11.010073553778605, -25.681530557334074, -11.618120139944054, 7.865364465896114, 12.296851691888016, -7.202702092397781, 16.995885575804195, -8.029586929975904, -13.220208872873135, -1.3194149919231148, -13.713843191044404, -1.1834731502109275, -4.984170762907059, -1.2030313699654063, 5.036221689713219, 15.239322190960369, 2.225663562367436, -5.79977052356848, -25.440693589310758, -3.8377567492519153, 13.071940525746331, 8.752832111118801, -9.186500440670098, -6.695973557825624, 3.442022640346289, 7.288926375614435, 14.202162996808802, -8.884826057040495, -21.451220476891166, -5.3541159846950785, 5.905166880497741, -13.331046529382997, 1.701279934362497, -7.468638796606254, -1.1851328395974168, 12.035923890412318, 11.191939993564999, 2.0086885754151034, 0.3424002555598391, -2.094957494204087, -1.125703759218956, -2.7695944192894637, 3.064302443792965, 4.175356623134964, -20.246599008785957, 24.229824939237666, 0.21729378437667243, 6.612756084381514, 31.243954035945986, 8.7187501002654, 25.01465300206993, 3.379522796149278, 1.8125919716293701, -13.036820278139047, 1.8007217157936923, 26.082667573380114, 7.341348974342456, 1.4976398279000154, 3.4760492079819545, 27.315518703301898, -7.563768637048626, 2.096085761647263, -4.874624958873192, 11.385500857503121, -39.883808618357804, -17.350093715391683, 4.331617289327437, 11.56655352872276, -7.357371700545094, 13.079815708401307, 0.1255612708742545, -1.7939866415481038, 9.408830958125835, -3.7244837014801746, -40.94161967554612, -0.7528832112286248, 9.858810974308888, -1.5958981675787327, -10.053802226786882, 19.266536725464793, -66.51501758911868, 28.284117584334446, -43.81654130223626, -7.789465037808061, 8.55944185325912, 25.233936731416637, -6.020524431743635, 16.32395515563687, -5.627150828048984, 5.624609256103497, 2.764808421055302, 11.978645436434919, 3.167636455137074, 9.748842323837081, -12.068155699679245, 2.9718918680614235, 14.7583818004144, -64.27630028276867, 2.9094641757242203, 30.063455986999887, -7.540974183876039, -11.671633790085382, 3.744239878695754, 10.361985025800704, -4.7317530928204, -5.494503465060781, -15.825586158362807, -13.801085604368721, 24.366945711859046, -17.974696137574043, -5.082529360461883, 9.17341672348273, 7.62336734642206, 19.845254553393517, 1.18988968050589, -14.636281747498005, 19.902750887742094, 16.92012821251331, 13.40789502935341, 4.575492215158866, 21.048473794661415, 25.66447790856528, 5.814499706973198, -42.79762886786304, -21.576613421033944, 13.206988542297111, -1.047775039710959, -0.22073747504726446, -8.807099655871932, -5.488593989130368, -0.9829746466281981, 8.205501364283545, 4.169148124727037, 1.6840727367554646, -4.635508889996486, 13.88054082095966, 27.159240150079068, 10.477407714858687, -12.072142270560978, 33.86695783412724, -16.800650839608906, -11.837854169949047, 4.256043464971599, 11.998560172298042, -23.69898803343379, -3.6759318378954347, 7.385038821717829, -17.16686609796228, -1.0085077560415947, 1.019385993188062, -10.007802829094732, 4.105064770702073, 4.28085909390491, 13.59351116485747, 5.404320601123196, -8.928640524458585, -18.53284504805815, 5.637580213224715, 1.7158032841820758, 31.304336923706632, -15.034955607838784, -13.011119528754223, -6.555706004938276, -5.305927407858005, -32.69042474662339, 2.4755057354235945, -4.519634421738472, -6.489385918765992, 18.40108762051061, -11.787665349485358, -39.44750708916276, 4.930652915213474, 14.718721402399076, 19.914040590700505, -46.05100184983791, -0.26431410466364347, 8.480336736599739, 1.1675593172263232, 1.8256221461725728, -0.4280053554333197, 7.000270753312802, -0.6868643765562797, -3.980996104679638, -16.748763975804632, 6.275704258920419, 26.76703173859689, 0.3472297484317464, 1.8125919716293701, -22.737886731393953, -50.67240230110109, 21.189830215565504, 18.338087913744317, -17.395239337226588, -2.5034892396678177, 29.560184401351133, -3.958922604561891, 1.9302636373351028, -22.205622673631222, -0.28982596643568587, -9.57008024095006, 8.554948372196876, -16.731103424872465, 23.569440843678947, 4.344883211403245, -2.7695944192894637, 2.8428076639211817, -7.777939959555507, 19.168886262163582, -6.371351161116538, -29.636127217369204, 3.0674252921005496, 4.0262070086301875, -5.160013513001761, 30.839252681651946, -1.0280586266282774, -7.04253696819273, 23.04786670396948, -14.60738480008668, -32.105444520958834, 8.133013275606926, 2.1329175133426634, -0.9895814771484949, 10.667812175601043, -4.589814504937874, -50.66462701762426, -3.7112318157589725, -6.477458321940661, -5.339788708037205, 12.732056289705113, -5.071384313321753, -3.301379241566034, -0.9148804276544228, 15.219413293339821, -11.394406509692054, 24.773503135725317, 11.822561805038966, -6.1414660339641, 4.1059566055932155, 3.2809601393829912, -0.5778369278862192, 25.45538669656559, -3.4456081931842317, -2.285716426638599, -43.88379274513948, -17.402643995787574, -1.0221356039928198, -0.2042509635249495, 7.2454787479007665, -1.2541740818154958, 14.946409335742123, -16.52098550007545, -4.268657816151064, -7.098180170116788, -0.07548562622918961, -3.95660092347084, -19.8764688302202, 9.208652197327801, -5.32551967432195, -26.051690566563998, -2.1028458346841252, -2.4516906010169004, 6.689772257669124, -3.0332583244594695, -9.453361332549665, 0.6069598705329317, -2.8289507510362717, 38.1982792727251, 3.39581089578001, -29.557873333490083, 12.533596256057912, -8.641967239019419, 4.477704539702641, 9.84221854047935, -5.254450498931318, -1.9555077023600578, -4.890622558455504, -8.980326808724037, 0.2411068879503326, -2.0926715400439537, 3.9943225502216326, -12.488189705368727, -11.98742663506103, -3.9275978330969266, -3.5754076469107323, -3.8636647906706383, -7.43246046268251, -2.3113651226416403, -9.215169139068912, -1.819171924294291, 16.117034418921268, 2.930539127113355, -5.079028634143294, -6.791755703992454, -4.097906177609965, -1.8661028989938462, 4.925370141034112, 11.373547763979794, -31.045643940833475, -13.26809598907712, 7.817689099075946, -11.661665280018585, 7.691329038639544, 8.989054128092526, -8.57804081992854, 0.08342733052504067, -1.9656988823551986, -0.9560144244485462, 13.452294732753703, -9.404776884137117, -2.6761143836559214, -8.260925791906203, -3.331589946316166, 1.5526213444764363, 17.446789418504753, 2.705125441304359, 11.326298182260476, 3.1957119231611624, -1.01762289096346, -5.08971482260053, 4.944840514111426, 15.450699613815615, 19.783878629994867, 7.283544495205238, -20.91611217257557, 18.690429267365523, 4.899103706709133, 2.510456899975113, 0.0421593948625797, 7.31743632003349, -6.450949024678596, -4.463422958413067, 13.181446314641168, 33.1709961522471, -21.35569657781143, 29.79217264620659, 5.899972299242218, -20.790363306246338, -26.826847772460955, 6.812308435408582, 4.680104799893315, 1.8364281963114366, -0.2835286031581696, 7.516311485062332, -1.0626109918234856, 15.392184318734941, 8.074720009390498, 6.47246688148682, 2.162289810391389, -2.4238472227119634, 1.7551348172984171, -3.3292729931409286, -17.139927900209024, -4.3054499541220705, -5.259745338097688, 4.935190329547493, -3.40292787563213, -16.175966588508494, 9.067281952852827, -3.5480119877078824, 9.011711053495423, -11.265006481096885, 30.665063492899037, -29.275908929453706, 15.095285931601303, -1.907098984934094, -21.470772790265688, 5.983242602976875, -1.1799476072424624, -6.30722016967578, 18.371131661457277, -5.965052517391265, -1.833261450116656, 4.216293064025583, 3.8148779618234068, 1.3741303233025248, 39.716338839515096, 26.570503671258148, 9.0521452586431, 7.740140779710195, -25.593868111534963, -8.457005641728394, -18.67834493289792, -12.083789027879101, 20.644992685501006, -8.488426817796984, 9.348683357054194, -11.589346377386994, 12.166397944559492, 20.624761648336666, 1.1199704766166165, -15.651237399864977, -0.1019297748716059, -0.018096913987048144, 0.9991277727236454, 12.901608155771553, 6.677790374772917, 20.67769841992129, 2.219427767693577, -15.695332182310626, -0.853304164861875, 3.2837701992744384, 12.18203452612704, 0.5078041559721841, 4.916281899213369, 1.2456211949220333, 3.910882504670515, 30.311935021558877, -2.7033751655048914, -1.6478759672698893, -13.832182157460814, 0.2735557201517654, -19.71427291497343, -1.4905579326351055, -6.112753440085361, -0.10034764346434796, 40.64375481424996, 2.260561565431829, 7.96849330267471, -0.9239485721675772, -15.312813958735086, 2.5100656520063627, -3.3327764113507614, -9.913641714556134, 2.028149669449951, 3.2423786113529673, 20.835077490458715, 0.06578189366216267, -2.6654137409722294, 5.304595129532238, -2.4311552263906067, -6.145665763460018, 3.3003192657189917, -9.654939153885145, 8.212220926724566, -0.07582615130863102, -8.359984437857552, 5.997827541423065, 20.489149565005896, 8.132816357197907, -16.44019637426786, -13.591679154742156, 5.43255380527407, -5.8479531460996625, 1.2618481918437272, 3.2650711184760968, -2.125736541587621, 10.23123033903929, -2.1713017843573126, 20.65373127553558, -6.203945388767656, -12.790950955062955, 0.6419979299052058, -4.616312255805766, -31.30872332668907, -23.392799739873727, 5.241074184165003, 8.899272169416012, -7.8394908835976524, -7.839604820586338, -6.108186641053979, 9.77638811626797, -3.2227020640997153, 2.7309815193956104, 6.398618683293877, 21.566133543702552, 7.57793728890151, 0.9545056509780594, -1.7186302388502035, -6.547753355745738, 6.673752738131479, 1.4749063078400022, 23.323503167512996, -12.394574648821063, 26.69294415761453, 3.965034509744239, 0.4326638080926762, 4.624376684363801, -12.502385489562164, 6.854476089129402, -8.227048028665159, 13.700893414252047, -1.597339756411604, -0.6773623777020324, 12.080661551433753, 10.178333967575862, 7.862679015494366, 2.020950963919613, -4.686353441051192, -0.5970883467699605, -17.933482181847673, 1.2235588995951185, -9.333914142425824, 1.820406509174816, -9.147013694636744, 8.12197924012264, -0.7962757040855946, 5.92187163449786, -0.9260644594662393, 1.4312836956519785, 8.675726821499673, 2.1341766810319562, 12.774201121693979, 16.435869306783367, 25.18635301303139, -0.9662017051854016, -2.243742517762103, -43.69901193367893, 0.7034034773435454, 0.17004327851224202, 3.2768193017721026, -6.285993621373879, 16.08522429000611, -9.33496476925783, 0.9572517832434526, 1.7357519327148028, -44.107082375562726, -6.534485566288282, -29.710465720659627, -64.31714139945295, -2.0998180226560055, -5.823368134376668, 4.710957897550633, 11.397157521955354, -12.21129501462821, 1.6185568753721074, -8.66685412915205, -3.522588537225178, -6.1948148498289735, -0.3886345749363947, -22.82376525310378, -22.940949460668016, 1.2908273010086029, 11.00199822845842, 23.616881268579636, -2.2248049343645366, -36.337076856504176, 1.3872698838539934, -11.681837250309945, -10.23192535020872, -3.533151050521898, -12.976853272021188, -18.81149254093774, -53.79375243221646, -4.233949190664919, -3.049499765517391, -14.053101640906386, -2.771090288340462, 24.084121624602886, 7.318611326143287, -3.1949848903005202, -5.863746935835489, -22.327764428156055, -30.96301306459884, -27.552210951525964, -0.17188078006218663, -28.99871180035389, 9.396386553696438, -0.3046931100465119, -2.6857422267225064, 3.8205408973835944, 2.675098174604797, 16.393174179368007, -43.781091288418246, 1.0036698954544168, 26.600729112574573, 29.29528937668865, 6.0395993413367455, 15.11029616563981, -3.0332583244594695, 0.46067992831978394, -4.520333017495106, 3.658840262148691, -6.5431071406904335, -5.4009009000947525, -7.861335491874176, -7.978921971444217, 9.08678610465406, 15.44366791210864, 4.163864949956563, -15.524196942086025, -15.642057575658765, -7.146718942892619, 35.7109402910435, -9.160187986954577, 26.247971995640423, 7.779798891534338, 8.181596752116665, 38.53249639656296, -1.9694503096057614, -0.6346231150655646, -44.43088159369646, 9.387077582289516, -1.5999762872039742, 7.18058669777265, -8.422832055570543, -30.651012615730558, -1.2971777443661783, 3.0487498699169016, -6.637216083454101, 5.6758201515088365, 3.6637188611692406, 4.040925530397247, -2.654185489592179, -3.1679861934685944, -0.08312407708300149, 2.683521405597156, -11.35202724976518, -4.105749589289482, 4.527090126671715, 3.372465404755408, 6.768033770665613, -9.913862934539091, 1.322051483063326, -4.003280833109683, -1.6824625382045855, -5.139968355818212, 9.412801868461845, -2.5081111949386745, 0.9787540754419599, 25.068686910329717, -19.500916894204448, -1.0770873682219622, 0.06844657401680548, 0.6504204566688386, -21.587406240521712, 0.3912639357589028, 18.37856989746423, 21.136284399048346, -5.474753575757483, -9.918671260994003, -8.394964294963405, -1.317653441261234, 1.2702626666124013, 3.150270029762889, -12.35673015785331, -3.4866058247409537, -3.0332583244594695, 3.216267641953649, -35.59914971579086, 0.47954191480142244, 0.24942734923877605, 1.9556042653123993, -13.008750299455606, -19.709704122784935, 18.30126630900651, -4.364349531503743, -6.682868853004863, 12.134852816651218, -9.2344764356776, -5.665280243424866, -10.29630327824681, -55.56684879110253, -8.320941259256694, -7.632912863420361, -12.038517849862078, -10.488914667283927, 6.189314888937664, 5.799388606731281, -0.5799939360459508, -0.4573823614573527, -15.929841114566829, 2.480249375647994, 15.555489511586112, 3.378482425659429, -2.6542705816876864, -0.497257393254262, -3.911530581338067, -1.5071518552757173, 7.79815374289125, -11.586718892452211, 15.413424738978895, -4.676158849087817, 34.50915016017669, -4.932433899750464, 3.298313231618863, 4.060616187548208, -19.63696368975636, -5.182578525827605, 0.26070598924674154, -9.367311746249962, 9.066218983967236, 12.39188651692061, 11.277198011805318, -8.929346851664665, 2.3907850547525387, -0.32010991216765516, 26.774772361293028, 3.5935287622696066, -51.90026794373042, -6.918511288050827, -11.059379115504532, 33.427245464787276, 3.654395645345555, 12.640706774272386, -2.0197910238512686, -2.143224908541231, -9.506731398211443, 20.85952022927758, 3.625752239524627, 15.459679763721551, -7.0306529473569075, -28.401621565990162, 28.148215126646896, 2.5567757681051138, 8.268635874715322, -6.459834585357109, 2.7464793245368018, -4.617905108788231, -10.534111326715037, -3.4723241929184803, 8.45126074030517, 5.52470538251138, -21.12685825387599, 16.435891682131878, 4.885228307609997, -25.66619690029792, 7.678699297916101, -17.17924175570328, -1.7254222016915959, -2.23107372576319, 4.429784510672611, 31.34849493390463, 6.379589249806566, -10.139900009123016, 8.659252621849348, -5.646004212682358, 7.411714431718922, 0.599238477890797, -4.413588322976626, -4.765121813416248, 16.58501748957086, 5.094741049190912, -1.2000820343907868, -34.46782584468121, -6.32495725834049, 4.105499126681834, 7.880038431337493, -1.9484623663018563, -7.339726340042878, -1.4082389139400437, -12.101864307273221, 1.7119607456254509, 8.438386275063873, -4.940556805207838, 0.11363884668291113, -1.6080520782796124, 2.5725938401194255, 20.871713525665207, -13.97795518617673, -6.81379293894836, 3.94654972614648, -51.304171504114564, 15.779427346426209, 14.817481561573228, -25.744728923930037, 7.055803822435164, 4.454104605713873, 7.977823551544508, -21.3016483204649, 4.344517094301786, -2.7702979754054966, -7.610958121305331, -2.4467629842545224, -19.33743918407561, 23.452272466511644, -3.3634820788634108, -6.261721283556403, 15.047757619643871, 12.8183595244669, -48.02258343361935, -9.155532991495408, -10.30480934097032, 13.346597727720567, -4.308650596289295, -0.0032049860587401793, 3.3095425835085783, 9.55019437881526, -4.944012898191544, -2.1752041845496954, -0.33145316905737293, -65.07119234904427, -6.670032379592774, 1.598019038127571, -41.62670036435585, -6.326888555743428, 0.04557584885171314, -4.229749637782837, 2.4012557053906236], "CatBoost": [-3.2727983337532622, -1.7812418474944132, -0.9114572010399534, -2.6707282212368653, 1.086432291080581, -2.9942884152192506, 5.756967506085773, 5.553467469416313, -8.119834688087785, -38.123745320950434, 3.6338114615576806, -12.356856710615716, 5.630338750182105, 3.887578341333268, 7.627334843402547, 16.443438022556393, 15.925125431306835, 2.4034701242835546, -34.007353466266665, -25.368389600516224, -43.61624317527587, -35.48008870437264, -1.7940560187323409, -19.482522274959685, -3.148095069302834, -0.8336333926277453, 3.9158160630563277, -3.109422930689866, -26.39687084756078, 10.189672146624314, -9.4572959408086, -4.838884760152416, 27.57442640510377, -10.636585648448706, 0.273269531042897, 10.81047617911526, -22.58980686866725, -0.1529936365408659, 3.2648732854445863, -10.978939876928974, 3.489698824312242, -5.466262844527956, -1.7352188862105744, -2.2866007823336507, 6.076956698362624, 7.039609246551413, 1.013805696636595, 17.14163478598222, -5.933266025849224, 11.37971738482537, -4.871363726750217, 17.26449854595328, -8.965483306952061, -1.6514612251473628, 12.005965217886775, -5.001356364938199, -4.168333109374444, -4.958012856227449, 2.129414263076156, 3.4914562188790583, 6.288292465093626, 7.554922685604701, 2.889157157753589, -4.297072861731653, -31.703188700003615, 0.594500276244349, 1.5797082544259857, 8.900812947369317, -19.53837475003159, -20.29735506913434, 9.414048361276775, -0.6753029135237768, 0.5294532214351153, -18.84346182587046, 1.0791971543381964, -14.938818916796134, -9.189996750690845, -3.0120702052664647, -9.51224121217152, 7.126375801227808, -4.444100736740139, 16.416578092259734, 0.8740328303982035, 5.375600267753133, 17.746284074969093, 2.294142400586063, -6.6635254543979405, 7.871874659137134, -4.564748594045158, 7.1353922611146094, 1.558260541335149, -0.10110072695393779, -6.591353552476847, 1.029697494187717, -5.559407869644542, 7.773483087008083, 5.2233151229807735, -32.30574833480124, -3.502633229215503, 4.9110032013361415, 4.670059844421979, -39.804275026071, 9.878367169560322, -8.670067062578985, -40.80236750055497, -0.9850104059375901, -2.470568744801628, 0.20453372973984485, -13.515406311626888, 8.782056411432002, 3.64605843240145, 4.064949505519532, -3.0833640437445786, -36.616733276644624, -3.9435227432371587, 6.542056793791032, -10.08963927411259, -1.7777129956338693, 19.998348499650564, -13.364712127710005, -0.2052012200705387, 0.11912568357326936, -2.731526345544992, -2.949082966802592, 3.6431030260052584, 2.0091869962423297, 1.329996117396346, 4.259047036771086, 5.104688260515083, -0.012767115629409131, 24.867261097180187, -20.105105392110307, -0.9032361276548141, 3.355848022106166, 8.243831117140997, -1.5698522187349853, -4.986636573483594, -1.632751867292856, 13.062712254382866, -57.818968846511446, -4.700223589573956, 9.60436309664651, -33.870552980884405, 1.8616666157161559, 5.235218590655342, 2.292288390973801, -0.6464239032200156, 4.307676656605651, -1.0931684174270984, 5.0342303762710445, -3.4175220025168738, -0.6007271685914488, 5.88675160877139, -19.03108177941702, -15.832834914388592, -0.05292336240648288, -1.311525194439585, 4.527195911378523, 2.601714969144571, 0.8304298977159943, 0.17189152033944088, 2.221221751927473, -8.590057892874182, -1.9764702305350963, 2.595055420467652, -0.2333225768565828, -7.735547847531784, -3.406754503330935, 8.298168150070376, 0.7832455063220862, -4.883079382530902, -1.4956910715984182, 16.457288520457226, 2.2901409015025918, -4.710790348571214, -2.6965106240261627, -5.443106543831548, -2.57316846819295, 3.6147699065551446, -19.717589896187125, 4.966536855162765, 17.483572738714926, 3.826083098006923, 7.6164626616069135, -15.606489578858264, -1.23810508682744, 0.5877353793350131, 3.7445913929601273, -8.106914891833842, -0.29516527445764096, 6.154434559627878, -34.825859511440456, 1.0316570577371376, 6.556002095363727, 28.917090556541538, 24.753702867979012, -1.140740584796586, 6.296520875830927, 0.7074699339041626, 0.12028920340221494, -28.82451840560932, -7.174396889103024, 11.562213005157592, -0.24703097748649883, 3.348590167055069, 21.879592260424896, -12.131235316541765, -0.48719099096020835, -5.700157239050209, -1.8645837755932282, -30.074072461220823, 0.8469099615072142, 1.1912276348860187, -3.03954973329525, 3.776758182894044, 0.6106228313119082, 8.49026889242114, 9.817984180025007, -28.95408863715127, 4.762824178007812, 0.4679727082241967, 4.860542354240131, -2.3784060811486913, -43.263952310865065, 4.605522480706007, 6.065199895862059, -7.563549142724336, -6.608938831642616, 24.010347473891336, -7.723266832641648, 6.724974568560308, 6.440914732060954, 8.960506778622047, 8.504936010288633, -1.5530815188199592, 3.459518867540761, -7.956563662247575, -4.3495807993482, 3.6293095007979, -3.5818127581603285, -0.9371522916308082, 34.582357870143206, 0.9140126314670514, -1.3487682621916297, 2.268996388378458, -0.6798226552807937, 1.7140225113324314, 3.6206093917518425, -4.0968432628739135, 3.8311661703756155, 3.984395705311501, -2.6616688922007223, -3.414014938206572, -3.828062527711022, 2.6883490957494334, 6.051120705719981, -17.380640093606672, -0.9065415225218515, -7.906244500779082, -7.173264777180846, -3.6974175206532665, -1.2393664681587007, 4.211225833665414, -3.7335585138507494, -2.2325464932755823, 13.38882511900672, 8.253401275249084, 20.03510897951898, -3.8585522743228537, 1.208546854381918, -6.140912312398383, 14.266155983234839, 9.490174937683747, -5.283056336621607, -2.418695026088135, 2.071365820660467, 4.139711354911533, 2.5150616995094794, -4.982678284395087, 1.214898344744832, -4.137284214087041, 7.316802168323633, -19.538056804999346, -0.9103669775051576, -6.854265871392522, 4.783407608095092, 8.93007172339738, 2.566393390553303, 7.8779540218281845, -1.1144689617986536, 7.322708177033385, 18.00162688552593, -2.168848639761956, -3.3265664724198634, -3.1576866032920448, -9.230707057274005, -8.243520458621909, -15.811678904933485, 4.024800511581777, -2.174665098424757, -13.722265980023078, 4.559934972191871, 15.655867647966616, 5.411631390095743, 0.47605162832757575, 0.6967052145428303, -27.716874315383816, 0.7059866984787209, -14.109272772518818, 5.781821618778593, -11.335138481499984, -0.6803082351056934, -8.497269627672441, -11.215674317327021, 4.142949949197143, -1.1120146995746039, -4.443393788615602, 17.4311415750063, -19.030970172445272, -2.0614001486135765, 2.1248767183510417, 15.1882734151674, 2.6729218213183223, -7.496302506609374, 34.68492831371773, 3.574505056836169, 4.495272519338643, -0.4478024664989677, -0.6818450722871714, 4.257329823096183, -38.29061250739367, -5.610825998049028, 0.6275556535360438, -0.9853422879553884, 5.443976093453232, 0.6290354602005799, -0.3656640874730211, -2.2957262189761387, -43.545713214913704, -22.950625996752116, -0.14195660241352703, -3.93533733860052, 2.8326755996509734, -10.37583915115805, -1.6407569621066127, 2.7647023667782507, 1.3818008170495752, 23.04795181254472, 11.073453615538517, 2.8882940254460236, 8.995725526265652, -1.0590950058913164, 1.5971151127736198, 1.2165256910050344, -4.66193750541148, -1.2532685552949032, 10.354407805139376, 2.2372435110965423, 1.3994342187831248, 4.008965565645445, 1.3518315261064997, 13.270922468580915, -10.657940670167283, 1.7084678153846453, -3.378508344320718, -7.545526645519195, 4.436946050190122, 0.36406485493482665, 0.7204122546216907, 0.6445092488596948, 31.306331500785383, -0.7331116080862143, -3.652564190819947, 3.2602601176026833, 1.2449052473204394, -6.8188936242592035, -6.113172066808876, 4.808349393627411, -1.25596288895542, -28.65853837672116, 4.674879846787071, 9.741016280024597, -3.6568188313601606, -5.57729343966347, 1.459579361892143, 1.6695961461925974, 1.2770463428195273, 5.965937020506252, -22.140742331647186, 7.431575841806289, 9.200008914770583, -0.2081387209188122, -1.5229803974561718, -5.544135225658524, 1.1133357150385712, 3.723847529524507, 3.682177875175067, -45.01650095534695, 9.609863787892541, 2.216154960712866, -1.7711989509787374, -1.1656623217731803, 3.9805829233276073, -1.8664919704987672, -1.3980179507905979, 13.27099223455481, -2.704342851586855, -7.446899891016623, -0.7159585383006224, 12.706382878023502, -23.730980965114913, 0.4003458363850545, 4.657465225004864, 18.618427908231077, -0.522323035631194, 2.92344643441115, 3.480037642371326, -3.1574013643477494, -24.686238230306547, 4.236858470350092, 1.8222637162634991, -3.167785530312047, -8.19939775747035, 0.6110528279215157, 15.248022728867527, 6.782122469941457, -2.9929333366487683, 7.536227166514802, 3.635110718511184, -0.6341843121337974, -20.554420147022356, 0.5142972680220843, -0.27397215042967926, 1.262258054172426, -2.9851811636205596, -12.381964120742902, 6.509201845776601, -20.045561444329902, 4.804291593323227, 20.05605907577049, -14.482208866287149, 4.331969257715912, -1.191490088511439, -1.6858035260517408, 8.074582234184234, -1.3442317831655295, -2.214174151700531, -6.226248854220058, -2.23112459292627, 5.9815375877509425, -0.342809954300232, 0.6815905146413268, 5.838924246638594, 2.8029431276908876, 18.865286560136845, 3.3868528463219887, 3.6909086359164727, -13.972157011789179, 0.16646553839744305, -51.14857908624748, -4.147788845049275, 4.692245213320167, 11.26517095212512, 0.02806588140909827, 1.887025442270779, 3.406718230040674, 4.188626680070646, 3.5502112216877038, -4.316360836291015, -9.16147977202724, -2.271517666454775, 5.24427287889037, -8.212625874789303, -0.02641225708446493, -0.3537826022713056, -0.4551907404592185, -7.886020221557091, -0.11834789378948063, 1.0098743901593612, -19.079314341020396, -15.132554768254767, -1.8427830547166917, 8.161137844284454, 10.869530193516166, -2.625268174395302, 9.392616704529425, -3.8773563119697334, -0.9100284755035786, -1.8994972053064991, -5.425786689919294, -0.5250282953920089, -1.9268187893341275, 0.49326263027782424, 3.2803169293428778, 29.339897255168534, -1.0391825879009902, -1.2455000615591358, -26.981836471148547, -1.868087243910376, 1.4747904024059375, -5.221257137694737, -1.4046328430459236, -2.479929216989335, 2.4847164378643485, 3.873714719670005, 11.999918603613748, -10.490700983693069, -34.37307838563583, -0.7732127102183057, 0.08469782147823535, -4.499545630066374, -1.728590305998976, -7.631072880287389, 3.902979897525788, 13.005564807033918, 4.575094294180688, 2.656168947767955, -11.157659654710379, -0.1444679098631262, 1.4151945435749491, -2.906504915380989, -1.5490389253319305, 9.526890222722974, -14.561935512586698, 9.03848416007116, 1.581870087606145, 4.806561295488276, 18.388666112085257, 7.470006644546526, 17.897919867958798, 1.3941969067065951, 0.6072455593833372, -1.796467459772262, 6.748635122843204, -3.3322426700110395, 0.9884178712750704, 2.1784831005321883, -2.247362155335158, 16.18003953703161, -4.604504880046901, 1.538736228273411, -6.780270011416051, 7.012733746152764, -15.315070477414892, -7.417110245104031, 3.9940548737837, 4.001413082353016, 5.033865338948796, 0.9713431972756439, 4.660975732316634, 3.3556605705240012, 7.398744944227255, -2.46951034913243, -46.454892116241595, -0.3120366557437414, 15.566815877228926, -0.9693263234611504, -2.4086989382327024, 13.705261145638556, -47.55516994122274, 10.288329554983873, -24.875579556387063, -7.390409279896115, 5.243422742965124, 17.67391404340507, -1.8951545081862542, 15.012082739819082, -0.4471903974164644, -2.3833305808253864, 3.130215177343219, 7.7253334526462965, -2.4584302320789435, 2.4262834158484523, -9.573522539923786, 3.274612601375591, 11.46429022433256, -45.83229400201519, 6.799183097550117, 6.853616211894187, -2.0387678328373315, -1.3035749974938118, 12.727655607854683, 3.545621921385706, -3.0522952266269363, -0.047376647514391634, -16.547498148511107, -10.662683552891885, 18.69514372865421, -4.268487302590385, -2.45413522900321, 5.7575140026628295, 5.765432315493103, 10.0257796831292, 0.40772998915510117, -11.438606385833664, 15.2416020551696, 8.96550386720733, 8.755165085989942, 2.947544430925653, 17.957491931319048, 14.217170846831882, -1.7655011134526817, -34.37744920211602, -8.224673702564612, 15.0172760638601, -11.492414798336357, 3.262822621896285, -3.7341541536694964, -8.728596211899443, -2.847568034964511, 7.4017241402259515, 8.447744360214832, -4.470146470341787, -2.87431700672026, 8.401779970130839, 9.28996032058096, 18.31891722860689, -7.263755426479897, 19.03049485637342, -10.871591552763308, -2.8799414508878356, 0.8522587282601461, 7.112250410619022, -2.4923451763431883, -1.300323218636536, 6.765397009855289, -27.29103941215278, 1.3748621132474872, 0.13484039985292184, -7.7244191314798565, 3.821731984888027, 2.2672996644626724, 18.248042081465393, 6.256965906135817, -10.659671575940827, -7.3012340609288975, 1.3347928610448259, 0.9178167242651862, 30.124089516128443, -9.769689593386085, -7.756383103146672, -1.575496025798162, -3.5205135168530486, -7.4379005858626, 3.2536008248324393, -3.6954576749469368, -3.8469485166548156, 4.127916729243236, -13.07675451794335, -33.11041331176616, 2.79735155759345, 8.590334204168014, 7.470595640305829, -26.386480120054397, -0.8947592970700042, 5.110708741771063, 3.1512593974392726, 6.562421257713429, 5.085249127950486, 1.9877056650627813, 7.258594503179941, 1.5245182523689342, -5.990018033438886, 2.1091016305713914, 24.25573668826074, 7.8701028349421005, 0.7541745760447536, -27.215032769473133, -27.221485539169596, 12.422264549123076, 5.150970325932265, -11.958683525317381, -4.444954507518494, 14.08587093779582, 2.9378052917688326, 1.0459014111284075, -14.586624091057306, 0.09905457901218728, -4.451754859930381, 8.149289120150115, -0.5192645238402638, 23.08139337499228, 0.7669768854897285, -3.069762559725302, 2.8393821112217448, -6.13079999495357, 7.902972818171348, -2.7289448058591126, -17.545932987856375, -5.441956123712187, 1.145679946916108, -2.44063735357741, 22.861843854892825, 0.5142745709205712, -5.856350959008824, 16.403493754798177, -12.390649351674616, -22.784146584655428, 14.44415598509799, 3.556828483316374, -1.3254197140940018, 3.863897643140901, -1.0902056130039142, -25.307526897603356, 0.14155502250530472, -9.646114230479506, -3.3181550574328207, 4.158369828054754, -3.782474762858191, -2.7801074124603247, -2.009748219296359, 10.339947966900482, -4.995282874163793, 0.3731170310064058, 13.693013133570366, 0.18435438587483233, 3.2875769298907342, 0.7077927575197183, 3.9927733727569485, 8.099887444111369, -6.65627047445212, -3.7421096814140826, -43.21120391603544, -14.394115214105378, 2.001097090385295, -0.4117884609489466, 8.105593984173549, 7.696327553178017, 7.34411422376866, -13.737727791517795, 1.1704599450350086, -0.8109953247916845, 6.798115495973888, -6.074793180076006, -5.641573918421391, 7.50097968281522, -3.323893792202427, -7.55731860678634, -3.8287017058554786, -4.325646338910292, 0.7936239785314623, -1.1115385365201678, -7.742932129015868, -0.2699787808061878, -1.6504923069444801, 25.211050335986524, 0.5214591050729303, -28.30792271231404, 4.320233789198648, -2.76588666716946, -24.10754991613217, -2.843034852384706, -4.318236549004541, -1.856794707497149, -3.8761619962034497, -0.810524954113897, -1.3259184697010742, 0.9848688461277317, 1.4278312757961817, -7.082335220119995, 14.383440127671866, -2.3711575447188, 0.8186411032227783, 0.31302763228541286, -2.961091884804853, -1.2594406377689187, -0.21717722850367754, 0.22959481501926726, 9.493584423005997, 3.561305325832219, -3.116685994188106, 2.5577810785731208, -3.1502584856786786, -1.5615556680019536, 3.069161929901697, 6.278278833468666, -37.27300654482236, -5.656818529511951, 4.951829614466694, -5.661816768060955, 8.167495694517408, 11.873410531175818, -4.437549846414853, 0.28494466935882257, -1.2763464713407497, 3.274019668237024, 17.51182369963812, -7.499498737173333, -1.7656257815417826, -2.9294943545233596, -1.800593047166194, 3.9627902823507943, 7.964678692231557, 5.520557071401651, 5.151441398983676, 8.505307391354522, -2.9597975473588525, -4.123039532193576, -0.08161707240991711, -0.18608097273132623, 11.727354023712978, 18.831295133431325, -27.526607528125844, 4.520592363390438, 4.20592830907673, 2.5555012358910107, -1.6457791495745338, 7.862050477209184, -3.061292487681299, -7.009981230448693, 8.309314781411716, 28.921331702066816, -28.758796750456238, 10.417630856392861, 3.809639374316869, -12.487269324357532, -24.668763013088636, 1.665064535627288, 5.040492200745554, 3.8300008350882813, -5.010385617854649, 1.2641496257463112, -0.5460988919818949, 15.135455474131097, 4.936834326597095, 5.901423402281917, -3.481882174350309, -6.521859822728503, -1.7137742217037037, 2.996849892285012, 7.631099266125711, -0.701339885448357, -5.988718110834303, 2.9980315170497582, -0.8136193972652355, -5.750755113667417, 7.93011578475336, -4.141486760796074, 10.872969733023211, -2.680573076434584, 18.340430331538396, -14.761673591378068, -0.16978973929569918, -6.9864346110395905, -6.74283635210409, 1.9413073937067158, 0.03092910321700748, -33.802679018071565, 14.824825095381625, -3.025093988914676, -3.343525464511465, 5.72121763006892, 2.9753843413098346, 0.08317998775796032, 28.257392934808514, 11.640511481796775, 5.9929324326257865, 0.7769994988103841, -19.56947746713075, -2.125169061578485, -17.138849112005953, -3.3580230988989928, 19.613164326226553, -6.767816517756585, -1.4310962377829175, -1.0991559482805522, -6.688301434159982, 8.579497765911675, 1.5245012209627542, -4.763213409553368, -0.34956036627537257, 0.3389466063075689, 4.284422100035218, 12.21592630532021, 7.027703791267969, 13.603966678046136, 2.9865179459315616, -1.5139908000414448, -2.160227132151488, 2.5821706490346608, 2.626323387315721, -2.1475502803246513, 1.1836711851997008, -2.1453725640054584, 2.6462412332316587, 18.792410012941023, 0.4417942157477621, -1.2852312048319803, -6.447599270049445, 0.5222018928403178, -15.485229083509221, -1.5761329213601032, -0.6239141555625884, -0.01730234133892461, 31.618857617951512, 5.990405978804786, -15.774098741816347, 0.5130053778057266, -11.743996655161478, -1.294578381244886, 0.7056721384825491, -3.211411298873728, 9.296635604363598, -3.6311090883668036, 10.574207017124257, 8.154196551623096, -4.665601907234005, 5.021188633192558, -0.25594052300892617, 3.6489252215733297, 4.323888547629925, -2.7624290358435655, 0.5771430128486923, 0.14152704217453937, -8.634951617996359, 2.8985746027705974, 14.11702010182364, 3.6565661631513136, -1.4431282179304186, -3.480949965877249, 14.314619259186959, -3.5713588910921, -7.8692520560887855, 4.6010623650128055, -1.310759708623645, 2.2648682601677126, -5.2591686816208965, 18.10321275691788, -2.964892003151245, -4.699698932648484, 5.636305397291542, 1.2864147629412481, -13.087058611593053, -11.394260054237398, 4.242605462345429, 0.6950694868422624, -2.7154233860574104, -4.808971741861471, 1.723560033101732, 3.67582552153557, -2.039233497146872, -2.9113230887015322, 6.827396588037778, 24.030395871727777, 7.226069679580818, 7.32914004205298, -4.44118726266134, 0.00017641952348368406, 6.263178217177106, 0.37347232509219097, 22.320183795095332, 2.372739466827703, 13.496280683493502, -7.437419133453534, -0.444076630886331, 2.35121692199624, -6.750948778623951, 5.1290299678484095, -0.8643686422397616, 5.863034126721728, -2.1158433260364733, 2.6787211035185337, 7.074740315484551, 7.222845800956926, -2.8235621470723826, 1.7347337379215024, -1.3349574936185316, -2.820749709634547, -12.23539549810513, 2.1404405322927644, -0.21914723595336988, 27.49684657230522, -1.5990543807711517, 6.266751661326948, 22.740179516096266, 5.4393069911916925, -5.102207482353191, -0.33027347040662486, 8.942795614301602, 2.3588677259349087, 7.083825346793357, 5.858567732880334, 10.270338603504097, -3.158572199818001, 0.10108935983352108, -31.230403397211138, 0.6908236305436148, 0.9036722852821353, 4.368334354737766, -8.393296162418736, 28.712059765868545, 2.1431171580137884, -2.7566970004205587, 3.5005164621769653, -32.392160531454664, -3.6992582116665704, -18.27040148257983, -56.97934831162679, 1.7185186410452307, -2.8611317804707186, 2.1954518645918886, 5.2088018367055415, -4.904520665404152, 4.9257752232512955, -8.300930960495888, -4.417935145865791, -2.594190016231148, 1.2830220924134597, -16.868793562540457, -21.13245131537427, 1.3470780878882964, 6.77247419558082, 17.819327569034236, -2.6902717360819417, -27.910025264698763, -2.9690273017129036, -3.3201446144143336, -1.3727245593443058, -8.274164743873854, -15.55896783442155, -15.60749124734832, -40.88760511955105, -4.975588949275645, 2.6029864380793173, 13.451281153822862, 0.13667440174750312, 16.543035156236332, 10.396359963167484, -1.4014465381432384, 10.7288652813082, -25.202448776553695, -16.377182950865325, -18.020020525660577, -5.02401500837759, -10.27772060864436, 8.665989183464358, -6.676459536165237, -4.72012927925038, -1.3631056026817407, 6.143927441269898, 13.43092222104632, -42.96712628956497, 1.3373925177221178, 28.437946076818523, 28.718811765936067, 0.06411819750055181, 4.00540760345078, -0.7869730797487953, 1.7796808955225498, -1.3777642517051167, 2.8037972211112603, -3.244997320280729, -1.2212159378961385, -3.290797741442568, -0.8287219850997485, 11.616681170290715, 6.759384782939577, 5.437561538855075, -11.410331139510268, -5.169229928785784, -11.40748129700503, 31.544205565339034, -4.679209128714667, 8.736693152254798, 13.521473099226485, 2.2541617745387166, 24.154398608078647, -3.0941095957668345, -0.2935138225833455, -26.02022964042722, 12.821583158266943, -4.602725215517481, 4.9308668902950785, -2.4301247380983697, -11.73655569368987, -3.296949404079765, 3.7382422662748276, -7.708278611554882, 4.458451327263238, 4.861056174079589, 0.3306736867453599, -3.423343657854936, -4.151384670641825, -3.9204711357549775, 0.29245439369631465, -3.0772774815673785, -12.458075546872495, 2.5369145891456832, 3.7215398148557117, 5.791590598095648, 3.2336475543789747, 5.693202068999118, 0.9468413695081259, -1.194413241469002, -8.245103688632238, -3.2756618444101355, 1.239475970281443, -0.04415589836302858, 4.38304621751222, -24.144465162899422, 0.18644042069209366, -3.773638194839821, -1.8476892127926126, -13.173038910763301, 1.3317778067883372, 1.57786153906976, 29.61066837392763, -3.658438591515518, -2.115861024749849, -6.87128531827847, 6.624939061176161, 2.830399978974517, -13.262094075236512, -10.102917664265654, -0.8996432102017912, -0.9939039268249941, 0.8947591493203231, -18.68025217217199, 2.9853620192287527, 0.3962184507969948, 1.2632703537836791, -11.523387432696621, -9.495152960539738, 4.911151643051505, -4.3715381974172285, -1.9232571449585492, 9.462959727374836, -0.3487418580643695, -3.7702440373815356, -3.331702009743464, -39.157271521552396, -6.071339109547364, -11.660382086568905, -5.889282009484136, -8.657461862171182, 4.425039468999125, -10.200801500381917, 0.8262095295928522, -3.452549713353789, -7.565153565990502, 5.8112647076272514, 3.4269166830132036, 1.6835966627361016, -2.1527464253481297, 2.684352726816013, -1.1990378557956372, -2.906504915380989, 1.533297258243706, -7.015312571295583, 13.369761600262033, -0.39509083055966165, 18.790003786711612, -2.7096162158173507, 4.550267050873972, -2.997275821931018, -8.617955191804747, -3.1041069667967274, -0.6421764917852971, -6.2024487876255225, 7.920012475987358, 11.910272837502115, 7.674815659082514, -6.769519716926292, -1.8630355389015487, -0.5943373669621391, 22.09607823589071, 2.144722228698329, -38.90729289683256, -3.3946348476289354, -7.103335944944385, 22.712289229307547, 2.162145377382374, 10.190229377234125, -1.4591180143617775, -0.010741230442027239, -3.1376380060482183, 11.131671938495858, 3.4263202319125083, 3.533485367760531, -5.344099652802385, -26.576085396821885, 23.392682685081663, 1.9685831696399068, -2.1524081928617305, -1.9831900791484098, 3.170188847858677, -4.481175954071327, -4.592966785852399, -3.5651023219859788, 6.917334716286126, -1.7676494896404917, -17.73728872965657, 7.442604055942947, 7.7615951998568065, -16.003627094515736, 1.0333644937625495, -8.357585168740783, -2.899317346274792, -0.79282212004302, 2.892808861391357, 21.070581454995565, 5.43245915669062, -1.7337509436796394, 9.332033911956684, -2.193044134025041, 6.168281876736974, -1.7285952542369494, -3.8621113474714535, -4.25772032099197, 11.317679192666823, 5.3430893580646766, 3.1377451661479254, -26.73539789161944, -3.0957118109429103, -2.8234187359986644, 10.00002613807105, 2.767431902024622, -7.2226406650239126, 1.960600254949973, -6.043568170085002, -0.10522488367354621, 18.339184308318195, -6.952553679649755, -2.1867489229174915, -8.283332294491515, 1.7438482481710098, 4.025400916150792, -8.667378662766263, -2.3001380274985928, 1.189342797094272, -26.306511540496878, 12.642366971885236, 3.163326869913134, -11.034036226656527, 7.554186847744948, 3.2559177932982255, 3.8019954124200392, -8.69121616082297, 3.013739512982061, -2.388636605590457, -11.221477408940457, -4.559271558317253, -10.480993206720445, 30.815373320586243, 0.14863373225775733, -10.424962529913198, 18.784897279765516, 3.091232911418185, -40.85543097366777, 3.3203421431203766, -7.29466665722833, 7.921877502716399, -0.4060566579235281, 5.951447557865176, -1.6086989482369716, -0.5986424031113085, -2.3603584143259537, 0.4342116608712161, -1.8380150288478998, -59.20139765229717, -4.078794751222028, 0.6420537957455634, -28.957940055556776, -7.959405078220318, -1.7331993584146594, 0.6807279659238872, -1.9763670746742972]}
lr_data    = {"hist": [0.024805566925910766, 0.0008186655751125665, 0.0008186655751125665, 0.0005730659025787965, 0.0009005321326238233, 0.0015554645927138764, 0.0010642652476463366, 0.0012279983626688497, 0.001146131805157593, 0.0019647973802701594, 0.0015554645927138764, 0.0012279983626688497, 0.017110110519852638, 0.005403192795742939, 0.0036839950880065493, 0.003520261972984036, 0.003520261972984036, 0.0029471960704052394, 0.003520261972984036, 0.004830126893164143, 0.003274662300450266, 0.004011461318051576, 0.00442079410560786, 0.003929594760540319, 0.005157593123209169, 0.0038477282030290627, 0.004011461318051576, 0.005239459680720426, 0.004911993450675399, 0.005403192795742939, 0.0045026606631191155, 0.006385591485878019, 0.007286123618501842, 0.005812525583299222, 0.007531723291035611, 0.007204257060990586, 0.009414654113794515, 0.00884158821121572, 0.009905853458862055, 0.02054850593532542, 0.020221039705280393, 0.009087187883749489, 0.008595988538681949, 0.006794924273434303, 0.008104789193614409, 0.006058125255832992, 0.007122390503479328, 0.005075726565697912, 0.00564879246827671, 0.006139991813344249, 0.005812525583299222, 0.006303724928366762, 0.00466639377814163, 0.004257060990585346, 0.004175194433074089, 0.0049938600081866555, 0.0037658616455178056, 0.0038477282030290627, 0.0038477282030290627, 0.002783462955382726, 0.002537863282848956, 0.0029471960704052394, 0.0023741301678264428, 0.0031927957429390094, 0.002619729840360213, 0.003029062627916496, 0.002292263610315186, 0.003929594760540319, 0.002128530495292673, 0.0024559967253376994, 0.002292263610315186, 0.0015554645927138764, 0.001391731477691363, 0.002292263610315186, 0.0010642652476463366, 0.0012279983626688497, 0.001146131805157593, 0.0013098649201801066, 0.001146131805157593, 0.017928776094965206], "edges": [-100.0, -97.5, -95.0, -92.5, -90.0, -87.5, -85.0, -82.5, -80.0, -77.5, -75.0, -72.5, -70.0, -67.5, -65.0, -62.5, -60.0, -57.5, -55.0, -52.5, -50.0, -47.5, -45.0, -42.5, -40.0, -37.5, -35.0, -32.5, -30.0, -27.5, -25.0, -22.5, -20.0, -17.5, -15.0, -12.5, -10.0, -7.5, -5.0, -2.5, 0.0, 2.5, 5.0, 7.5, 10.0, 12.5, 15.0, 17.5, 20.0, 22.5, 25.0, 27.5, 30.0, 32.5, 35.0, 37.5, 40.0, 42.5, 45.0, 47.5, 50.0, 52.5, 55.0, 57.5, 60.0, 62.5, 65.0, 67.5, 70.0, 72.5, 75.0, 77.5, 80.0, 82.5, 85.0, 87.5, 90.0, 92.5, 95.0, 97.5, 100.0], "mean": -4.34262771253639, "std": 50.95503959279826, "n": 4886}
dim7_data  = {"Spain": {"potentiel_marche": 100, "accord_commercial": 100.0, "facilite_affaires": 35.326768306927804, "stabilite_risque": 100.0, "logistique": 95.3125, "tendance": 55.0, "diaspora_mre": 45.0, "score_ml": 2.4935420327656916, "rank_volume": 1}, "France": {"potentiel_marche": 100, "accord_commercial": 100.0, "facilite_affaires": 46.1030840855884, "stabilite_risque": 100.0, "logistique": 85.0, "tendance": 55.0, "diaspora_mre": 45.0, "score_ml": -0.22786161037645247, "rank_volume": 2}, "Italy": {"potentiel_marche": 100, "accord_commercial": 100.0, "facilite_affaires": 40.38534139576689, "stabilite_risque": 100.0, "logistique": 86.25, "tendance": 55.0, "diaspora_mre": 45.0, "score_ml": -2.082360774742962, "rank_volume": 3}, "Germany": {"potentiel_marche": 100, "accord_commercial": 100.0, "facilite_affaires": 56.10373231825539, "stabilite_risque": 100.0, "logistique": 81.875, "tendance": 55.0, "diaspora_mre": 45.0, "score_ml": -4.018819083552913, "rank_volume": 4}, "United Kingdom": {"potentiel_marche": 100, "accord_commercial": 59.999999999999986, "facilite_affaires": 53.2463676145108, "stabilite_risque": 100.0, "logistique": 83.75, "tendance": 55.0, "diaspora_mre": 45.0, "score_ml": -4.555844971635794, "rank_volume": 5}}

MODELS_LIST = list(bd['results'].keys())
best = bd['best']
y_val  = np.array(bd['y_val'])
y_test = np.array(bd['y_test'])

print('✅ Configuration et données chargées')
print(f'   Modèles    : {MODELS_LIST}')
print(f'   Best model : {best}')
print(f'   Features   : {len(FEATURES)}')
print(f'   Val obs    : {len(y_val):,}  |  Test obs : {len(y_test):,}')
---
MD3
---
## 1. EDA — Chargement et exploration des données

### Justification des filtres appliqués

| Filtre | Avant | Après | Raison |
|---|---|---|---|
| Pays avec accords | 37,314 | 10,115 | Périmètre cohérent avec données métier |
| value_usd ≥ 100K | 10,115 | 6,788 | 47.8% des lignes = bruit pur (exports anecdotiques) |
| Lags complets (lag1/2/3) | 6,788 | 4,886 | 2015-2017 sans lag3 → médiane = bruit |
| Clip log_return [-100,100] | std=78% | std=51% | Outliers extrêmes (chocs uniques non modélisables) |

**Dataset final :** 4,886 lignes · 88 produits HS · 18 pays · 2018–2024
---
CODE4
# ── Figure 1 : Distribution de la variable cible ───────────────────────────
fig, axes = plt.subplots(1, 3, figsize=(18, 5))
fig.suptitle('Figure 1 — Distribution Log-Return · Variable Cible Réelle',
             fontsize=13, y=1.02, fontweight='bold')

# 1a — Histogramme + fit normal
ax = axes[0]
h, e = lr_data['hist'], lr_data['edges']
centers = [(e[i]+e[i+1])/2 for i in range(len(h))]
ax.bar(centers, h, width=(e[1]-e[0]), alpha=0.65, color='#378ADD', edgecolor='white')
mu, sigma = lr_data['mean'], lr_data['std']
x = np.linspace(mu-4*sigma, mu+4*sigma, 300)
ax.plot(x, stats.norm.pdf(x, mu, sigma), 'r-', lw=2.5,
        label=f'N(μ={mu:.1f}%, σ={sigma:.1f}%)')
ax.axvline(0, color='black', lw=1, linestyle='--', alpha=0.5, label='0%')
ax.axvline(mu, color='orange', lw=2, linestyle=':', label=f'Moyenne={mu:.1f}%')
ax.set_xlabel('Log-Return (%)'); ax.set_ylabel('Densité')
ax.set_title(f'Distribution (n={lr_data["n"]:,})')
ax.legend(fontsize=8)
sw, p = stats.shapiro(y_val[:500])
ax.text(0.97, 0.97, f'Shapiro-Wilk\nW={sw:.4f}\np={p:.4f}',
        transform=ax.transAxes, va='top', ha='right', fontsize=8,
        bbox=dict(boxstyle='round', facecolor='lightyellow', alpha=0.9))

# 1b — Q-Q Plot
ax = axes[1]
(osm, osr), (slope, intercept, r_val) = stats.probplot(y_val[:1000])
ax.scatter(osm, osr, alpha=0.3, s=5, color='#378ADD')
xl = np.array([osm.min(), osm.max()])
ax.plot(xl, slope*xl+intercept, 'r-', lw=2.5,
        label=f'Normale théorique (r²={r_val**2:.3f})')
ax.set_xlabel('Quantiles théoriques'); ax.set_ylabel('Quantiles observés')
ax.set_title('Q-Q Plot — Normalité'); ax.legend(fontsize=9)

# 1c — Boxplot par année
ax = axes[2]
yrs = sorted(yearly_stats.keys())
bxp_data = [dict(
    med=yearly_stats[y]['q50'], q1=yearly_stats[y]['q25'],
    q3=yearly_stats[y]['q75'], whislo=yearly_stats[y]['whislo'],
    whishi=yearly_stats[y]['whishi'], fliers=[]) for y in yrs]
bp = ax.bxp(bxp_data, patch_artist=True, showfliers=False,
            medianprops=dict(color='red', lw=2))
for patch, yr in zip(bp['boxes'], yrs):
    patch.set_facecolor('#E24B4A' if yr=='2020' else '#378ADD')
    patch.set_alpha(0.65)
ax.set_xticklabels(yrs, rotation=45)
ax.axhline(0, color='black', lw=1, linestyle='--')
ax.set_xlabel('Année'); ax.set_ylabel('Log-Return (%)')
ax.set_title('Par année · clip[-100,100]')
if '2020' in yrs:
    ax.annotate('COVID-19', xy=(yrs.index('2020')+1, -40),
                fontsize=8, color='#E24B4A', ha='center', fontweight='bold')

plt.tight_layout()
plt.savefig('fig1_distribution.png', dpi=150, bbox_inches='tight')
plt.show()
print(f'✅ Figure 1 — μ={mu:.2f}% | σ={sigma:.2f}% | n={lr_data["n"]:,}')
---
MD5
---
## 2. Feature Engineering — Explication des 18 features

Toutes les features sont construites **uniquement depuis le passé** (pas de leakage) :

| Catégorie | Features | Rôle |
|---|---|---|
| **Temporelles** | log_value, log_lag1, log_ma3, std3, growth_lag1, log_return_lag1, price_usd_kg | Mémoire de la série temporelle |
| **Dérivées** | market_share, cagr_3y | Position relative + tendance long terme |
| **Catégorielles** | hs_code_enc, partner_code_enc | Identité produit + pays |
| **Accords** | accord_score, droits | Avantage tarifaire |
| **World Bank** | wb_gdp_per_capita, wb_imports_pct_gdp, wb_available | Capacité d'import du pays |
| **Risque/Distance** | ocde_risk_score, distance_km | Friction logistique + risque pays |

**Transformations clés :**
- `log1p(value_usd)` au lieu de `value_usd` brut → réduit l'effet des valeurs extrêmes (10 Mrd USD écrase tout sinon)
- `RobustScaler` au lieu de `MinMaxScaler` → résistant aux outliers
- `TimeSeriesSplit` au lieu de `KFold` → pas de data leakage temporel
---
CODE6
# ── Figure 2 : Corrélation features vs cible ───────────────────────────────
fig, axes = plt.subplots(1, 2, figsize=(16, 6))
fig.suptitle('Figure 2 — Analyse Features · Corrélations & Valeurs Manquantes',
             fontsize=13, y=1.02, fontweight='bold')

# 2a — Corrélation avec log_return
ax = axes[0]
ct_sorted = sorted(corr_target.items(), key=lambda x: x[1])
feats_lbl = [FEAT_LABELS.get(k, k) for k, v in ct_sorted]
vals_corr  = [v for k, v in ct_sorted]
colors_c   = ['#E24B4A' if v < 0 else '#1D9E75' for v in vals_corr]
ax.barh(range(len(ct_sorted)), vals_corr, color=colors_c, alpha=0.85)
ax.set_yticks(range(len(ct_sorted)))
ax.set_yticklabels(feats_lbl, fontsize=8)
ax.axvline(0, color='black', lw=1)
ax.set_xlabel('Corrélation de Pearson r')
ax.set_title('Corrélation features vs log_return')
for i, v in enumerate(vals_corr):
    ax.text(v+(0.002 if v>=0 else -0.002), i,
            f'{v:.3f}', va='center',
            ha='left' if v>=0 else 'right', fontsize=7)
ax.text(0.97, 0.03,
        'Corrélations faibles (<0.1) = normal\npour données économiques.\nSignal dans le ranking (Spearman).',
        transform=ax.transAxes, va='bottom', ha='right', fontsize=8,
        bbox=dict(boxstyle='round', facecolor='lightyellow', alpha=0.9))

# 2b — Valeurs manquantes
ax = axes[1]
miss_items = [(FEAT_LABELS.get(k,k), v)
              for k, v in sorted(miss_pct.items(), key=lambda x:-x[1]) if v > 0]
if miss_items:
    labels_m, vals_m = zip(*miss_items)
    colors_m = ['#E24B4A' if v>30 else '#BA7517' if v>10 else '#1D9E75'
                for v in vals_m]
    ax.barh(range(len(labels_m)), vals_m, color=colors_m, alpha=0.85)
    ax.set_yticks(range(len(labels_m)))
    ax.set_yticklabels(labels_m, fontsize=8)
    ax.axvline(10, color='orange', linestyle='--', lw=1.5, label='Seuil 10%')
    ax.axvline(30, color='red', linestyle='--', lw=1.5, label='Seuil 30%')
    ax.set_xlabel('% valeurs manquantes')
    ax.set_title('Valeurs manquantes (imputées par médiane)')
    ax.legend(fontsize=9)
else:
    ax.text(0.5, 0.5, '✅ 0 valeur manquante\naprès imputation',
            ha='center', va='center', fontsize=14,
            color='#1D9E75', fontweight='bold', transform=ax.transAxes)
    ax.set_title('Valeurs manquantes')

plt.tight_layout()
plt.savefig('fig2_features.png', dpi=150, bbox_inches='tight')
plt.show()
print('✅ Figure 2 — Features analysées')
---
MD7
---
## 3. Split temporel & baseline Ridge

**Principe du TimeSeriesSplit :**
```
Fold 1 : Train [2018]          → Val [2019]
Fold 2 : Train [2018-2019]     → Val [2020]
Fold 3 : Train [2018-2020]     → Val [2021]
Fold 4 : Train [2018-2021]     → Val [2022]
  ↓
Évaluation finale :
  Train : 2018-2021 (2,443 obs)
  Val   : 2022-2023 (1,267 obs)
  Test  : 2024     (1,176 obs)
```
→ **Le modèle ne voit jamais le futur** pendant l'entraînement.
---
MD8
---
## 4. Benchmark des 4 modèles

### Note sur les métriques

> **R² négatif ≠ modèle inutile** pour notre cas d'usage.
> Le R² mesure la capacité à prédire la valeur absolue du log-return.
> Prédire avec précision la croissance économique est intrinsèquement difficile
> (comparable à prédire des rendements financiers).
>
> **La métrique pertinente pour la PME est le Spearman ranking :** est-ce que
> le modèle classe correctement les marchés du meilleur au moins bon ?
> Un Spearman > 0.15 avec seulement 18 pays est un signal positif.
---
CODE9
# ── Figure 3 : Benchmark comparatif ────────────────────────────────────────
fig, axes = plt.subplots(1, 3, figsize=(18, 6))
fig.suptitle('Figure 3 — Benchmark Comparatif · RMSE · R² · Spearman Ranking',
             fontsize=13, y=1.02, fontweight='bold')

names     = MODELS_LIST
val_rmse  = [bd['results'][m]['val_rmse']  for m in names]
val_r2    = [bd['results'][m]['val_r2']    for m in names]
val_sp    = [bd['results'][m]['val_spearman'] for m in names]
colors_m  = [COLORS[m] for m in names]
ci_half   = (bd['ci_rmse'][1] - bd['ci_rmse'][0]) / 2
ci_half_sp= (bd['ci_sp'][1]   - bd['ci_sp'][0])   / 2

# Val RMSE
ax = axes[0]
bars = ax.bar(names, val_rmse, color=colors_m, alpha=0.85, edgecolor='white', lw=1.5)
ax.errorbar(names, val_rmse, yerr=[ci_half]*len(names), fmt='none',
            color='black', capsize=5, capthick=2, elinewidth=2, label='IC 95% Bootstrap')
for bar, val in zip(bars, val_rmse):
    ax.text(bar.get_x()+bar.get_width()/2,
            bar.get_height()+ci_half+0.3,
            f'{val:.2f}', ha='center', fontsize=9, fontweight='bold')
bi = names.index(best)
ax.annotate(f'★ {best}', xy=(bi, val_rmse[bi]),
            xytext=(bi, val_rmse[bi]+ci_half+4),
            ha='center', fontsize=9, color='#BA7517', fontweight='bold',
            arrowprops=dict(arrowstyle='->', color='#BA7517'))
ax.set_title('Val RMSE ± IC 95% Bootstrap (↓ mieux)')
ax.set_ylabel('RMSE (log-return %)')
ax.legend(fontsize=9)

# Val R²
ax = axes[1]
colors_r2 = ['#1D9E75' if v>=0 else '#E24B4A' for v in val_r2]
bars = ax.bar(names, val_r2, color=colors_r2, alpha=0.85, edgecolor='white', lw=1.5)
ax.axhline(0, color='black', lw=1.5, linestyle='--', alpha=0.5, label='R²=0 (nul)')
for bar, val in zip(bars, val_r2):
    ax.text(bar.get_x()+bar.get_width()/2,
            val + (0.001 if val>=0 else -0.004),
            f'{val:.4f}', ha='center', fontsize=9, fontweight='bold')
ax.set_title('R² Validation
(négatif = difficile à prédire en absolu, normal)')
ax.set_ylabel('R² Score')
ax.legend(fontsize=9)

# Spearman Ranking
ax = axes[2]
colors_sp = ['#1D9E75' if v>0.15 else '#BA7517' if v>0.08 else '#E24B4A'
             for v in val_sp]
bars = ax.bar(names, val_sp, color=colors_sp, alpha=0.85, edgecolor='white', lw=1.5)
ax.errorbar(names, val_sp, yerr=[ci_half_sp]*len(names), fmt='none',
            color='black', capsize=5, capthick=2, elinewidth=2, label='IC 95% Bootstrap')
ax.axhline(0, color='black', lw=1, linestyle='--')
ax.axhline(0.15, color='green', lw=1.5, linestyle=':', label='Seuil 0.15')
for bar, val in zip(bars, val_sp):
    ax.text(bar.get_x()+bar.get_width()/2,
            val+ci_half_sp+0.003,
            f'{val:.4f}', ha='center', fontsize=9, fontweight='bold')
ax.set_title('Spearman Ranking (↑ mieux)
= signal classement marchés')
ax.set_ylabel('Spearman ρ')
ax.legend(fontsize=9)

plt.tight_layout()
plt.savefig('fig3_benchmark.png', dpi=150, bbox_inches='tight')
plt.show()
print('✅ Figure 3 — Benchmark comparatif')
---
MD10
## 5. Tableau publication — Format IEEE/Elsevier
---
CODE11
# ── Figure 4 : Tableau scientifique ────────────────────────────────────────
fig, ax = plt.subplots(figsize=(18, 5))
fig.suptitle('Figure 4 — Tableau Comparatif · Format Publication IEEE/Elsevier',
             fontsize=13, fontweight='bold')
ax.axis('off')

headers = ['Modèle','CV RMSE\n(TSS 4-fold ± std)','Val RMSE',
           'IC 95% Bootstrap\n(RMSE)','Val R²','Val Spearman ρ',
           'Test RMSE','Test R²','Rang']
table_data = []
for rank, (name, res) in enumerate(
    sorted(bd['results'].items(), key=lambda x: x[1]['val_rmse']), 1
):
    ci = f"[{bd['ci_rmse'][0]:.2f}, {bd['ci_rmse'][1]:.2f}]"
    star = ' ★' if name == best else ''
    table_data.append([
        name+star,
        f"{res['cv_rmse']:.2f} ± {res['cv_std']:.2f}",
        f"{res['val_rmse']:.3f}",
        ci,
        f"{res['val_r2']:.4f}",
        f"{res['val_spearman']:.4f}",
        f"{res['test_rmse']:.3f}",
        f"{res['test_r2']:.4f}",
        f"#{rank}",
    ])

tbl = ax.table(cellText=table_data, colLabels=headers,
               cellLoc='center', loc='center', bbox=[0,0,1,1])
tbl.auto_set_font_size(False); tbl.set_fontsize(9)

for (row, col), cell in tbl.get_celld().items():
    if row == 0:
        cell.set_facecolor('#2C3E50')
        cell.set_text_props(color='white', fontweight='bold')
        cell.set_height(0.22)
    elif table_data[row-1][0].endswith(' ★'):
        cell.set_facecolor('#E8F5E9')
        cell.set_text_props(fontweight='bold', color='#1B5E20')
    elif row % 2 == 0: cell.set_facecolor('#F5F5F5')
    else:              cell.set_facecolor('white')
    cell.set_edgecolor('#BDBDBD'); cell.set_linewidth(0.5)

note = (f"★ Best model sur Val RMSE  |  Bootstrap n=1,000  |  TSS = TimeSeriesSplit  |  "
        f"Val: {len(y_val):,} obs  |  Test: {len(y_test):,} obs  |  18 pays · 88 produits AG2 · 2018-2024  |  "
        f"Target : log_return = log(V_{{N+1}}/V_N)×100, clip[-100,100]")
fig.text(0.5, -0.04, note, ha='center', fontsize=8, color='gray', style='italic')

plt.savefig('fig4_tableau.png', dpi=150, bbox_inches='tight')
plt.show()
print('✅ Figure 4 — Tableau publication')
---
MD12
---
## 6. Analyse des Résidus

**Vérification des hypothèses statistiques du modèle Ridge (best model) :**
---
CODE13
# ── Figure 5 : Résidus ─────────────────────────────────────────────────────
yp_best = np.array(pred_s[best])

fig, axes = plt.subplots(2, 2, figsize=(14, 11))
fig.suptitle(f'Figure 5 — Analyse des Résidus · Modèle : {best}',
             fontsize=13, y=1.02, fontweight='bold')

# 5a — Résidus vs prédits
ax = axes[0, 0]
ax.scatter(yp_best, resid_s, alpha=0.15, s=5, color='#378ADD')
ax.axhline(0, color='red', lw=2, linestyle='--')
z = np.polyfit(yp_best, resid_s, 1)
xr = np.linspace(yp_best.min(), yp_best.max(), 100)
ax.plot(xr, np.poly1d(z)(xr), color='orange', lw=2,
        label=f'Tendance (slope={z[0]:.4f})')
ax.set_xlabel('Valeurs prédites (%)'); ax.set_ylabel('Résidus (%)')
ax.set_title('Résidus vs Valeurs prédites'); ax.legend(fontsize=9)
ax.text(0.03, 0.97,
        f'RMSE={np.sqrt(np.mean(resid_s**2)):.3f}\nMean={resid_s.mean():.4f}',
        transform=ax.transAxes, va='top', fontsize=9,
        bbox=dict(boxstyle='round', facecolor='lightyellow', alpha=0.9))

# 5b — Distribution résidus
ax = axes[0, 1]
mu_r, sig_r = resid_s.mean(), resid_s.std()
ax.hist(resid_s, bins=50, density=True, alpha=0.7, color='#1D9E75', edgecolor='white')
xr2 = np.linspace(mu_r-4*sig_r, mu_r+4*sig_r, 300)
ax.plot(xr2, stats.norm.pdf(xr2, mu_r, sig_r), 'r-', lw=2.5,
        label=f'N(μ={mu_r:.2f}, σ={sig_r:.2f})')
ax.axvline(0, color='black', lw=1.5, linestyle='--')
ax.set_xlabel('Résidus (%)'); ax.set_ylabel('Densité')
ax.set_title('Distribution des résidus'); ax.legend(fontsize=9)
ks_s, ks_p = stats.kstest(resid_s, 'norm', args=(mu_r, sig_r))
ax.text(0.03, 0.97, f'K-S test:\nstat={ks_s:.4f}\np={ks_p:.4f}',
        transform=ax.transAxes, va='top', fontsize=9,
        bbox=dict(boxstyle='round', facecolor='lightyellow', alpha=0.9))

# 5c — Q-Q Plot
ax = axes[1, 0]
(osm, osr), (slope2, intercept2, r2) = stats.probplot(resid_s)
ax.scatter(osm, osr, alpha=0.3, s=5, color='#534AB7')
xl = np.array([osm.min(), osm.max()])
ax.plot(xl, slope2*xl+intercept2, 'r-', lw=2.5,
        label=f'Normale théorique (r²={r2**2:.4f})')
ax.set_xlabel('Quantiles théoriques'); ax.set_ylabel('Quantiles résidus')
ax.set_title('Q-Q Plot des résidus'); ax.legend(fontsize=9)

# 5d — Index
ax = axes[1, 1]
n = len(resid_s)
ax.plot(range(n), resid_s, alpha=0.25, lw=0.5, color='#378ADD')
ax.axhline(0, color='red', lw=2, linestyle='--')
ax.axhline( 2*sig_r, color='orange', lw=1, linestyle=':', label='±2σ (95%)')
ax.axhline(-2*sig_r, color='orange', lw=1, linestyle=':')
out_n = int(np.sum(np.abs(resid_s) > 2*sig_r))
ax.set_xlabel('Index'); ax.set_ylabel('Résidus (%)')
ax.set_title(f'Résidus vs Index · {out_n} outliers ({out_n/n*100:.1f}% hors ±2σ)')
ax.legend(fontsize=9)

plt.tight_layout()
plt.savefig('fig5_residuals.png', dpi=150, bbox_inches='tight')
plt.show()
print(f'✅ Figure 5 — Résidus analysés')
---
MD14
## 7. Learning Curves — Overfitting/Underfitting
---
CODE15
# ── Figure 6 : Learning Curves ─────────────────────────────────────────────
fig, axes = plt.subplots(1, 2, figsize=(16, 6))
fig.suptitle('Figure 6 — Learning Curves · Détection Overfitting / Underfitting',
             fontsize=13, y=1.02, fontweight='bold')

lc_sizes = np.array(bd['lc_sizes'])
lc_tr    = np.array(bd['lc_train'])
lc_v     = np.array(bd['lc_val'])
tr_m, tr_s = lc_tr.mean(1), lc_tr.std(1)
v_m,  v_s  = lc_v.mean(1),  lc_v.std(1)
gap = abs(tr_m[-1] - v_m[-1])

ax = axes[0]
ax.plot(lc_sizes, tr_m, 'o-', color='#1D9E75', lw=2.5, ms=7, label='Train RMSE')
ax.fill_between(lc_sizes, tr_m-tr_s, tr_m+tr_s, alpha=0.2, color='#1D9E75')
ax.plot(lc_sizes, v_m, 's-', color='#E24B4A', lw=2.5, ms=7, label='Validation RMSE')
ax.fill_between(lc_sizes, v_m-v_s, v_m+v_s, alpha=0.2, color='#E24B4A')
ax.set_xlabel("Taille set d'entraînement"); ax.set_ylabel('RMSE (%)')
ax.set_title('Learning Curve — RMSE (LightGBM)'); ax.legend(fontsize=10)
diag = 'Convergence OK' if gap < 5 else 'Possible overfitting' if tr_m[-1] < v_m[-1]-5 else 'Underfitting'
c_d  = '#1D9E75' if gap < 5 else '#E24B4A'
ax.text(0.05, 0.07, f'Gap train/val : {gap:.2f}\n→ {diag}',
        transform=ax.transAxes, fontsize=10, color=c_d, fontweight='bold',
        bbox=dict(boxstyle='round', facecolor='white', edgecolor=c_d, alpha=0.85))

ax = axes[1]
ax.plot(lc_sizes, tr_m, 'o-', color='#1D9E75', lw=2, ms=6, label='Train')
ax.plot(lc_sizes, v_m, 's-', color='#E24B4A', lw=2, ms=6, label='Validation')
ax.fill_between(lc_sizes, v_m-v_s, v_m+v_s, alpha=0.15, color='#E24B4A')
ax2 = ax.twinx()
grad = np.gradient(v_m, lc_sizes)
ax2.plot(lc_sizes, grad, '--', color='#534AB7', alpha=0.6, lw=1.5, label='Δ RMSE/Δ n')
ax2.set_ylabel('Gradient', color='#534AB7', fontsize=9)
ax2.tick_params(axis='y', labelcolor='#534AB7')
ax.set_xlabel("Taille set d'entraînement"); ax.set_ylabel('RMSE (%)')
ax.set_title('Convergence et gradient')
l1, lb1 = ax.get_legend_handles_labels()
l2, lb2 = ax2.get_legend_handles_labels()
ax.legend(l1+l2, lb1+lb2, fontsize=9)

plt.tight_layout()
plt.savefig('fig6_learning_curves.png', dpi=150, bbox_inches='tight')
plt.show()
print(f'✅ Figure 6 — Gap train/val = {gap:.3f}')
---
MD16
## 8. Backtesting Temporel — Stabilité par Année
---
CODE17
# ── Figure 7 : Backtesting ─────────────────────────────────────────────────
fig, axes = plt.subplots(1, 3, figsize=(18, 6))
fig.suptitle('Figure 7 — Backtesting Temporel · RMSE · R² · Spearman par Année',
             fontsize=13, y=1.02, fontweight='bold')

yrs2   = sorted([int(k) for k in bd['yearly'].keys()])
rmse_y = [bd['yearly'][str(y)]['rmse']     for y in yrs2]
r2_y   = [bd['yearly'][str(y)]['r2']       for y in yrs2]
sp_y   = [bd['yearly'][str(y)]['spearman'] for y in yrs2]
n_y    = [bd['yearly'][str(y)]['n']        for y in yrs2]

# RMSE
ax = axes[0]
bc = ['#E24B4A' if y == 2020 else '#378ADD' for y in yrs2]
bars = ax.bar([str(y) for y in yrs2], rmse_y, color=bc, alpha=0.85,
              edgecolor='white', lw=1.5)
ax.axhline(np.mean(rmse_y), color='black', lw=2, linestyle='--',
           label=f'Moy.={np.mean(rmse_y):.1f}')
for bar, v in zip(bars, rmse_y):
    ax.text(bar.get_x()+bar.get_width()/2, bar.get_height()+0.3,
            f'{v:.1f}', ha='center', fontsize=8)
ax.set_xlabel('Année'); ax.set_ylabel('RMSE (%)')
ax.set_title(f'RMSE par année — {best}'); ax.legend(fontsize=9)

# R²
ax = axes[1]
r2_colors = ['#1D9E75' if v>=0 else '#E24B4A' for v in r2_y]
bars = ax.bar([str(y) for y in yrs2], r2_y, color=r2_colors, alpha=0.85,
              edgecolor='white', lw=1.5)
ax.axhline(0, color='black', lw=2, linestyle='--', label='R²=0')
ax.axhline(np.mean(r2_y), color='purple', lw=1.5, linestyle=':',
           label=f'Moy.={np.mean(r2_y):.3f}')
for bar, v in zip(bars, r2_y):
    ax.text(bar.get_x()+bar.get_width()/2,
            v+(0.001 if v>=0 else -0.004),
            f'{v:.3f}', ha='center', fontsize=8)
ax.set_xlabel('Année'); ax.set_ylabel('R²')
ax.set_title('R² par année'); ax.legend(fontsize=9)

# Spearman
ax = axes[2]
sp_colors = ['#1D9E75' if v>0.15 else '#BA7517' if v>0.05 else '#E24B4A'
             for v in sp_y]
bars = ax.bar([str(y) for y in yrs2], sp_y, color=sp_colors, alpha=0.85,
              edgecolor='white', lw=1.5)
ax.axhline(0, color='black', lw=1, linestyle='--')
ax.axhline(0.15, color='green', lw=1.5, linestyle=':', label='Seuil 0.15')
for bar, v in zip(bars, sp_y):
    ax.text(bar.get_x()+bar.get_width()/2,
            v+(0.003 if v>=0 else -0.005),
            f'{v:.3f}', ha='center', fontsize=8)
ax.set_xlabel('Année'); ax.set_ylabel('Spearman ρ')
ax.set_title('Spearman ranking par année'); ax.legend(fontsize=9)

plt.tight_layout()
plt.savefig('fig7_backtesting.png', dpi=150, bbox_inches='tight')
plt.show()
print(f'✅ Figure 7 — Backtesting {len(yrs2)} années')
---
MD18
## 9. SHAP — Explainability LightGBM
---
CODE19
# ── Figure 8 : SHAP ────────────────────────────────────────────────────────
shap_imp  = np.array(bd['shap_imp'])
shap_vals = np.array(bd['shap_vals'])
X_shap    = np.array(bd['X_shap'])

idx_s    = np.argsort(shap_imp)[::-1]
top_n    = min(12, len(FEATURES))
top_idx  = idx_s[:top_n]
top_lbl  = [FEAT_LABELS.get(FEATURES[i], FEATURES[i]) for i in top_idx]

fig = plt.figure(figsize=(18, 10))
fig.suptitle('Figure 8 — Analyse SHAP · Explainability LightGBM · MaroTrade v3',
             fontsize=13, y=1.01, fontweight='bold')
gs = gridspec.GridSpec(2, 3, figure=fig, hspace=0.45, wspace=0.38)

# 8a — Bar SHAP importance
ax1 = fig.add_subplot(gs[0, 0])
cmap_c = plt.cm.RdYlGn(np.linspace(0.2, 0.8, top_n))[::-1]
bars = ax1.barh(range(top_n), shap_imp[top_idx][::-1],
                color=cmap_c[::-1], alpha=0.85)
ax1.set_yticks(range(top_n))
ax1.set_yticklabels(top_lbl[::-1], fontsize=9)
ax1.set_xlabel('Importance SHAP moyenne |φ|')
ax1.set_title('Top features (SHAP value)')
for bar, val in zip(bars, shap_imp[top_idx][::-1]):
    ax1.text(bar.get_width()+0.05, bar.get_y()+bar.get_height()/2,
             f'{val:.2f}', va='center', fontsize=8)

# 8b — Beeswarm
ax2 = fig.add_subplot(gs[0, 1])
top5 = idx_s[:5]
for yi, fi in enumerate(top5):
    sv = shap_vals[:, fi]
    xv = X_shap[:, fi]
    sc = ax2.scatter(sv, [yi + np.random.uniform(-0.2, 0.2) for _ in sv],
                     c=xv, cmap='RdBu_r', alpha=0.6, s=25, vmin=0, vmax=1)
ax2.set_yticks(range(5))
ax2.set_yticklabels([FEAT_LABELS.get(FEATURES[i], FEATURES[i]) for i in top5],
                    fontsize=9)
ax2.axvline(0, color='black', lw=1, linestyle='--')
ax2.set_xlabel('Valeur SHAP')
ax2.set_title("Beeswarm — direction d'impact")
plt.colorbar(sc, ax=ax2, label='Valeur feature (norm.)', shrink=0.7)

# 8c — Waterfall 1 exemple
ax3 = fig.add_subplot(gs[0, 2])
wf = shap_vals[0]
base_v = float(np.mean(y_val))
wf_idx = np.argsort(np.abs(wf))[::-1][:8]
wf_s   = wf[wf_idx]
wf_f   = [FEAT_LABELS.get(FEATURES[i], FEATURES[i]) for i in wf_idx]
cumsum = [base_v]
for s in wf_s: cumsum.append(cumsum[-1]+s)
bc_wf  = ['#1D9E75' if s>0 else '#E24B4A' for s in wf_s]
ax3.barh([0], [base_v], color='#888780', alpha=0.7, height=0.6, label=f'Base={base_v:.1f}%')
for pos, (s, c, fl) in enumerate(zip(wf_s, bc_wf, wf_f), 1):
    ax3.barh([pos], [s], left=[cumsum[pos-1]], color=c, alpha=0.8, height=0.6)
    sign = '+' if s>=0 else ''
    ax3.text(cumsum[pos-1]+s+(0.2 if s>=0 else -0.2), pos,
             f'{sign}{s:.2f}', va='center',
             ha='left' if s>=0 else 'right', fontsize=7.5)
    ax3.text(-2, pos, fl[:18], va='center', ha='right', fontsize=7.5)
ax3.axvline(cumsum[-1], color='purple', lw=2, linestyle='--',
            label=f'Pred={cumsum[-1]:.1f}%')
ax3.set_yticks([0]+list(range(1,len(wf_s)+1)))
ax3.set_yticklabels(['Base']+[f'F{i+1}' for i in range(len(wf_s))], fontsize=8)
ax3.set_xlabel('Impact log-return (%)'); ax3.set_title('Waterfall — 1 prédiction')
ax3.legend(fontsize=8)

# 8d — Score ML ranking (scatter val)
ax4 = fig.add_subplot(gs[1, :])
yp_b = np.array(pred_s[best])
ax4.scatter(y_val_s, yp_b, alpha=0.15, s=5,
            c=np.abs(resid_s), cmap='RdYlGn_r', vmin=0, vmax=40)
lim = max(abs(y_val_s).max(), abs(yp_b).max())*0.8
ax4.plot([-lim,lim],[-lim,lim],'k--',lw=2,label='Parfait')
z2 = np.polyfit(y_val_s, yp_b, 1)
xr3 = np.linspace(-lim,lim,100)
ax4.plot(xr3, np.poly1d(z2)(xr3), 'r-', lw=2, label=f'Reg (slope={z2[0]:.3f})')
sp_v = spearmanr(y_val_s, yp_b).correlation
ax4.text(0.02, 0.97,
         f'Val RMSE={bd["results"][best]["val_rmse"]:.3f}%\n'
         f'Val R²={bd["results"][best]["val_r2"]:.4f}\n'
         f'Spearman ρ={sp_v:.4f}',
         transform=ax4.transAxes, va='top', fontsize=10,
         bbox=dict(boxstyle='round', facecolor='white',
                   edgecolor=COLORS.get(best,'#378ADD'), alpha=0.85))
ax4.set_xlim(-lim,lim); ax4.set_ylim(-lim,lim)
ax4.set_xlabel('Log-Return réel (%)'); ax4.set_ylabel('Log-Return prédit (%)')
ax4.set_title(f'Prédictions vs Réalité · {best} · Val set')
ax4.legend(fontsize=9)

plt.savefig('fig8_shap.png', dpi=150, bbox_inches='tight')
plt.show()
print(f'✅ Figure 8 — SHAP analysé · Top feature: {FEAT_LABELS.get(FEATURES[idx_s[0]], FEATURES[idx_s[0]])}')
---
MD20
## 10. Optimisation Optuna — Convergence
---
CODE21
# ── Figure 9 : Optuna ──────────────────────────────────────────────────────
fig, axes = plt.subplots(1, 2, figsize=(16, 6))
fig.suptitle('Figure 9 — Convergence Optuna · 100 Essais · Optimisation Hyperparamètres',
             fontsize=13, y=1.02, fontweight='bold')

trials_data = bd['optuna_trials']
t_nums  = [t['trial'] for t in trials_data]
t_vals  = [t['value'] for t in trials_data]
t_bests = [t['best']  for t in trials_data]
impr = t_vals[0] - t_bests[-1] if t_vals and t_bests else 0

ax = axes[0]
ax.scatter(t_nums, t_vals, alpha=0.4, s=15, color='#378ADD', label='RMSE essai')
ax.plot(t_nums, t_bests, 'r-', lw=2.5, label='Best so far')
ax.axhline(t_bests[-1] if t_bests else 0, color='green', lw=1.5, linestyle=':',
           label=f'Final={t_bests[-1]:.3f}')
ax.set_xlabel("Numéro d'essai"); ax.set_ylabel('Val RMSE (%)')
ax.set_title('Historique 100 essais Optuna')
ax.legend(fontsize=9)
ax.annotate(f'Δ={impr:.3f}%', xy=(t_nums[-1] if t_nums else 99, t_bests[-1] if t_bests else 0),
            xytext=(60, (t_vals[0] if t_vals else 54)*0.97),
            fontsize=9, color='red',
            arrowprops=dict(arrowstyle='->', color='red'))

ax = axes[1]
rm = pd.Series(t_vals).rolling(10).mean() if t_vals else pd.Series([])
rs = pd.Series(t_vals).rolling(10).std() if t_vals else pd.Series([])
if len(rm) > 0:
    ax.plot(t_nums, rm, color='#534AB7', lw=2.5, label='Moy. mobile (10)')
    ax.fill_between(t_nums, rm-rs, rm+rs, alpha=0.2, color='#534AB7', label='± 1 std')
    ax.plot(t_nums, t_bests, 'r--', lw=2, alpha=0.7, label='Best so far')
plateau = next((i for i in range(len(t_bests)-5)
                if abs(t_bests[i]-t_bests[-1])<0.05), 70) if len(t_bests)>5 else 70
ax.axvspan(plateau, 100, alpha=0.05, color='green')
ax.text(plateau+1, t_bests[-1]+0.1 if t_bests else 0, 'Plateau
(convergé)',
        fontsize=8, color='green')
ax.set_xlabel("Numéro d'essai"); ax.set_ylabel('Val RMSE (%)')
ax.set_title('Convergence et stabilisation'); ax.legend(fontsize=9)

print(f'Best params: {bd["optuna_params"]}')
plt.tight_layout()
plt.savefig('fig9_optuna.png', dpi=150, bbox_inches='tight')
plt.show()
print(f'✅ Figure 9 — Optuna · best RMSE={bd["optuna_best"]:.3f}')
---
MD22
---
## 11. Heatmap Stratégique — Opportunités Export

> Le classement est basé sur le **log-return moyen réel** observé —
> pas sur un score 7D inventé.
---
CODE23
# ── Figure 10 : Heatmap ────────────────────────────────────────────────────
fig, axes = plt.subplots(1, 2, figsize=(20, 8))
fig.suptitle('Figure 10 — Heatmap Stratégique · Log-Return Moyen Réel (Données 2018-2024)',
             fontsize=13, y=1.02, fontweight='bold')

matrix   = np.array(heatmap_d['matrix'])
hs_codes = heatmap_d['hs']
countries= heatmap_d['countries']
vmax     = float(np.percentile(np.abs(matrix), 95))

ax = axes[0]
im = ax.imshow(matrix, cmap='RdYlGn', aspect='auto', vmin=-vmax, vmax=vmax)
ax.set_xticks(range(len(countries)))
ax.set_xticklabels([c[:12] for c in countries], rotation=45, ha='right', fontsize=8)
ax.set_yticks(range(len(hs_codes)))
ax.set_yticklabels([f'HS{c}' for c in hs_codes], fontsize=9)
plt.colorbar(im, ax=ax, label='Log-Return moyen (%)', shrink=0.8)
for i in range(len(hs_codes)):
    for j in range(len(countries)):
        val = matrix[i, j]
        tc  = 'white' if abs(val) > vmax*0.6 else 'black'
        ax.text(j, i, f'{val:.0f}', ha='center', va='center',
                fontsize=7, color=tc, fontweight='bold')
ax.set_title('Log-Return moyen réel (Produit × Pays)')
ax.set_xlabel('Pays partenaire'); ax.set_ylabel('Code HS AG2')

ax2 = axes[1]
flat = [{'label': f'HS{hs}→{ct[:10]}', 'value': matrix[i,j]}
        for i, hs in enumerate(hs_codes) for j, ct in enumerate(countries)]
df_flat  = pd.DataFrame(flat).sort_values('value', ascending=False)
top20    = df_flat.head(20)
bc2      = ['#1D9E75' if v>5 else '#378ADD' if v>0 else '#E24B4A'
            for v in top20['value']]
bars_h   = ax2.barh(range(len(top20)), top20['value'].values[::-1],
                    color=bc2[::-1], alpha=0.85)
ax2.set_yticks(range(len(top20)))
ax2.set_yticklabels(top20['label'].values[::-1], fontsize=9)
ax2.axvline(0, color='black', lw=1)
for bar, val in zip(bars_h, top20['value'].values[::-1]):
    ax2.text(bar.get_width()+(0.3 if val>=0 else -0.3),
             bar.get_y()+bar.get_height()/2,
             f'{val:.1f}%', va='center',
             ha='left' if val>=0 else 'right', fontsize=8, fontweight='bold')
ax2.set_xlabel('Log-Return moyen réel (%)')
ax2.set_title('Top 20 opportunités (données réelles 2018-2024)')

plt.tight_layout()
plt.savefig('fig10_heatmap.png', dpi=150, bbox_inches='tight')
plt.show()
print('✅ Figure 10 — Heatmap opportunités')
---
MD24
---
## 12. Couche 7D — Explication métier (post-hoc uniquement)

> **IMPORTANT :** Les 7 dimensions ci-dessous servent **uniquement à expliquer**
> le classement ML aux PME. Elles ne sont **pas** dans la fonction de perte
> ni dans la variable cible. Le modèle a été entraîné exclusivement sur
> `log_return` = données réelles Comtrade.

**Top 5 pays (basé sur volume réel 2018-2024) avec lecture 7D :**
---
CODE25
# ── Figure 11 : 7D Explication ─────────────────────────────────────────────
DIMS_7D = ['potentiel_marche','accord_commercial','facilite_affaires',
           'stabilite_risque','logistique','tendance','diaspora_mre']
DIMS_LABELS = {
    'potentiel_marche':   'Potentiel marché',
    'accord_commercial':  'Accord commercial',
    'facilite_affaires':  'Facilité des affaires',
    'stabilite_risque':   'Stabilité & risque',
    'logistique':         'Logistique',
    'tendance':           'Tendance & demande',
    'diaspora_mre':       'Diaspora MRE',
}

countries_7d = list(dim7_data.keys())[:5]
fig, axes = plt.subplots(1, len(countries_7d), figsize=(20, 6))
fig.suptitle('Figure 11 — 7 Dimensions Explicatives · Top 5 Pays (lecture post-hoc PME)',
             fontsize=13, y=1.02, fontweight='bold')

pal_7d = ['#1D9E75','#378ADD','#534AB7','#E24B4A','#BA7517','#888780','#2C3E50']

for i, (country, ax) in enumerate(zip(countries_7d, axes)):
    data = dim7_data[country]
    scores = [min(100, max(0, float(data.get(d, 50)))) for d in DIMS_7D]
    colors_d = ['#1D9E75' if s>70 else '#BA7517' if s>45 else '#E24B4A'
                for s in scores]
    bars_7d = ax.barh(range(len(DIMS_7D)), scores, color=colors_d, alpha=0.85,
                      edgecolor='white', lw=1)
    ax.set_yticks(range(len(DIMS_7D)))
    ax.set_yticklabels([DIMS_LABELS[d] for d in DIMS_7D], fontsize=8)
    ax.set_xlim(0, 100)
    ax.axvline(70, color='green', lw=1, linestyle=':', alpha=0.5)
    ax.axvline(45, color='orange', lw=1, linestyle=':', alpha=0.5)
    for bar, score in zip(bars_7d, scores):
        ax.text(min(score+1, 95), bar.get_y()+bar.get_height()/2,
                f'{score:.0f}', va='center', fontsize=8, fontweight='bold')
    sp_ml = float(data.get('score_ml', 0))
    ax.set_title(f'{country}\nlog-ret moy={sp_ml:.1f}%', fontsize=9, fontweight='bold')
    ax.set_xlabel('Score 0-100')

plt.tight_layout()
plt.savefig('fig11_7d_explication.png', dpi=150, bbox_inches='tight')
plt.show()

# Narratives FR
print("\n=== NARRATIVES PME (lecture 7D) ===")
for country, data in list(dim7_data.items())[:3]:
    dims_fort  = [DIMS_LABELS[d] for d in DIMS_7D
                  if min(100,max(0,float(data.get(d,50)))) > 70]
    dims_risque= [DIMS_LABELS[d] for d in DIMS_7D
                  if min(100,max(0,float(data.get(d,50)))) < 45]
    sp = float(data.get('score_ml', 0))
    print(f"\n{country} (log-return moy = {sp:.1f}%) :")
    if dims_fort:
        print(f"  ✅ {country} est bien classé grâce à : {', '.join(dims_fort)}.")
    if dims_risque:
        print(f"  ⚠️  Points de vigilance : {', '.join(dims_risque)}.")
    print(f"  → Le modèle ML confirme ce positionnement avec un signal Spearman positif.")
print("\n✅ Figure 11 — 7D explication PME")
---
MD26
## 13. Pipeline Architecture — Schéma Méthodologique
---
CODE27
# ── Figure 12 : Pipeline ───────────────────────────────────────────────────
fig, ax = plt.subplots(figsize=(20, 7))
ax.set_xlim(0, 20); ax.set_ylim(0, 7); ax.axis('off')
fig.suptitle('Figure 12 — Architecture Pipeline ML · MaroTrade Intelligence v3',
             fontsize=13, fontweight='bold')

def draw_box(ax, cx, cy, w, h, l1, l2='', color='#378ADD', tc='white'):
    cx,cy,w,h = float(cx),float(cy),float(w),float(h)
    ax.add_patch(FancyBboxPatch((cx-w/2,cy-h/2),w,h,
                 boxstyle="round,pad=0.08",facecolor=color,edgecolor='white',lw=2,alpha=0.92))
    if l2:
        ax.text(cx,cy+0.13,l1,ha='center',va='center',fontsize=8.5,color=tc,fontweight='bold')
        ax.text(cx,cy-0.22,l2,ha='center',va='center',fontsize=7.0,color=tc,alpha=0.93)
    else:
        ax.text(cx,cy,l1,ha='center',va='center',fontsize=8.5,color=tc,fontweight='bold')

def draw_arrow(ax,x1,y1,x2,y2):
    ax.annotate('',xy=(float(x2),float(y2)),xytext=(float(x1),float(y1)),
                arrowprops=dict(arrowstyle='->',color='#555',lw=1.8))

# Sources
for cx,cy,l1,l2,col in [
    (1.8,5.8,'UN Comtrade','54,850 lignes raw','#1D9E75'),
    (4.8,5.8,'Accords Maroc','47 pays / droits%','#534AB7'),
    (7.8,5.8,'World Bank','PIB / Imports','#BA7517'),
    (10.8,5.8,'OCDE Risk','Risque pays','#E24B4A'),
    (13.8,5.8,'Distance','Km Maroc→pays','#378ADD'),
]:
    draw_box(ax,cx,cy,2.6,1.0,l1,l2,col)
    draw_arrow(ax,cx,5.3,cx,4.75)

draw_box(ax,8.0,4.2,15.0,0.9,
         'Filtres + Feature Engineering',
         'Pays accords · value≥100K · lags complets · log-transforms · RobustScaler','#2C3E50')
draw_arrow(ax,8.0,3.75,8.0,3.3)

for cx,cy,l1,l2,col in [
    (3.2,2.8,'Train 2018-2021','2,443 lignes','#1D9E75'),
    (8.0,2.8,'Val 2022-2023','1,267 lignes','#BA7517'),
    (12.8,2.8,'Test 2024','1,176 lignes','#E24B4A'),
]:
    draw_box(ax,cx,cy,3.6,0.85,l1,l2,col)
    draw_arrow(ax,8.0,3.3,cx,3.22)

for cx,cy,l1,col in [
    (2.5,1.5,'Ridge Baseline','#888780'),
    (6.0,1.5,'XGBoost','#1D9E75'),
    (9.5,1.5,'LightGBM+SHAP','#378ADD'),
    (13.0,1.5,f'{best} ★','#E24B4A'),
]:
    draw_box(ax,cx,cy,2.8,0.75,l1,'',col)
    draw_arrow(ax,3.2,2.38,cx,1.88)

draw_box(ax,16.5,1.5,'Optuna','100 essais','#534AB7')
draw_arrow(ax,9.5,1.13,9.5,0.72)
draw_box(ax,9.5,0.42,10.5,0.62,
         'score_ml (percentile/hs/année) + 7D explication PME','','#2C3E50')

ax.text(0.5,0.03,
        'Target : log_return=log(V_{N+1}/V_N)×100  |  INTERDIT : entraîner sur score_7D  |  '
        'CV : TimeSeriesSplit 4-fold  |  Métrique ranking : Spearman ρ',
        fontsize=8,color='gray',style='italic',transform=ax.transAxes,ha='center')

plt.tight_layout()
plt.savefig('fig12_pipeline.png', dpi=150, bbox_inches='tight')
plt.show()
print('✅ Figure 12 — Pipeline complet')
---
MD28
---
## 14. Conclusion & Limites

### Résultats obtenus

| Métrique | Valeur | Interprétation |
|---|---|---|
| **Val RMSE** | ~53.8% | Écart moyen de prédiction (log-return std = 51%) |
| **Val R²** | ~-0.05 | Prédiction absolue difficile (normal en économie) |
| **Spearman ρ val** | **~0.15** | **Signal ranking positif et significatif** |
| **IC 95% Spearman** | [0.09, 0.20] | Signal stable (borne inf > 0) |

### Pourquoi le R² est négatif — explication honnête

> Prédire le log-return économique est intrinsèquement difficile : c'est comparable à
> prédire des rendements financiers. La littérature économétrique cite R² = 0.05-0.15
> comme acceptable. Avec 18 pays et 4 années d'entraînement, nous sommes en dessous.

### Pourquoi le Spearman est la bonne métrique pour la PME

> La PME ne demande pas "de combien exactement va croître cet export" — elle demande
> "quel pays cibler EN PRIORITÉ". Pour ce classement, le Spearman ρ = 0.15 signifie
> que le modèle classe correctement mieux que le hasard (ρ = 0 = aléatoire).

### Améliorations pour Phase 2 (entraînement final)

1. **Élargir aux 47 pays** du dictionnaire ACCORDS_MAROC réel (vs 20 actuellement)
2. **Ajouter taux de change** par année par pays
3. **Ajouter population** comme proxy de taille de marché
4. **Features sectorielles** : prix matières premières par code HS
5. **Modèle par cluster** de produits plutôt qu'un modèle global
---
CODE29
# ── Récapitulatif final ────────────────────────────────────────────────────
import os
figs = sorted([f for f in os.listdir('.') if f.startswith('fig') and f.endswith('.png')])
print('='*60)
print(f'  BENCHMARK PHASE 1 — MaroTrade Intelligence v3')
print('='*60)
print(f'\n  Dataset  : 4,886 obs · 18 pays · 88 produits · 2018-2024')
print(f'  Features : {len(FEATURES)} (sans leakage, RobustScaler)')
print(f'  CV       : TimeSeriesSplit (4 folds)')
print(f'\n  Résultats :')
for name, r in sorted(bd['results'].items(), key=lambda x: x[1]['val_rmse']):
    star = ' ★' if name == best else ''
    print(f'  {name+star:<15} RMSE={r["val_rmse"]:.2f}  R²={r["val_r2"]:.4f}  Sp={r["val_spearman"]:.4f}')
print(f'\n  IC 95% Bootstrap ({best}):')
print(f'    RMSE     : [{bd["ci_rmse"][0]:.2f}, {bd["ci_rmse"][1]:.2f}]')
print(f'    Spearman : [{bd["ci_sp"][0]:.4f}, {bd["ci_sp"][1]:.4f}]')
print(f'\n  Optuna best RMSE : {bd["optuna_best"]:.3f}')
print(f'\n  Figures générées : {len(figs)}')
for fn in figs:
    kb = os.path.getsize(fn)/1024 if os.path.exists(fn) else 0
    print(f'    {fn:<35} {kb:.0f} KB')
print('='*60)
print('\n  → Phase 2 : entraînement final sur train+val (2018-2023)')
print('    Sauvegarder models/market_ranker.pkl + metadata')