source,keyword,date,product,reason,classification,status,country,recalling_firm
FDA,sardine,20211117,"WEL-PAC Brand Shrimp Dashi No Moto - Powdered Shrimp Stock;      Net Wt. 1.75 oz. (0.35.oz x 5 bags) 49.6 g  UPC: 0 11152 83660 7    Product of Japan;  Imported by JFC International Inc., Los Angeles,","Manufacturer notified US supplier that powdered shrimp stock did not declare fish (hydrolyzed protein that contains bonito, sardine and tuna), on the label.",Class I,Terminated,USA,J F C International Inc
FDA,sardine,20230303,Daisho Kimchi hotpot soup  750g UPC: 4904621042653,Label warns for fish but does not specify anchovy or sardine; Canada lists clams in ingredients but not in contains statement.,Class III,Terminated,USA,DAISO CALIFORNIA WAREHOUSE
FDA,sardine,20150612,"Baked Seasoned Sardine Ambient Okabe (Iwashi Senbei)  Net Wt.: 77GR/2.65oz      Ingredients:  Sardines, Sugar, Milk Protein Hydrolysate, Soy Sauce (Water, Soybean, Wheat, Salt), Sweet Cooking Wine, Se","Mitsuwa Corporation is initiating a recall of Baked Seasoned Sardine Okabe (Asuri Washi Shiokoki), Baked Seasoned Sardine Ambient Okabe (Iwashi Senbei), and Baked Seasoned Goby Okabe (Osakana Roll) due to not refrigerating the products when labeled to be kept refrigerated.",Class II,Terminated,USA,Mitsuwa Corporation
FDA,sardine,20150612,"Baked Seasoned Goby Okabe (Osakana Roll)  Net Wt.: 65GR/2.29oz      Ingredients:  Goby, Sugar, Salt, Sorbitol, Monosodium Glutamate    Keep Refrigerated  SKU: 4 971455 081738  Product of Japan    Expo","Mitsuwa Corporation is initiating a recall of Baked Seasoned Sardine Okabe (Asuri Washi Shiokoki), Baked Seasoned Sardine Ambient Okabe (Iwashi Senbei), and Baked Seasoned Goby Okabe (Osakana Roll) due to not refrigerating the products when labeled to be kept refrigerated.",Class II,Terminated,USA,Mitsuwa Corporation
FDA,sardine,20150612,"Baked Seasoned Sardine Okabe (Asuri Washi Shiokoki)  Net Wt.: 70GR/2.47oz  SKU: 4 971455 081714    Ingredients:  Sardine, Salted Rice Malt, Sugar, Sorbitol, Monosodium Glutamate    Keep Refrigerated  ","Mitsuwa Corporation is initiating a recall of Baked Seasoned Sardine Okabe (Asuri Washi Shiokoki), Baked Seasoned Sardine Ambient Okabe (Iwashi Senbei), and Baked Seasoned Goby Okabe (Osakana Roll) due to not refrigerating the products when labeled to be kept refrigerated.",Class II,Terminated,USA,Mitsuwa Corporation
FDA,dates,20141010,Crema GuateLinda (Guatemalan Style Cream) in individually soft poly/plastic bags labeled in part: Lacteos Santa Martha Crema GuateLinda Guatemalan Style Cream Net WT 1 LB (16 oz),"Virginia State (VDACS) found Listeria monocytogenes in Lacteos Santa Martha Quesito Casero Fresh Curd (Best by 9/27/14), FDA made an inspection, were the environmental samples collected came up positive also for Listeria monocytogenes, also the Oasis Brands Inc. sent finish products samples to a pri",Class I,Terminated,USA,"Oasis Brands, Inc"
FDA,dates,20120910,#234 Bulk Watermelon	234	2.5 pounds  and #050 Watermelon Tray	16 ounces,"During an FDA inspection, microbiological swabs were collected and the results found that 21 sub samples in zones 1, 2 & 3 are positive for Listeria Monocytogenes (L.M.), Listeria innocua (L.I.) or Listeria seeligeri (L.S.). The firm is voluntarily recalling all products manufactured from August 20t",Class II,Terminated,USA,Spartan Central Kitchen
FDA,dates,20120910,#333 Caribbean Fruit Salad	5 pounds,"During an FDA inspection, microbiological swabs were collected and the results found that 21 sub samples in zones 1, 2 & 3 are positive for Listeria Monocytogenes (L.M.), Listeria innocua (L.I.) or Listeria seeligeri (L.S.).  The firm is voluntarily recalling all products manufactured from August 20",Class II,Terminated,USA,Spartan Central Kitchen
FDA,dates,20131107,"Garden-Fresh,	Seafood Salad Rouille,	1/5 lb.,		0 11596 55187 6,	12/6/2013;","Garden-Fresh Foods is recalling various cut vegetables,  ready-to-eat salads, slaw, spread and dip products sold under various brands and code dates manufactured prior to November 06, 2013  because they may be contaminated with Listeria monocytogenes.",Class I,Terminated,USA,"Garden-Fresh Foods, Inc."
FDA,dates,20131107,"Garden-Fresh,	Red Cabbage Shredded,	1/5 lb.,		0 11596 50590,  	Manufactured on 10/28/2013 - 11/6/2013;  Garden-Fresh,	Red Cabbage Shredded	4/5 lb.,		0 11596 50592 3,	10/28/2013 - 11/6/2013;","Garden-Fresh Foods is recalling various cut vegetables,  ready-to-eat salads, slaw, spread and dip products sold under various brands and code dates manufactured prior to November 06, 2013  because they may be contaminated with Listeria monocytogenes.",Class I,Terminated,USA,"Garden-Fresh Foods, Inc."
FDA,dates,20170607,"Kite Hill Almond Yogurt, Peach,  NET WT.  5.3 oz (150G)    Case UPC: 8-56624-00415-9    Distributed by Lyrical Foods, Hayward, CA.",Lyrical Foods is voluntarily recalling four flavors of Kite Hill Almond Yogurt with best by dates 07/03/17 and 07/04/17 as some of these packages have spoiled before the best by date.,Class II,Terminated,USA,Lyrical Foods Inc
FDA,dates,20120910,#024 Diced Pepper & Onions	9 ounces,"During an FDA inspection, microbiological swabs were collected and the results found that 21 sub samples in zones 1, 2 & 3 are positive for Listeria Monocytogenes (L.M.), Listeria innocua (L.I.) or Listeria seeligeri (L.S.). The firm is voluntarily recalling all products manufactured from August 20t",Class II,Terminated,USA,Spartan Central Kitchen
FDA,dates,20170912,"Natural Grocers Organic Deglet Noor Dates, Target weight is 0.60 - 0.70 lb random weight package, Zip lock plastic bag.",Recalling Natural Grocers brand Organic Deglet Dates because it may contain undeclared coconut,Class II,Terminated,USA,"Vitamin Cottage Natural Food Markets, Inc."
FDA,dates,20131107,"Garden-Fresh,	Sweet & Sour Cucumber,	2/5 lb.,		 0 11596 52014 8,	11/15/2013 - 11/30/2013;","Garden-Fresh Foods is recalling various cut vegetables,  ready-to-eat salads, slaw, spread and dip products sold under various brands and code dates manufactured prior to November 06, 2013  because they may be contaminated with Listeria monocytogenes.",Class I,Terminated,USA,"Garden-Fresh Foods, Inc."
FDA,dates,20131107,"Grandpa's	,Red Skin Potato Salad,	2/5 lb.,		0 11596 51080 4,	11/22/2013 - 12/10/2013;  Grandpa's,	Red Skin Potato Salad,	12/16 oz,.	0 11596 14061 2,	0 11596 24061 9,	11/25/2013 - 12/10/2013;","Garden-Fresh Foods is recalling various cut vegetables,  ready-to-eat salads, slaw, spread and dip products sold under various brands and code dates manufactured prior to November 06, 2013  because they may be contaminated with Listeria monocytogenes.",Class I,Terminated,USA,"Garden-Fresh Foods, Inc."
FDA,dates,20131107,"Copperwood Kitchens,	Steakhouse Macaroni Salad,	2/5 lb.,		8 11839 01018 0,	12/5/2013","Garden-Fresh Foods is recalling various cut vegetables,  ready-to-eat salads, slaw, spread and dip products sold under various brands and code dates manufactured prior to November 06, 2013  because they may be contaminated with Listeria monocytogenes.",Class I,Terminated,USA,"Garden-Fresh Foods, Inc."
FDA,dates,20191103,Mann's Rainbow Slaw  6 x 12 oz. UPC: 716519013089 - Canada - Mann  6 x 12 oz. UPC:  716519013089 - SS   Same UPC.  Two films: one for Canada and one for US.      Rainbow Salad 6/12 OZ GE   UPC: 300349,CFIA notified FDA of positive result for Listeria monocytogenes with various best by dates of Sweet Kale Salad Blend.,Class I,Terminated,USA,"Mann Packing Company, Inc."
FDA,dates,20120910,#301 Creamy Redskin Potato Salad	5 pounds,"During an FDA inspection, microbiological swabs were collected and the results found that 21 sub samples in zones 1, 2 & 3 are positive for Listeria Monocytogenes (L.M.), Listeria innocua (L.I.) or Listeria seeligeri (L.S.). The firm is voluntarily recalling all products manufactured from August 20t",Class II,Terminated,USA,Spartan Central Kitchen
FDA,dates,20120910,#380 2 lb Hearty Mac & Beef	2 pounds,"During an FDA inspection, microbiological swabs were collected and the results found that 21 sub samples in zones 1, 2 & 3 are positive for Listeria Monocytogenes (L.M.), Listeria innocua (L.I.) or Listeria seeligeri (L.S.).  The firm is voluntarily recalling all products manufactured from August 20",Class II,Terminated,USA,Spartan Central Kitchen
FDA,dates,20181126,"Soom Foods Tahini:    Soom Foods Chocolate Tahini, 12 oz. Sweet Tahini Halva Spread (6/case)","Soom Foods is recalling its tahini and chocolate tahini halva spread because their manufacturer, Achdut LTD. is recalling its Tahini products of all packages and sizes produced in the following dates: April 7th to May 21st 2018, due to a possible contamination of Salmonella.",Class I,Terminated,USA,Soom Foods
FDA,dates,20120910,#319 Cherry Chicken Penne Salad	319	5 pounds,"During an FDA inspection, microbiological swabs were collected and the results found that 21 sub samples in zones 1, 2 & 3 are positive for Listeria Monocytogenes (L.M.), Listeria innocua (L.I.) or Listeria seeligeri (L.S.). The firm is voluntarily recalling all products manufactured from August 20t",Class II,Terminated,USA,Spartan Central Kitchen
FDA,dates,20131107,"Garden-Fresh,	Pumpkin Bread Pudding,	1/7 lb.,		0 11596 75036 1,	11/21/2013 - 12/10/2013  Garden-Fresh,	Pumpkin Bread Pudding,	6/12 oz.,	0 11596 07036 0,	0 11596 07036 0,	11/27/2013 - 12/7/2013","Garden-Fresh Foods is recalling various cut vegetables,  ready-to-eat salads, slaw, spread and dip products sold under various brands and code dates manufactured prior to November 06, 2013  because they may be contaminated with Listeria monocytogenes.",Class I,Terminated,USA,"Garden-Fresh Foods, Inc."
FDA,dates,20131107,"Weis, Baked Lima Beans, 1/5 lb., 	0 11596 52111 4, 	11/21/2013 - 12/3/2013","Garden-Fresh Foods is recalling various cut vegetables, ready-to-eat salads, slaw, spread and dip products sold under various brands and code dates manufactured prior to November 06, 2013 because they may be contaminated with Listeria monocytogenes.",Class I,Terminated,USA,"Garden-Fresh Foods, Inc."
FDA,dates,20150909,"Snack Fresh, Red  Apple Slices, Net Wt. 2 oz., UPC: 0 74641 00982, Best If Used By: 9/21/2015;  Distributed by Country Fresh, LLC. , Houston, TX  77090;    packed 100-2 oz. pouches to a case","Appeeling Fruit Inc. in Dauberville, Penn. is voluntarily recalling consumer packages of fresh sliced apples with Best-if-Used-by dates of 09/14/15 and 09/21/15, due to the potential to be contaminated with listeria monocytogenes,",Class I,Terminated,USA,"Appeeling Fruit, Inc"
FDA,dates,20131107,"Martin's,	Oriental Cabbage Kit,	1/10 lb.,		0 11596 53050 5,	11/9/2013 - 11/11/2013;","Garden-Fresh Foods is recalling various cut vegetables,  ready-to-eat salads, slaw, spread and dip products sold under various brands and code dates manufactured prior to November 06, 2013  because they may be contaminated with Listeria monocytogenes.",Class I,Terminated,USA,"Garden-Fresh Foods, Inc."
FDA,dates,20120910,#802 Salad - No Meat Large Chef	3/4 pounds  #801 Salad - No Meat Small Chef   1/4 pound,"During an FDA inspection, microbiological swabs were collected and the results found that 21 sub samples in zones 1, 2 & 3 are positive for Listeria Monocytogenes (L.M.), Listeria innocua (L.I.) or Listeria seeligeri (L.S.).  The firm is voluntarily recalling all products manufactured from August 20",Class II,Terminated,USA,Spartan Central Kitchen
FDA,dates,20191103,Mann's Nourish Bowls Cauli Rice Curry  4 x 11 oz. UPC: 716519036897                   UPC: 716519036903 - Mann - Canada      Signature Farms Cauli Rice Curry  4 x 11 oz. UPC:  021130600526,CFIA notified FDA of positive result for Listeria monocytogenes with various best by dates of Sweet Kale Salad Blend.,Class II,Terminated,USA,"Mann Packing Company, Inc."
FDA,dates,20131107,"Garden-Fresh, Apple Harvest Cole Slaw Kit, 1/10.5 lb.,	0 11596 93032 9, 	11/8/2013 - 11/13/2013","Garden-Fresh Foods is recalling various cut vegetables, ready-to-eat salads, slaw, spread and dip products sold under various brands and code dates manufactured prior to November 06, 2013 because they may be contaminated with Listeria monocytogenes.",Class I,Terminated,USA,"Garden-Fresh Foods, Inc."
FDA,dates,20131107,"Rogge's,	White Potato Salad,	2/5 lb.,		0 11596 51052 1,	11/17/2013 - 12/4/2013;","Garden-Fresh Foods is recalling various cut vegetables,  ready-to-eat salads, slaw, spread and dip products sold under various brands and code dates manufactured prior to November 06, 2013  because they may be contaminated with Listeria monocytogenes.",Class I,Terminated,USA,"Garden-Fresh Foods, Inc."
FDA,dates,20131107,"Garden-Fresh,	Parmesan Pepper Salad Kit,	1/6.3 lb.,		0 11596 73037 0,	11/9/2013 - 11/12/2013;","Garden-Fresh Foods is recalling various cut vegetables,  ready-to-eat salads, slaw, spread and dip products sold under various brands and code dates manufactured prior to November 06, 2013  because they may be contaminated with Listeria monocytogenes.",Class I,Terminated,USA,"Garden-Fresh Foods, Inc."
FDA,dates,20131107,"Spoon River,	Signature Macaroni Salad,	2/5 lb.,		0 11596 55690 1,	11/21/2013 - 12/4/2013","Garden-Fresh Foods is recalling various cut vegetables,  ready-to-eat salads, slaw, spread and dip products sold under various brands and code dates manufactured prior to November 06, 2013  because they may be contaminated with Listeria monocytogenes.",Class I,Terminated,USA,"Garden-Fresh Foods, Inc."
FDA,dates,20131107,"Garden-Fresh,	Kidney Bean Salad,	2/5 lb.,		0 11596 52016 2,	11/21/2013 - 12/4/2013;","Garden-Fresh Foods is recalling various cut vegetables,  ready-to-eat salads, slaw, spread and dip products sold under various brands and code dates manufactured prior to November 06, 2013  because they may be contaminated with Listeria monocytogenes.",Class I,Terminated,USA,"Garden-Fresh Foods, Inc."
FDA,dates,20120910,"#061 Fruit Cup:Cantalope,Honeydew,Grape,Strawberry	9 ounces","During an FDA inspection, microbiological swabs were collected and the results found that 21 sub samples in zones 1, 2 & 3 are positive for Listeria Monocytogenes (L.M.), Listeria innocua (L.I.) or Listeria seeligeri (L.S.). The firm is voluntarily recalling all products manufactured from August 20t",Class II,Terminated,USA,Spartan Central Kitchen
FDA,dates,20191103,Mann's Crave a Bowl Spicy Marinara     6 x 7 oz. UPC:716519040078  - Canada,CFIA notified FDA of positive result for Listeria monocytogenes with various best by dates of Sweet Kale Salad Blend.,Class II,Terminated,USA,"Mann Packing Company, Inc."
FDA,dates,20131107,"Finest Traditions,	Smoked Imitation Salmon Spread,	1/8 lb.,		10 733147 10120 6,	11/25/2013 - 12/9/2013;  Finest Traditions,	Smoked Imitation Salmon Spread,	6/12 oz.,	7 33147 00127 1,	10 733147 10079 7","Garden-Fresh Foods is recalling various cut vegetables,  ready-to-eat salads, slaw, spread and dip products sold under various brands and code dates manufactured prior to November 06, 2013  because they may be contaminated with Listeria monocytogenes.",Class I,Terminated,USA,"Garden-Fresh Foods, Inc."
FDA,dates,20120910,#764 Salad - Large Chef	3/4 pounds  #763 Salad - Small Chef                    1/4 pound,"During an FDA inspection, microbiological swabs were collected and the results found that 21 sub samples in zones 1, 2 & 3 are positive for Listeria Monocytogenes (L.M.), Listeria innocua (L.I.) or Listeria seeligeri (L.S.).  The firm is voluntarily recalling all products manufactured from August 20",Class II,Terminated,USA,Spartan Central Kitchen
FDA,dates,20131107,"Finest Traditions,	Pistachio Whip ,	1/8 lb.,		10 733147 00020 2,	11/11/2013 - 11/25/2013","Garden-Fresh Foods is recalling various cut vegetables,  ready-to-eat salads, slaw, spread and dip products sold under various brands and code dates manufactured prior to November 06, 2013  because they may be contaminated with Listeria monocytogenes.",Class I,Terminated,USA,"Garden-Fresh Foods, Inc."
FDA,dates,20131107,"Garden-Fresh,	Onions Diced 1/4"",	4/5 lb.,		0 11596 50301 2,	11/1/2013 - 11/4/2013;  Garden-Fresh,	Onions Diced 1/4"",	1/5 lb.,		0 11596 50302 8,	                11/11/2013;  Garden-Fresh,	Onions Diced ","Garden-Fresh Foods is recalling various cut vegetables,  ready-to-eat salads, slaw, spread and dip products sold under various brands and code dates manufactured prior to November 06, 2013  because they may be contaminated with Listeria monocytogenes.",Class I,Terminated,USA,"Garden-Fresh Foods, Inc."
FDA,dates,20170615,Natures Promise Cranberry Trail Mix 12oz.,"The firm's supplier (of dates/apricots) found Listeria monocytogenes within their facility. As a safety precaution, the firm has recalled their products that may contain dates/apricots.",Class I,Terminated,USA,United Natural Trading Inc. dba Woodstock Farms
FDA,dates,20131107,"Garden-Fresh, Layered Seafood Dip Base,,1/4 lb.,0 11596 55153 1, 11/21/2013 - 11/29/2013","Garden-Fresh Foods is recalling various cut vegetables,  ready-to-eat salads, slaw, spread and dip products sold under various brands and code dates manufactured prior to November 06, 2013  because they may be contaminated with Listeria monocytogenes.",Class I,Terminated,USA,"Garden-Fresh Foods, Inc."
FDA,dates,20120910,#439 10 oz Very Green Pasta	12 ounces,"During an FDA inspection, microbiological swabs were collected and the results found that 21 sub samples in zones 1, 2 & 3 are positive for Listeria Monocytogenes (L.M.), Listeria innocua (L.I.) or Listeria seeligeri (L.S.).  The firm is voluntarily recalling all products manufactured from August 20",Class II,Terminated,USA,Spartan Central Kitchen
FDA,dates,20120910,#321 Sonoma Chicken Salad	321	5 pounds,"During an FDA inspection, microbiological swabs were collected and the results found that 21 sub samples in zones 1, 2 & 3 are positive for Listeria Monocytogenes (L.M.), Listeria innocua (L.I.) or Listeria seeligeri (L.S.). The firm is voluntarily recalling all products manufactured from August 20t",Class II,Terminated,USA,Spartan Central Kitchen
FDA,dates,20131107,"Finest Traditions,	Sour Cream & Chive Potato Filling,	1/8 lb,		10 733147 10261 6,	11/11/2013 - 11/18/2013;","Garden-Fresh Foods is recalling various cut vegetables,  ready-to-eat salads, slaw, spread and dip products sold under various brands and code dates manufactured prior to November 06, 2013  because they may be contaminated with Listeria monocytogenes.",Class I,Terminated,USA,"Garden-Fresh Foods, Inc."
FDA,dates,20191103,Mann's Nourish Bowls Bolognese    4 x 11.5 oz. UPC: 716519037054  4 x 11.5 oz. UPC: 716519037061  - Mann Canada,CFIA notified FDA of positive result for Listeria monocytogenes with various best by dates of Sweet Kale Salad Blend.,Class II,Terminated,USA,"Mann Packing Company, Inc."
FDA,dates,20191103,Mann's Nourish Bowls Sweet Potato   4 x 10.5 oz. UPC: 716519036866 - Mann Canada,CFIA notified FDA of positive result for Listeria monocytogenes with various best by dates of Sweet Kale Salad Blend.,Class II,Terminated,USA,"Mann Packing Company, Inc."
FDA,dates,20120910,#010 Broccoli Stir Fry 0.75 pounds,"During an FDA inspection, microbiological swabs were collected and the results found that 21 sub samples in zones 1, 2 & 3 are positive for Listeria Monocytogenes (L.M.), Listeria innocua (L.I.) or Listeria seeligeri (L.S.). The firm is voluntarily recalling all products manufactured from August 20t",Class II,Terminated,USA,Spartan Central Kitchen
FDA,dates,20131107,"Grandpa's, 	Cucumber Dill Dip, 	1/5 lb.,0 11596 55900 1, 12/23/2013- 12/28/2013","Garden-Fresh Foods is recalling various cut vegetables,  ready-to-eat salads, slaw, spread and dip products sold under various brands and code dates manufactured prior to November 06, 2013  because they may be contaminated with Listeria monocytogenes.",Class I,Terminated,USA,"Garden-Fresh Foods, Inc."
FDA,dates,20191103,Mann's Nourish Bowls Thai Noodle    4 x 9.75 oz. UPC: 716519036989 US and Canada,CFIA notified FDA of positive result for Listeria monocytogenes with various best by dates of Sweet Kale Salad Blend.,Class I,Terminated,USA,"Mann Packing Company, Inc."
FDA,dates,20191103,Mann's Nourish Bowls Basil Pesto    4 x 10.75 oz. UPC: 716519037030  4 x 10.75 oz. UPC; 716519037047 - Mann Canada,CFIA notified FDA of positive result for Listeria monocytogenes with various best by dates of Sweet Kale Salad Blend.,Class I,Terminated,USA,"Mann Packing Company, Inc."
FDA,dates,20131107,"Dairy Fresh	Baked Potato Salad, 2/5 lb., 0 70163 40659 6, 	12/1/2013 - 12/15/2013","Garden-Fresh Foods is recalling various cut vegetables, ready-to-eat salads, slaw, spread and dip products sold under various brands and code dates manufactured prior to November 06, 2013 because they may be contaminated with Listeria monocytogenes.",Class I,Terminated,USA,"Garden-Fresh Foods, Inc."
FDA,dates,20141010,Cuajada en Hoja (Fresh Curd Cheese) in individually soft poly/plastic bags labeled in part: Lacteos Santa Martha Cuajada en Hoja Queso Casero Hecho a Mano Fresh Curd Net Wt 12oz (340g),"Virginia State (VDACS) found Listeria monocytogenes in Lacteos Santa Martha Quesito Casero Fresh Curd (Best by 9/27/14), FDA made an inspection, were the environmental samples collected came up positive also for Listeria monocytogenes, also the Oasis Brands Inc. sent finish products samples to a pri",Class I,Terminated,USA,"Oasis Brands, Inc"
FDA,dates,20131107,"Dairy Fresh, Asian Vegetable Orzo, 	1/5 lb., 0 70163 50242 0, 	11/26/2013 - 12/10/2013;  Finest Traditions, Asian Vegetable Orzo, 1/5 lb., 10 733147 10976 9	12/2/2013 - 12/9/2013;  Garden-Fresh, Asian","Garden-Fresh Foods is recalling various cut vegetables, ready-to-eat salads, slaw, spread and dip products sold under various brands and code dates manufactured prior to November 06, 2013 because they may be contaminated with Listeria monocytogenes.",Class I,Terminated,USA,"Garden-Fresh Foods, Inc."
FDA,dates,20120830,"Wawa mixed fruit with kiwi Net Wt 9.7  oz (275 g) in rigid plastic trays Distributed by: Wawa, Inc. Wawa, PA 19063 UPC 726191069304",Taylor Farms New Jersey is voluntarily recalling specific code dates of the following products due to containing Daniella Brand mangoes or potentially being processed on common equipment with the Daniella Brand mangoes since  Daniella Brand mangoes were identified by the CFIA as having the potential,Class I,Terminated,USA,"Taylor Farms, Inc."
FDA,dates,20131107,"Garden-Fresh, Chopped Lettuce Romaine Blend 80/20, 4/5 lb., 0 11596 90150 3, 10/28/2013 - 11/6/2013","Garden-Fresh Foods is recalling various cut vegetables, ready-to-eat salads, slaw, spread and dip products sold under various brands and code dates manufactured prior to November 06, 2013 because they may be contaminated with Listeria monocytogenes.",Class I,Terminated,USA,"Garden-Fresh Foods, Inc."
FDA,dates,20120910,#701 Panini - California Turkey	sandwich,"During an FDA inspection, microbiological swabs were collected and the results found that 21 sub samples in zones 1, 2 & 3 are positive for Listeria Monocytogenes (L.M.), Listeria innocua (L.I.) or Listeria seeligeri (L.S.).  The firm is voluntarily recalling all products manufactured from August 20",Class II,Terminated,USA,Spartan Central Kitchen
FDA,dates,20191103,Mann's Snacking Favorites  Cheddar Pretzel Snack Tray  4 x 19 oz.  UPC: 716519020445,CFIA notified FDA of positive result for Listeria monocytogenes with various best by dates of Sweet Kale Salad Blend.,Class I,Terminated,USA,"Mann Packing Company, Inc."
FDA,dates,20131107,"Weis,	Seafood Salad Supreme	,1/5 lb.,		0 11596 55218 7,	11/21/2013 - 11/29/2013;","Garden-Fresh Foods is recalling various cut vegetables,  ready-to-eat salads, slaw, spread and dip products sold under various brands and code dates manufactured prior to November 06, 2013  because they may be contaminated with Listeria monocytogenes.",Class I,Terminated,USA,"Garden-Fresh Foods, Inc."
FDA,dates,20131107,"Garden-Fresh, Deviled Egg Salad,	1/5 lb., 0 11596 52122 0,	11/20/2013 - 12/5/2013;  Grandpa's,	Deviled Egg Salad,	6/16 oz.,	0 11596 14012 4, 0 00 11596 14012 4 ,	11/26/2013 - 12/9/2013;  ;","Garden-Fresh Foods is recalling various cut vegetables,  ready-to-eat salads, slaw, spread and dip products sold under various brands and code dates manufactured prior to November 06, 2013  because they may be contaminated with Listeria monocytogenes.",Class I,Terminated,USA,"Garden-Fresh Foods, Inc."
FDA,dates,20120910,#426 08 oz Grilled Salmon w/Couscous	8 ounces,"During an FDA inspection, microbiological swabs were collected and the results found that 21 sub samples in zones 1, 2 & 3 are positive for Listeria Monocytogenes (L.M.), Listeria innocua (L.I.) or Listeria seeligeri (L.S.).  The firm is voluntarily recalling all products manufactured from August 20",Class II,Terminated,USA,Spartan Central Kitchen
FDA,dates,20131107,"Spoon River,	Western Veggie Dip,	1/5 lb.,		0 11596 55679 6,	12/16/2013 - 12/30/2013;","Garden-Fresh Foods is recalling various cut vegetables,  ready-to-eat salads, slaw, spread and dip products sold under various brands and code dates manufactured prior to November 06, 2013  because they may be contaminated with Listeria monocytogenes.",Class I,Terminated,USA,"Garden-Fresh Foods, Inc."
FDA,dates,20120910,#358 Savory Seasoning		5 pounds,"During an FDA inspection, microbiological swabs were collected and the results found that 21 sub samples in zones 1, 2 & 3 are positive for Listeria Monocytogenes (L.M.), Listeria innocua (L.I.) or Listeria seeligeri (L.S.).  The firm is voluntarily recalling all products manufactured from August 20",Class II,Terminated,USA,Spartan Central Kitchen
FDA,dates,20120910,#450 10 oz Garden Veggies	10 ounces,"During an FDA inspection, microbiological swabs were collected and the results found that 21 sub samples in zones 1, 2 & 3 are positive for Listeria Monocytogenes (L.M.), Listeria innocua (L.I.) or Listeria seeligeri (L.S.).  The firm is voluntarily recalling all products manufactured from August 20",Class II,Terminated,USA,Spartan Central Kitchen
FDA,dates,20120910,#443 10 oz Roasted Potatoes with Dill	10 ounces,"During an FDA inspection, microbiological swabs were collected and the results found that 21 sub samples in zones 1, 2 & 3 are positive for Listeria Monocytogenes (L.M.), Listeria innocua (L.I.) or Listeria seeligeri (L.S.).  The firm is voluntarily recalling all products manufactured from August 20",Class II,Terminated,USA,Spartan Central Kitchen
FDA,dates,20131107,"Finest Traditions, Cookies & Creme Dessert, 1/8 lb., 10 733147 00022 6, 	11/11/2013 - 11/25/2013","Garden-Fresh Foods is recalling various cut vegetables,  ready-to-eat salads, slaw, spread and dip products sold under various brands and code dates manufactured prior to November 06, 2013  because they may be contaminated with Listeria monocytogenes.",Class I,Terminated,USA,"Garden-Fresh Foods, Inc."
FDA,dates,20120910,#354 Bacon Potato - 8 count Pan		8 each,"During an FDA inspection, microbiological swabs were collected and the results found that 21 sub samples in zones 1, 2 & 3 are positive for Listeria Monocytogenes (L.M.), Listeria innocua (L.I.) or Listeria seeligeri (L.S.).  The firm is voluntarily recalling all products manufactured from August 20",Class II,Terminated,USA,Spartan Central Kitchen
FDA,dates,20131107,"Garden-Fresh, Amish Country Cole Slaw,  2/5 lb.	, 0 11596 53010 9	11/21/2013 - 12/6/2013","Garden-Fresh Foods is recalling various cut vegetables, ready-to-eat salads, slaw, spread and dip products sold under various brands and code dates manufactured prior to November 06, 2013 because they may be contaminated with Listeria monocytogenes.",Class I,Terminated,USA,"Garden-Fresh Foods, Inc."
FDA,dates,20131107,"Finest Traditions, Fresh Salsa Spicy,	6/11 oz.,	10 733147 10996 7,	12/9/2013","Garden-Fresh Foods is recalling various cut vegetables,  ready-to-eat salads, slaw, spread and dip products sold under various brands and code dates manufactured prior to November 06, 2013  because they may be contaminated with Listeria monocytogenes.",Class II,Terminated,USA,"Garden-Fresh Foods, Inc."
FDA,dates,20191103,Mann's Snacking Favorites Honey Turkey Cheddar  Tray  4 x 20.3 oz.  UPC: 716519020483,CFIA notified FDA of positive result for Listeria monocytogenes with various best by dates of Sweet Kale Salad Blend.,Class I,Terminated,USA,"Mann Packing Company, Inc."
FDA,dates,20120910,#385 1/2 Asparagus Quiche	0.5 each,"During an FDA inspection, microbiological swabs were collected and the results found that 21 sub samples in zones 1, 2 & 3 are positive for Listeria Monocytogenes (L.M.), Listeria innocua (L.I.) or Listeria seeligeri (L.S.).  The firm is voluntarily recalling all products manufactured from August 20",Class II,Terminated,USA,Spartan Central Kitchen
FDA,dates,20120910,#064 Fruit Cup: Cantaloupe Honeydew Water Straw	9 ounces,"During an FDA inspection, microbiological swabs were collected and the results found that 21 sub samples in zones 1, 2 & 3 are positive for Listeria Monocytogenes (L.M.), Listeria innocua (L.I.) or Listeria seeligeri (L.S.). The firm is voluntarily recalling all products manufactured from August 20t",Class II,Terminated,USA,Spartan Central Kitchen
FDA,dates,20150909,"Burger King Crown, Apple Slices, Net Wt. 2 oz., Best If Used By: 9/14/2015; packed 20-2 oz. pouches to a case.    Distributed by: Burger King Corporation, Miami, FL 33126","Appeeling Fruit Inc. in Dauberville, Penn. is voluntarily recalling consumer packages of fresh sliced apples with Best-if-Used-by dates of 09/14/15 and 09/21/15, due to the potential to be contaminated with listeria monocytogenes,",Class I,Terminated,USA,"Appeeling Fruit, Inc"
FDA,dates,20120910,#073 Fruit Cup: Cantalope Honeydew		15.8 ounces,"During an FDA inspection, microbiological swabs were collected and the results found that 21 sub samples in zones 1, 2 & 3 are positive for Listeria Monocytogenes (L.M.), Listeria innocua (L.I.) or Listeria seeligeri (L.S.). The firm is voluntarily recalling all products manufactured from August 20t",Class II,Terminated,USA,Spartan Central Kitchen
FDA,dates,20120910,#335 Sunshine Salad		5 pounds,"During an FDA inspection, microbiological swabs were collected and the results found that 21 sub samples in zones 1, 2 & 3 are positive for Listeria Monocytogenes (L.M.), Listeria innocua (L.I.) or Listeria seeligeri (L.S.).  The firm is voluntarily recalling all products manufactured from August 20",Class II,Terminated,USA,Spartan Central Kitchen
FDA,dates,20120910,#745 Sandwich - Ham & Cheese	sandwich,"During an FDA inspection, microbiological swabs were collected and the results found that 21 sub samples in zones 1, 2 & 3 are positive for Listeria Monocytogenes (L.M.), Listeria innocua (L.I.) or Listeria seeligeri (L.S.).  The firm is voluntarily recalling all products manufactured from August 20",Class II,Terminated,USA,Spartan Central Kitchen
FDA,dates,20131107,"Finest Traditions,	Spinach Pasta Salad Base,	1/5 lb.,		10 733147 10978 3,	11/25/2013 - 12/9/2013","Garden-Fresh Foods is recalling various cut vegetables,  ready-to-eat salads, slaw, spread and dip products sold under various brands and code dates manufactured prior to November 06, 2013  because they may be contaminated with Listeria monocytogenes.",Class I,Terminated,USA,"Garden-Fresh Foods, Inc."
FDA,dates,20120910,#312 Seafood Pasta Salad	312	5 pounds,"During an FDA inspection, microbiological swabs were collected and the results found that 21 sub samples in zones 1, 2 & 3 are positive for Listeria Monocytogenes (L.M.), Listeria innocua (L.I.) or Listeria seeligeri (L.S.). The firm is voluntarily recalling all products manufactured from August 20t",Class II,Terminated,USA,Spartan Central Kitchen
FDA,dates,20131107,"Finest Traditions,	Tuna Salad Spread,	2/4 lb.,		10 733147 10186 2,	11/30/2013 - 12/14/2013;  Holiday Pantry,	Tuna Salad Spread,	4/8 lb.,		10 733147 10780 2,	11/25/2013;","Garden-Fresh Foods is recalling various cut vegetables,  ready-to-eat salads, slaw, spread and dip products sold under various brands and code dates manufactured prior to November 06, 2013  because they may be contaminated with Listeria monocytogenes.",Class I,Terminated,USA,"Garden-Fresh Foods, Inc."
FDA,dates,20191103,Mann's Snappy Slaw Blend   8 x 3 lbs.  UPC:10716590067350 Food Service,CFIA notified FDA of positive result for Listeria monocytogenes with various best by dates of Sweet Kale Salad Blend.,Class I,Terminated,USA,"Mann Packing Company, Inc."
FDA,dates,20160502,"2nd EXPANSION 5/31/2016  Product shipped OUS only.  Spitz Dill Pickle Sunflower Kernel, 100g plastic bag, UPC 69579-21001.   Product of USA,","SunOpta is recalling sunflower kernel products that have the potential to be contaminated with Listeria monocytogenes.      EXPANDED 5/18/2016    SunOpta expanded their recall of roasted sunflower kernel products to include the production dates of February 20 - April 26, 2016 due to potential Lister",Class I,Completed,USA,"SunOpta Food and Grain, Inc."
FDA,dates,20131107,"Garden-Fresh,	Wheat Berry Salad,	1/5 lb.,		0 11596 52118 3,	11/10/2013 - 11/18/2013;","Garden-Fresh Foods is recalling various cut vegetables,  ready-to-eat salads, slaw, spread and dip products sold under various brands and code dates manufactured prior to November 06, 2013  because they may be contaminated with Listeria monocytogenes.",Class I,Terminated,USA,"Garden-Fresh Foods, Inc."
FDA,dates,20120910,#324 Baked Beans		5 pounds,"During an FDA inspection, microbiological swabs were collected and the results found that 21 sub samples in zones 1, 2 & 3 are positive for Listeria Monocytogenes (L.M.), Listeria innocua (L.I.) or Listeria seeligeri (L.S.). The firm is voluntarily recalling all products manufactured from August 20t",Class II,Terminated,USA,Spartan Central Kitchen
FDA,dates,20120910,#070 Fruit Cup: Honeydew	15.8 ounces,"During an FDA inspection, microbiological swabs were collected and the results found that 21 sub samples in zones 1, 2 & 3 are positive for Listeria Monocytogenes (L.M.), Listeria innocua (L.I.) or Listeria seeligeri (L.S.). The firm is voluntarily recalling all products manufactured from August 20t",Class II,Terminated,USA,Spartan Central Kitchen
FDA,dates,20191107,"Ready to eat Pip Pop Movie Theater Popcorn packaged in 24 oz. laminated plastic zip pouch bag, 6 per case, UPC 004117281119; Made in Orem, Utah. Manufactured for Associated Foods Stores, Salt Lake Cit",Foreign material determined to be part of packaging was found in 24 oz. bags of Pip Pop Movie Theater Popcorn produced on multiple dates.,Class II,Terminated,USA,Water Gardens Confections LLC
FDA,dates,20150909,"Wegman's, Organic Apple Wedges, Net Wt. 12 oz., 6 pouches, UPC: 0 77890 28213, Best If Used By: 9/21/2015;   packed 6 - 12 oz. packages/case;     Wegman's, Apple Edges, Net Wt. 16 oz., 8 pouches, UPC:","Appeeling Fruit Inc. in Dauberville, Penn. is voluntarily recalling consumer packages of fresh sliced apples with Best-if-Used-by dates of 09/14/15 and 09/21/15, due to the potential to be contaminated with listeria monocytogenes,",Class I,Terminated,USA,"Appeeling Fruit, Inc"
FDA,dates,20131107,"Garden-Fresh,	Southwestern Pasta,	1/5 lb.,		0 11596 52046 9,	11/25/2013 - 12/6/2013","Garden-Fresh Foods is recalling various cut vegetables,  ready-to-eat salads, slaw, spread and dip products sold under various brands and code dates manufactured prior to November 06, 2013  because they may be contaminated with Listeria monocytogenes.",Class I,Terminated,USA,"Garden-Fresh Foods, Inc."
FDA,dates,20120910,#411 MME Chicken Parmesan No Meat	each,"During an FDA inspection, microbiological swabs were collected and the results found that 21 sub samples in zones 1, 2 & 3 are positive for Listeria Monocytogenes (L.M.), Listeria innocua (L.I.) or Listeria seeligeri (L.S.).  The firm is voluntarily recalling all products manufactured from August 20",Class II,Terminated,USA,Spartan Central Kitchen
FDA,dates,20120910,#303 Red White & Bleu Potato Salad	5 pounds,"During an FDA inspection, microbiological swabs were collected and the results found that 21 sub samples in zones 1, 2 & 3 are positive for Listeria Monocytogenes (L.M.), Listeria innocua (L.I.) or Listeria seeligeri (L.S.). The firm is voluntarily recalling all products manufactured from August 20t",Class II,Terminated,USA,Spartan Central Kitchen
FDA,dates,20120910,#427 10 oz Shepherd's Pie	10 ounces,"During an FDA inspection, microbiological swabs were collected and the results found that 21 sub samples in zones 1, 2 & 3 are positive for Listeria Monocytogenes (L.M.), Listeria innocua (L.I.) or Listeria seeligeri (L.S.).  The firm is voluntarily recalling all products manufactured from August 20",Class II,Terminated,USA,Spartan Central Kitchen
FDA,dates,20140421,"Scale label printed with ""EASTER BREAD NET WT 17oz (1.06lb)"" UPC 0 77890 32431 8, packaged in clear plastic bag","Wegmans Food Markets, Inc. has initiated a voluntary recall of all Wegmans Easter Bread (braided loaf) 17 oz., UPC 0 77890 32431 8 (all code dates) because it contains egg, which are not declared on the label.",Class II,Terminated,USA,"Wegmans Food Markets, Inc."
FDA,dates,20131107,"Weis,	Tuna Salad,	9/8 oz.,	0 41497 05345 2,	0 00 41497 05345 2,	11/26/2013 - 12/9/2013;","Garden-Fresh Foods is recalling various cut vegetables,  ready-to-eat salads, slaw, spread and dip products sold under various brands and code dates manufactured prior to November 06, 2013  because they may be contaminated with Listeria monocytogenes.",Class I,Terminated,USA,"Garden-Fresh Foods, Inc."
FDA,dates,20160812,ZATARAINS WHITE CHEDDAR CHIPOTLE PASTA DINNER   6 OZ PACKAGE,"The Zatarains plant in Gretna, LA was contacted by General Mills to inform the plant that they were impacted by General Mills flour recall.  Fifty (50) bags of 	WONDRA ENR 50 UNMALTED were shipped to Gretna in March 2016. This material has been used in the production of four different Zatarains bran",Class II,Terminated,USA,McCormick &  Company - Corporate Headquarters
FDA,dates,20120910,Pound Cake		12 ounces,"During an FDA inspection, microbiological swabs were collected and the results found that 21 sub samples in zones 1, 2 & 3 are positive for Listeria Monocytogenes (L.M.), Listeria innocua (L.I.) or Listeria seeligeri (L.S.).  The firm is voluntarily recalling all products manufactured from August 20",Class II,Terminated,USA,Spartan Central Kitchen
FDA,dates,20120910,#308 Sour Cream Mac & Cheddar	308	5 pounds,"During an FDA inspection, microbiological swabs were collected and the results found that 21 sub samples in zones 1, 2 & 3 are positive for Listeria Monocytogenes (L.M.), Listeria innocua (L.I.) or Listeria seeligeri (L.S.). The firm is voluntarily recalling all products manufactured from August 20t",Class II,Terminated,USA,Spartan Central Kitchen
FDA,dates,20120910,#429 10 oz Beef Burrito	 10 ounces,"During an FDA inspection, microbiological swabs were collected and the results found that 21 sub samples in zones 1, 2 & 3 are positive for Listeria Monocytogenes (L.M.), Listeria innocua (L.I.) or Listeria seeligeri (L.S.).  The firm is voluntarily recalling all products manufactured from August 20",Class II,Terminated,USA,Spartan Central Kitchen
FDA,dates,20191103,Mann's Snacking Favorites Organic Veggie Snack Tray   4 x 16.25 oz.  UPC: 716519014765,CFIA notified FDA of positive result for Listeria monocytogenes with various best by dates of Sweet Kale Salad Blend.,Class I,Terminated,USA,"Mann Packing Company, Inc."
FDA,dates,20160502,"2nd EXPANSION 5/31/2016   Navitas Naturals, Superfood HEMP, Creamy Peanut, hemp Nut Bar, 1.4 oz., UPC 11961-02030    Distributed by Navitas Naturals, Novato, CA  94948.","SunOpta is recalling sunflower kernel products that have the potential to be contaminated with Listeria monocytogenes.      EXPANDED 5/18/2016    SunOpta expanded their recall of roasted sunflower kernel products to include the production dates of February 20 - April 26, 2016 due to potential Lister",Class I,Completed,USA,"SunOpta Food and Grain, Inc."
FDA,dates,20131107,"Finest Traditions,	Homemade-style Cole Slaw,	1/8 lb.,		10 733147 10170 1,	11/20/2013 - 12/4/2013;  Finest Traditions,	Homemade-style Cole Slaw,	6/16 oz.,	7 33147 00025 0,	10 733147 10165 7,	11/20/2013","Garden-Fresh Foods is recalling various cut vegetables,  ready-to-eat salads, slaw, spread and dip products sold under various brands and code dates manufactured prior to November 06, 2013  because they may be contaminated with Listeria monocytogenes.",Class I,Terminated,USA,"Garden-Fresh Foods, Inc."
FDA,dates,20131107,"Finest Traditions, Baked Bread Pudding, 1/7 lb., 	10 733147 10099 5, 	11/21/2013 - 12/10/2013;  Garden-Fresh, Baked Bread Pudding, 6/12 oz., 0 11596 07034 6, 0 11596 07034 6, 	11/27/2013 - 12/7/2013;","Garden-Fresh Foods is recalling various cut vegetables, ready-to-eat salads, slaw, spread and dip products sold under various brands and code dates manufactured prior to November 06, 2013 because they may be contaminated with Listeria monocytogenes.",Class I,Terminated,USA,"Garden-Fresh Foods, Inc."
FDA,dates,20131107,"Grandpa's, Black Bean Salsa, 1/5 lb.	, 0 11596 55917 9, 12/7/2013;  Roundy's, Black Bean Salsa,12/15 oz., 0 11596 06118 4, 0 11596 06118 4, 12/1/2013 - 12/9/2013  ;","Garden-Fresh Foods is recalling various cut vegetables, ready-to-eat salads, slaw, spread and dip products sold under various brands and code dates manufactured prior to November 06, 2013 because they may be contaminated with Listeria monocytogenes.",Class I,Terminated,USA,"Garden-Fresh Foods, Inc."
FDA,dates,20120910,#747 Egg Salad Sandwich on White,"During an FDA inspection, microbiological swabs were collected and the results found that 21 sub samples in zones 1, 2 & 3 are positive for Listeria Monocytogenes (L.M.), Listeria innocua (L.I.) or Listeria seeligeri (L.S.).  The firm is voluntarily recalling all products manufactured from August 20",Class II,Terminated,USA,Spartan Central Kitchen
FDA,dates,20131107,Garden-Fresh	Taffy Apple Salad Kit	1/5 lb.		0 11596 55049 7	11/11/2013 - 11/13/2013,"Garden-Fresh Foods is recalling various cut vegetables,  ready-to-eat salads, slaw, spread and dip products sold under various brands and code dates manufactured prior to November 06, 2013  because they may be contaminated with Listeria monocytogenes.",Class I,Terminated,USA,"Garden-Fresh Foods, Inc."
FDA,dates,20131107,"Finest Traditions,	Pea & Cheese Pasta Salad,	1/8 lb.,		10 733147 10146 6,	11/25/2013 - 12/9/2013;","Garden-Fresh Foods is recalling various cut vegetables,  ready-to-eat salads, slaw, spread and dip products sold under various brands and code dates manufactured prior to November 06, 2013  because they may be contaminated with Listeria monocytogenes.",Class I,Terminated,USA,"Garden-Fresh Foods, Inc."
FDA,dates,20120910,#363 Cheddar Free Ham & Onion Cheeseball	12 ounces,"During an FDA inspection, microbiological swabs were collected and the results found that 21 sub samples in zones 1, 2 & 3 are positive for Listeria Monocytogenes (L.M.), Listeria innocua (L.I.) or Listeria seeligeri (L.S.).  The firm is voluntarily recalling all products manufactured from August 20",Class II,Terminated,USA,Spartan Central Kitchen
FDA,dates,20180502,"Utz Restaurant Style Tortilla Chips; Net Wt 17 oz; White Corn Tortilla Chips; UPC: 0-41780-00383-6; Exp. Date Jun 16 18; UTZ Quality Foods, Inc., Hanover, PA 17331;       Utz Restaurant Style Tortilla","Utz Quality Foods, LLC, is voluntarily recalling select expiration dates of some Golden Flake, Good Health, Utz and Weis Brand Tortilla Chip items due to potential contamination of undeclared milk allergen.",Class I,Terminated,USA,Utz Quality Food Inc
FDA,dates,20120910,#451 12 oz Cheezy Potatoes	12 ounces,"During an FDA inspection, microbiological swabs were collected and the results found that 21 sub samples in zones 1, 2 & 3 are positive for Listeria Monocytogenes (L.M.), Listeria innocua (L.I.) or Listeria seeligeri (L.S.).  The firm is voluntarily recalling all products manufactured from August 20",Class II,Terminated,USA,Spartan Central Kitchen
FDA,saffron,20121207,"Yellow rice mixes with the following g brand names:  (1) Shurfine brand Yellow Rice with Saffron, NET WT 5 OZ (142g), distributed by TOPCO ASSOCIATES, LLC, 7711 GROSS POINT ROAD, SKOKIE, IL  60077. UP",Undeclared hydrolyzed soy protein in yellow rice with saffron,Class II,Terminated,USA,"Riviana International, Inc"
FDA,olive oil,20190301,"Basil Olive Oil Flavored Tortilla Seasoning Package Type: Box with liner, Units Per Case: 1, Weight Per Package:  50 pounds","Elite Spice, Inc. has initiated a recall of Basil Olive Oil Flavored Tortilla Seasoning, Lot Number:1-310242, Units Per Case: 1, Weight Per Package:  50 pounds because Elite Spice produced a batch of seasoning containing an undeclared milk allergen .",Class I,Terminated,USA,Elite Spice Inc.
FDA,olive oil,20140530,"Rosemary & Olive Oil Gluten Free Snack Crackers sold under the following brand names and sizes:  1.  glutino, Net Wt. 4.25 oz (120g) UPC 78523-03861;  2.  glutino, 2 count 10 oz bags, Net Wt. 20 oz (5","A seasoning supplier is recalling its rosemary and olive oil seasoning blend, which potentially may be contaminated with Salmonella.",Class I,Terminated,USA,"Baptista's Bakery, Inc"
FDA,olive oil,20150927,"Albacore Tuna Olive Oil, Dungeness Seaworks brand, net weight 6 oz., packaged in metal cans.  No UPC.","Canned Albacore Tuna Olive Oil, Dungeness Seaworks brand, with any code starting with ""OC"" was recalled because it has the potential to be contaminated with Clostridium botulinum.",Class II,Terminated,USA,Dungeness Seaworks
FDA,olive oil,20201009,"Back to Nature Organic Rosemary & Olive Oil Stoneground Wheat Crackers, NET WT 6 oz (170g)., UPC: 8-19898-01015-8","B&G Foods initiated a recall of Back to Nature Organic Rosemary & Olive Oil Stoneground Wheat Crackers, 6 oz.  with a  best by  date of APR 25 2021, because package may be filled with peanut butter cookies, which contain peanut, which is not declared on the label.",Class I,Terminated,USA,"B&G Foods North America, Inc"
FDA,olive oil,20170508,"Meijer Honey Vanilla Bourbon Pecans, 8.5 oz., 6/case, packed in a stand-up pouch.","The firm initiated a voluntary recall of Meijer Honey Vanilla Bourbon Pecans, 8.5 oz., packed in a stand up pouch, due to mislabeling. The label declared cream, milk, and eggs, which were not part of the original formula. The label lacked the following ingredients: Spices, Artificial Flavors, Garlic",Class II,Terminated,USA,"Meijer, Inc #816 - Grand River Packaging"
FDA,olive oil,20160212,"Bertolli Extra Virgin Olive Oil, 8.5 oz. and Carapelli Extra Virgin Olive Oil, 25.5 oz., packaged in glass bottles.","The product is being recalled due to the detection of trace amounts of two pesticides, Trifloxystrobin and Tebuconazole, that do not have a tolerance in the US for olive oil.",Class III,Terminated,USA,"DEOLEO USA, Inc."
FDA,olive oil,20250106,"Daniele brand First Cold Press EXTRA VIRGIN OLIVE OIL; NET 101.4 FL. OZ. (3 QT. 5.4 FL. OZ.) 3L; IMPORTED; Distributed by: dfs international ltd Springfield, ma 01104; INGREDIENTS: EXTRA VIRGIN OLIVE ","Product is likely Canola Oil, not Extra Virgin Olive Oil",Class III,Terminated,USA,"D.F.S. International, Ltd."
FDA,cumin,20190724,"Winco Foods, Taco Seasoning Mild, Net Wt. 1.25 OZ, Distributed by Winco Foods, LLC, Boise, ID, UPC 0 70552 90126 1",Products contains an ingredient (cumin) potentially contaminated with Salmonella.,Class II,Terminated,USA,"CH Guenther & Sons, Inc"
FDA,cumin,20150106,"Con Yeager Spice Company, Zelienople, PA 16063  PAPA WOOD BBQ ALL PURPOSE RUB    NET WEIGHT: 12 oz and 5.22 oz  UPC: 38756; 38755  Lot: .219098",Cumin and cumin containing spice mixes may contain undeclared peanuts.,Class II,Terminated,USA,Con Yeager Spice Co
FDA,cumin,20150101,Hummus; All-natural ZILKS HATCH GREEN CHILI  HUMMUS GLUTEN FREE & NON-GMO NET WT. 8 OZ,Potential undeclared peanuts in cumin ingredient.,Class II,Terminated,USA,Zilks Foods
FDA,cumin,20150126,Sazon without Annatto,Cumin used was contaminated with peanut protein.,Class II,Terminated,USA,"Sazon, Inc."
FDA,cumin,20141224,"Rosa Maria Ground Cumin, (Comino Molido), 6 oz. (173g), UPC 707425-16041-7, Packed by NAC Foods Corp., Palisades Park, NJ.",N.A.C. Foods initiated this recall because Mimi's Products Ground Cumin and Rosa Maria Ground Cumin may contain undeclared peanut protein.,Class I,Terminated,USA,N.A.C. Foods
FDA,cumin,20150112,"My Spice Sage CUMIN GROUND under the following labels and packaging: 1) NET WT 1 oz (28g) UPC 00105001, packed in a plastic resealable bag 2) NET WT 4 oz (113g) UPC 00105004 packed in a plastic reseal",Cumin may contain undeclared peanut protein.,Class I,Terminated,USA,Zenobia Company LLC
FDA,cumin,20150108,"JCB FLAVORS, LLC, Product Code 81103550,  Dill Dip Mix #811035, 50 lb box.","JCB Flavors is conducting a recall on various  Seasonings which used  ground cumin as an ingredient received in Oct - Dec 2014.  JCB Flavors was informed by their supplier of ground cumin, Schiff Food Products, that the product tested positive for trace amounts of peanut allergens.",Class II,Terminated,USA,"JCB Flavors, LLC"
FDA,cumin,20141224,"PINATA'S ASADA SEASONING R-1 (BBQ-140), Net Weight XXXX Lbs. -- FIRST SPICE MIXING COMPANY LONG ISLAND CITY, N.Y. --- INGREDIENTS: SALT, TURBINADO SUGAR, BROWN SUGAR, SPICES, DEHYDRATED GARLIC AND ONI",Firm was notified by immediate supplier that certain lots of  ground cumin may have been contaminated with peanut protein which is not declared on the label.,Class I,Terminated,USA,"First Spice Mixing Co.,Inc."
FDA,cumin,20150109,"Ground Cumin, Net Wt: 5 LBS (2.25KG) Best By: 09/10/2016, Product of Turkey, Packed By: Vintage Food Corporation, 849 Newark Tpke, Kearny, NJ 07032, UPC 603608270037",Ground Cumin may be contaminated with peanut protein.,Class I,Terminated,USA,Vintage Food Corp.
FDA,cumin,20150114,"Culinary Masters, RUB EXECUTIVE G.HILL MARRIOT, Net Wt. 7 lbs. Distributed by Atlanta Foods International, Atlanta, GA 30303.",Products were manufactured with cumin found to contain undeclared peanuts.,Class I,Terminated,USA,Gourmet Foods International
FDA,cumin,20150207,Marinade Lime Chipotle 2 Gallon UPC/PLU: 48000024264; Marinade Lime Chipotle UPC/PLU: 48000024272,Undeclared peanut protein in products containing cumin,Class II,Terminated,USA,Whole Foods Market
FDA,cumin,20150108,"JCB FLAVORS, LLC, Product Code 8103021604, 8109941606, 81099425, 8109943212,  11050201, 11050202, 11050209,,Taco Seasoning ,""6 x 6.8 lb jug , 25 lb. bulk, , 12x 1.42 lb jar,  4 x 7 lb jug,  1x 7 lb ju","JCB Flavors is conducting a recall on various  Seasonings which used  ground cumin as an ingredient received in Oct - Dec 2014.  JCB Flavors was informed by their supplier of ground cumin, Schiff Food Products, that the product tested positive for trace amounts of peanut allergens.",Class II,Terminated,USA,"JCB Flavors, LLC"
FDA,cumin,20150108,"JCB FLAVORS, LLC, Product Code 10124320, Smokey Jo BBQ Rub, #100103,  20 lb bulk .","JCB Flavors is conducting a recall on various  Seasonings which used  ground cumin as an ingredient received in Oct - Dec 2014.  JCB Flavors was informed by their supplier of ground cumin, Schiff Food Products, that the product tested positive for trace amounts of peanut allergens.",Class II,Terminated,USA,"JCB Flavors, LLC"
FDA,cumin,20150114,"Culinary Masters, MASTERS MUSTARD SPICE SEASONING RUB, Net Wt. 7 lbs. Distributed by Atlanta Foods International, Atlanta, GA 30303.",Products were manufactured with cumin found to contain undeclared peanuts.,Class I,Terminated,USA,Gourmet Foods International
FDA,cumin,20150207,"Burrito, Shrimp UPC/PLU: 00000480432",Undeclared peanut protein in products containing cumin,Class II,Terminated,USA,Whole Foods Market
FDA,cumin,20150109,"Mild Salsa, D.A.M brand, Net Wt. 16 oz (453 g), UPC 1-87283-00001-6","Mild Salsa, D.A.M brand, containing ground cumin, is recalled due to potential for contamination with peanut protein.",Class II,Terminated,USA,"Paradigm Foodworks, Inc"
FDA,cumin,20150309,"Guiltless Gourmet Southwestern Veggie Burger 2.5oz  48 pieces  Distributed by: Cuisine Innovations, LLC. 1920 Swarthmore Avenue, Lakewood, NJ 08701 USA UPC 00030499503256  For institutional use only",Products may contain cumin which may contain undeclared peanut protein.,Class II,Terminated,USA,"Cuisine Innovations LLC dba Bon Appetizers, LLC"
FDA,cumin,20150106,"GODSHALL'S S0111 -- 36959 Net Weight 50 LBS.  Godshall's Quality Meats, Telford, PA 18969  Con Yeager Spice Company, Zelienople, PA 16063    UPC: 36959  Lot #: .212497",Cumin and cumin containing spice mixes may contain undeclared peanuts.,Class II,Terminated,USA,Con Yeager Spice Co
FDA,cumin,20141224,"SAUER'S BARBEQJ E SPICE, 3 oz.",The firm was notified that a specific lot of Ground Cumin Seed (lot # 2686E) they purchased had tested and found to be positive for peanut protein.,Class I,Terminated,USA,C.F. Sauer Company
FDA,cumin,20150106,"MOJITO LIME RUB & MARINADE    BADURIK'S BUTCHER BLOCK, Mineral Ridge, OH 44440     Net Weight 12ozs;  UPC: 37045;  Lot #: .212348; .216433; .218471   Bill Bateman's Bistro, CLARKSVILLE, MD 21234    Ne",Cumin and cumin containing spice mixes may contain undeclared peanuts.,Class II,Terminated,USA,Con Yeager Spice Co
FDA,cumin,20150207,"Salad, Papas con Remolachas UPC/PLU: 48000086479",Undeclared peanut protein in products containing cumin,Class II,Terminated,USA,Whole Foods Market
FDA,cumin,20150106,"BRINGHURST CATERING BBQ   NET WEIGHT: 50 LBS.  UPC: 37827  LOT #: .208995    CON YEAGER SPICE, INC., ZELIENOPLE, PA 16053",Cumin and cumin containing spice mixes may contain undeclared peanuts.,Class II,Terminated,USA,Con Yeager Spice Co
FDA,cumin,20150112,"NATURAL EARTH PRODUCTS, NATURAL EARTH SPICES Ground Cumin, 5 lb.  Natural Earth Products Brooklyn, NY 11207.",Cumin may contain undeclared peanut protein.,Class I,Terminated,USA,Natural Earth Products
FDA,cumin,20150108,"JCB FLAVORS, LLC, Product Code 81030010, Curry Powder #810300, 10 lb bag.  12.x 1.25 lb jar, UPC 14641515045.","JCB Flavors is conducting a recall on various  Seasonings which used  ground cumin as an ingredient received in Oct - Dec 2014.  JCB Flavors was informed by their supplier of ground cumin, Schiff Food Products, that the product tested positive for trace amounts of peanut allergens.",Class II,Terminated,USA,"JCB Flavors, LLC"
FDA,cumin,20190724,"Great Value Mild Taco Seasoning, Net Wt. 1 OZ, Distributed by Wal-Mart Stores, Inc. Bentonville, AR. UPC 0 78742 24572v0",Products contains an ingredient (cumin) potentially contaminated with Salmonella.,Class II,Terminated,USA,"CH Guenther & Sons, Inc"
FDA,cumin,20150207,"Quesadilla, Vegan Beef UPC/PLU: 27267700000",Undeclared peanut protein in products containing cumin,Class I,Terminated,USA,Whole Foods Market
FDA,cumin,20150207,"Dip, Black Bean UPC/PLU: 00000484003",Undeclared peanut protein in products containing cumin,Class I,Terminated,USA,Whole Foods Market
FDA,cumin,20141224,"MYC Ingredients, Inc. Ground Cumin-ETO treated, NET WT 50 LBS.  DISTRIBUTED BY: MYC Ingredients 718-793-3310",Cumin may contain undeclared peanut protein.,Class I,Terminated,USA,Myc Ingredients
FDA,cumin,20150108,"JCB FLAVORS, LLC, Product Code 1006840812, 100684124, 1006843212,  Carne Asada #100684, 12 x 4.5 oz jar,  24 x 1lb. bag.   12 x 1.5 lb. jar""","JCB Flavors is conducting a recall on various  Seasonings which used  ground cumin as an ingredient received in Oct - Dec 2014.  JCB Flavors was informed by their supplier of ground cumin, Schiff Food Products, that the product tested positive for trace amounts of peanut allergens.",Class II,Terminated,USA,"JCB Flavors, LLC"
FDA,cumin,20150108,"JCB FLAVORS, LLC, Product Code 60661	CHIPOTLE MARINADE, 20 x 1 lb , 50 lb bulk #100204","JCB Flavors is conducting a recall on various  Seasonings which used  ground cumin as an ingredient received in Oct - Dec 2014.  JCB Flavors was informed by their supplier of ground cumin, Schiff Food Products, that the product tested positive for trace amounts of peanut allergens.",Class II,Terminated,USA,"JCB Flavors, LLC"
FDA,cumin,20150106,"WING AND FRY DUST;    CON YEAGER SPICE COMPANY, ZELIENOPLE, PA 16063  Net Weight:  1.809lbs;   UPC:  32081;   Lot #:  .211011;    Net Weight:  10lbs;   UPC:  32081;   Lot #:  .208002;     Net Weight: ",Cumin and cumin containing spice mixes may contain undeclared peanuts.,Class II,Terminated,USA,Con Yeager Spice Co
FDA,cumin,20150108,"JCB FLAVORS, LLC, Product Code G64166/60273, Chili Weiner  , 6 x 1.32 lb unit w/ cure, UPC 14641602721.","JCB Flavors is conducting a recall on various  Seasonings which used  ground cumin as an ingredient received in Oct - Dec 2014.  JCB Flavors was informed by their supplier of ground cumin, Schiff Food Products, that the product tested positive for trace amounts of peanut allergens.",Class II,Terminated,USA,"JCB Flavors, LLC"
FDA,cumin,20150207,Rub BBQ Dry 5LB UPC/PLU: 48000024279,Undeclared peanut protein in products containing cumin,Class II,Terminated,USA,Whole Foods Market
FDA,cumin,20150109,"NuSpice Taco Seasoning - F4422 D, Net Wt: 48 lb packed 8/ 6 lb bags, Manufacturer: Nu Products Seasoning co., 74 Louis Court, South Hackensack, N.J. 07606",Nu Products Seasoning Product is recalling their F4422 Taco Seasoning may be contaminated with peanut protein due to the ground cumin used in the product.,Class I,Terminated,USA,Nu Products Seasoning Co.
FDA,cumin,20150116,Cardboard box contain 6 paper packets each labeled as:  Fresh Food Manufacturing Company  Firecracker Burger Kit  Keep Refrigerated  Mix By: 5/25/2015,"Firm manufactured Firecracker Burger Kits utilizing Cumin, currently recalled by supplier. Kits were utilized by retail stores to manufacture Firecracker Salmon Burgers sold in-store only.",Class I,Terminated,USA,Fresh Foods Manufacturing Co.
FDA,cumin,20150129,"Aleia's Parmesan Croutons, Gluten Free, NET WT 8 oz (226.8g).  UPC Code:  8 55930 00162 3, Product is packaged in a brown cardboard box with white text.",Product manufactured with cumin that may contain peanut protein.,Class III,Terminated,USA,Aleias Gluten Free Foods LLC
FDA,cumin,20150108,"JCB FLAVORS, LLC, Product Code 4006500812 / 40650/406500812/771756/ 40650, Cumin Ground #400650/40650/44650, 12x 8oz jar,  12x 3.4 oz jar, 12 x 16 oz jar,  1 x 16 oz jar,  ,4 x 5 lb jug,  bulk ( 25 lb","JCB Flavors is conducting a recall on various  Seasonings which used  ground cumin as an ingredient received in Oct - Dec 2014.  JCB Flavors was informed by their supplier of ground cumin, Schiff Food Products, that the product tested positive for trace amounts of peanut allergens.",Class I,Terminated,USA,"JCB Flavors, LLC"
FDA,cumin,20150108,"JCB FLAVORS, LLC, Product Code 1002660812, Chipotle Chili&Garlic Dip #100266 , 12 x 5.5oz jar,1 oz pouch.","JCB Flavors is conducting a recall on various  Seasonings which used  ground cumin as an ingredient received in Oct - Dec 2014.  JCB Flavors was informed by their supplier of ground cumin, Schiff Food Products, that the product tested positive for trace amounts of peanut allergens.",Class II,Terminated,USA,"JCB Flavors, LLC"
FDA,cumin,20150109,"Taj ETHNIC GOURMET PUNJAB SAAG Spinach Sauce, NET WT 16.0 OZ. (454.0g), UPC 7 18687 30013 8",Cumin may contain undeclared peanut protein.,Class II,Terminated,USA,The Hain Celestial Group- Worldwide Headquarters
FDA,cumin,20150114,"Culinary Masters, BBQ SPICE LEVY, Pack Size 30 lbs.",Products were manufactured with cumin found to contain undeclared peanuts.,Class I,Terminated,USA,Gourmet Foods International
FDA,cumin,20150207,"HotBar, Latin Comfort, Stewed Black Beans UPC/PLU: 48000088655",Undeclared peanut protein in products containing cumin,Class I,Terminated,USA,Whole Foods Market
FDA,cumin,20150108,"JCB FLAVORS, LLC, Product Code 60692	Andouille Sausage,  24 x 1.5 lb unit.	  .","JCB Flavors is conducting a recall on various  Seasonings which used  ground cumin as an ingredient received in Oct - Dec 2014.  JCB Flavors was informed by their supplier of ground cumin, Schiff Food Products, that the product tested positive for trace amounts of peanut allergens.",Class II,Terminated,USA,"JCB Flavors, LLC"
FDA,cumin,20150106,"Ground Cumin, sold under Aunt Patty's brand, packed in 1lb. pack, 5 lb. pack, 25 lb. pack, and 50 lb. pack.  Product is labeled in part, ""***Handled in a facility that processes and/or repacks peanuts",Ground Cumin is recalled because it contains more than 25 ppm of peanut protein.,Class I,Terminated,USA,GloryBee Inc
FDA,cumin,20150114,WILDSEASON CAROLINA BBQ RUB,Products were manufactured with cumin found to contain undeclared peanuts.,Class I,Terminated,USA,Gourmet Foods International
FDA,cumin,20150101,Hummus; All-natural ZILKS ROASTED RED PEPPER HUMMUS GLUTEN FREE & NON-GMO NET WT. 8 OZ,Potential undeclared peanuts in cumin ingredient.,Class II,Terminated,USA,Zilks Foods
FDA,cumin,20141224,"SAUER'S CHILl POWDER, 2.25 oz.",The firm was notified that a specific lot of Ground Cumin Seed (lot # 2686E) they purchased had tested and found to be positive for peanut protein.,Class I,Terminated,USA,C.F. Sauer Company
FDA,cumin,20150108,"JCB FLAVORS, LLC, Product Code 8016401, Cherry Chipotle Wine Dip #801640, 1 oz pouch  bulk pack.","JCB Flavors is conducting a recall on various  Seasonings which used  ground cumin as an ingredient received in Oct - Dec 2014.  JCB Flavors was informed by their supplier of ground cumin, Schiff Food Products, that the product tested positive for trace amounts of peanut allergens.",Class II,Terminated,USA,"JCB Flavors, LLC"
FDA,cumin,20150108,"JCB FLAVORS, LLC, Product Code 60558, CHORIZO PORK SEASONING #60558, BLEND 90600 , 12 x 2 oz bags, UPC 75756605588.","JCB Flavors is conducting a recall on various  Seasonings which used  ground cumin as an ingredient received in Oct - Dec 2014.  JCB Flavors was informed by their supplier of ground cumin, Schiff Food Products, that the product tested positive for trace amounts of peanut allergens.",Class II,Terminated,USA,"JCB Flavors, LLC"
FDA,cumin,20150108,"JCB FLAVORS, LLC, Product Code 101113124, Backyard BBQ Marinade #101113, 24x 1.25 lb bags, UPC 14641020860.","JCB Flavors is conducting a recall on various  Seasonings which used  ground cumin as an ingredient received in Oct - Dec 2014.  JCB Flavors was informed by their supplier of ground cumin, Schiff Food Products, that the product tested positive for trace amounts of peanut allergens.",Class II,Terminated,USA,"JCB Flavors, LLC"
FDA,cumin,20150106,"GROUND CUMIN  and GROUND CUMIN SEEDS    Con Yeager Spice Company, Zelienople, PA  16063   Net Weight: 10 lbs; UPC: 33385; Lot #: 6820; Net Weight: 5 lbs; UPC: 33385; Lot #: 6820; Net Weight: 1.5 oz; U",Cumin and cumin containing spice mixes may contain undeclared peanuts.,Class I,Terminated,USA,Con Yeager Spice Co
FDA,cumin,20141224,"GREEN CACTUS SPICY SPECIAL SEASONING (SEA-903), Net Weight XXXX Lbs. -- FIRST SPICE MIXING COMPANY LONG ISLAND CITY, N.Y. --- INGREDIENTS: SALT, SUGAR, SPICES, PAPRIKA, ONION POWDER, GARLIC POWDER, CO",Firm was notified by immediate supplier that certain lots of  ground cumin may have been contaminated with peanut protein which is not declared on the label.,Class I,Terminated,USA,"First Spice Mixing Co.,Inc."
FDA,cumin,20150207,"Burrito, Black Bean UPC/PLU: 00000480430",Undeclared peanut protein in products containing cumin,Class II,Terminated,USA,Whole Foods Market
FDA,cumin,20150217,Ground Cumin. 16 oz. Oz Qt Spice Jar,Cumin may be contaminated with peanut protein.,Class I,Terminated,USA,"Imported Foods Resource Group, Inc."
FDA,cumin,20150109,"Taj ETHNIC GOURMET CALCUTTA MASALA Simmer Sauce, NET WT 16.0 OZ. (454.0g), UPC 7 18687 30011 4",Cumin may contain undeclared peanut protein.,Class II,Terminated,USA,The Hain Celestial Group- Worldwide Headquarters
FDA,cumin,20150207,Burrito Black Bean and Cheese UPC/PLU: 26270400000,Undeclared peanut protein in products containing cumin,Class II,Terminated,USA,Whole Foods Market
FDA,cumin,20160209,"Deer Cumin Powder      7 oz.., UPC 714760027497    14 oz UPC 714760027503    Packed for: Best Foods Inc. Edison, NJ 08817",Cumin may contain undeclared peanut.,Class II,Terminated,USA,"Best Foods NJ, Inc."
FDA,cumin,20150126,"E & S Ground Cumin, Net Wt. 1 LB (16 oz.), E & S Foods, Inc., Whippany, NJ 07981, UPC 000000130059",Colonna Brothers is recalling ground cumin received from its supplier that may be contaminated with peanut proteins.,Class I,Terminated,USA,Colonna Brothers Inc.
FDA,cumin,20150114,"Culinary Masters, CHILI LIME SEASONING BLEND STEAK RUB, Net Wt. 20oz.",Products were manufactured with cumin found to contain undeclared peanuts.,Class I,Terminated,USA,Gourmet Foods International
FDA,cumin,20141224,"SAUER'S HOT CHILl POWDER, 2.25oz.",The firm was notified that a specific lot of Ground Cumin Seed (lot # 2686E) they purchased had tested and found to be positive for peanut protein.,Class I,Terminated,USA,C.F. Sauer Company
FDA,cumin,20150116,"The product label reads in part ""***TANEUM CANYON CHILI*** Rill Foods***NET WT. 7.75 OZ.***"" The product is packaged in a clear flexible laminate bag and contains smaller packages of spices as well.  ",Rill Foods distributed dry soup/chili mix products  manufactured with cumin which was recalled due to  the potential to be contaminated with peanut protein.,Class II,Terminated,USA,Rill Foods
FDA,cumin,20150106,"WINGS N THINGS MIX  #1 Net Weight: 40 lbs.     WINGS N THINGS MIX #3 Net Weight: 40 lbs.  Con Yeager Spice Company, Zelienople, PA 16063   UPC: 32016; 32021   Lot #: .216582; .216583",Cumin and cumin containing spice mixes may contain undeclared peanuts.,Class II,Terminated,USA,Con Yeager Spice Co
FDA,cumin,20141224,"SAUER'S CHILl POWDER, 5.5 lbs.    BLUE MOUNTAIN VALLEY CHILl POWDER, 5.5 lbs.     CHEF'S MAGIC CHILl POWDER, 5.5 lbs.    CODE CHILl POWDER, 5.5 lbs.    IFH CHILI POWDER,5.5 lbs.     NUGGET CHILl POWDE",The firm was notified that a specific lot of Ground Cumin Seed (lot # 2686E) they purchased had tested and found to be positive for peanut protein.,Class I,Terminated,USA,C.F. Sauer Company
FDA,cumin,20150108,"JCB FLAVORS, LLC, Product Code 998926140, Berea Chorizo Sausage #998926,   40 x 1.24 lb. unit.","JCB Flavors is conducting a recall on various  Seasonings which used  ground cumin as an ingredient received in Oct - Dec 2014.  JCB Flavors was informed by their supplier of ground cumin, Schiff Food Products, that the product tested positive for trace amounts of peanut allergens.",Class II,Terminated,USA,"JCB Flavors, LLC"
FDA,cumin,20141224,"BURRITO LOCO ALL-PURPOSE SEASONING (SEA-189) -- FIRST SPICE MIXING COMPANY LONG ISLAND CITY, N.Y. --- INGREDIENTS: SALT, HYDROLYZED SOY PROTEIN, SUGAR, SPICES, FLAVORINGS (SPICE EXTRACTIVES). --- The ",Firm was notified by immediate supplier that certain lots of  ground cumin may have been contaminated with peanut protein which is not declared on the label.,Class I,Terminated,USA,"First Spice Mixing Co.,Inc."
FDA,cumin,20150207,Adobo Enchiladas & Dirty Rice Net Wt. 48 OZ. (3LB) (1.36kg) Whole Foods Market Kitchens UPC/PLU: 036406302561; Enchilada Adobo Bulk UPC/PLU: 26978700000,Undeclared peanut protein in products containing cumin,Class II,Terminated,USA,Whole Foods Market
FDA,cumin,20150102,"Cumin, Ground NET WT. 50 LBS. DISTRIBUTED BY: SOUTHERN STYLE SPICES PO BOX 20 MANOR, TX 78653 PHONE: (512)272-5621",The ground cumin may contain peanut protein.,Class II,Terminated,USA,Southern Style Spices
FDA,cumin,20150115,"Frozen Yucatan Style Roasted Corn & Black Bean Tart, Item #K4072, Prepared by Kabob's Acquisition Inc., 5423 North Lake Drive, Lake City, Ga. 30260.",Products were manufactured with cumin found to contain undeclared peanuts.,Class II,Terminated,USA,Kabobs Inc
FDA,cumin,20150101,Hummus; All-natural ZILKS SPINACH & ARTICHOKE  HUMMUS GLUTEN FREE & NON-GMO NET WT. 8 OZ,Potential undeclared peanuts in cumin ingredient.,Class II,Terminated,USA,Zilks Foods
FDA,cumin,20150108,"JCB FLAVORS, LLC, Product Code 1004421, 	Fireman's Chili  #100442,  3 oz units.","JCB Flavors is conducting a recall on various  Seasonings which used  ground cumin as an ingredient received in Oct - Dec 2014.  JCB Flavors was informed by their supplier of ground cumin, Schiff Food Products, that the product tested positive for trace amounts of peanut allergens.",Class II,Terminated,USA,"JCB Flavors, LLC"
FDA,cumin,20150115,"Frozen Shrimp Empanada, 100 count, Ready to cook, Item #K718, Prepared by Kabob's Acquisition Inc., 5423 North Lake Drive, Lake City, Ga. 30260.",Products were manufactured with cumin found to contain undeclared peanuts.,Class II,Terminated,USA,Kabobs Inc
FDA,cumin,20141224,"KARL'S HOT CHORIZO SEASONING R-1 (CH0-015), Net Weight XXXX Lbs. -- FIRST SPICE MIXING COMPANY LONG ISLAND CITY, N.Y. --- INGREDIENTS: SALT, PAPRIKA, SPICES, GARLIC POWDER, FLAVORING (SPICE EXTRACTIVE",Firm was notified by immediate supplier that certain lots of  ground cumin may have been contaminated with peanut protein which is not declared on the label.,Class I,Terminated,USA,"First Spice Mixing Co.,Inc."
FDA,cumin,20150106,"OLE FASHIONED BBQ #8 Net Weight: 100 lb.   Con Yeager Spice Company, Zelienople, PA 16063   UPC: 34333 Lot #:.213145",Cumin and cumin containing spice mixes may contain undeclared peanuts.,Class II,Terminated,USA,Con Yeager Spice Co
FDA,cumin,20150116,"The product label reads in part ""***ROCKY MOUNTAIN CHILI SPICE Soup Seasoning*** Net Wt. 3.45 oz (98g) *** Rill Foods***""The product is packaged in a clear flexible laminate bag then placed into a tin",Rill Foods distributed dry soup/chili mix products  manufactured with cumin which was recalled due to  the potential to be contaminated with peanut protein.,Class II,Terminated,USA,Rill Foods
FDA,cumin,20150106,CON YEAGER SPICE COMPANY	BBQ PITT BEEF SEASONING 12oz   ITEM # 38345-38767	 Lot: .212023,Cumin and cumin containing spice mixes may contain undeclared peanuts.,Class II,Terminated,USA,Con Yeager Spice Co
FDA,cumin,20141231,"GULF COAST BRAND DIXIE FISH SEASONED FLOUR, NET WEIGHT 50 lbs. (22.68 kg.), GULF COAST BLENDERS, INC., 7801 Townsend Place, New Orleans, LA 70126",Spice blends contain ground cumin which was recalled by Schiff Food Products due to the possible presence of peanut protein.,Class II,Terminated,USA,"Gulf Coast Blenders, Inc"
FDA,cumin,20141231,"REX KING OF SPICE (R) CAJUN CREOLE SEASONING, NET WEIGHT 4.62 oz. (131 g), Produced Exclusively for: REX FINE FOODS, New Orleans, LA 70126",Spice blends contain ground cumin which was recalled by Schiff Food Products due to the possible presence of peanut protein.,Class II,Terminated,USA,"Gulf Coast Blenders, Inc"
FDA,cumin,20150125,CHILI POWDER 50 LBS,Cumin contains undeclared peanut protein,Class I,Terminated,USA,"Wm. E. Martin & Sons Co., Inc."
FDA,cumin,20150207,Southwest Stuffed Sweets HSH CC UPC/PLU: 28634600000; Southwest Stuffed Sweets HSH FP UPC/PLU: 26066400000,Undeclared peanut protein in products containing cumin,Class II,Terminated,USA,Whole Foods Market
FDA,cumin,20150114,"Culinary Masters, CUMIN FANCY FINE GROUND TURKEY, Net Wt. 16 oz. and 5 lbs., Distributed by Atlanta Foods International, Atlanta, GA 30303.",Products were manufactured with cumin found to contain undeclared peanuts.,Class I,Terminated,USA,Gourmet Foods International
FDA,cumin,20150115,"HT Traders Blue Cheese Jalapeno Spicy & Unique Seasoning Blend packaged in a 6 oz clear square glass bottle with a black metal cap and a label weight of 3.7 oz (104.9 g), Proudly Distributed by Harris",The products contain cumin that may be contaminated with undeclared peanut allergens.,Class I,Terminated,USA,Brinkhoff & Monoson Inc
FDA,cumin,20150114,"Culinary Masters, SPICE BLEND PORK PAPRIKA, Net Wt. 30 lbs., Distributed by Gourmet Foods International, Atlanta, GA 30303.",Products were manufactured with cumin found to contain undeclared peanuts.,Class II,Terminated,USA,Gourmet Foods International
FDA,cumin,20150207,"HotBar, NE Tofu Meatloaf UPC/PLU: 48000088750",Undeclared peanut protein in products containing cumin,Class II,Terminated,USA,Whole Foods Market
FDA,cumin,20150207,"Quesadilla, Black Bean",Undeclared peanut protein in products containing cumin,Class II,Terminated,USA,Whole Foods Market
FDA,cumin,20150207,Taco Salad Tofu Chipotle Lime UPC/PLU: 2-65294-00000,Undeclared peanut protein in products containing cumin,Class II,Terminated,USA,Whole Foods Market
FDA,cumin,20150106,"Woodsmen's American Seasoning  Net Weight 13 oz; and 3.2 oz    Distributed by:   WOODSMEN'S AMERICAN SEASONING, LINESVILLE, PA 16424    UPC: 32489; 35765    LOT #: 212281",Cumin and cumin containing spice mixes may contain undeclared peanuts.,Class II,Terminated,USA,Con Yeager Spice Co
FDA,cumin,20150207,Quesadilla Mushroom Goat Cheese UPC/PLU: 26405800000,Undeclared peanut protein in products containing cumin,Class II,Terminated,USA,Whole Foods Market
FDA,cumin,20150109,"Wild BBQ Sauce, Ooga Booga brand, Net wt. 17. 6 oz (498 g), UPC 8-13012-00436-8","Wild BBQ Sauce, Ooga Booga brand, containing ground cumin and mild chili powder, is recalled due to potential for contamination with peanut protein.",Class II,Terminated,USA,"Paradigm Foodworks, Inc"
FDA,cumin,20150114,"Chili-Bean Fresh Veggiburger, 4 Pre-Grilled Patties, All Natural Meatless Patties, Net Wt. 10 oz. (284)g)",Franklin Farms DBA VeggiLand is recalling their Chili-Bean Veggiburgers because they may contain undeclared peanut protein from the ground cumin used in the product.,Class II,Terminated,USA,J P Veggies Inc. DBA VeggieLand
FDA,cumin,20150107,"Chef's Delight Spices & Herbs - Ground Cumin, Net Wt. 5.0 lb Jugs, Packed for Hermolia, Packed by CO, Brooklyn, NY",Prima Spice Inc. is recalling Chef Delight's Ground Cumin due to possible peanut protein contamination.  This recall is a result of the Schiff Foods Product recall.,Class I,Terminated,USA,"Prima Spice, Inc."
FDA,cumin,20150108,"JCB FLAVORS, LLC, Product Code 8109293212, Cajun Sensation Seasoning #810929, 12 x 26oz jar.	  	.","JCB Flavors is conducting a recall on various  Seasonings which used  ground cumin as an ingredient received in Oct - Dec 2014.  JCB Flavors was informed by their supplier of ground cumin, Schiff Food Products, that the product tested positive for trace amounts of peanut allergens.",Class II,Terminated,USA,"JCB Flavors, LLC"
FDA,cumin,20150204,"Ground Cumin, Bulk  Package Size:  a) 50 lb. paper carton  b) 16 oz. jar/ 8 plastic jars per case",Ground cumin may contain peanut protein.,Class I,Terminated,USA,"International Foodsource, LLC"
FDA,cumin,20150113,"Dr. J's Smart Gourmet Salsa Mild , 15 oz., UPC: 793573078148","Condies Foods, Inc. is recalling Condies brand Bold and Zesty salsa and Dr. J's brand Mild and Medium salsas because they contain the recalled spice cumin, which may contain undeclared peanut protein.",Class II,Terminated,USA,"Condies Foods, Inc"
FDA,cumin,20150126,"Sazon with Saffron, Package Weights: 18 / 20 env 3.52 oz and 36 / 8 env 1.41 oz",Cumin used was contaminated with peanut protein.,Class II,Terminated,USA,"Sazon, Inc."
FDA,cumin,20150114,"Culinary Masters, TACO SPICE LEVY, Pack Size 30 lbs.",Products were manufactured with cumin found to contain undeclared peanuts.,Class I,Terminated,USA,Gourmet Foods International
FDA,cumin,20150109,"Mild BBQ Sauce, Ooga Booga brand, Net wt. 17. 6 oz (498 g), UPC 8-13012-00435-1","Mild BBQ Sauce, Ooga Booga brand, containing ground cumin and mild chili powder, is recalled due to potential for contamination with peanut protein.",Class II,Terminated,USA,"Paradigm Foodworks, Inc"
FDA,cumin,20150207,Slaw Kale Avocado HSH 14 oz. UPC/PLU code: 0-00000-68899,Undeclared peanut protein in products containing cumin,Class II,Terminated,USA,Whole Foods Market
FDA,cumin,20150220,"VITARROZ SAZON CON CULANTRO Y ACHIOTE CORIANDER & ANNATTO, NET WT. 6.34 OZ. 180g, Jumbo SOBRES 36 PACKETS,  UPC 0 72670 04255 0.",Cumin may contain undeclared peanut protein,Class II,Terminated,USA,"Iberia Foods Company of New York, Inc"
FDA,cumin,20150105,"GROUND CUMIN SEED, 50 LBS NET, ETO STERILE TREATED",Cumin may contain undeclared peanut protein.,Class I,Terminated,USA,"Morris J. Golombeck, Inc."
FDA,cumin,20150213,"Kirby Spanish Barbecue Sauce Mojo Criollo (a) 24 ounce and (c) 1 Gallon; Packed For Kirby Foods, Inc. Miami, Florida 33172;   Product of Dominican Republic",Goya was notified by one of its ingredient suppliers that one lot of cumin had potentially been produced with undeclared peanut protein.,Class II,Terminated,USA,Goya Foods
FDA,cumin,20150114,205190-50 Cumin Seed Powder,Notified by immediate supplier of recall of ground cumin from Turkey due to the presence of peanut protein.,Class I,Terminated,USA,"Starwest Botanicals, Inc"
FDA,fish,20180323,"Kitchen's Cravings Egg Salad Sandwich on Oat Multigrain Bread.  Net Wt. 5.5 oz. (156g),  Black bottom clear top plastic clamshell container, UPC 39779-00079   Keep Refrigerated.",Kwik Trip is recalling Kitchen's Cravings Premium Egg Salad Sandwich on Oat Multigrain Bread because it may contain undeclared fish and shellfish.,Class I,Terminated,USA,"Kwik Trip, Inc."
FDA,fish,20230223,"Seasoned Dried Pollack distributed in un-labeled plastic containers 6oz., 8 oz., and 12 oz.  Containers were then labeled at H-mart, G-mart, or M2M retail store.","Seasoned Dried Pollack was recalled due to undeclared Fish (Pollack), Wheat, Soybean.",Class II,Terminated,USA,Lemonland Food Corp
FDA,fish,20211213,"Joy's Gourmet Blast Off! Bloody Mary Mix, Net Wt. 24 Oz",Undeclared Fish and Soy,Class II,Terminated,USA,"Joy's International Foods, Incorporated"
FDA,fish,20240911,"Item FLD1040A, Wild Leeks, distributed in plastic clamshell containers. Net wt. 0.315lb.  The H-Mart label declares: Wild Leeks, Sugar, Soy Sauce.",Soy Sauce is declare but Wheat and Fish (Anchovy) are not declared.,Class II,Terminated,USA,Lemonland Food Corp
FDA,fish,20230223,"Stir-Fried Kimchi distributed in un-labeled plastic containers 12oz.  Containers were then labeled at H-mart, G-mart, or M2M retail store.","Stir-Fried Kimchi was recalled due to undeclared Fish (Anchovy), Shrimp, Wheat, and Sesame Oil.",Class II,Terminated,USA,Lemonland Food Corp
FDA,fish,20170811,"Whole Foods Smoked Whitefish Fillet, packed in bulk boxes.  Labeling states: Smoked on: 08/09/17, Sell Through: 09/04/17.  Smoked fish portions are placed inside of a box lined with a plastic bag, whi",Rushing Waters Fisheries is recalling 3 smoked fish products because they may have been underprocessed.,Class III,Terminated,USA,"Rushing Waters Fisheries, LLC"
FDA,fish,20190711,"Shirakiku FISH CAKE GOBO MAKI SK F:  20/ 150G, Net Wt. 5.29 oz.  Keep Frozen, 5 pcs.  UPC 07441092550    Distributed by Wismettac Asian Foods, Inc. Santa Fe Springs, CA","Fish Cake items contain possible contaminating undeclared egg, milk and shellfish.",Class I,Terminated,USA,"Wismettac Asian Foods, INC"
FDA,fish,20190711,"Shirakiku FISH CAKE IKA MAKI SK F;  20/ 150G, Net Wt. 5.29 oz.  Keep Frozen, 4 pcs.  UPC 074410925567    Distributed by Wismettac Asian Foods, Inc. Santa Fe Springs, CA","Fish Cake items contain possible contaminating undeclared egg, milk and shellfish.",Class I,Terminated,USA,"Wismettac Asian Foods, INC"
FDA,fish,20161110,PREMIUM SMOKED SALMON  UPC 7 02772 00564 0    Packaged in a 5 lb case 20/4oz vacuum packaged per case. Cardboard type label is folded over and affixed to the top of the package.  Sell by date is marke,"Northern Fish Products is recalling hot smoked salmon, black cod, steelhead, and trout, with the exception of hot jerky salmon and jerky salmon due to undeclared soy.",Class II,Terminated,USA,"Northern Fish Products, Inc."
FDA,fish,20260323,"Booey's Dragon's Breath sauce, 15.2oz ringneck glass bottle. UPC on bottle: 7 01936 29222 3.  There are 12 bottles per case. Manufactured Exclusively for  BOOEYS GOURMET 3924 N. Cannon St. Spokane, WA","Ingredients statement declares Anchovy and Sasame, but Contains statement does not declare Fish (Anchovy) and Sesame.",Class II,Completed,USA,Booey's Gourmet LLC
FDA,fish,20240104,"DELI CAROLINA STYLE MUSTARD BBQ SAUCE, 2 oz (57g), plastic cup, 96 cups/case, store in ambient temperatures",Undeclared fish (anchovy) allergen,Class II,Terminated,USA,Ventura Foods Llc
FDA,fish,20201023,"IncredibleStoneCrab, Mustard Sauce, 8 oz. plastic container, Distributed by: IncredibleStoneCrab,","Undeclared Allergens: Fish, Egg, and Milk.",Class I,Terminated,USA,Incredible Fish
FDA,fish,20220713,"Ready Meals Crab & Shrimp w/Ccktl   SCE NET WT 12 OZ CAL 310 NET WT. 0lb 12oz (340g) ready2eat UPC 23253500000  Store Banners: ACME, Albertsons, Andronico s Community Markets, Balducci s, Carrs-Safewa","Undeclared allergens; fish, shellfish, egg, wheat, and soy",Class I,Terminated,USA,Albertsons Companies LLC
FDA,fish,20161110,"""***PREMIUM SMOKED SALMON***CRACKED PEPPER*** NET WT: 4OZ***Packaged 5 lbs case 20/4oz vacuum packages/case. Cardboard type label is folded over and affixed to the top of the package.  Sell by date is","Northern Fish Products is recalling hot smoked salmon, black cod, steelhead, and trout, with the exception of hot jerky salmon and jerky salmon due to undeclared soy.",Class II,Terminated,USA,"Northern Fish Products, Inc."
FDA,fish,20190711,"Shirakiku FISH CAKE AGE BALL SK F;  20/ 150G; Net Wt. 5.29 oz.  Keep Frozen, 15 pcs.  UPC 074410925574    Distributed by Wismettac Asian Foods, Inc. Santa Fe Springs, CA","Fish Cake items contain possible contaminating undeclared egg, milk and shellfish.",Class I,Terminated,USA,"Wismettac Asian Foods, INC"
FDA,fish,20160527,Spicy Kimchi,"Undeclared fish, shellfish, and/or tree nuts.",Class I,Terminated,USA,WHOLE FOODS MARKET
FDA,fish,20131103,"Trader Giotto's CAESAR Salad with Caesar Dressing;  Perishable, keep refrigerated.  Packaged in Net Wt. 8.5 oz (241 g) plastic clamshell.    Manufactured for Trader Joe's  Manufactured by Ghiringhelli","Report of mislabeled Caesar Salads with a use by date of 11/3/13 due to undeclared allergens of soy, fish and wheat on the ingredient and allergen statement.",Class I,Terminated,USA,Ghiringhelli Specialty Foods Inc.
FDA,fish,20230223,"Wild Leek distributed in un-labeled plastic containers 8oz and 12oz.  Containers were then labeled at H-mart, G-mart, or M2M retail store.","Wild Leek was recalled due to undeclared Soybean, Wheat, and Fish (Anchovy).",Class II,Terminated,USA,Lemonland Food Corp
FDA,fish,20190711,"Shirakiku FISH CAKE BOUTEN SK F  20/ 150G, Net Wt. 5.29 oz.  Keep Frozen, 7 pcs.  UPC 074410925253    Distributed by Wismettac Asian Foods, Inc. Santa Fe Springs, CA","Fish Cake items contain possible contaminating undeclared egg, milk and shellfish.",Class I,Terminated,USA,"Wismettac Asian Foods, INC"
FDA,fish,20230303,Takuma food dashi salt peanut  80g UPC: 4962679652750,Products were found to contain flying fish instead of angler fish.,Class II,Terminated,USA,DAISO CALIFORNIA WAREHOUSE
FDA,fish,20190918,"Shirakiku Buckwheat Noodles Yamaimo Soba With Concentration Soup Base, 435G SK, UPC 074410455200      Distributed by Wismettac Asian Foods, Inc.   Santa Fe Springs, CA 90670","Product label identifies bonito, but product dipping sauce actually contains skipjack tuna, yellowfin tuna, and bluefin tuna as well as does not state the general allergen name of fish.",Class II,Terminated,USA,"Wismettac Asian Foods, INC"
FDA,fish,20161110,WILD CATCH PREMIUM SMOKED SALMON***NATURAL***NET WT: 4OZ***  UPC 7 02772 00559 6.  Cardboard type label is folded over and affixed to the top of the package.  Sell by date is marked on the label by th,"Northern Fish Products is recalling hot smoked salmon, black cod, steelhead, and trout, with the exception of hot jerky salmon and jerky salmon due to undeclared soy.",Class II,Terminated,USA,"Northern Fish Products, Inc."
FDA,fish,20241209,"BORSARI Food Company Incorporated; BLOODY MARY MIX ; 32 FL. OZ; INGREDIENTS: Tomato juice, corn syrup, non-fat milk solids, orange juice, lemon juice, lime juice, cayenne pepper, vinegar, salt, garlic",Product contains undeclared fish (anchovy) and soy.,Class II,Terminated,USA,Borsari Food Company Inc
FDA,fish,20230223,"Stir-Fried Fish Cake distributed in un-labeled plastic containers 6oz, 8oz, 12oz, and 16oz.  Containers were then labeled at H-mart, G-mart, or M2M retail store.","Stir-Fried Fish Cake was recalled due to undeclared Soybean, Wheat, Fish (Golden Threadfin Bream, Hairtail), and Sesame.",Class II,Terminated,USA,Lemonland Food Corp
FDA,fish,20121003,"""beer set dried rudd"", NET WT 200 g (7 oz), PRODUCT OF RUSSIA, BEST BEFORE 10.22.2012 --- The product was packaged in a vacuum packed bag.    According to the Food Lab Report, the sample consisted of ",The imported processed fish was found to be uneviscerated based on sampling and analysis by New York State Department of Agriculture & Markets.,Class I,Terminated,USA,KRASNYI OKTYABR INC
FDA,fish,20250624,"Blue Fin Tuna, Net WT (variable weight) 50 lb brown corrugated carboard box. Boxes contain ice for temperature control. Keep Refrigerated.","RTE fish (sushi-salmon, tuna) processed under insanitary conditions. The firm was notified by the Georgia Department of Agriculture that the products were manufactured under unsanitary conditions.",Class II,Terminated,USA,Moon N Sea GA LLC
FDA,fish,20180201,"Daisho Kimchi Hot Pot Soup Base; 1.60 lb pouch (10 units per case)    Bar Code: 49 04621 04221 9    Product of Japan  Imported by JFC International Inc., Los Angeles, CA.",Daisho Kimchi Hot Pot Soup base contains undeclared fish - shrimp and crab.,Class I,Terminated,USA,J F C International Inc
FDA,fish,20240216,Chin Jung White Kimchi - 3 lb. 8 oz (1.58 kg) plastic jars,Undeclared allergen; fish,Class II,Terminated,USA,Chin Jung Corporation
FDA,fish,20230223,"Seasoned Fish Meat distributed in un-labeled plastic containers 8oz. and 12oz.  Containers were then labeled at H-mart, G-mart, or M2M retail store.","Seasoned Fish Meat was recalled due to undeclared Fish (Pollock, Golden Threadfin Bream, Hairtail, Lizard Fish), Wheat, and Soy bean.",Class II,Terminated,USA,Lemonland Food Corp
FDA,fish,20160803,Whole Food Market Thai Shrimp Salad Serving Size 8 oz.  Distributed by Whole Foods Market Englewood Cliffs NJ 07632 UPC 8-2510-00081,Whole Food Market Spicy Harissa Salmon Salad sold in the NE region  was mislabeled as Thai Shrimp Salad. This resulted in undeclared salmon (Fish) and Pistachio (treenut).,Class II,Terminated,USA,Whole Foods Market Northeast Regional Office
FDA,fish,20150329,"8"" Lemon Meringue Pie  Sell by: (up to and including) 04/02/15   PLU: 9971  Net Wt: 22oz.  Contains: Wheat, Soy, Egg","Giant Eagle recalls store produced RTE Fried Fish, Lemon Meringue Pie and Coconut Meringue Pie for undeclared allergens.",Class I,Terminated,USA,"Giant Eagle, Inc."
FDA,fish,20240829,"Miso Katsuo Ninniku (Pickled Garlic), Net WT 5.2 OZ (147g) Products of China; Imported By Niitakaya U.S.A. Inc., Motebello, CA 90640 ITEM No. 3701",Undeclared allergen (Fish) Ingredient,Class II,Terminated,USA,Niitakaya USA Inc
FDA,fish,20160527,Kimchi Guacamole  Item Number 20185700000,"Undeclared fish, shellfish, and/or tree nuts.",Class I,Terminated,USA,WHOLE FOODS MARKET
FDA,fish,20150329,"Heat & Serve Fried Fish   Sell By: (up to and including) 4/02/15    PLU: 37156   Contains Fish (Pangasus), Soy, Wheat   Giant Eagle   Distributed by: Giant Eagle, inc., Pittsburgh, PA 15238","Giant Eagle recalls store produced RTE Fried Fish, Lemon Meringue Pie and Coconut Meringue Pie for undeclared allergens.",Class I,Terminated,USA,"Giant Eagle, Inc."
FDA,fish,20251027,"Belevini BICHKI, Dried Salted Whole Smelts, Net. Weight, 5.29 oz (150 g) VACUUM PACK,20 PACKAGES PER CASE,  FROZEN, REFRIGERATE AFTER OPENING",Clostridium botulinum (uneviscerated fish),Class I,Terminated,USA,"MAMTAKIM, Inc."
FDA,fish,20230223,"Seasoned Radish Sliced distributed in un-labeled plastic containers 6oz., 8 oz., and 12 oz.  Containers were then labeled at H-mart, G-mart, or M2M retail store.","Seasoned Radish Sliced was recalled due to undeclared Fish (Anchovy, Big Eye Herring), Crustacean (Shrimp), Sesame.",Class II,Terminated,USA,Lemonland Food Corp
FDA,fish,20230223,"Seasoned Garlic Stem distributed in un-labeled plastic containers 8oz.  Containers were then labeled at H-mart, G-mart, or M2M retail store.",Seasoned Garlic Stem was recalled due to undeclared Fish (Anchovy) and Sesame Seeds.,Class II,Terminated,USA,Lemonland Food Corp
FDA,fish,20251003,"Frozen Crab Paste; 3.5 OZ (100g); Imported by Mutual Tading Co. Inc.  UPC# 72546723040 ""Not for retail Sale"" Frozen Crab Paste IM-2 in w/Tray; 500g; Imported by Mutual Trading Co. Inc. UPC# 7254660785","Undeclared allergen ingredients (fish, soy, and wheat)",Class I,Terminated,USA,"New York Mutual Trading, Inc."
FDA,fish,20240323,Egg salad sandwich packaged in clamshell for individual sale. 7.22oz (205g) UPC 766375938415,Tuna salad sandwich was mislabeled as an egg salad sandwich. There is an undeclared allergen of fish (Tuna).,Class II,Terminated,USA,The Coastal Companies DBA Hearn Kirkwood
FDA,fish,20240911,"Item FLD2011, Salted and Seasoned Small Octopus, distributed in plastic clamshell containers, net wt. 0.267lb.  The H-Mart label declares: Octopus, Salt, Garlic, Ginger, Red Pepper Powder, Green Onion",Undeclared Fish (Anchovy).,Class I,Terminated,USA,Lemonland Food Corp
FDA,fish,20150724,"Cold Smoked Salmon Deli trays (CS300), 2 pcs, 3lbs/trays.  6lbs per case.",Certified Smoked Fish is Cold Smoked Salmon because they have the potential to be contaminated with Listeria monocytogenes.,Class II,Terminated,USA,Certified Smoked Fish LLC
FDA,fish,20220713,"Ready Meals Snow Crab Legs Imitation Surimi  SCE NET WT 12 OZ CAL 300 NET WT. 0lb 12oz (340g) ready2eat Tomato paste, water, high fructose corn syrup, distilled vinegar, horseradish, salt, lemon juice","Undeclared allergens; fish, shellfish, egg, and wheat",Class I,Terminated,USA,Albertsons Companies LLC
FDA,fish,20230516,Wegmans Italian Classics Diavolo Pasta Sauce 24 OZ,Product may contain undeclared fish.,Class I,Terminated,USA,"LiDestri Foods, Inc."
FDA,fish,20240715,Collagen Joint Support with Black Currant LOT#: Q241851;  14 Stick Pack 3.92 oz,Undeclared Fish Allergen,Class II,Ongoing,USA,"Quantum Fulfillment and Support, LLC"
FDA,fish,20230303,Kimura burdock salt  40g UPC: 4972304293524,"Fish (Sardines, Bonito, Tuna) not listed either in ingredients list or in the contains statement",Class I,Terminated,USA,DAISO CALIFORNIA WAREHOUSE
FDA,fish,20191111,Marketside Creamy Cauliflower Parmesan Soup  16 ounce  UPC Codes: 8113130606  Use By 11/23 through Use by 1/1/20,Soup labeled Creamy Cauliflower Parmesan Soup may contain undeclared fish and wheat,Class I,Terminated,USA,"Kettle Cuisine, LLC"
FDA,fish,20230206,"Arroyabe Bonito Flakes White Meat Tuna Flakes in Oil From the Basque region of Spain. Product is packaged in metal can, Net wt: 32oz (900g), Drained Weight: 21oz (590g).  Ingredients: White Tuna, Sunf",Dried fish bones were found in product.,Class II,Terminated,USA,Power Selles Imports dba Culinary Collective
FDA,fish,20250507,"Taylor Shellfish Farms Geoduck Chowder Base, frozen, Ingredients: Potatoes, Clam (Geoduck) ***Butter (Cream, Salt), Fish Sauce Ka Me***CONTAINS: MILK, CLAMS.    Product is packed in rigid plastic tubs",The ingredients statement declares fish sauce but does not declare anchovies. The Contains statement does not declare fish (anchovies).,Class II,Terminated,USA,Vern's Foods & Farm
FDA,fish,20130207,Bream Dry Salted Fish Net Wt.: about 14.2 oz  Imported by Zip International Group LLC  Product of Russia,NYSDAM sampling and analysis has revealed that Dry Salted Fish is uneviscerated.,Class I,Terminated,USA,Zip International Group
FDA,fish,20210504,"""Bloomy*** Biotin Collagen Keratin***Capsules for SKIN, JOINT, HAIR***Supplement Facts***Marine Collagen***Manufactured for Bloommy Inc. 106 W. Broad St. Pawcatuck, CT 06379""",Dietary supplement contains undeclared fish collagen,Class II,Terminated,USA,bloommy Inc.
FDA,fish,20251028,Dry Ghoinnya Fish,Un-eviscerated fish may be contaminated with Clostridia botulinum.,Class I,Ongoing,USA,"New Hoque and Sons, Inc."
FDA,fish,20170428,"Frozen Wild Shrimp Burgers, Wild Grill Foods brand, net wt. 12 oz. Each package contains 4/ 3 oz. pieces.  UPC 8 94067 00248 6.    The 12 oz. package label is read in parts: ""***SHRIMP BURGERS***WILD ","Shrimp Burgers are recalled because the Ingredients statement declared butter, shrimp, cod, and/or Pollock but the Contains statement declared only fish & shellfish.",Class II,Terminated,USA,Unisea Inc.
FDA,fish,20211218,Nethili Pickle is packaged in clear plastic pouch and product is visible.  Incomplete declaration of net weight only LB showing.  No UPC.  Product is imported from Jampani Foods of India.  The label i,"Fish pickled product is visible and the name Nethili is declared, but anchovy name is not declared on label.",Class II,Terminated,USA,Aroma Meats LLC
FDA,fish,20210623,Hartley's brand Worcestershire sauce in 1 gallon plastic bottles and 50 gallon drums.,Undeclared allergen: FISH (anchovies) on product labeling.,Class I,Terminated,USA,H & H Products Company
FDA,fish,20130429,"Jack's Fish Spot Hot Smoked Cajun Atlantic is a low salt, vacuum packaged, Hot Smoked Salmon.    This product is labeled in parts: ""***Hot Smoked Atlantic Salmon*** INGREDIENTS:  Atlantic Salmon, Salt","Jensen's Old Fashioned Smokehouse, Inc. is recalling Jack's Fish Spot Hot Smoked Cajun Atlantic because it may not be labeled ""KEEP FROZEN"" and the product has the potential to be contaminated with Clostridium botulinum.",Class II,Terminated,USA,Jensens Old Fashioned Smokehouse Inc
FDA,fish,20220829,"Ready Meals Snow Crab Legs Imitation Surimi SCE NET WT 12 OZ CAL 300 NET WT. 0lb 12oz (340g) ready2eat   Ingredients: Fish Protein (one or more Pollock, Pacific Whiting), Water, Lemon, Tomato Paste, W",Undeclared allergen; fish (anchovy),Class II,Terminated,USA,Albertsons Companies LLC
FDA,fish,20220829,"Ready Meals Shrimp Cooked with Cocktail Sauce SCE NET WT 12 OZ CAL 330 NET WT. 0lb 12oz (340g) ready2eat Ingredients: Shrimp (Litopenaues Viannamei), Lemon, Salt, Tomato Paste, Sodium Tripolyphosphate",Undeclared allergen; fish (anchovy),Class I,Terminated,USA,Albertsons Companies LLC
FDA,fish,20161221,"Fresh Express Hearts of Romaine salad, 9 oz., clear/labeled salad bag/ 6 bags per case","Undeclared allergens (milk, wheat, fish (anchovy) and egg.",Class I,Terminated,USA,"Fresh Express, Inc."
FDA,fish,20160218,"Kroger Brand Chicken Salad Croissant Sandwiches packaged in individual clear rigid plastic clamshell containers packaged in 6 brown corrugated card board boxes, 6 to a case, for a total of 36 sandwich","Product labeled Chicken Salad Croissant sandwiches were made using Albacore Tuna Salad filling, therefore containing undeclared fish.",Class I,Terminated,USA,Mt Perry Foods Inc
FDA,fish,20230223,"Seasoned Crab was distributed in un-labeled plastic containers 8oz. and 12oz.  Containers were then labeled at H-mart, G-mart, or M2M retail store.","Seasoned Crab recalled due to undeclared Crab, Sesame Seeds, and fish (Anchovy).",Class II,Terminated,USA,Lemonland Food Corp
FDA,fish,20210302,"Amazon Kitchen, Avocado Chicken Salad Sandwich, Net Wt. 8.1 oz., Cello wrap with cardboard liner,  1 unit per package,  Perishable Keep Refrigerated","Flying Food Group, LLC , initiated a recall of Amazon Kitchen Avocado Chicken Salad Sandwich .    The soy allergen is undeclared on the finish product label. The label does have the following statement ""Prepared on shared equipment with other foods that contain eggs, fish, milk, peanut, shellfish, s",Class I,Terminated,USA,Flying Food Group LLC
FDA,fish,20130325,"Lam Sheng Kee, Frozen White Fish Ball - Fresh Fish Cake, Net Weight 7 oz (200 G) - Sheng Lin Mark Trade Co. LTD 4 F. No 89, Ln. 528 Heping Road, Bade City, Taoyuan County 334, Taiwan (ROC).  Distribut",The recall was initiated after it was discovered the label failed to list the common name Albumin as egg; also the species of fish was not declared in the ingredient statement.,Class I,Terminated,USA,Win Luck Trading Inc
FDA,fish,20160221,H-E-B Tartar Sauce  8 oz.  UPC: 41220 33244,Fresh Creative Foods is recalling H-E-B Tartar Sauce because of undeclared fish from using the incorrect pre-printed label.,Class I,Terminated,USA,Fresh Creative Foods
FDA,fish,20210320,Taste of Inspirations Garlic Parmesan Wing Sauce,Contains undeclared fish,Class I,Terminated,USA,"Schlotterbeck & Foss, LLC"
FDA,fish,20250618,"ARAL FISH; ARAL SILVER VOBLA; WHOLE DRIED, SALTED ROACH FISH EVISCERATED; FISH ROE DRIED; Ingredients: whole eviscerated dried roach fish, caviar may be present, salt.; Distributed by Krasnyi Oktyabr;",Clostridium botulinum (uneviscerated fish),Class I,Ongoing,USA,Krasnyi Oktyabr USA Inc
FDA,fish,20151023,"Sunrise Brand Dehydrated Anchovy size 3/5cm - 100 x 3.5oz, Item No. C0161, UPC 2 08 54336-20161 9",Seaquest Seafood Corp is recalling dehydrated and marinated uneviscerated fish because they have the potential to be contaminated with Clostridium botulinum.,Class I,Terminated,USA,SEAQUEST SEAFOOD CORPORATION
FDA,fish,20130918,"P.F. Chang's Home Menu, Pork & Leek Dumplings, frozen, packaged in 12.5 oz bags. UPC: 0 36200 21215 8",The firm is recalling Pork & Leek Dumplings because Shrimp & Pollack Fish dumplings were inadvertently packaged in the Pork & Leek Dumpling packaging.  Undeclared allergens.,Class I,Terminated,USA,Conagra Inc
FDA,fish,20230223,"Seasoned Radish (Shredded) distributed in un-labeled plastic containers 8oz, 12oz, and 16oz.  Containers were then labeled at H-mart, G-mart, or M2M retail store.",Seasoned Radish (Shredded) was recalled due to undeclared Fish (Anchovy) and Wheat.,Class II,Terminated,USA,Lemonland Food Corp
FDA,fish,20180411,"Sugarfina Platinum Bling Ring;  Product SKU No. R-1790  UPC: 840278116139  Net W. 21g ().7 oz.)    Sculpted from dark chocolate, these interlocking rings have a thin sugar shell brushed with edible si",Internal audit discovered that their Platinum Bling Ring product contains fish gelatin that is not declared on the ingredient or allergen information,Class III,Terminated,USA,"Sugarfina, LLC"
FDA,fish,20210308,"Yellowfin Tuna portions   Frozen IVP-CO Treated, Net WT 20 LBS, Size 1 LB.",Fish decomposition and histamines,Class II,Terminated,USA,QUIRCH FOODS
FDA,fish,20220426,"Gorton s Fish Sandwich Fillets, 18.3 OZ, UPC 44400 15440",May contain large and/or sharp fish bones,Class II,Terminated,USA,"Gorton's, Inc."
FDA,fish,20170811,"Whole Foods Smoked Peppered Atlantic Salmon Portion, packed in bulk boxes.  Labeling states: Smoked on: 08/09/17, Sell Through: 09/04/17.  Smoked fish portions are placed inside of a box lined with a ",Rushing Waters Fisheries is recalling 3 smoked fish products because they may have been underprocessed.,Class III,Terminated,USA,"Rushing Waters Fisheries, LLC"
FDA,fish,20140405,"TRADER GIOTTO'S CAESAR SALAD with Caesar Dressing, NET WT. 8/5 OZ (241g).","Product labeling on Trader Giotto's Caesar Salad with Caesar Dressing may not list wheat, soy, egg and fish (anchovy) allergens.",Class I,Terminated,USA,H Group
FDA,fish,20250624,"Yellow Fin Tuna, Net WT (variable weight) 50 lb brown corrugated carboard box. Boxes contain ice for temperature control. Keep Refrigerated.","RTE fish (sushi-salmon, tuna) processed under insanitary conditions. The firm was notified by the Georgia Department of Agriculture that the products were manufactured under unsanitary conditions.",Class II,Terminated,USA,Moon N Sea GA LLC
FDA,fish,20141215,"Hors D'Oeuvre, Holiday Foods¿ Breaded Macaroni and Cheese Bites with Quattro Formaggi Cheese, Lobster & Truffle Oil (item number 4802732), UPC 70220748027322, Keep Frozen, For Institutional Use Only, ","Schwan's Global Supply Chain, Inc. is recalling three Holiday Foods¿ products. This recall has been initiated because the products contain undeclared anchovy, an element of the Worcestershire sauce used in the finished product. People who have an allergy or severe sensitivity to fish run the risk of",Class II,Terminated,USA,Schwan Food Company dba Holiday Foods
FDA,fish,20161110,"Kippered Salmon Tips Product of USA Packed By Northern Fish Products***""    Packaged in bulk 5lb case.","Northern Fish Products is recalling hot smoked salmon, black cod, steelhead, and trout, with the exception of hot jerky salmon and jerky salmon due to undeclared soy.",Class II,Terminated,USA,"Northern Fish Products, Inc."
FDA,fish,20210604,Smilin' Bob's All Natural Smoked Fish Dip  8 oz  plastic container  12 per case,Potential Listeria monocytogenes contamination in fish,Class I,Terminated,USA,Lakeview Farms LLC
FDA,fish,20130429,"Great Ruby Fish Co products are such as Keta and King Hot smoked salmon. No labels provided.  Products are labeled with lot code sticker and ""KEEP FROZEN"" sticker on individual units.  The customer ap","Jensen's Old Fashioned Smokehouse, Inc. is recalling Great Ruby Fish Co., Rolf's Choice Hot Smoked Keta or King Salmon products that are not labeled ""KEEP FROZEN"".  The recall does NOT include Salmon Candy or any products bearing the Jensen's Smokehouse brand.",Class II,Terminated,USA,Jensens Old Fashioned Smokehouse Inc
FDA,fish,20130613,"El Campestre Brand Ceviche De Basa.  Packaged in 2/5lbs white plastic buckets with lid and handle, into 1/10lbs carton.    Labeling reads in part:""EL CAMPESTRE CEVICHE DE BASA***NET WT.10 LBS***Manufa","El Campestre initiated this recall due to the following reason: mislabeling: does not contain Basa fish, it contains Swai fish.",Class III,Terminated,USA,El Campestre
FDA,fish,20230303,Nitto Foods Immediately Pickled Dashi 5.5g x 2 Bags UPC: 4902362032100,"Contains statement warns for fish(mackerel, bonito, tuna); ingredients list includes round herring & anchovy",Class III,Terminated,USA,DAISO CALIFORNIA WAREHOUSE
FDA,fish,20130315,"Lam Sheng Kee Mini Sausage Hong Kong Style, Net Weight 6.3 oz.), Lam Sheng Kee (HK) International Limited, RM3 8/F Yuexiu BLDG., 160-174, Lockhart Road, Wan Chai, HK.  Distributed By:  S&M Int'l Inc. ",The recall was initiated after it was discovered through NYDAM Sampling which revealed the product  Lam Sheng Kee Mini Sausage contains undeclared FD&C Red #40 and undeclared minced fish (unknown fish species),Class III,Terminated,USA,S & M International Inc
FDA,fish,20180122,"Sun Noodle brand Tonkotsu Ramen, Packaged in plastic clear clamshell, Banded with Tonkotsu label, distinguishable with a yellow color. (12/case); UPC 0 85315 40003 5","Product is labeled as Tonkotsu, but the actual flavor packet inside is Assari Shoyu , which contains a  fish (sardines).",Class II,Terminated,USA,"Sun Noodle New Jersey, LLC"
FDA,fish,20230223,"Stir-Fried Anchovy distributed in un-labeled plastic containers 6oz, 8oz, and 16oz.  Containers were then labeled at H-mart, G-mart, or M2M retail stores.","Stir-Fried Anchovy was recalled due to undeclared Wheat, Soybean, Fish (Anchovy), and Sesame.",Class II,Terminated,USA,Lemonland Food Corp
FDA,fish,20170515,"Fish Tofu in Polybag 40/240g, Item no. 17185, UPC Code 087703171855",Fish products contain undeclared egg and wheat.,Class I,Terminated,USA,Wang Globalnet
FDA,fish,20130325,"Lam Sheng Kee, Frozen White Fish Ball - Shrimp Ball Net Weight 7 oz (200 G) - Sheng Lin Mark Trade Co. LTD 4 F. No 89, Ln. 528 Heping Road, Bade City, Taoyuan County 334, Taiwan (ROC).  Distributed by",The recall was initiated after it was discovered the label failed to list the common name Albumin as egg; also the species of fish was not declared in the ingredient statement.,Class I,Terminated,USA,Win Luck Trading Inc
FDA,fish,20231222,"Melissa's Hot Kimchi  Pickled Napa Cabbage NET WT. 14 oz (397g)  Ingredients: Napa Cabbage, Radish, Water, Garlic, Red Pepper, Organic Sugar Cane, Sea Salt, Calcium Lactate, Ginger, Onion, Sorbitol, a",Undeclared allergen; fish.,Class I,Terminated,USA,World Variety Produce Inc dba Melissa's
FDA,fish,20191206,"Frozen Yellowfin Tuna Steak, 4 oz. and 6 oz., Keep Frozen, Imported/Distributed: Mical Seafood Inc., 10400 Griffin Rd, Suite #209, Cooper City, Florida 33328",Products have the potential to cause scombrotoxin fish poisoning because they may have increased levels of histamine.,Class II,Terminated,USA,Northern Fisheries Ltd.
FDA,fish,20220808,"Charlie's brand perishable and refrigerated Spinach Salad With Honey Dijon Dressing, item # 028-09048, packaged in a clear hinged container, net weight per container: 6 oz.  UPC 0 45009 85415 5.  Ther","Label declares Worcestershire Sauce but does not declare sub-ingredient fish (anchovy).  The dressing, which contains Worcestershire sauce and sub-ingredient anchovy, is packaged in a small cup in the Spinach Salad container.",Class II,Terminated,USA,Triple B Corporation
FDA,fish,20170213,"Theravits 100, container sizes: 30, 60, 90, 180, Product Code: 0783-30, 0786-60, 0789-90, 0788-180;     The Supreme One, Container sizes: 30,60,90,180, Product Code: 680-030, 680-060, 680-090, 680-180","World Organic Corporation dba Licata Enterprise is recalling multiple vitamins because it contains fish liver oil that is declared on the product label; however, the label also states ""Contains NO...common allergens."" The product also contains the following dietary ingredients that are missing from ",Class II,Terminated,USA,World Organic Corp.
FDA,fish,20191014,"Samurai Brand Furikake Popcorn  Net Wt. 5 oz. (142g), foil bag - sold by single bag or case of 20  Made in Hawaii    BAG UPC: 6 16720 40004 6;  Case UPC: 6 16720 41004 5.",Undeclared allergen; fish,Class I,Terminated,USA,"Samurai, Inc."
FDA,fish,20230223,"Seasoned Pollack Roe distributed in un-labeled plastic containers 6oz and 8oz.  Containers were then labeled at H-mart, G-mart, or M2M retail store.",Seasoned Pollack Roe was recalled due to undeclared fish (Pollock) and R40.,Class II,Terminated,USA,Lemonland Food Corp
FDA,fish,20151023,"Sunrise Brand Marinated River Barb - 60 x 10 oz, Item No. C0140, UPC 2 08 54336-20140 2",Seaquest Seafood Corp is recalling dehydrated and marinated uneviscerated fish because they have the potential to be contaminated with Clostridium botulinum.,Class I,Terminated,USA,SEAQUEST SEAFOOD CORPORATION
FDA,fish,20170814,"Scampi Butter, Net Wt. 3 OZ, packaged in clear plastic tubs. Dierbergs Kitchens","Flavored butter contains undeclared fish (bonito and cod) and crustacean shellfish (shrimp, crab, and lobster).",Class I,Terminated,USA,"Dierbergs Markets, Inc Corporate Office"
FDA,fish,20190711,"Shirakiku FISH CAKE OHBAN AGE SK F;  20/ 150G; Net Wt. 5.29 oz.  Keep Frozen, 1 pc  UPC 074410925277    Distributed by Wismettac Asian Foods, Inc. Santa Fe Springs, CA","Fish Cake items contain possible contaminating undeclared egg, milk and shellfish.",Class I,Terminated,USA,"Wismettac Asian Foods, INC"
FDA,fish,20150724,"Cold Smoked Salmon Trim (CST50), 2 pcs, 2.5 lbs/case.  5lbs per case.",Certified Smoked Fish is Cold Smoked Salmon because they have the potential to be contaminated with Listeria monocytogenes.,Class II,Terminated,USA,Certified Smoked Fish LLC
FDA,fish,20161110,"Sweet & Spicy Style Atlantic Salmon, Product of USA Packed By Northern Fish Products***""    Packaged in bulk 5lb case.","Northern Fish Products is recalling hot smoked salmon, black cod, steelhead, and trout, with the exception of hot jerky salmon and jerky salmon due to undeclared soy.",Class II,Terminated,USA,"Northern Fish Products, Inc."
FDA,fish,20130619,"LID: Archer Fames, Smoked Salmon dip, NET WT 11 OZ (312g).    TUB: Archer Farms, Bacon Parmesan dip, NET WT 11 OZ (312g). UPC: 0 85239 99017 9    Distributed by Target corp., Minneapolis, MN.","Garden Fresh Foods Inc. is voluntarily recalling a limited number of packages of Archer Farms Smoked Salmon Dip that may contain undeclared allergens, fish and egg.  Some of Archer Farms Smoked Salmon Dip may have inadvertently been filled in a limited amount of Bacon Parmesan dip containers.",Class II,Terminated,USA,"Garden-Fresh Foods, Inc."
FDA,fish,20260130,"The Tuna Salad product container is mislabeled with a Chicken Salad lid, which states: Molly Kitchen's Chicken Salad, 789953, NET WT. 5 LB (2.26 kg) per plastic tub. UPC 7 5810830149 8. Distributed by",Undeclared fish allergen (tuna). Tuna Salad was mislabeled as Chicken Salad.,Class I,Terminated,USA,"Reser's Fine Foods, Inc."
FDA,fish,20150329,"8"" Coconut Meringue Pie  Sell By: 04/02/15  PLU: 9963  Net Wt: 25oz.  Contains: Wheat, Soy, Coconut, Egg","Giant Eagle recalls store produced RTE Fried Fish, Lemon Meringue Pie and Coconut Meringue Pie for undeclared allergens.",Class I,Terminated,USA,"Giant Eagle, Inc."
FDA,seafood,20151009,"Canned Chinook Salmon with paper label reading in part:  ***SKIPANON BRAND SEAFOOD CHINOOK SALMON***Ingredients:  Chinook Salmon, Sea Salt NET WT. 6 OZ. (170g)***""     UPC:  58071 00118  Can code begi","All cans and pouches of Skipanon Brand seafood, including salmon products are being recalled due to lack of documentation and possible under-processed product.  Under-processed seafood could lead to contamination with Clostridium botulinum.",Class II,Terminated,USA,Skipanon Brand Seafoods LLC
FDA,seafood,20130524,"Blessing Brand Wild White EZ Peel Shrimp, 16/20 CT.    4 x 5 lbs cartons. The product is bagged in 5 lbs clear plastic bags, the only label iss on the master carton.  The product is sold in a seafood ","Blessing Seafood, Inc. is voluntarily recalling one lot of Blessing Inc. Wild White EZ Peel Shrimp due to undeclared sulfites.",Class I,Terminated,USA,"Blessing Seafood, Inc."
FDA,seafood,20120727,"Gills Onions were used in this product.     The Tuna With Sun-Dried Cranberries & Lemon  is sold at the chef's case, self serve counter, or packaged.    Packaged product is labeled as listed below:   ","Whole Foods Market in Florida recalled certain fresh food items sold in the prepared foods department and one item in the seafood department as they could of been made using raw yellow onions processed by Gill Onions, LLC. Gill Onions, LLC initiated a recall on their product due to possible Listeria",Class I,Terminated,USA,Ron Stockman Whole Foods
FDA,seafood,20171019,"Ready. Chef. Go! Halibut Fillet;  UPC 231694    Items are made in store with generated scale label; sold as single, packaged items from refrigerated cases in the meat/seafood department or from mobile",Recall of Ready. Chef. Go! Seafood meal bags after notification that they were produced with vegetable products recalled by supplier for potential Listeria monocytogenes.,Class II,Terminated,USA,Albertsons Inc
FDA,seafood,20160318,"Refrigerated, Ready to Eat Marinated Opyata Mushrooms packaged in 4.5 Lb. bulk white plastic bucket labeled in part ***204136**MARINATED OPYATA MUSHROOMS BY LB ***","Royal Seafood Baza, Inc. has recalled all pickled products produced on 3/1/2016, 3/2/2016 and also all herring products produced on 2/29/2016 due to possible contamination with Listeria monocytogenes.",Class I,Terminated,USA,Royal Seafood Baza
FDA,seafood,20120727,Gills Onions were used in this product.     The product listed below is prepared at Whole Foods Market and distributed in their retail chef's case or on the self-service bar. It was not sold labeled. ,"Whole Foods Market in Florida recalled certain fresh food items sold in the prepared foods department and one item in the seafood department as they could of been made using raw yellow onions processed by Gill Onions, LLC. Gill Onions, LLC initiated a recall on their product due to possible Listeria",Class I,Terminated,USA,Ron Stockman Whole Foods
FDA,seafood,20160318,"Refrigerated, ready-to-eat SOUR CABBAGE BY LB packaged in a 25 Lb. bulk white plastic bucket labeled in part ***204023**MARINATED CABBAGE BY LB***","Royal Seafood Baza, Inc. has recalled all pickled products produced on 3/1/2016, 3/2/2016 and also all herring products produced on 2/29/2016 due to possible contamination with Listeria monocytogenes.",Class I,Terminated,USA,Royal Seafood Baza
FDA,seafood,20151009,"Albacore Tuna in gold pouches with stick-on label reading in part:  ***SKIPANON BRAND SEAFOOD ALBACORE TUNA***INGREDIENTS:  Albacore Tuna, Sea Salt.  NET WT. 48 OZ. ***""  UPC:  58071 00148  Code on po","All cans and pouches of Skipanon Brand seafood, including  tuna products are being recalled due to lack of documentation and possible under-processed product.  Under-processed seafood could lead to contamination with Clostridium botulinum.",Class II,Terminated,USA,Skipanon Brand Seafoods LLC
FDA,seafood,20121023,"Frozen Tuna Loins 3/5, 30lbs., UPC 8 29838 82310 7.",Unified Seafood Co is recalling Frozen Yellowfin Tuna Loin 3/5 due to possible contamination with Scombroid Toxin.,Class II,Terminated,USA,"Unified Seafood Company., Inc."
FDA,seafood,20160318,"Refrigerated, Ready to Eat Herring in Brine under firms brand name FRESH SEAFOOD packaged in a 10.9 oz. (310g) plastic retail container  labeled in part ***FRESH**SEAFOOD**Herring Fillet in Oil Forelk","Royal Seafood Baza, Inc. has recalled all pickled products produced on 3/1/2016, 3/2/2016 and also all herring products produced on 2/29/2016 due to possible contamination with Listeria monocytogenes.",Class I,Terminated,USA,Royal Seafood Baza
FDA,seafood,20171019,"Ready. Chef. Go! Cod Fillet  UPC 231201    Items are made in store with generated scale label; sold as single, packaged items from refrigerated cases in the meat/seafood department or from mobile refr",Recall of Ready. Chef. Go! Seafood meal bags after notification that they were produced with vegetable products recalled by supplier for potential Listeria monocytogenes.,Class II,Terminated,USA,Albertsons Inc
FDA,seafood,20141205,"WHALEN'S SEAFOOD & BURGER SAUCE ""HOT"", NET WT. 8 OZ. (226 g) -- Whalen's Horseradish Products, LLC, PO Box 4700, Saratoga Springs, New York 12866",Whalen's Seafood & Burger Sauce contains undeclared anchovies from the Worcestershire Sauce used in the finished product.  The product also has miscellaneous labeling problems such as not all sub-ingredients are listed on finished product labeling.,Class II,Terminated,USA,Whalen's Horseradish Products
FDA,seafood,20130111,"Dawns Alaskan Krab and Shrimp Salad NET WT 5 LBS (2.27 kg),  UPC: 0 32345 70103 8   MFG BY DAWN'S FOODS, INC., PORTAGE, WI 53901    Ocean Harbor Krab and  Shrimp Salad NET WT 5 LBS (2.27 kg),   UPC: 0","Dawn's Foods, inc. is conducting a voluntary recall of certain seafood products packaged in 5# and 10 oz. containers.  This is being done with the abundance of cation due to the fact that we cannot exclude the possibility that the affected sizes may be a viable environment for pathogen growth.",Class II,Terminated,USA,"Dawn's Foods, Inc."
FDA,seafood,20171019,"Ready. Chef. Go! Organic Salmon Fillet;  UPC 233510    Items are made in store with generated scale label; sold as single, packaged items from refrigerated cases in the meat/seafood department or from",Recall of Ready. Chef. Go! Seafood meal bags after notification that they were produced with vegetable products recalled by supplier for potential Listeria monocytogenes.,Class II,Terminated,USA,Albertsons Inc
FDA,seafood,20160316,"Hot smoked Escolar chunks, vacuum packaged, one chunk per package.  Manufactured by North Fish USA, Pembroke Pines, FL 33009","The Florida Department of Agriculture and Consumer Services, during the last inspection, found that the hot and cold smoked, vacuum packaged seafood were not produced under an adequate HACCP plan and held in unsanitary conditions.  The Florida Department of Agriculture and Consumer Services requeste",Class II,Terminated,USA,North Fish Usa
FDA,seafood,20140425,"Raw, frozen, vacuum-packaged rock fish (portions, fillets, and whole fish, various sizes).","T. H. Seafood, Inc., is recalling raw, frozen, vacuum packed rockfish due to labeling instructions that do not direct the consumer to ""Keep Frozen-Thaw Under Refrigeration"" to control  the hazard of Clostridium botulinum.",Class II,Terminated,USA,T.H. Seafood Inc.
FDA,seafood,20170607,"Code:  LM290; Keep Frozen;     Lucky's Maryland Style Crab Cakes: Net Wt. 13.5 lbs; 72-3OZ; packed for Lucky's Markets, Niwot, CO 80503;  Lot # LM042717; - Sell By  10/27/18","The firm's breaded seafood products were breaded using an ingredient, which was recalled due to undeclared milk.",Class II,Terminated,USA,Wicks
FDA,seafood,20160318,"Refrigerated, ready-to-eat marinated apples packaged in 15 Lb. bulk white plastic bucket labeled in part ***204022**MARINATED APPLES BY LB***","Royal Seafood Baza, Inc. has recalled all pickled products produced on 3/1/2016, 3/2/2016 and also all herring products produced on 2/29/2016 due to possible contamination with Listeria monocytogenes.",Class I,Terminated,USA,Royal Seafood Baza
FDA,seafood,20120716,"Meiko Foods Co. Inc. Cooked Cuttlefish Ball, 2-10 lb bags . Product labeling reads in part:"" MEIKO***Muc Vien [Vietnamese] ***MEIKO FOODS CO. INC South El Monte, CA***"".    The product is packaged in ",The firm is recalling the seafood balls products because the products were cooked without HACCP plans to control for known hazards.,Class II,Terminated,USA,Meiko Food Company Inc
FDA,seafood,20151009,"Canned Smoked Peppered Chinook Salmon with paper label reading in part:  ***SKIPANON BRAND SEAFOOD Peppered SMOKED CHINOOK SALMON Ingredients:  Salmon, Sea Salt, Brown Sugar, Cracked Peppercorns, Natu","All cans and pouches of Skipanon Brand seafood, including smoked peppered salmon products are being recalled due to lack of documentation and possible under-processed product.  Under-processed seafood could lead to contamination with Clostridium botulinum.",Class II,Terminated,USA,Skipanon Brand Seafoods LLC
FDA,seafood,20160204,"Refrigerated, fresh, Panko breaded cod fillet packed in blue foam tray with plastic overwrap. Label reading:  Giant Eagle Japanese Breaded Cod Fillet various weights.  Distributed by: Giant Eagle, Inc","All lot codes up to and including February 8, 2016 of Giant Eagle brand Japanese Breaded Cod Fillets, prepared and sold from the Seafood department inside Giant Eagle and Market District supermarkets through February 4, 2016 have been voluntarily recalled by Giant Eagle due to an undeclared soy alle",Class I,Terminated,USA,"Giant Eagle, Inc."
FDA,seafood,20170607,"Code:  425FS; Keep Frozen;   Gourmet Salmon Burgers; Net Wt. 6.40 lbs, 24-4.25 OZ patties; Wick's Kitchens, Trainer, PA 19061;     Lot # GSB030217, Sell By 9/2/18;    Lot # GSB031017, Sell By 9/10/18;","The firm's breaded seafood products were breaded using an ingredient, which was recalled due to undeclared milk.",Class II,Terminated,USA,Wicks
FDA,seafood,20150826,The Great Gourmet 10/3 oz. Coconut seafood crab cake.,"The firm is missing important labeling information for three of its products (The Great Gourmet 10/3 oz. Coconut seafood crab cake, The Great Gourmet 11/3 oz. Eastern Shore crab and shrimp cake and The Great Gourmet 32/1 oz. Cheesy Crab & Bacon Bites). The firms product labels do not list wheat in",Class II,Terminated,USA,The Great Gourmet Inc
FDA,seafood,20171019,"Ready. Chef. Go! Shrimp  16/20 count UPC 234361;  26/30 count UPC 234362;  41/50 count UPC 234363     Items are made in store with generated scale label; sold as single, packaged items from refrigerat",Recall of Ready. Chef. Go! Seafood meal bags after notification that they were produced with vegetable products recalled by supplier for potential Listeria monocytogenes.,Class II,Terminated,USA,Albertsons Inc
FDA,seafood,20190925,Tuna Poke CO AAA 2cm 10 lb case  Tuna Poke COAAA  1.5cm 10 lb case,Mical Seafood Inc received complaints from four of its customers reporting cases of scombroid food poisoning potentially associated with the firm's tuna products.  The recall was expanded on 10/07/2019 to cover all lots of tuna products supplied by Truong Phu Xanh Co. Ltd with Packer Production Date,Class II,Terminated,USA,MICAL SEAFOOD
FDA,seafood,20151028,"Labeled ""CSFISHERY COMMUNITY SUPPORTED FISHERY Wild Albacore Tuna, 64 oz.., Ingredients:  Oregon Albacore Tuna, Sea Salt""    Label is black ink on an off white label.    No UPC",This voluntary recall was initiated after the manufacturing firm notified the recalling firm that products were possibly under- processed. Under-processed seafood could lead to contamination with Clostridium botulinum.,Class II,Terminated,USA,"CSFPDX, LLC"
FDA,seafood,20190521,"Wegman's Neptune Salad 1 lb containers,  UPC Begins with 2010883100000,  Model/catalog # 13081",Wegman's seafood salad was mislabeled using old labels that do not declare the milk allergen.,Class I,Terminated,USA,"Wegmans Food Markets, Inc."
FDA,seafood,20120716,"Meiko Foods Co. Inc. Tempura, 12 oz. Product labeling reads in part:"" MEIKO***TEMPURA ***MEIKO FOODS CO. INC South El Monte, CA***"".    The product is packaged in a plastic box liner with a knot tied ",The firm is recalling the seafood balls products because the products were cooked without HACCP plans to control for known hazards.,Class II,Terminated,USA,Meiko Food Company Inc
FDA,seafood,20150826,The Great Gourmet 11/3 oz. Eastern Shore crab and shrimp cake,"The firm is missing important labeling information for three of its products (The Great Gourmet 10/3 oz. Coconut seafood crab cake, The Great Gourmet 11/3 oz. Eastern Shore crab and shrimp cake and The Great Gourmet 32/1 oz. Cheesy Crab & Bacon Bites). The firms product labels do not list wheat in t",Class II,Terminated,USA,The Great Gourmet Inc
FDA,seafood,20171019,"Ready. Chef. Go! Kingclip Fillet  UPC  239670    Items are made in store with generated scale label; sold as single, packaged items from refrigerated cases in the meat/seafood department or from mobil",Recall of Ready. Chef. Go! Seafood meal bags after notification that they were produced with vegetable products recalled by supplier for potential Listeria monocytogenes.,Class II,Terminated,USA,Albertsons Inc
FDA,seafood,20171019,"Ready. Chef. Go! Trout Fillet;  UPC 234929    Items are made in store with generated scale label; sold as single, packaged items from refrigerated cases in the meat/seafood department or from mobile r",Recall of Ready. Chef. Go! Seafood meal bags after notification that they were produced with vegetable products recalled by supplier for potential Listeria monocytogenes.,Class II,Terminated,USA,Albertsons Inc
FDA,seafood,20171019,"Ready. Chef. Go! Ocean Perch Fillet;  UPC 233009    Items are made in store with generated scale label; sold as single, packaged items from refrigerated cases in the meat/seafood department or from mo",Recall of Ready. Chef. Go! Seafood meal bags after notification that they were produced with vegetable products recalled by supplier for potential Listeria monocytogenes.,Class II,Terminated,USA,Albertsons Inc
FDA,seafood,20190925,Tuna Saku AAA 8-12oz 10lb case  Tuna Saku AAA 12-14oz 10lb case  Tuna Saku AAA 16-20oz 10lb case,Mical Seafood Inc received complaints from four of its customers reporting cases of scombroid food poisoning potentially associated with the firm's tuna products.  The recall was expanded on 10/07/2019 to cover all lots of tuna products supplied by Truong Phu Xanh Co. Ltd with Packer Production Date,Class II,Terminated,USA,MICAL SEAFOOD
FDA,seafood,20160318,"Refrigerated, Ready to Eat Pickles Half Sour packaged in 18 Lb. bulk white plastic bucket labeled in part ***204062**PICKLES HALF SOUR BY LB***","Royal Seafood Baza, Inc. has recalled all pickled products produced on 3/1/2016, 3/2/2016 and also all herring products produced on 2/29/2016 due to possible contamination with Listeria monocytogenes.",Class I,Terminated,USA,Royal Seafood Baza
FDA,seafood,20171019,"Ready. Chef. Go! Atlantic Salmon Fillet;  UPC 231727    Items are made in store with generated scale label; sold as single, packaged items from refrigerated cases in the meat/seafood department or fro",Recall of Ready. Chef. Go! Seafood meal bags after notification that they were produced with vegetable products recalled by supplier for potential Listeria monocytogenes.,Class II,Terminated,USA,Albertsons Inc
FDA,seafood,20130111,Ocean Harbor  Jalapeno Krab Spread  Net Wt 5 lbs (2.27kg) UPC: 0 32345-77715 6   Dist by Roundy's Inc.,"Dawn's Foods, inc. is conducting a voluntary recall of certain seafood products packaged in 5# and 10 oz. containers.  This is being done with the abundance of cation due to the fact that we cannot exclude the possibility that the affected sizes may be a viable environment for pathogen growth.",Class II,Terminated,USA,"Dawn's Foods, Inc."
FDA,seafood,20120727,"Gills Onions were used in this product.     The Thousand Island Potato Salad is sold at the chef's case, self serve counter, or packaged.It is also sold as ""Family Sized Savings Thousand Island Potato","Whole Foods Market in Florida recalled certain fresh food items sold in the prepared foods department and one item in the seafood department as they could of been made using raw yellow onions processed by Gill Onions, LLC. Gill Onions, LLC initiated a recall on their product due to possible Listeria",Class I,Terminated,USA,Ron Stockman Whole Foods
FDA,seafood,20151009,"Canned Sockeye Salmon with paper label reading in part:  ***SKIPANON BRAND SEAFOOD SOCKEYE SALMON***INGREDIENTS:  Sockeye Salmon, Sea Salt.  NET WT. 6 OZ. (170g)***""     UPC:  58071 00120  Code beginn","All cans and pouches of Skipanon Brand seafood, including salmon products are being recalled due to lack of documentation and possible under-processed product.  Under-processed seafood could lead to contamination with Clostridium botulinum.",Class II,Terminated,USA,Skipanon Brand Seafoods LLC
FDA,seafood,20160316,"Hot smoked Atlantic Ocean Perch, vacuumed package, one fish per package.  Manufactured by North Fish USA, Pembroke Pines, FL 33009","The Florida Department of Agriculture and Consumer Services, during the last inspection, found that the hot and cold smoked, vacuum packaged seafood were not produced under an adequate HACCP plan and held in unsanitary conditions.  The Florida Department of Agriculture and Consumer Services requeste",Class II,Terminated,USA,North Fish Usa
FDA,seafood,20160316,"Hot smoked Mackerel, vacuum packaged, one fish per package.  Manufactured by North Fish USA, Pembroke Pines, FL 33009","The Florida Department of Agriculture and Consumer Services, during the last inspection, found that the hot and cold smoked, vacuum packaged seafood were not produced under an adequate HACCP plan and held in unsanitary conditions.  The Florida Department of Agriculture and Consumer Services requeste",Class II,Terminated,USA,North Fish Usa
FDA,seafood,20160318,"Refrigerated, Ready to Eat Herring in Brine with no brand name as packaged bulk in a   plastic bucket labeled in part ***204883**HERRING DUNAYSKAYA BY PC***","Royal Seafood Baza, Inc. has recalled all pickled products produced on 3/1/2016, 3/2/2016 and also all herring products produced on 2/29/2016 due to possible contamination with Listeria monocytogenes.",Class I,Terminated,USA,Royal Seafood Baza
FDA,seafood,20120612,"Lobster Bisque  3107  Net Weight 4-4 LBS.  Keep Refrigerated  Packed By Winter Garden Quality Foods, Inc.  304 Commerce St.,  New Oxford, PA  17350",Possible processing temperature issue that occurred during the production of Seafood Soups,Class II,Terminated,USA,Winter Gardens Quality Foods Inc
FDA,seafood,20171019,"Ready. Chef. Go! Steelhead Trout Fillet  UPC  234702    Items are made in store with generated scale label; sold as single, packaged items from refrigerated cases in the meat/seafood department or fro",Recall of Ready. Chef. Go! Seafood meal bags after notification that they were produced with vegetable products recalled by supplier for potential Listeria monocytogenes.,Class II,Terminated,USA,Albertsons Inc
FDA,seafood,20140425,"Raw, frozen, vacuum-packaged salmon (portions, fillets, and whole fish, various sizes).","T. H. Seafood, Inc., is recalling raw, frozen, vacuum packed salmon due to labeling instructions that do not direct the consumer to ""Keep Frozen-Thaw Under Refrigeration"" to control  the hazard of Clostridium botulinum.",Class II,Terminated,USA,T.H. Seafood Inc.
FDA,seafood,20160316,"Cold smoked Mackerel, vacuum packaged, one fish per package.  Manufactured by North Fish USA, Pembroke Pines, FL 33009","The Florida Department of Agriculture and Consumer Services, during the last inspection, found that the hot and cold smoked, vacuum packaged seafood were not produced under an adequate HACCP plan and held in unsanitary conditions.  The Florida Department of Agriculture and Consumer Services requeste",Class II,Terminated,USA,North Fish Usa
FDA,seafood,20160316,"Sliced cold smoked Escolar, 8 oz and 1 lb, vacuum packaged.  Manufactured by North Fish USA, Pembroke Pines, FL 33009","The Florida Department of Agriculture and Consumer Services, during the last inspection, found that the hot and cold smoked, vacuum packaged seafood were not produced under an adequate HACCP plan and held in unsanitary conditions.  The Florida Department of Agriculture and Consumer Services requeste",Class II,Terminated,USA,North Fish Usa
FDA,seafood,20130429,"Low salt, vacuum packaged, Hot Smoked King Nova Salmon.     The following is information on the individual products for Alaska King Seafoods brand:  All AKS stands for Alaska King Seafoods product lab","Jensen's Old Fashioned Smokehouse, Inc. is recalling ALL low salt, vacuum packaged, smoked salmon/seafood products that are not labeled ""KEEP FROZEN"".  The recall does NOT include Salmon Candy or any products bearing the Jensen's Smokehouse brand.",Class II,Terminated,USA,Jensens Old Fashioned Smokehouse Inc
FDA,seafood,20120716,"Meiko Foods Co. Inc. Pollock Fish Balls , 2-10 lb bags. Product labeling reads in part:"" MEIKO***POLLOCK FISH BALL S***MEIKO FOODS CO. INC South El Monte, CA***"".    The product is packaged in a plast",The firm is recalling the seafood balls products because the products were cooked without HACCP plans to control for known hazards.,Class II,Terminated,USA,Meiko Food Company Inc
FDA,seafood,20171019,"Ready. Chef. Go! Catfish Fillet  UPC 239970    Items are made in store with generated scale label; sold as single, packaged items from refrigerated cases in the meat/seafood department or from mobile ",Recall of Ready. Chef. Go! Seafood meal bags after notification that they were produced with vegetable products recalled by supplier for potential Listeria monocytogenes.,Class II,Terminated,USA,Albertsons Inc
FDA,seafood,20160318,"Refrigerated, Ready to Eat Salad Izolda packaged in 25 Lb. bulk white plastic bucket labeled in part ***204129**SALAD IZOLDA BY LB***","Royal Seafood Baza, Inc. has recalled all pickled products produced on 3/1/2016, 3/2/2016 and also all herring products produced on 2/29/2016 due to possible contamination with Listeria monocytogenes.",Class I,Terminated,USA,Royal Seafood Baza
FDA,seafood,20190906,"Alfa International Seafood Miami, Fl, 8402, Yellowfin Tuna Loins, Previously Frozen, Wild Caught, Product of Vietnam",Alfa International Seafood Inc. was notified by Kroger retail stores of complaints from consumers who experienced symptoms of scombroid poisoning  after eating yellowfin tuna steaks supplied by Alfa International Seafood Inc.,Class II,Terminated,USA,ALFA INTERNATIONAL SEAFOOD INC
FDA,seafood,20120727,"Miso Dressing sold at the chef's case, self service bar, or sold packaged.  Packaged product is labeled as listed below:    ""WHOLE FOODS MARKET***MISODRESSING***WHITE MISO (WATER, RICE, WHOLE SOYBEAN,","Whole Foods Market in Florida recalled certain fresh food items sold in the prepared foods department and one item in the seafood department as they could of been made using raw yellow onions processed by Gill Onions, LLC. Gill Onions, LLC initiated a recall on their product due to possible Listeria",Class I,Terminated,USA,Ron Stockman Whole Foods
FDA,seafood,20151009,"Canned Coho Salmon with paper label reading in part:  ***SKIPANON BRAND SEAFOOD COHO SALMON***Ingredients:  Coho Salmon, Sea Salt  NET WT. 6 OZ. (170g)***""  UPC:  58071 00119  Can code beginning with ","All cans and pouches of Skipanon Brand seafood, including salmon products are being recalled due to lack of documentation and possible under-processed product.  Under-processed seafood could lead to contamination with Clostridium botulinum.",Class II,Terminated,USA,Skipanon Brand Seafoods LLC
FDA,seafood,20250524,Atlantic Salmon Portions with Seafood Stuffing; 16 OZ (1 LB) 454g; Use/Freeze By: JUN.02.25; UPC: 4061459716313,Atlantic Salmon Portions with Seafood Stuffing was incorrectly labeled and does not declare allergen ingredient (SOY),Class I,Terminated,USA,Santa Monica Seafood Company
FDA,seafood,20171019,"Ready. Chef. Go! Swordfish Loins;  UPC 234745    Items are made in store with generated scale label; sold as single, packaged items from refrigerated cases in the meat/seafood department or from mobil",Recall of Ready. Chef. Go! Seafood meal bags after notification that they were produced with vegetable products recalled by supplier for potential Listeria monocytogenes.,Class II,Terminated,USA,Albertsons Inc
FDA,seafood,20160316,"Cold smoked white fish, vacuum packaged, one fish per package.  Manufactured by North Fish USA, Pembroke Pines, FL 33009","The Florida Department of Agriculture and Consumer Services, during the last inspection, found that the hot and cold smoked, vacuum packaged seafood were not produced under an adequate HACCP plan and held in unsanitary conditions.  The Florida Department of Agriculture and Consumer Services requeste",Class II,Terminated,USA,North Fish Usa
FDA,seafood,20160318,"Refrigerated, Ready to Eat Cherry Tomatoes packaged in 15 Lb. bulk white plastic bucket labeled in part ***204017**CHERRY TOMATOES BY LB***","Royal Seafood Baza, Inc. has recalled all pickled products produced on 3/1/2016, 3/2/2016 and also all herring products produced on 2/29/2016 due to possible contamination with Listeria monocytogenes.",Class I,Terminated,USA,Royal Seafood Baza
FDA,seafood,20140425,"Raw, frozen, vacuum-packaged halibut (portions, fillets, and whole fish of various sizes).","T. H. Seafood, Inc., is recalling raw, frozen, vacuum packed  halibut due to labeling instructions that do not direct the consumer to ""Keep Frozen-Thaw Under Refrigeration"" to control  the hazard of Clostridium botulinum.",Class II,Terminated,USA,T.H. Seafood Inc.
FDA,seafood,20161122,"Handy Seafood, Blue Crab Cake Mini, Mini Crab Cakes, 0.5oz per Cake/12 Cakes per Tray, Skin Packed Tray, 12 Trays per Case, 2 Year Shelf Life, Best By Nov 9, 2018.","Handy Seafood states that they are initiating this recall of  Blue Crab Cake Mini, Mini Crab Cakes due to Milk (due to Butter in the ingredient statement) and Anchovies (in the Worcestershire Sauce) were not declared in the allergens statement on the package.",Class II,Terminated,USA,HANDY SEAFOOD INCORPORATED
FDA,seafood,20130111,Ocean Harbor  Smoked Salmon Spread Net Wt 5 lb.(2.27 kg). UPC: 0 32345-77707 1  Dist by Roundy's Inc.,"Dawn's Foods, inc. is conducting a voluntary recall of certain seafood products packaged in 5# and 10 oz. containers.  This is being done with the abundance of cation due to the fact that we cannot exclude the possibility that the affected sizes may be a viable environment for pathogen growth.",Class II,Terminated,USA,"Dawn's Foods, Inc."
FDA,seafood,20211007,"Haddock, Monkfish, Bone-in Trout, Grouper, Red Snapper, Red Rock Cod, Ocean Perch, Pacific Cod, Halibut, Coho Salmon, Atlantic Salmon Portions, Lane Snapper, Tilapia, All Natural  Salmon Fillet, Pacif",Seafood and fin fish products potentially contaminated with Salmonella and implicated in illness outbreak,Class I,Terminated,USA,"Northeast Seafood Products, Incorporated"
FDA,seafood,20160318,"Refrigerated, Ready to Eat Herring in Spicy Brine under firms brand name FRESH SEAFOOD packaged in a 46 oz. (1275g) plastic retail container  labeled in part ***FRESH**SEAFOOD**Herring in Spicy Brine*","Royal Seafood Baza, Inc. has recalled all pickled products produced on 3/1/2016, 3/2/2016 and also all herring products produced on 2/29/2016 due to possible contamination with Listeria monocytogenes.",Class I,Terminated,USA,Royal Seafood Baza
FDA,seafood,20120727,"Ranch Dressing No Oil Added sold at the chef's case, self service bar, or packaged.  Packaged product is labeled as listed below:    ""WHOLE FOODS MARKET***RANCH DRESSING NO OIL ADDED***TOFU ( WATER, S","Whole Foods Market in Florida recalled certain fresh food items sold in the prepared foods department and one item in the seafood department as they could of been made using raw yellow onions processed by Gill Onions, LLC. Gill Onions, LLC initiated a recall on their product due to possible Listeria",Class I,Terminated,USA,Ron Stockman Whole Foods
FDA,seafood,20151023,"Sunrise Brand Marinated Silver/White Croaker - 30 x 14oz, Item No. C0081, UPC 5 08 54336-50081 0",Seaquest Seafood Corp is recalling dehydrated and marinated uneviscerated fish because they have the potential to be contaminated with Clostridium botulinum.,Class I,Terminated,USA,SEAQUEST SEAFOOD CORPORATION
FDA,seafood,20151009,"Canned Peppered Smoked Steelhead with paper label reading in part:  ***SKIPANON BRAND SEAFOOD Peppered SMOKED STEELHEAD***Ingredients:  Farm-Raised Steelhead, Sea Salt, Brown Sugar, Cracked Peppercorn","All cans and pouches of Skipanon Brand seafood, including smoked steelhead trout products are being recalled due to lack of documentation and possible under-processed product.  Under-processed seafood could lead to contamination with Clostridium botulinum.",Class II,Terminated,USA,Skipanon Brand Seafoods LLC
FDA,seafood,20170607,"WICK'S (4) Oven-Ready; Southern Style Shrimp Cakes; Net Weight 10 OZ; 4 - 2.5 OZ Cakes; Distributed by: Wick's Kitchens, Trainer, PA 19061;     Code: 144R4  Lot # CAJ011817, Sell By 08/22/18;     Lot ","The firm's breaded seafood products were breaded using an ingredient, which was recalled due to undeclared milk.",Class II,Terminated,USA,Wicks
FDA,seafood,20160318,"Refrigerated, Ready to Eat Red Cabbage packaged in 18 Lb. bulk white plastic bucket labeled in part ***204070**RED CABBAGE BY LB***","Royal Seafood Baza, Inc. has recalled all pickled products produced on 3/1/2016, 3/2/2016 and also all herring products produced on 2/29/2016 due to possible contamination with Listeria monocytogenes.",Class I,Terminated,USA,Royal Seafood Baza
FDA,seafood,20210528,Guan's Seafood Mushroom - hetre blanc  UPC 8 5926700750 1  150 g clear plastic package with green bottom;  Product code 3460,Sampling by California Department of Public Health found Listeria monocytogenes in Seafood Mushrooms.,Class I,Terminated,USA,"CALIFORNIA TERRA GARDEN, INC."
FDA,seafood,20151023,"Sunrise Brand Dehydrated Anchovy size 2/3cm - 1 x 22 lb, Item No. C0160, UPC 5 08 54336-50161 9",Seaquest Seafood Corp is recalling dehydrated and marinated uneviscerated fish because they have the potential to be contaminated with Clostridium botulinum.,Class I,Terminated,USA,SEAQUEST SEAFOOD CORPORATION
FDA,seafood,20150826,The Great Gourmet 32/1 oz. Cheesy Crab & Bacon Bites .,"The firm is missing important labeling information for three of its products (The Great Gourmet 10/3 oz. Coconut seafood crab cake, The Great Gourmet 11/3 oz. Eastern Shore crab and shrimp cake and The Great Gourmet 32/1 oz. Cheesy Crab & Bacon Bites). The firms product labels do not list wheat in t",Class II,Terminated,USA,The Great Gourmet Inc
FDA,seafood,20160316,"Salted Mackerel, vacuum packaged, one fish per package.  Manufactured by North Fish USA, Pembroke Pines, FL 33009","The Florida Department of Agriculture and Consumer Services, during the last inspection, found that the hot and cold smoked, vacuum packaged seafood were not produced under an adequate HACCP plan and held in unsanitary conditions.  The Florida Department of Agriculture and Consumer Services requeste",Class II,Terminated,USA,North Fish Usa
FDA,seafood,20120716,"Meiko Foods Co. Inc. Cooked Shrimp Balls, 8 oz. Product labeling reads in part:"" TOM VIEN COOKED SHRIMP BALLS***MEIKO FOODS CO. INC South El Monte, CA***"".    The product is packaged in a plastic box ",The firm is recalling the seafood balls products because the products were cooked without HACCP plans to control for known hazards.,Class II,Terminated,USA,Meiko Food Company Inc
FDA,seafood,20171019,"Ready. Chef. Go!Tuna Loins ;  UPC 235116    Items are made in store with generated scale label; sold as single, packaged items from refrigerated cases in the meat/seafood department or from mobile ref",Recall of Ready. Chef. Go! Seafood meal bags after notification that they were produced with vegetable products recalled by supplier for potential Listeria monocytogenes.,Class II,Terminated,USA,Albertsons Inc
FDA,seafood,20171019,"Ready. Chef. Go! Snapper Fillet  UPC  234429    Items are made in store with generated scale label; sold as single, packaged items from refrigerated cases in the meat/seafood department or from mobile",Recall of Ready. Chef. Go! Seafood meal bags after notification that they were produced with vegetable products recalled by supplier for potential Listeria monocytogenes.,Class II,Terminated,USA,Albertsons Inc
FDA,seafood,20160318,"Refrigerated, Ready to Eat Mushrooms Maslyata Korolevskie packaged in 4.5  Lb. bulk white plastic bucket labeled in part ***204394**MUSHROOMS MASLYATA KOROLEVSKIE POD RUMOCHKU BY LB ***","Royal Seafood Baza, Inc. has recalled all pickled products produced on 3/1/2016, 3/2/2016 and also all herring products produced on 2/29/2016 due to possible contamination with Listeria monocytogenes.",Class I,Terminated,USA,Royal Seafood Baza
FDA,seafood,20160318,"Refrigerated, Ready to Eat Holland Herring in Oil under firms brand name FRESH SEAFOOD packaged in a 24 oz. (680g) plastic retail container labeled in part ***FRESH**SEAFOOD**Holland Herring in Oil**N","Royal Seafood Baza, Inc. has recalled all pickled products produced on 3/1/2016, 3/2/2016 and also all herring products produced on 2/29/2016 due to possible contamination with Listeria monocytogenes.",Class I,Terminated,USA,Royal Seafood Baza
FDA,seafood,20120625,"Frozen Half Shell Oyster meat I.Q.F, 5x4lbs (144pieces/case).","Interstate Seafood is recalling Korean Frozen Oysters because they have been prepared, packed, or held under insanitary conditions whereby they may have become contaminated with filth, or whereby they may have been rendered injurious to health.",Class II,Terminated,USA,Interstate Seafood Inc
FDA,seafood,20151009,"COLUMBIA RIVER SOCKEYE (Old label)  Canned Sockeye Salmon with paper label reading in part:  ***SKIPANON BRAND DELUXE HANDFILLED COLUMBIA RIVER SOCKEYE*** Ingredients:  Sockeye Salmon, Salt  NET WT. 6","All cans and pouches of Skipanon Brand seafood, including salmon products are being recalled due to lack of documentation and possible under-processed product.  Under-processed seafood could lead to contamination with Clostridium botulinum.",Class II,Terminated,USA,Skipanon Brand Seafoods LLC
FDA,seafood,20120727,"Conch Salad is labeled as listed below:    ""***SALAD CONCH***INGREDIENTS: GROUND CONCH, MOJO (GARLIC, ONION, GRAPEFRUIT JUICE (100% SQUEEZE D),  OANGE JUICE (100% SQUEEZED) , LIME JUICE (100% PASTEURI","Whole Foods Market in Florida recalled certain fresh food items sold in the prepared foods department and one item in the seafood department as they could of been made using raw yellow onions processed by Gill Onions, LLC. Gill Onions, LLC initiated a recall on their product due to possible Listeria",Class I,Terminated,USA,Ron Stockman Whole Foods
FDA,seafood,20220420,"Wegmans Food You Feel Good About Lobster Bisque - 16 oz packaged in a 4 x 4 x 3.75"" clear plastic tub with a snap on lid.",Seafood HACCP plan was not fully implemented.,Class II,Terminated,USA,"Wegmans Food Markets, Inc."
FDA,seafood,20151009,"Canned Smoked Coho Salmon with paper label reading in part:  ***SKIPANON BRAND SEAFOOD SMOKED COHO SALMON***Ingredients:  Coho Salmon, Sea Salt, Brown Sugar, Natural Hardwood Smoke.  NET wt. 5.5 oz. (","All cans and pouches of Skipanon Brand seafood, including smoked salmon products are being recalled due to lack of documentation and possible under-processed product.  Under-processed seafood could lead to contamination with Clostridium botulinum.",Class II,Terminated,USA,Skipanon Brand Seafoods LLC
FDA,seafood,20160318,"Refrigerated, Ready to Eat Herring Fillets in Oil Lightly Salted under firms brand name FRESH SEAFOOD packaged in a 16 oz. (454g) plastic retail container labeled in part ***FRESH**SEAFOOD**Herring Fi","Royal Seafood Baza, Inc. has recalled all pickled products produced on 3/1/2016, 3/2/2016 and also all herring products produced on 2/29/2016 due to possible contamination with Listeria monocytogenes.",Class I,Terminated,USA,Royal Seafood Baza
FDA,seafood,20110428,"Approximately 5 lb plastic bucket of  Conch Fritter Batter labeled in part:  ""***NEPTUNE'S CONCH FRITTERS ALL NATURAL***Ingredients: Conch, Flour, Onions, Milk, Bell Peppers, Eggs, Garlic, Salt, Black","Triton Seafood Co recalled their Neptune brand frozen Pre-cooked Conch Fritters and Conch Fritter Batter because the allergen, ""Wheat"" was not identified on the product label.",Class II,Terminated,USA,Triton Seafood Co.
FDA,seafood,20190925,"Tuna Steaks 4oz, 6oz, 8oz, 10oz AA 10lb case  Tuna Steaks 4oz, 6oz, 8oz, 10oz AAA 10lb case",Mical Seafood Inc received complaints from four of its customers reporting cases of scombroid food poisoning potentially associated with the firm's tuna products.  The recall was expanded on 10/07/2019 to cover all lots of tuna products supplied by Truong Phu Xanh Co. Ltd with Packer Production Date,Class II,Terminated,USA,MICAL SEAFOOD
FDA,seafood,20160318,"Refrigerated, Ready to Cabbage Boyarskaya packaged in 25 Lb. bulk white plastic bucket labeled in part ***204259**CABBAGE BOYARSKAYA BY LB***","Royal Seafood Baza, Inc. has recalled all pickled products produced on 3/1/2016, 3/2/2016 and also all herring products produced on 2/29/2016 due to possible contamination with Listeria monocytogenes.",Class I,Terminated,USA,Royal Seafood Baza
FDA,seafood,20120727,"New York City Corned Beef on Rye sold at the chef's case, or packaged.    Packaged product is labeled as listed below:    ""WHOLE FOODS MARKET***FANCY REUBEN SANDWICH WITH PASTRAMI OR CORNED BEEF***PAS","Whole Foods Market in Florida recalled certain fresh food items sold in the prepared foods department and one item in the seafood department as they could of been made using raw yellow onions processed by Gill Onions, LLC. Gill Onions, LLC initiated a recall on their product due to possible Listeria",Class I,Terminated,USA,Ron Stockman Whole Foods
FDA,spice,20160916,National Foods Packaging Low Sodium Chicken Base in 50 lb white poly-lined paper bags,Product contains a spice which was tested and found to contain elevated levels of lead.,Class III,Terminated,USA,National Foods Packaging Inc
FDA,spice,20161216,GREEN BEAN SAUCE SEASONING  NET WEIGHT: 50.00 LBS,Milk Ingredient that was recalled went into  Chesapeake Spice products.,Class II,Terminated,USA,"Chesapeake Spice Company, LLC"
FDA,spice,20161216,ENCHILADA SEASONING    NET WEIGHT: 50. 00  LBS,Milk Ingredient that was recalled went into  Chesapeake Spice products.,Class II,Terminated,USA,"Chesapeake Spice Company, LLC"
FDA,spice,20140210,"Item number T3695, White cheddar jalapeno seasoning powder, 50 lb bags.","All American Seasonings is recalling T3695 White cheddar jalapeno seasoning powder, lots 34577 and 40257 after being notified by Elite spice that there was a potential recall for salmonella in the Jalapeno powder they received.",Class I,Terminated,USA,All American Seasonings
FDA,spice,20150430,"Fresca Tomato Spice with Beet, stock code 12487, packaged in 26 lbs. container. No UPC.",Fresca Tomato Spice with Beet is recalled due to contamination with gluten (wheat allergen) and label does not declare wheat.,Class II,Terminated,USA,"Regency Group, Inc., The"
FDA,spice,20141114,"Ortega Taco Sauce - Hot 8 oz, UPC 39000-00891, 16 oz. UPC 41501-01895.","Specific Ortega Brand Taco Seasoning, Taco Sauce, Taco Dinner Kits, and Enchilada Sauce, and Las Palmas brand Taco Seasoning and Taco Sauce products are being recalled because one or more of the spice ingredients may contain peanuts and almonds.",Class I,Terminated,USA,"B&G Foods North America, Inc"
FDA,spice,20190424,"Mullein leaf c/s, Verbascum Thapsus, 1# Net, AmeriHerb LLC, Ames, IA packaged in 1 lb plastic bags",Dried spice and herb products potentially contaminated with generic E. coli.,Class II,Terminated,USA,AmeriHerb International Inc
FDA,spice,20130516,"Eco-Cuisine Chocolate Brownie Mix, SKU: AA01BRWN, Pack size 1 lb bag, 10 bags per case, and SKU: AA25BRWN 25 lbs bulk bag, Distributed by Eco-Cuisine and manufactured by All American Seasonings, Denve",Eco-Cuisine is recalling certain spice/baking mixes due to potential contamination with salmonella as reported by their raw materials supplier.,Class II,Terminated,USA,Eco-Cuisine
FDA,spice,20190424,"Blessed thistle herb c/s, Centaurea benedicus, Not for use during pregnancy, 1# Net, AmeriHerb LLC, Ames, IA packaged in 1 lb plastic bags",Dried spice and herb products potentially contaminated with generic E. coli.,Class II,Terminated,USA,AmeriHerb International Inc
FDA,spice,20171212,"Paprika PAPA 12/5oz, International Bazaar",Spice Chain Corporation has decided to initiate a product recall of Paprika after receiving several consumer complaints of finding beetles in retail containers.,Class II,Terminated,USA,Spice Chain Corporation
FDA,spice,20171212,"Paprika Powder HyTop 12/2.5oz, Merchants",Spice Chain Corporation has decided to initiate a product recall of Paprika after receiving several  consumer complaints of finding beetles in retail containers.,Class II,Terminated,USA,Spice Chain Corporation
FDA,spice,20140212,"Mexican Style Mild Chorizo, Elite Spice # 32582A9, 24 lb poly-lined carton, labeled in part ***Elite Spice Inc. 7151 Montevideo Road, Jessup MD. 20794***",Bulk spice for futher manufacturing may be contaminated with Salmonella.,Class I,Terminated,USA,Elite Spice Inc.
FDA,spice,20190801,"Ginger Spice, 1 oz (28.4 g), 2 oz, 4 oz, and 1-3 lb packages. An herbal tea, Taos, NM","recalling certain lots of Ginger Spice, Sandia Rose, and  Honey Lavender teas due to the potential for  Salmonella contamination.",Class II,Terminated,USA,"Milkweed & Monarch, LLC"
FDA,spice,20140212,"Jalapeno Nut Seasoning, Elite Code # 35076A2, 50 lb poly-lined cartons labeled in part ***Elite Spice Inc. 7151 Montevideo Road, Jessup MD. 20794***",Bulk spice for futher manufacturing may be contaminated with Salmonella.,Class I,Terminated,USA,Elite Spice Inc.
FDA,spice,20160610,Deli-Food Ancho Chile Powder 50 lb corrugated boxes x 45 each.,Deli-Food Chili & Spice LLC announces a voluntary field action for Ancho Chile Powder due to positive testing for Salmonella.,Class I,Terminated,USA,Deli-Food Chili & Spice LLC
FDA,spice,20171218,Spice Supreme Beef Flavored Bouillon Cubes 1.7 oz  (48 g) and   NET WT. 3-1/2 OZ (98 g) 25 Count,"Gel Spice, Inc. is recalling three beef flavored bouillon cube products because they contain undeclared allergens --  soy and wheat.",Class I,Terminated,USA,"Gel Spice Co, Inc."
FDA,spice,20141114,"Ortega  Green Taco Sauce - Mild 8 oz, UPC 41501-00897, 16 oz. UPC 41501-00907.","Specific Ortega Brand Taco Seasoning, Taco Sauce, Taco Dinner Kits, and Enchilada Sauce, and Las Palmas brand Taco Seasoning and Taco Sauce products are being recalled because one or more of the spice ingredients may contain peanuts and almonds.",Class I,Terminated,USA,"B&G Foods North America, Inc"
FDA,spice,20130516,"Eco-Cuisine ""Chicken Style"" Quick Mix, SKU: RM10CKQM, Pack size 10 lb bag, Distributed by Eco-Cuisine and manufactured by Rocy Mountain Spice, and SKU: TV10CKQM, package size 10 lb bag, distributed by",Eco-Cuisine is recalling certain spice/baking mixes due to potential contamination with salmonella as reported by their raw materials supplier.,Class II,Terminated,USA,Eco-Cuisine
FDA,spice,20140212,"Jalapeno Burger Seasoning, Elite Spice # 32680B2, 50 lb poly-lined carton, labeled in part ***Elite Spice Inc. 7151 Montevideo Road, Jessup MD. 20794***",Bulk spice for futher manufacturing may be contaminated with Salmonella.,Class I,Terminated,USA,Elite Spice Inc.
FDA,spice,20140422,"Miravalle (brand) Achiote Molido Ground Annato (spice), 0.75oz.",Ground Annato spice has the potential to be contaminated with Salmonella.,Class I,Terminated,USA,"Miravalle Foods, Inc"
FDA,spice,20130516,"Eco-Cuisine Muffin Mix, SKU: CM25MUFF, Pack size 25 lb bag, Distributed by Eco-Cuisine and manufactured by Central Milling.",Eco-Cuisine is recalling certain spice/baking mixes due to potential contamination with salmonella as reported by their raw materials supplier.,Class II,Terminated,USA,Eco-Cuisine
FDA,spice,20161219,Buffalo Blue Kettle Cooked Potato Chips  8 oz (227g),Snyder of Berlin is recalling their Buffalo Blue Kettle Cooked Potato Chips after being informed that a milk powder used within a spice blend ingredient may contain Salmonella.,Class II,Terminated,USA,Pinnacle Foods
FDA,spice,20140212,"Jalapeno Ground 40, Elite Spice Code #JP9520, 50 lb poly-lined cartons labeled in part ***Elite Spice Inc. 7151 Montevideo Road, Jessup MD. 20794***",Bulk spice for futher manufacturing may be contaminated with Salmonella.,Class I,Terminated,USA,Elite Spice Inc.
FDA,spice,20170217,"Pan Molido Natural Bread Crumbs, Net Wt. 6oz and 12oz","Chapis Spice & Tea is recalling bread crumbs because of undeclared allergens (wheat, milk, eggs, tree nuts, soybean).",Class II,Terminated,USA,Chapis Spice & Tea
FDA,spice,20260306,"MID EAST Jordanian Zaatar spice mix; NET Wt. 5lb plastic bag;  UPC: 094379607038 Packed by: Propack Inc.  Sunvalley, CA 91354",Undeclared allergen ingredients (sesame and wheat) in Zaatar Spice mix.,Class I,Ongoing,USA,"Kradjian Importing Company, Inc."
FDA,spice,20130516,"Eco-Cuisine Lemon Muffin Mix, SKU: AA01MUFF-LM, Pack size 1 lb bag, 10 bags per case, Distributed by Eco-Cuisine and manufactured by All American Seasonings, Denver, CO.",Eco-Cuisine is recalling certain spice/baking mixes due to potential contamination with salmonella as reported by their raw materials supplier.,Class II,Terminated,USA,Eco-Cuisine
FDA,spice,20131011,PRAN TURMERIC POWDER 400 GM plastic bag,Best Value Inc imported PRAN Spice Powder TURMERIC and distributed to retail stores.  FDA sample was found to contain excessive levels of Lead above 53.7ppm.,Class I,Terminated,USA,Best Value Inc
FDA,spice,20130516,"Eco-Cuisine Reduced Sodium ""Ground Beef Style"" Quick Mix, SKU: AA10GBQM, Pack size 10 lb bag, 1 bags per case, Distributed by Eco-Cuisine and manufactured by All American Seasonings, Denver, CO; and T",Eco-Cuisine is recalling certain spice/baking mixes due to potential contamination with salmonella as reported by their raw materials supplier.,Class II,Terminated,USA,Eco-Cuisine
FDA,spice,20170331,"Premium Hunt's Chili Kit, Total NET WT 44.8 OZ (2.80 LB) 1.27kg;  Directions:  1) Cook and stir meat in saucepan over medium-high 7 minutes or until done; drain. 2) Stir in all remaining ingredients; ",Potential Salmonella contamination of spice packet within chili kits.,Class II,Terminated,USA,ConAgra Foods Inc
FDA,spice,20190424,"Dill weed c/s, Anethum graveolens, 1# Net, AmeriHerb LLC, Ames, IA packaged in 1 lb plastic bags",Dried spice and herb products potentially contaminated with generic E. coli.,Class II,Terminated,USA,AmeriHerb International Inc
FDA,spice,20161228,"Pittsburgh Spice Co; Buffalo Wing Sausage, 20.25 OZ for 25 #; 1235 Clairhaven St, Pittsburgh, PA 15205",Pittsburgh Spice and Seasoning Company is voluntarily recalling Buffalo Wing And Sausage Seasoning because the milk powder ingredient was recalled by the ingredient manufacturer due to possible salmonella contamination.,Class II,Terminated,USA,PITTSBURGH SPICE & SEASONING CO
FDA,spice,20150413,"Terra Spice Company the Greek (dry spice mix),New Kitchen Store the Greek (dry spice mix),Sawyer Home & Garden Center the Greek (dry spice mix),SPICE MERCHANTS the Greek.    Sold in 0.5, 1, 3, or 5 qt","Greenies, LLC dba Terra Spice Co. decided to conduct a voluntary recall during an FDA inspection  (inspection dates 3/24, 26/2015). Label lists feta cheese but does not specifically declare milk.",Class II,Terminated,USA,Greenies LLC d.b.a. Terra Spice Company
FDA,spice,20141231,"GULF COAST BRAND METAIRIE COUNTRY CLUB SEASONED FLOUR, NET WEIGHT 50 lbs. (22.68 kg.), GULF COAST BLENDERS, INC., 7801 Townsend Place, New Orleans, LA 70126",Spice blends contain ground cumin which was recalled by Schiff Food Products due to the possible presence of peanut protein.,Class II,Terminated,USA,"Gulf Coast Blenders, Inc"
FDA,spice,20141231,"REX KING OF SPICE (R) GROUND PATI DRY MARINADE, NET WEIGHT 25 lbs. (11.34kg.), Produced Exclusively for: REX FINE FOODS, New Orleans, LA 70126",Spice blends contain ground cumin which was recalled by Schiff Food Products due to the possible presence of peanut protein.,Class II,Terminated,USA,"Gulf Coast Blenders, Inc"
FDA,spice,20171212,"Paprika Powder Guaranteed Value 12/2.75oz, C&S Distribution",Spice Chain Corporation has decided to initiate a product recall of Paprika after receiving several  consumer complaints of finding beetles in retail containers.,Class II,Terminated,USA,Spice Chain Corporation
FDA,spice,20170217,"Pan Molido Sazonado Seasoned Bread Crumbs, Net Wt. 6oz and 12oz","Chapis Spice & Tea is recalling bread crumbs because of undeclared allergens (wheat, milk, eggs, tree nuts, soybean).",Class II,Terminated,USA,Chapis Spice & Tea
FDA,spice,20150106,"FFM FIREHOUSE CHILI RM000405 30 lb	  Con Yeager Spice Company, Zelienople, PA 16063	  UPC: 38018	  Lot: .213599; 213600",Cumin and cumin containing spice mixes may contain undeclared peanuts.,Class II,Terminated,USA,Con Yeager Spice Co
FDA,spice,20171212,"Paprika Sweet American Garden 12/3.25oz, Global Food Export",Spice Chain Corporation has decided to initiate a product recall of Paprika after receiving several  consumer complaints of finding beetles in retail containers.,Class II,Terminated,USA,Spice Chain Corporation
FDA,spice,20150106,"Barley & Lentil Soup Spice Mix, sold under Aunt Patty's brand, packaged in 25 lb. pack.  Item # 18058.  Product is labeled in part, ""***Handled in a facility that processes and/or repacks peanuts, soy",Barley & Lentil Soup Spice Mix is recalled because it may contain traces of peanut protein.,Class I,Terminated,USA,GloryBee Inc
FDA,spice,20150106,"SHIRKS CAJUN ANDOUILLE 5.9 lb PK	  Con Yeager Spice Company, Zelienople, PA 16063	  UPC: 38725   Lot: .210704; .210705",Cumin and cumin containing spice mixes may contain undeclared peanuts.,Class II,Terminated,USA,Con Yeager Spice Co
FDA,spice,20241203,"Wegmans Jalapeno Baked  Cheese Puffs, Jalapeno flavored, 10oz, (283 g),  SKU #6877","Undeclared monosodium glutamate, sodium diacetate, disodium inosinate and disodium guanylate, and spice extract",Class II,Terminated,USA,Herr Foods Inc
FDA,spice,20150106,"CHILI POWDER DARK      Con Yeager Spice Company, ZELIENOPLE, PA 16063	NET WEIGHT: 10lbs; UPC: 32341;  LOT #: .211017; .211404; NET WEIGHT: 15lbs; UPC: 32341;  LOT #: .211017;  NET WEIGHT: 2.08oz; UPC:",Cumin and cumin containing spice mixes may contain undeclared peanuts.,Class II,Terminated,USA,Con Yeager Spice Co
FDA,spice,20180612,"Melissa's Spicy Edamame:  Lightly seasoned with Japanese Chile and Sesame Oil.  7 oz. (1.98g)  Keep Refrigerated  UPC: 0-45255-14637  6 count and 12 count cases;    Ingredients: Soybeans, water Sesame",The incorrect spice packet was included in the product package. The spice mix contains oyster sauce which is listed in ingredient or allergen statement.,Class III,Terminated,USA,World Variety Produce Inc.
FDA,spice,20150113,"Condies Foods, Bold & Zesty Salsa, 14 oz, UPC: 05077744220","Condies Foods, Inc. is recalling Condies brand Bold and Zesty salsa and Dr. Js brand Mild and Medium salsas because they contain the recalled spice cumin, which may contain undeclared peanut protein.",Class II,Terminated,USA,"Condies Foods, Inc"
FDA,spice,20151022,"Avocado Leaves (Hoja De Aguacate), Net Wt. 10lbs",Santa Maura Spice & Garlic is recalling avocado leaves (hoja de aguacate) because it may be contaminated with Salmonella.,Class I,Terminated,USA,"Santa Maura Spice & Garlic Co, Inc."
FDA,spice,20190424,"Parsley flakes, Petroselinum sativum, 1# Net, AmeriHerb LLC, Ames, IA packaged in 1 lb plastic bags",Dried spice and herb products potentially contaminated with generic E. coli.,Class II,Terminated,USA,AmeriHerb International Inc
FDA,spice,20150413,"Terra Spice Company Jalapeno Cheddar (dry spice mix).  Sold in 0.5, 1, 3, or 5 qt. jars, 6x10 stand up pouches, and bulk up to 50 lbs","Greenies, LLC dba Terra Spice Co. decided to conduct a voluntary recall during an FDA inspection  (inspection dates 3/24, 26/2015).  Label lists cheddar and sour cream but does not specifically declare milk.",Class II,Terminated,USA,Greenies LLC d.b.a. Terra Spice Company
FDA,spice,20141231,"GULF COAST BRAND RALPH BRENNAN'S SEASONED FLOUR, NET WEIGHT 50 lbs. (22.68 kg.), GULF COAST BLENDERS, INC., 7801 Townsend Place, New Orleans, LA 70126",Spice blends contain ground cumin which was recalled by Schiff Food Products due to the possible presence of peanut protein.,Class II,Terminated,USA,"Gulf Coast Blenders, Inc"
FDA,spice,20190801,"Honey Lavender, 1 oz, 2 oz, 4 oz, and 1-3 lb packages. An herbal tea, Taos, NM","recalling certain lots of Ginger Spice, Sandia Rose, and  Honey Lavender teas due to the potential for  Salmonella contamination.",Class II,Terminated,USA,"Milkweed & Monarch, LLC"
FDA,spice,20150106,CATULLO KANSAS CITY BARBECUE BUTCHER RUB	Net Weight: 5.5 oz 	UPC: 38786	 Lot # .219286  KANSAS CITY BARBECUE BUTCHER RUB  	NET Weight: 11 oz  	UPC: 38842	Lot # .219286  KANSAS CITY BARBECUE BUTCHER RU,Cumin and cumin containing spice mixes may contain undeclared peanuts.,Class II,Terminated,USA,Con Yeager Spice Co
FDA,spice,20150121,Adkins Barbecue Spice Net Wt. 25 lbs. UPC: 0-77139-21382-3,"American Spice received recalled cumin from Adams Extract & Spice, LLC and used for their BBQ Spice Blend.  Product was distributed in bulk packaging for further use.",Class I,Terminated,USA,"American Spice & Seasoning, Inc"
FDA,spice,20161216,TR-MEXICALI SAUCE SEASONING  NET WEIGHT: 50.00 LBS,Milk Ingredient that was recalled went into  Chesapeake Spice products.,Class II,Terminated,USA,"Chesapeake Spice Company, LLC"
FDA,spice,20140212,"Chipotle Nut Seasoning, Elite Code # 38113A2, 50 lb poly-lined cartons labeled in part ***Elite Spice Inc. 7151 Montevideo Road, Jessup MD. 20794***",Bulk spice for futher manufacturing may be contaminated with Salmonella.,Class I,Terminated,USA,Elite Spice Inc.
FDA,spice,20140212,"Ole Hot Chorizo Seasoning, Elite Spice # 32581A9, 32 lb poly-lined carton, labeled in part ***Elite Spice Inc. 7151 Montevideo Road, Jessup MD. 20794***",Bulk spice for futher manufacturing may be contaminated with Salmonella.,Class I,Terminated,USA,Elite Spice Inc.
FDA,spice,20150106,"BACK STREET BBQ #1132 Net Weight: 24oz  Con Yeager Spice Company, Zelienople, PA 16063   Item # 33357-31755  Lot # .213240",Cumin and cumin containing spice mixes may contain undeclared peanuts.,Class II,Terminated,USA,Con Yeager Spice Co
FDA,spice,20150106,"ATRIA'S RIB RUB Net Weight 25 lb.   ATRIA STEAK & PATTY* RUB 25 lb.    Con Yeager Spice Company, Zelienople, PA 16063   UPC: 32390; 32055   Lot #: .208678; .212025; .213824",Cumin and cumin containing spice mixes may contain undeclared peanuts.,Class II,Terminated,USA,Con Yeager Spice Co
FDA,spice,20130516,"Eco-Cuisine Basic Pancake Mix, SKU: TV25PANC, Pack size 25 lb bag, Distributed by Eco-Cuisine and manufactured by TOVA, Louisville, KY.",Eco-Cuisine is recalling certain spice/baking mixes due to potential contamination with salmonella as reported by their raw materials supplier.,Class II,Terminated,USA,Eco-Cuisine
FDA,spice,20150106,"VENISON BARBEQUE BEEF RUB    JACK BELL'S MEAT & POULTRY, KANE, PA 16735 NET WEIGHT: 13.1oz; UPC: 30788; LOT #: .214779;  .219313;   Con Yeager Spice Company, Zelienople, PA  16063	 NET WEIGHT: 13.1oz;",Cumin and cumin containing spice mixes may contain undeclared peanuts.,Class II,Terminated,USA,Con Yeager Spice Co
FDA,spice,20210125,"""Wildtree***Leslies Chili Blend***Organic & Gluten Free***Net Wt. 3.7 oz. ***Distributed by: Wildtree""",Spice mixes contain undeclared gluten due to contaminated ingredient.,Class II,Terminated,USA,Wildtree Inc.
FDA,spice,20181108,"Italian Spice Blend Salt Free  in 2 Lb. plastic bottles and 20 Lb. bulk boxes.  Ingredients;  Basil, Rosemary, Oregano, Marjoram & Spices.  Not labeled for Resale.",Parsley  Flakes are being recalled because they may contain a foreign material (plastic).  EXPANDED 1127/2018   During processing it was noted that Basil Leaf Sweet and Italian Spice Blend No Salt also may contain foreign material (plastic).,Class II,Terminated,USA,Black River Industries
FDA,spice,20190801,"Sandia Rose, 1 oz (28.4 g), 2 oz, 4 oz, and 1-3 lb packages.  An herbal tea, Taos, NM","recalling certain lots of Ginger Spice, Sandia Rose, and  Honey Lavender teas due to the potential for  Salmonella contamination.",Class II,Terminated,USA,"Milkweed & Monarch, LLC"
FDA,spice,20150106,"RAY'S RUB  3.28oz; 12 oz.  CON YEAGER SPICE COMPANY, ZELIENOPLE, PA 16063    UPC: 32768; 32519   Lot #: .210656; .213261",Cumin and cumin containing spice mixes may contain undeclared peanuts.,Class II,Terminated,USA,Con Yeager Spice Co
FDA,spice,20141114,"Ortega Enchilada Sauce 8 oz., UPC 41501-00898","Specific Ortega Brand Taco Seasoning, Taco Sauce, Taco Dinner Kits, and Enchilada Sauce, and Las Palmas brand Taco Seasoning and Taco Sauce products are being recalled because one or more of the spice ingredients may contain peanuts and almonds.",Class I,Terminated,USA,"B&G Foods North America, Inc"
FDA,spice,20150106,"KITCHEN ASSORTMENT GIFT BOX  Manufactured By: Con Yeager Spice Company, Inc., Zelienople Pa 16063  CONTENTS: ONE OF EACH OF THE FOLLOWING  DUSTLESS BLACK PEPPER, CHILI POWDER, GRANULATED GARLIC, GROUN",Cumin and cumin containing spice mixes may contain undeclared peanuts.,Class II,Terminated,USA,Con Yeager Spice Co
FDA,spice,20130516,"Eco-Cuisine Chocolate Chip Cookie Mix, SKU: AA01COOK-CC, Pack size 1 lb bag, 10 bags per case, Distributed by Eco-Cuisine and manufactured by All American Seasonings, Denver, CO.",Eco-Cuisine is recalling certain spice/baking mixes due to potential contamination with salmonella as reported by their raw materials supplier.,Class II,Terminated,USA,Eco-Cuisine
FDA,spice,20150430,"Turtle Island Roast Beef Spice Blend, stock code 12690, packaged in 25 lbs.container. No UPC",Turtle Island Roast Beef Spice Blend is recalled due to contamination with gluten (wheat allergen) and label does not declare wheat.,Class II,Terminated,USA,"Regency Group, Inc., The"
FDA,spice,20150106,"MOJO SEASONING    Con Yeager Spice Company, Zelienople, PA 16053	 Net Weight 3.04oz UPC: 30651  Lot #: .218363; Net Weight: 10.56oz  UPC: 30438  Lot #: .218296; .218877  MARKET BASKET, INC, Johnstown,",Cumin and cumin containing spice mixes may contain undeclared peanuts.,Class II,Terminated,USA,Con Yeager Spice Co
FDA,spice,20171212,"Paprika HUN Kalosca 12/5o, World Finer Foods",Spice Chain Corporation has decided to initiate a product recall of Paprika after receiving several  consumer complaints of finding beetles in retail containers.,Class II,Terminated,USA,Spice Chain Corporation
FDA,spice,20130516,"Eco-Cuisine Reduced Sodium ""Sausage Style"" Quick Mix, SKU: AA10SGQM, Pack size 10 lb bag, 1 bags per case, Distributed by Eco-Cuisine and manufactured by All American Seasonings, Denver, CO.",Eco-Cuisine is recalling certain spice/baking mixes due to potential contamination with salmonella as reported by their raw materials supplier.,Class II,Terminated,USA,Eco-Cuisine
FDA,spice,20130516,"Eco-Cuisine Basic English Scone Mix, SKU: CM25SCONE, Pack size 25 lb bag, Distributed by Eco-Cuisine and manufactured by Central Milling.",Eco-Cuisine is recalling certain spice/baking mixes due to potential contamination with salmonella as reported by their raw materials supplier.,Class II,Terminated,USA,Eco-Cuisine
FDA,spice,20160916,Hillcrest Farms Poultry Gravy Mix in 25lb brown poly-lined bags,Product contains a spice which was tested and found to contain elevated levels of lead.,Class III,Terminated,USA,National Foods Packaging Inc
FDA,spice,20171212,"Paprika Hun Budapest 12/5oz, World Finer Foods",Spice Chain Corporation has decided to initiate a product recall of Paprika after receiving several  consumer complaints of finding beetles in retail containers.,Class II,Terminated,USA,Spice Chain Corporation
FDA,spice,20141114,"Ortega 40% Less Sodium Taco Seasoning 1.25 oz., UPC 41501-00824","Specific Ortega Brand Taco Seasoning, Taco Sauce, Taco Dinner Kits, and Enchilada Sauce, and Las Palmas brand Taco Seasoning and Taco Sauce products are being recalled because one or more of the spice ingredients may contain peanuts and almonds.",Class I,Terminated,USA,"B&G Foods North America, Inc"
FDA,spice,20170524,"SOUTH AFRICAN STYLE  PERl PERl ROASTED SPICE PASTE     INGREDIENTS: VINEGAR, JALAPENO PUR E;(jalapeno peppers, salt, vinegar), ONION, MINCED GARLIC (garlic, soybean oil, citric acid),PAPRIKA, CANOLA O",Eatem was notified by a supplier that it was recalling a Chilles product used by Eatem foods as an ingredient in a spice blend product because peanut allergen was detected in the Chilles products.,Class I,Terminated,USA,Eatem Foods Company Vineland
FDA,spice,20130516,"Eco-Cuisine English Scone Mix, SKU: AA01SCON, Pack size 1 lb bag, 10 bags per case, Distributed by Eco-Cuisine and manufactured by All American Seasonings, Denver, CO.",Eco-Cuisine is recalling certain spice/baking mixes due to potential contamination with salmonella as reported by their raw materials supplier.,Class II,Terminated,USA,Eco-Cuisine
FDA,spice,20171212,"Paprika Lowes 12/2.5oz, Topco",Spice Chain Corporation has decided to initiate a product recall of Paprika after receiving several  consumer complaints of finding beetles in retail containers.,Class II,Terminated,USA,Spice Chain Corporation
FDA,spice,20161221,"WOOD FARMS Ranch dressing, EX418, NET WT: 6.4 oz, UPC 9172850097",Spice blends were manufactured using dried buttermilk which was subsequently recalled due to positive Salmonella results on environmental sampling.,Class I,Terminated,USA,J M Exotic Foods Inc
FDA,spice,20150413,"Terra Spice Company barbeque spice blend (dry spice mix), New Kitchen Store barbeque spice blend (dry spice mix), Sawyer Home & Garden Center barbeque spice blend, WILD ONION Spice Company barbeque sp","Greenies, LLC dba Terra Spice Co. decided to conduct a voluntary recall during an FDA inspection  (inspection dates 3/24, 26/2015). Label lists lecithin but does not specifically declare soy",Class II,Terminated,USA,Greenies LLC d.b.a. Terra Spice Company
FDA,spice,20141114,"Taco Sauce - Mild sold under the following brands:    1.  Ortega 8 oz, UPC 39000-00890, 16 oz. UPC 39000-01893;     2.  Las Palmas 8 oz. UPC 41501-79890 and (Canada) 226 g. UPC 41501-79990.","Specific Ortega Brand Taco Seasoning, Taco Sauce, Taco Dinner Kits, and Enchilada Sauce, and Las Palmas brand Taco Seasoning and Taco Sauce products are being recalled because one or more of the spice ingredients may contain peanuts and almonds.",Class I,Terminated,USA,"B&G Foods North America, Inc"
FDA,spice,20150106,"TACO SUPREME SEASONING 	    Con Yeager Spice Company, Zelienople, PA  16053   Net Weight 10lbs; UPC: 37347 ; Lot #:  .212451; Net Weight 50lbs; UPC: 37347; Lot #: .212451; Net Weight 2.72oz; UPC: 3734",Cumin and cumin containing spice mixes may contain undeclared peanuts.,Class II,Terminated,USA,Con Yeager Spice Co
FDA,spice,20150113,"Dr. J's Smart Gourmet SalsaMedium, 15 oz., UPC: 793573939166 (Medium).","Condies Foods, Inc. is recalling Condies brand Bold and Zesty salsa and Dr. J's brand Mild and Medium salsas because they contain the recalled spice cumin, which may contain undeclared peanut protein.",Class II,Terminated,USA,"Condies Foods, Inc"
FDA,spice,20161221,"Tupperware, Southwest Chipotle Seasoning, Assaisonnement Chipotle du sud-ouest, NET WT. 2.0 OZ. (56g)",Spice blends were manufactured using dried buttermilk which was subsequently recalled due to positive Salmonella results on environmental sampling.,Class I,Terminated,USA,J M Exotic Foods Inc
FDA,spice,20171212,"Paprika Powder Krasdale 12/2.75oz, Krasdale",Spice Chain Corporation has decided to initiate a product recall of Paprika after receiving several consumer complaints of finding beetles in retail containers.,Class II,Terminated,USA,Spice Chain Corporation
FDA,spice,20150413,"Terra Spice Company buffalo wing rub (dry spice mix).  Sold in 0.5, 1, 3, or 5 qt. jars, 4x6 and 6x10 stand up pouches, and bulk up to 50 lbs","Greenies, LLC dba Terra Spice Co. decided to conduct a voluntary recall during an FDA inspection  (inspection dates 3/24, 26/2015). Label does not declare soy and wheat.",Class II,Terminated,USA,Greenies LLC d.b.a. Terra Spice Company
