hs_code,hs_desc,year,country_code,country_name,value_usd,weight_kg,qty,price_usd_kg,value_lag1,growth_yoy
030353,"Fish; frozen, sardines (Sardina pilchardus, Sardinops spp.),",2019,036,Australie,32271.864,31016.0,31016.0,1.0404908434356461,,
030353,"Fish; frozen, sardines (Sardina pilchardus, Sardinops spp.),",2020,036,Australie,39645.366,42840.0,42840.0,0.9254287114845938,32271.864,22.84808215602297
030353,"Fish; frozen, sardines (Sardina pilchardus, Sardinops spp.),",2021,036,Australie,21332.517,21420.0,21420.0,0.9959158263305322,39645.366,-46.191650746773284
030353,"Fish; frozen, sardines (Sardina pilchardus, Sardinops spp.),",2016,056,Belgique,90.0,96.0,96.0,0.9375,,
030353,"Fish; frozen, sardines (Sardina pilchardus, Sardinops spp.),",2017,056,Belgique,5527.781,3959.0,3959.0,1.3962568830512756,90.0,6041.978888888889
030353,"Fish; frozen, sardines (Sardina pilchardus, Sardinops spp.),",2018,056,Belgique,2564.643,1585.5,1585.5,1.6175610217596972,5527.781,-53.604475285833495
030353,"Fish; frozen, sardines (Sardina pilchardus, Sardinops spp.),",2019,056,Belgique,4767.665,6006.0,6006.0,0.7938170163170163,2564.643,85.89975290907935
030353,"Fish; frozen, sardines (Sardina pilchardus, Sardinops spp.),",2015,124,Canada,53688.442,42984.0,42984.0,1.249033175134934,,
030353,"Fish; frozen, sardines (Sardina pilchardus, Sardinops spp.),",2016,124,Canada,67622.0,100004.0,100004.0,0.6761929522819087,53688.442,25.95262123642924
030353,"Fish; frozen, sardines (Sardina pilchardus, Sardinops spp.),",2017,124,Canada,115195.447,98700.0,98700.0,1.1671271225937183,67622.0,70.35202596788027
030353,"Fish; frozen, sardines (Sardina pilchardus, Sardinops spp.),",2019,124,Canada,117381.406,131984.0,131984.0,0.8893608770760092,115195.447,1.8976088525443218
030353,"Fish; frozen, sardines (Sardina pilchardus, Sardinops spp.),",2020,124,Canada,275500.369,347196.0,347196.0,0.7935009879146073,117381.406,134.7052896946898
030353,"Fish; frozen, sardines (Sardina pilchardus, Sardinops spp.),",2021,124,Canada,577261.495,616546.0,616546.0,0.9362829294164587,275500.369,109.53202244168318
030353,"Fish; frozen, sardines (Sardina pilchardus, Sardinops spp.),",2022,124,Canada,1307901.704,1329708.0,1329708.0,0.9836006882714099,577261.495,126.5700579942544
030353,"Fish; frozen, sardines (Sardina pilchardus, Sardinops spp.),",2023,124,Canada,173033.771,164126.0,164126.0,1.0542739785286914,1307901.704,-86.77012420193316
030353,"Fish; frozen, sardines (Sardina pilchardus, Sardinops spp.),",2015,156,Chine,768984.924,999510.0,999510.0,0.769361911336555,,
030353,"Fish; frozen, sardines (Sardina pilchardus, Sardinops spp.),",2016,156,Chine,1564745.0,1880395.0,1880395.0,0.832136333057682,768984.924,103.48188256548967
030353,"Fish; frozen, sardines (Sardina pilchardus, Sardinops spp.),",2017,156,Chine,6483.073,11000.0,11000.0,0.5893702727272727,1564745.0,-99.58567862495167
030353,"Fish; frozen, sardines (Sardina pilchardus, Sardinops spp.),",2018,156,Chine,682697.248,664352.0,664352.0,1.0276137469293387,6483.073,10430.457516057586
030353,"Fish; frozen, sardines (Sardina pilchardus, Sardinops spp.),",2022,156,Chine,700421.503,560152.0,560152.0,1.2504132860366473,682697.248,2.596210113915679
030353,"Fish; frozen, sardines (Sardina pilchardus, Sardinops spp.),",2015,251,France,2269697.94,2417216.0,2417216.0,0.9389719164526463,,
030353,"Fish; frozen, sardines (Sardina pilchardus, Sardinops spp.),",2016,251,France,3410298.0,4077788.0,4077788.0,0.8363107645615712,2269697.94,50.25338569942043
030353,"Fish; frozen, sardines (Sardina pilchardus, Sardinops spp.),",2017,251,France,2449058.71,2554166.0,2554166.0,0.9588486848544692,3410298.0,-28.186372275971195
030353,"Fish; frozen, sardines (Sardina pilchardus, Sardinops spp.),",2018,251,France,4013666.909,4279571.0,4279571.0,0.9378666480822494,2449058.71,63.88610418408467
030353,"Fish; frozen, sardines (Sardina pilchardus, Sardinops spp.),",2019,251,France,4228335.645,4610397.0,4610397.0,0.9171304868105717,4013666.909,5.348444224871765
030353,"Fish; frozen, sardines (Sardina pilchardus, Sardinops spp.),",2020,251,France,2437219.714,2461031.3,2461031.3,0.9903245497121472,4228335.645,-42.35983330977973
030353,"Fish; frozen, sardines (Sardina pilchardus, Sardinops spp.),",2021,251,France,2799287.564,2423650.0,2423650.0,1.1549883704330244,2437219.714,14.855773893514451
030353,"Fish; frozen, sardines (Sardina pilchardus, Sardinops spp.),",2022,251,France,3253432.732,2979914.0,2979914.0,1.0917874582957763,2799287.564,16.223598241227354
030353,"Fish; frozen, sardines (Sardina pilchardus, Sardinops spp.),",2023,251,France,1743373.78,1459731.0,1459731.0,1.1943116779735445,3253432.732,-46.41432838452182
030353,"Fish; frozen, sardines (Sardina pilchardus, Sardinops spp.),",2015,276,Allemagne,19.055,39.0,39.0,0.4885897435897436,,
030353,"Fish; frozen, sardines (Sardina pilchardus, Sardinops spp.),",2017,276,Allemagne,241.813,42.0,42.0,5.7574523809523805,19.055,1169.0265022303856
030353,"Fish; frozen, sardines (Sardina pilchardus, Sardinops spp.),",2019,276,Allemagne,75.803,21.0,21.0,3.6096666666666666,241.813,-68.6522229987635
030353,"Fish; frozen, sardines (Sardina pilchardus, Sardinops spp.),",2023,276,Allemagne,9.475,8.0,8.0,1.184375,75.803,-87.50049470337586
030353,"Fish; frozen, sardines (Sardina pilchardus, Sardinops spp.),",2015,380,Italie,32152.254,34220.0,34220.0,0.939574926943308,,
030353,"Fish; frozen, sardines (Sardina pilchardus, Sardinops spp.),",2016,380,Italie,49257.0,58690.0,58690.0,0.8392741523257795,32152.254,53.19921272082511
030353,"Fish; frozen, sardines (Sardina pilchardus, Sardinops spp.),",2017,380,Italie,46049.615,48400.0,48400.0,0.9514383264462809,49257.0,-6.511531355949413
030353,"Fish; frozen, sardines (Sardina pilchardus, Sardinops spp.),",2018,380,Italie,45398.533,43256.0,43256.0,1.0495314638431663,46049.615,-1.4138706697113428
030353,"Fish; frozen, sardines (Sardina pilchardus, Sardinops spp.),",2019,380,Italie,16884.029,21420.0,21420.0,0.7882366479925302,45398.533,-62.80930707606785
030353,"Fish; frozen, sardines (Sardina pilchardus, Sardinops spp.),",2020,380,Italie,40405.092,46516.0,46516.0,0.8686278269842634,16884.029,139.30953921010206
030353,"Fish; frozen, sardines (Sardina pilchardus, Sardinops spp.),",2021,380,Italie,41855.888,41016.0,41016.0,1.0204770821142968,40405.092,3.5906266467602705
030353,"Fish; frozen, sardines (Sardina pilchardus, Sardinops spp.),",2022,380,Italie,152008.526,146984.0,146984.0,1.0341841697055463,41855.888,263.1711887225998
030353,"Fish; frozen, sardines (Sardina pilchardus, Sardinops spp.),",2023,380,Italie,173913.509,197283.0,197283.0,0.8815433108782814,152008.526,14.410364718621096
030353,"Fish; frozen, sardines (Sardina pilchardus, Sardinops spp.),",2022,392,Japon,41.434,40.0,40.0,1.03585,,
030353,"Fish; frozen, sardines (Sardina pilchardus, Sardinops spp.),",2015,410,Corée du Sud,864541.512,1070000.0,1070000.0,0.8079827214953271,,
030353,"Fish; frozen, sardines (Sardina pilchardus, Sardinops spp.),",2016,410,Corée du Sud,876309.0,1125350.0,1125350.0,0.7786990714000089,864541.512,1.3611246928765188
030353,"Fish; frozen, sardines (Sardina pilchardus, Sardinops spp.),",2017,410,Corée du Sud,294400.176,380569.0,380569.0,0.7735789725384884,876309.0,-66.40452443145055
030353,"Fish; frozen, sardines (Sardina pilchardus, Sardinops spp.),",2018,410,Corée du Sud,405382.554,512600.0,512600.0,0.7908360397971128,294400.176,37.69779607740453
030353,"Fish; frozen, sardines (Sardina pilchardus, Sardinops spp.),",2019,410,Corée du Sud,545206.624,709050.0,709050.0,0.7689254974966504,405382.554,34.491881463650735
030353,"Fish; frozen, sardines (Sardina pilchardus, Sardinops spp.),",2020,410,Corée du Sud,76270.994,95700.0,95700.0,0.7969800835945664,545206.624,-86.01062594573318
030353,"Fish; frozen, sardines (Sardina pilchardus, Sardinops spp.),",2021,410,Corée du Sud,29875.337,24000.0,24000.0,1.2448057083333333,76270.994,-60.83001488088644
030353,"Fish; frozen, sardines (Sardina pilchardus, Sardinops spp.),",2017,528,Pays-Bas,34089.083,27722.0,27722.0,1.229676177764952,,
030353,"Fish; frozen, sardines (Sardina pilchardus, Sardinops spp.),",2018,528,Pays-Bas,23291.991,21980.0,21980.0,1.0596902183803458,34089.083,-31.6731664503853
030353,"Fish; frozen, sardines (Sardina pilchardus, Sardinops spp.),",2019,528,Pays-Bas,10444.338,11000.0,11000.0,0.9494852727272727,23291.991,-55.159101684351505
030353,"Fish; frozen, sardines (Sardina pilchardus, Sardinops spp.),",2020,528,Pays-Bas,54004.237,55135.0,55135.0,0.9794910129681691,10444.338,417.06711330100586
030353,"Fish; frozen, sardines (Sardina pilchardus, Sardinops spp.),",2021,528,Pays-Bas,101950.446,102294.0,102294.0,0.996641503900522,54004.237,88.78230980284009
030353,"Fish; frozen, sardines (Sardina pilchardus, Sardinops spp.),",2022,528,Pays-Bas,182871.874,163328.0,163328.0,1.1196602787029781,101950.446,79.37329474752863
030353,"Fish; frozen, sardines (Sardina pilchardus, Sardinops spp.),",2023,528,Pays-Bas,108404.868,100498.0,100498.0,1.0786768691914268,182871.874,-40.72086339531907
030353,"Fish; frozen, sardines (Sardina pilchardus, Sardinops spp.),",2015,724,Espagne,9103352.816,10166886.0,10166886.0,0.8953924354025411,,
030353,"Fish; frozen, sardines (Sardina pilchardus, Sardinops spp.),",2016,724,Espagne,9952724.0,13154962.0,13154962.0,0.7565756556347332,9103352.816,9.330311602414778
030353,"Fish; frozen, sardines (Sardina pilchardus, Sardinops spp.),",2017,724,Espagne,13089352.797,15530299.0,15530299.0,0.8428268378477453,9952724.0,31.515279605864688
030353,"Fish; frozen, sardines (Sardina pilchardus, Sardinops spp.),",2018,724,Espagne,13033024.642,14588959.0,14588959.0,0.8933485001911378,13089352.797,-0.43033567719948235
030353,"Fish; frozen, sardines (Sardina pilchardus, Sardinops spp.),",2019,724,Espagne,16856659.477,22885051.0,22885051.0,0.7365795023572376,13033024.642,29.338046539695945
030353,"Fish; frozen, sardines (Sardina pilchardus, Sardinops spp.),",2020,724,Espagne,17323005.699,24525508.0,24525508.0,0.7063260707586567,16856659.477,2.7665399697745765
030353,"Fish; frozen, sardines (Sardina pilchardus, Sardinops spp.),",2021,724,Espagne,15620587.685,20754207.0,20754207.0,0.7526468096323796,17323005.699,-9.827497857939719
030353,"Fish; frozen, sardines (Sardina pilchardus, Sardinops spp.),",2022,724,Espagne,16110996.805,21516911.0,21516911.0,0.7487597455322467,15620587.685,3.1395049270196465
030353,"Fish; frozen, sardines (Sardina pilchardus, Sardinops spp.),",2023,724,Espagne,15858237.118,22488104.0,22488104.0,0.705183376864497,16110996.805,-1.568864360531409
030353,"Fish; frozen, sardines (Sardina pilchardus, Sardinops spp.),",2016,784,Émirats Arabes,17.0,3.0,3.0,5.666666666666667,,
030353,"Fish; frozen, sardines (Sardina pilchardus, Sardinops spp.),",2017,784,Émirats Arabes,4.434,50.0,50.0,0.08868000000000001,17.0,-73.91764705882352
030353,"Fish; frozen, sardines (Sardina pilchardus, Sardinops spp.),",2018,784,Émirats Arabes,22.374,11.0,11.0,2.034,4.434,404.6008119079837
030353,"Fish; frozen, sardines (Sardina pilchardus, Sardinops spp.),",2019,784,Émirats Arabes,17.469,11.5,11.5,1.5190434782608697,22.374,-21.922767497988726
030353,"Fish; frozen, sardines (Sardina pilchardus, Sardinops spp.),",2020,784,Émirats Arabes,900.404,303.25,303.25,2.9691805441055235,17.469,5054.296181807773
030353,"Fish; frozen, sardines (Sardina pilchardus, Sardinops spp.),",2022,784,Émirats Arabes,555283.003,420120.0,420120.0,1.3217247524516806,900.404,61570.42827441904
030353,"Fish; frozen, sardines (Sardina pilchardus, Sardinops spp.),",2023,784,Émirats Arabes,899499.359,784224.0,784224.0,1.1469928987126128,555283.003,61.989355723175265
030353,"Fish; frozen, sardines (Sardina pilchardus, Sardinops spp.),",2015,826,Royaume-Uni,67166.179,60860.0,60860.0,1.1036177949392048,,
030353,"Fish; frozen, sardines (Sardina pilchardus, Sardinops spp.),",2017,826,Royaume-Uni,11420.912,12000.0,12000.0,0.9517426666666667,67166.179,-82.99603733599317
030353,"Fish; frozen, sardines (Sardina pilchardus, Sardinops spp.),",2018,826,Royaume-Uni,14220.493,10624.0,10624.0,1.3385253200301206,11420.912,24.512762203228604
030353,"Fish; frozen, sardines (Sardina pilchardus, Sardinops spp.),",2019,826,Royaume-Uni,1621.595,1200.0,1200.0,1.3513291666666667,14220.493,-88.59677368428788
030353,"Fish; frozen, sardines (Sardina pilchardus, Sardinops spp.),",2020,826,Royaume-Uni,1563.677,980.0,980.0,1.595588775510204,1621.595,-3.57166863489343
030353,"Fish; frozen, sardines (Sardina pilchardus, Sardinops spp.),",2015,842,États-Unis,2217773.071,2486554.8,2486554.8,0.8919059700594575,,
030353,"Fish; frozen, sardines (Sardina pilchardus, Sardinops spp.),",2016,842,États-Unis,2893186.0,3358387.0,3358387.0,0.8614808239788923,2217773.071,30.45455542011133
030353,"Fish; frozen, sardines (Sardina pilchardus, Sardinops spp.),",2017,842,États-Unis,2403333.713,2254353.0,2254353.0,1.066085796235106,2893186.0,-16.931240749816983
030353,"Fish; frozen, sardines (Sardina pilchardus, Sardinops spp.),",2018,842,États-Unis,848684.79,830292.0,830292.0,1.0221521946495933,2403333.713,-64.68718491280117
030353,"Fish; frozen, sardines (Sardina pilchardus, Sardinops spp.),",2019,842,États-Unis,797231.541,783676.0,783676.0,1.0172973792740878,848684.79,-6.0627042697442555
030353,"Fish; frozen, sardines (Sardina pilchardus, Sardinops spp.),",2020,842,États-Unis,695228.494,870400.0,870400.0,0.7987459719669117,797231.541,-12.794657731686513
030353,"Fish; frozen, sardines (Sardina pilchardus, Sardinops spp.),",2021,842,États-Unis,542134.217,468280.0,468280.0,1.15771379730076,695228.494,-22.020713811537192
030353,"Fish; frozen, sardines (Sardina pilchardus, Sardinops spp.),",2022,842,États-Unis,455948.318,313756.0,313756.0,1.453193940514285,542134.217,-15.897520631869641
030353,"Fish; frozen, sardines (Sardina pilchardus, Sardinops spp.),",2023,842,États-Unis,2.171,4.0,4.0,0.54275,455948.318,-99.99952384954297
030743,"Molluscs; cuttle fish and squid, whether in shell or not, fr",2019,036,Australie,200.269,24.0,24.0,8.344541666666666,,
030743,"Molluscs; cuttle fish and squid, whether in shell or not, fr",2017,056,Belgique,68512.58,9806.4,9806.4,6.986516968510361,,
030743,"Molluscs; cuttle fish and squid, whether in shell or not, fr",2018,056,Belgique,416518.913,60382.65,60382.65,6.897989952411827,68512.58,507.94515839280893
030743,"Molluscs; cuttle fish and squid, whether in shell or not, fr",2019,056,Belgique,227332.695,34866.3,34866.3,6.520126741294602,416518.913,-45.42079893500538
030743,"Molluscs; cuttle fish and squid, whether in shell or not, fr",2020,056,Belgique,850112.644,188678.47,188678.47,4.505615526774199,227332.695,273.95089342516263
030743,"Molluscs; cuttle fish and squid, whether in shell or not, fr",2021,056,Belgique,26079.702,8141.04,8141.04,3.2034853040889124,850112.644,-96.93220631594322
030743,"Molluscs; cuttle fish and squid, whether in shell or not, fr",2022,056,Belgique,222382.101,25831.0,25831.0,8.60911699121211,26079.702,752.7018483570096
030743,"Molluscs; cuttle fish and squid, whether in shell or not, fr",2023,056,Belgique,540263.09,79523.24,79523.24,6.793776133869796,222382.101,142.94360363112136
030743,"Molluscs; cuttle fish and squid, whether in shell or not, fr",2017,124,Canada,116835.137,16145.0,16145.0,7.236614245896563,,
030743,"Molluscs; cuttle fish and squid, whether in shell or not, fr",2018,124,Canada,191621.719,18295.0,18295.0,10.473993932768517,116835.137,64.01035161194702
030743,"Molluscs; cuttle fish and squid, whether in shell or not, fr",2019,124,Canada,282604.376,33755.0,33755.0,8.37222266330914,191621.719,47.480346943344124
030743,"Molluscs; cuttle fish and squid, whether in shell or not, fr",2020,124,Canada,7786.373,1424.2,1424.2,5.4671907035528715,282604.376,-97.24477974820884
030743,"Molluscs; cuttle fish and squid, whether in shell or not, fr",2021,124,Canada,296435.692,18047.7,18047.7,16.425122979659456,7786.373,3707.108804060632
030743,"Molluscs; cuttle fish and squid, whether in shell or not, fr",2022,124,Canada,11066.604,1832.0,1832.0,6.040722707423581,296435.692,-96.26677748373162
030743,"Molluscs; cuttle fish and squid, whether in shell or not, fr",2023,124,Canada,271119.461,38980.0,38980.0,6.9553478963571065,11066.604,2349.888520453068
030743,"Molluscs; cuttle fish and squid, whether in shell or not, fr",2017,156,Chine,2695014.855,496637.6,496637.6,5.4265219850450315,,
030743,"Molluscs; cuttle fish and squid, whether in shell or not, fr",2018,156,Chine,4117791.603,741381.833,741381.833,5.554211635234391,2695014.855,52.79290929919569
030743,"Molluscs; cuttle fish and squid, whether in shell or not, fr",2019,156,Chine,14574143.732,3677566.8,3677566.8,3.962985453316579,4117791.603,253.93106638475996
030743,"Molluscs; cuttle fish and squid, whether in shell or not, fr",2020,156,Chine,15879178.081,4288856.9,4288856.9,3.702426649161458,14574143.732,8.954449558052428
030743,"Molluscs; cuttle fish and squid, whether in shell or not, fr",2021,156,Chine,4489970.81,1149956.0,1149956.0,3.9044718319657443,15879178.081,-71.72416111780743
030743,"Molluscs; cuttle fish and squid, whether in shell or not, fr",2022,156,Chine,2555882.893,475357.8,475357.8,5.376755978338843,4489970.81,-43.07573476184803
030743,"Molluscs; cuttle fish and squid, whether in shell or not, fr",2023,156,Chine,10221072.682,1931083.1,1931083.1,5.292922237266744,2555882.893,299.90379488799215
030743,"Molluscs; cuttle fish and squid, whether in shell or not, fr",2018,251,France,57363.323,7440.0,7440.0,7.710124059139784,,
030743,"Molluscs; cuttle fish and squid, whether in shell or not, fr",2019,251,France,358103.512,46979.1,46979.1,7.62261328973948,57363.323,524.2726070803117
030743,"Molluscs; cuttle fish and squid, whether in shell or not, fr",2020,251,France,838787.501,131164.2,131164.2,6.394942377569489,358103.512,134.23045932037664
030743,"Molluscs; cuttle fish and squid, whether in shell or not, fr",2021,251,France,610917.336,91306.4,91306.4,6.69084900948893,838787.501,-27.16661427695738
030743,"Molluscs; cuttle fish and squid, whether in shell or not, fr",2022,251,France,112275.478,14085.0,14085.0,7.9712799432019885,610917.336,-81.62182158143897
030743,"Molluscs; cuttle fish and squid, whether in shell or not, fr",2023,251,France,299287.951,36525.0,36525.0,8.194057522245037,112275.478,166.56573308020117
030743,"Molluscs; cuttle fish and squid, whether in shell or not, fr",2017,276,Allemagne,16806.595,2123.99,2123.99,7.912746764344466,,
030743,"Molluscs; cuttle fish and squid, whether in shell or not, fr",2019,276,Allemagne,20019.701,2180.0,2180.0,9.183349082568808,16806.595,19.118125949961904
030743,"Molluscs; cuttle fish and squid, whether in shell or not, fr",2020,276,Allemagne,23049.122,3170.0,3170.0,7.271016403785489,20019.701,15.132199027348104
030743,"Molluscs; cuttle fish and squid, whether in shell or not, fr",2023,276,Allemagne,188.031,20.0,20.0,9.40155,23049.122,-99.18421621439637
030743,"Molluscs; cuttle fish and squid, whether in shell or not, fr",2017,380,Italie,38485705.353,5231477.37,5231477.37,7.356565388908487,,
030743,"Molluscs; cuttle fish and squid, whether in shell or not, fr",2018,380,Italie,27532302.823,3261152.86,3261152.86,8.442506072223797,38485705.353,-28.460963439627257
030743,"Molluscs; cuttle fish and squid, whether in shell or not, fr",2019,380,Italie,61009290.372,8170471.01,8170471.01,7.467046917776164,27532302.823,121.5916727497052
030743,"Molluscs; cuttle fish and squid, whether in shell or not, fr",2020,380,Italie,94895213.898,15454029.59,15454029.59,6.140483512429977,61009290.372,55.54223515694559
030743,"Molluscs; cuttle fish and squid, whether in shell or not, fr",2021,380,Italie,124108678.398,15007534.77,15007534.77,8.269757844978827,94895213.898,30.784971443766036
030743,"Molluscs; cuttle fish and squid, whether in shell or not, fr",2022,380,Italie,52915671.897,5774638.5,5774638.5,9.163460517398622,124108678.398,-57.36343938229164
030743,"Molluscs; cuttle fish and squid, whether in shell or not, fr",2023,380,Italie,112475239.162,12755441.25,12755441.25,8.81782424908272,52915671.897,112.55562885213344
030743,"Molluscs; cuttle fish and squid, whether in shell or not, fr",2017,392,Japon,4033242.398,639008.54,639008.54,6.311719085945236,,
030743,"Molluscs; cuttle fish and squid, whether in shell or not, fr",2018,392,Japon,4829308.881,699601.2,699601.2,6.902945393747181,4033242.398,19.737630532564882
030743,"Molluscs; cuttle fish and squid, whether in shell or not, fr",2019,392,Japon,5943415.872,800157.46,800157.46,7.427807861717619,4829308.881,23.069698345103646
030743,"Molluscs; cuttle fish and squid, whether in shell or not, fr",2020,392,Japon,4921001.404,1119691.65,1119691.65,4.394961241338185,5943415.872,-17.202472282255943
030743,"Molluscs; cuttle fish and squid, whether in shell or not, fr",2021,392,Japon,1769283.493,479781.4,479781.4,3.687686711073001,4921001.404,-64.04627132270578
030743,"Molluscs; cuttle fish and squid, whether in shell or not, fr",2022,392,Japon,1557383.112,340649.5,340649.5,4.571805072369107,1769283.493,-11.97662114852501
030743,"Molluscs; cuttle fish and squid, whether in shell or not, fr",2023,392,Japon,6399207.078,1125566.34,1125566.34,5.685322002433015,1557383.112,310.8948548814109
030743,"Molluscs; cuttle fish and squid, whether in shell or not, fr",2017,410,Corée du Sud,463017.766,83511.4,83511.4,5.544365990750964,,
030743,"Molluscs; cuttle fish and squid, whether in shell or not, fr",2018,410,Corée du Sud,279373.506,37479.7,37479.7,7.453995256098636,463017.766,-39.66246513314135
030743,"Molluscs; cuttle fish and squid, whether in shell or not, fr",2019,410,Corée du Sud,71155.301,17776.1,17776.1,4.002863451488235,279373.506,-74.5304048265765
030743,"Molluscs; cuttle fish and squid, whether in shell or not, fr",2021,410,Corée du Sud,165233.194,48510.1,48510.1,3.4061606552037618,71155.301,132.21487602167542
030743,"Molluscs; cuttle fish and squid, whether in shell or not, fr",2022,410,Corée du Sud,339.84,77.5,77.5,4.385032258064516,165233.194,-99.79432704060662
030743,"Molluscs; cuttle fish and squid, whether in shell or not, fr",2023,410,Corée du Sud,379615.136,68727.0,68727.0,5.523522574825033,339.84,111604.07721280603
030743,"Molluscs; cuttle fish and squid, whether in shell or not, fr",2017,528,Pays-Bas,27629.934,3274.0,3274.0,8.439197923029933,,
030743,"Molluscs; cuttle fish and squid, whether in shell or not, fr",2018,528,Pays-Bas,25337.568,2408.5,2408.5,10.520061449034669,27629.934,-8.296675627238203
030743,"Molluscs; cuttle fish and squid, whether in shell or not, fr",2019,528,Pays-Bas,235334.028,50044.1,50044.1,4.702532925959304,25337.568,828.7948551336892
030743,"Molluscs; cuttle fish and squid, whether in shell or not, fr",2020,528,Pays-Bas,137394.15,36148.952,36148.952,3.80077823556268,235334.028,-41.617389050086715
030743,"Molluscs; cuttle fish and squid, whether in shell or not, fr",2021,528,Pays-Bas,303480.637,43830.7,43830.7,6.923928593428807,137394.15,120.88323047233087
030743,"Molluscs; cuttle fish and squid, whether in shell or not, fr",2022,528,Pays-Bas,178750.685,19100.0,19100.0,9.358674607329842,303480.637,-41.09980565251021
030743,"Molluscs; cuttle fish and squid, whether in shell or not, fr",2023,528,Pays-Bas,796161.102,70870.9,70870.9,11.233963474430267,178750.685,345.4031054482392
030743,"Molluscs; cuttle fish and squid, whether in shell or not, fr",2023,702,Singapour,72.25,5.0,5.0,14.45,,
030743,"Molluscs; cuttle fish and squid, whether in shell or not, fr",2017,724,Espagne,192635027.138,27810968.4,27810968.4,6.926584661395682,,
030743,"Molluscs; cuttle fish and squid, whether in shell or not, fr",2018,724,Espagne,168345209.153,20652561.7,20652561.7,8.151299175297948,192635027.138,-12.60924264183754
030743,"Molluscs; cuttle fish and squid, whether in shell or not, fr",2019,724,Espagne,176978839.198,27649001.13,27649001.13,6.400912581466556,168345209.153,5.128527320996328
030743,"Molluscs; cuttle fish and squid, whether in shell or not, fr",2020,724,Espagne,176330608.272,33306291.04,33306291.04,5.294213278213161,176978839.198,-0.36627595080718806
030743,"Molluscs; cuttle fish and squid, whether in shell or not, fr",2021,724,Espagne,255186722.185,37336509.25,37336509.25,6.834777200951104,176330608.272,44.72060448595512
030743,"Molluscs; cuttle fish and squid, whether in shell or not, fr",2022,724,Espagne,237005332.127,29953289.2,29953289.2,7.912497707497179,255186722.185,-7.124739838469821
030743,"Molluscs; cuttle fish and squid, whether in shell or not, fr",2023,724,Espagne,310169831.159,39652943.4,39652943.4,7.822113683469964,237005332.127,30.87040210251243
030743,"Molluscs; cuttle fish and squid, whether in shell or not, fr",2017,784,Émirats Arabes,134898.543,19800.0,19800.0,6.813057727272728,,
030743,"Molluscs; cuttle fish and squid, whether in shell or not, fr",2018,784,Émirats Arabes,89743.964,11580.0,11580.0,7.749910535405872,134898.543,-33.47299236582562
030743,"Molluscs; cuttle fish and squid, whether in shell or not, fr",2019,784,Émirats Arabes,4.159,2.0,2.0,2.0795,89743.964,-99.99536570504061
030743,"Molluscs; cuttle fish and squid, whether in shell or not, fr",2020,826,Royaume-Uni,68188.522,7027.0,7027.0,9.703788529955885,,
030743,"Molluscs; cuttle fish and squid, whether in shell or not, fr",2021,826,Royaume-Uni,157501.412,17000.0,17000.0,9.264788941176471,68188.522,130.97936042667124
030743,"Molluscs; cuttle fish and squid, whether in shell or not, fr",2022,826,Royaume-Uni,248597.818,17398.0,17398.0,14.288873318772273,157501.412,57.83846941003931
030743,"Molluscs; cuttle fish and squid, whether in shell or not, fr",2023,826,Royaume-Uni,241389.789,18000.0,18000.0,13.410543833333334,248597.818,-2.8994739607891526
030743,"Molluscs; cuttle fish and squid, whether in shell or not, fr",2017,842,États-Unis,7632.537,1319.3,1319.3,5.785292958387024,,
030743,"Molluscs; cuttle fish and squid, whether in shell or not, fr",2020,842,États-Unis,23194.644,7000.0,7000.0,3.3135205714285716,7632.537,203.8916679997752
030743,"Molluscs; cuttle fish and squid, whether in shell or not, fr",2021,842,États-Unis,555695.715,36036.3,36036.3,15.420443136504023,23194.644,2295.7932486482655
030743,"Molluscs; cuttle fish and squid, whether in shell or not, fr",2022,842,États-Unis,1488398.523,131160.8,131160.8,11.347891466047784,555695.715,167.8441605402698
030752,"Molluscs; octopus (Octopus spp.), frozen",2017,056,Belgique,68187.24,9189.5,9189.5,7.420125142826052,,
030752,"Molluscs; octopus (Octopus spp.), frozen",2018,056,Belgique,244367.683,26608.14,26608.14,9.183944574855664,68187.24,258.3774368928849
030752,"Molluscs; octopus (Octopus spp.), frozen",2019,056,Belgique,313688.249,38987.1,38987.1,8.045949788519794,244367.683,28.36732138594612
030752,"Molluscs; octopus (Octopus spp.), frozen",2020,056,Belgique,725459.263,96427.1,96427.1,7.523396047376723,313688.249,131.2675930044163
030752,"Molluscs; octopus (Octopus spp.), frozen",2021,056,Belgique,1024234.064,111484.4,111484.4,9.187241120730793,725459.263,41.184228562259044
030752,"Molluscs; octopus (Octopus spp.), frozen",2022,056,Belgique,1582698.213,179562.0,179562.0,8.814215775052627,1024234.064,54.52505131678572
030752,"Molluscs; octopus (Octopus spp.), frozen",2023,056,Belgique,474118.705,56631.94,56631.94,8.371931192892209,1582698.213,-70.04364438490713
030752,"Molluscs; octopus (Octopus spp.), frozen",2017,124,Canada,4261580.122,380725.0,380725.0,11.193328838400422,,
030752,"Molluscs; octopus (Octopus spp.), frozen",2018,124,Canada,6275053.159,387632.0,387632.0,16.188171149440706,4261580.122,47.247100356171586
030752,"Molluscs; octopus (Octopus spp.), frozen",2019,124,Canada,5760031.009,588297.3,588297.3,9.791020643813933,6275053.159,-8.207454772894305
030752,"Molluscs; octopus (Octopus spp.), frozen",2020,124,Canada,3632704.213,455704.23,455704.23,7.971627151672479,5760031.009,-36.93255804831727
030752,"Molluscs; octopus (Octopus spp.), frozen",2021,124,Canada,5530873.98,399293.0,399293.0,13.851667772788405,3632704.213,52.25225219843684
030752,"Molluscs; octopus (Octopus spp.), frozen",2022,124,Canada,8705591.65,628106.9,628106.9,13.860047788043723,5530873.98,57.399927777779524
030752,"Molluscs; octopus (Octopus spp.), frozen",2023,124,Canada,5676318.705,466433.0,466433.0,12.169633591534048,8705591.65,-34.7968646680091
030752,"Molluscs; octopus (Octopus spp.), frozen",2017,156,Chine,915889.569,118557.4,118557.4,7.725283862500359,,
030752,"Molluscs; octopus (Octopus spp.), frozen",2019,156,Chine,100734.352,15300.0,15300.0,6.5839445751633985,915889.569,-89.00147404124438
030752,"Molluscs; octopus (Octopus spp.), frozen",2020,156,Chine,99905.574,18200.0,18200.0,5.489317252747252,100734.352,-0.8227362201128824
030752,"Molluscs; octopus (Octopus spp.), frozen",2020,251,France,219789.356,20477.0,20477.0,10.73347443473165,,
030752,"Molluscs; octopus (Octopus spp.), frozen",2022,251,France,20618.443,2160.0,2160.0,9.545575462962963,219789.356,-90.61899840136024
030752,"Molluscs; octopus (Octopus spp.), frozen",2023,251,France,81122.532,8208.0,8208.0,9.883349415204679,20618.443,293.4464498604478
030752,"Molluscs; octopus (Octopus spp.), frozen",2017,276,Allemagne,592466.119,55831.0,55831.0,10.611776951872615,,
030752,"Molluscs; octopus (Octopus spp.), frozen",2018,276,Allemagne,657509.262,38302.0,38302.0,17.166447235131326,592466.119,10.978373431679737
030752,"Molluscs; octopus (Octopus spp.), frozen",2019,276,Allemagne,831789.755,86782.3,86782.3,9.584785780049618,657509.262,26.506165475126043
030752,"Molluscs; octopus (Octopus spp.), frozen",2020,276,Allemagne,1094321.034,135005.4,135005.4,8.105757503033212,831789.755,31.562215983292553
030752,"Molluscs; octopus (Octopus spp.), frozen",2022,276,Allemagne,258405.842,18508.4,18508.4,13.961544055672018,1094321.034,-76.38665126855271
030752,"Molluscs; octopus (Octopus spp.), frozen",2017,380,Italie,120427300.612,13976211.8,13976211.8,8.616590985834945,,
030752,"Molluscs; octopus (Octopus spp.), frozen",2018,380,Italie,119292220.765,9597811.9,9597811.9,12.42910592621637,120427300.612,-0.9425436269281433
030752,"Molluscs; octopus (Octopus spp.), frozen",2019,380,Italie,114184728.553,12842966.0,12842966.0,8.890837876001541,119292220.765,-4.281496462423576
030752,"Molluscs; octopus (Octopus spp.), frozen",2020,380,Italie,104797291.623,13753680.0,13753680.0,7.619581931744813,114184728.553,-8.221271836402128
030752,"Molluscs; octopus (Octopus spp.), frozen",2021,380,Italie,141078958.643,11687427.4,11687427.4,12.0710019249403,104797291.623,34.62080599422402
030752,"Molluscs; octopus (Octopus spp.), frozen",2022,380,Italie,136858230.399,12853962.0,12853962.0,10.64716313919397,141078958.643,-2.9917489359136544
030752,"Molluscs; octopus (Octopus spp.), frozen",2023,380,Italie,136239577.815,14046699.6,14046699.6,9.699045448013996,136858230.399,-0.45203900576264633
030752,"Molluscs; octopus (Octopus spp.), frozen",2017,392,Japon,94953728.6,12318971.0,12318971.0,7.707926952665121,,
030752,"Molluscs; octopus (Octopus spp.), frozen",2018,392,Japon,85715625.117,7602782.0,7602782.0,11.274244758957972,94953728.6,-9.729058162545916
030752,"Molluscs; octopus (Octopus spp.), frozen",2019,392,Japon,53747651.5,6313004.6,6313004.6,8.51379888112231,85715625.117,-37.29538642851218
030752,"Molluscs; octopus (Octopus spp.), frozen",2020,392,Japon,85546094.639,11467754.0,11467754.0,7.459707859010579,53747651.5,59.16247919967257
030752,"Molluscs; octopus (Octopus spp.), frozen",2021,392,Japon,66945711.032,5638274.0,5638274.0,11.87344053020481,85546094.639,-21.74311251202365
030752,"Molluscs; octopus (Octopus spp.), frozen",2022,392,Japon,82197307.919,8963317.0,8963317.0,9.170411792754848,66945711.032,22.78203734322838
030752,"Molluscs; octopus (Octopus spp.), frozen",2023,392,Japon,45203268.883,5147384.0,5147384.0,8.781794574292496,82197307.919,-45.00638764526835
030752,"Molluscs; octopus (Octopus spp.), frozen",2019,410,Corée du Sud,171298.725,19917.0,19917.0,8.600628859768038,,
030752,"Molluscs; octopus (Octopus spp.), frozen",2021,410,Corée du Sud,24840.673,2520.0,2520.0,9.85740992063492,171298.725,-85.49862353032691
030752,"Molluscs; octopus (Octopus spp.), frozen",2017,528,Pays-Bas,78024.352,8000.0,8000.0,9.753044,,
030752,"Molluscs; octopus (Octopus spp.), frozen",2018,528,Pays-Bas,108987.309,10046.22,10046.22,10.848588722922651,78024.352,39.68370926041141
030752,"Molluscs; octopus (Octopus spp.), frozen",2019,528,Pays-Bas,254155.71,30931.91,30931.91,8.216618695709382,108987.309,133.1975276130545
030752,"Molluscs; octopus (Octopus spp.), frozen",2020,528,Pays-Bas,319016.538,34177.6,34177.6,9.334082498478535,254155.71,25.52011442119479
030752,"Molluscs; octopus (Octopus spp.), frozen",2021,528,Pays-Bas,566892.673,48760.6,48760.6,11.626039732899102,319016.538,77.7000893289112
030752,"Molluscs; octopus (Octopus spp.), frozen",2022,528,Pays-Bas,2175450.828,199736.0,199736.0,10.891631093042818,566892.673,283.7500344619907
030752,"Molluscs; octopus (Octopus spp.), frozen",2023,528,Pays-Bas,4806.628,560.0,560.0,8.583264285714286,2175450.828,-99.77905140681028
030752,"Molluscs; octopus (Octopus spp.), frozen",2023,702,Singapour,270.84,20.0,20.0,13.541999999999998,,
030752,"Molluscs; octopus (Octopus spp.), frozen",2017,724,Espagne,297155682.09,26254327.0,26254327.0,11.318350765190058,,
030752,"Molluscs; octopus (Octopus spp.), frozen",2018,724,Espagne,363049421.391,23274302.0,23274302.0,15.598724352335033,297155682.09,22.174820564609856
030752,"Molluscs; octopus (Octopus spp.), frozen",2019,724,Espagne,237528932.181,22173862.0,22173862.0,10.712113757224609,363049421.391,-34.573940024219425
030752,"Molluscs; octopus (Octopus spp.), frozen",2020,724,Espagne,202175291.102,23852944.0,23852944.0,8.475905158792978,237528932.181,-14.883930456126535
030752,"Molluscs; octopus (Octopus spp.), frozen",2021,724,Espagne,452406088.099,34523808.0,34523808.0,13.104176923327808,202175291.102,123.76922799668696
030752,"Molluscs; octopus (Octopus spp.), frozen",2022,724,Espagne,323154914.151,25410898.0,25410898.0,12.717178045065546,452406088.099,-28.56972471151094
030752,"Molluscs; octopus (Octopus spp.), frozen",2023,724,Espagne,381842254.899,29350202.0,29350202.0,13.009868037671428,323154914.151,18.160745258101578
030752,"Molluscs; octopus (Octopus spp.), frozen",2018,784,Émirats Arabes,56163.783,3244.0,3244.0,17.31312669543773,,
030752,"Molluscs; octopus (Octopus spp.), frozen",2019,784,Émirats Arabes,4.159,6.0,6.0,0.6931666666666666,56163.783,-99.99259487203702
030752,"Molluscs; octopus (Octopus spp.), frozen",2022,826,Royaume-Uni,261101.276,7342.0,7342.0,35.56269081994007,,
030752,"Molluscs; octopus (Octopus spp.), frozen",2023,826,Royaume-Uni,179115.145,10431.0,10431.0,17.171426037772026,261101.276,-31.400126516424997
030752,"Molluscs; octopus (Octopus spp.), frozen",2017,842,États-Unis,967048.922,100179.8,100179.8,9.65313288706905,,
030752,"Molluscs; octopus (Octopus spp.), frozen",2018,842,États-Unis,502595.114,36603.7,36603.7,13.730718861754413,967048.922,-48.02795364679596
030752,"Molluscs; octopus (Octopus spp.), frozen",2019,842,États-Unis,561041.997,55853.0,55853.0,10.044975149051975,502595.114,11.629019338218233
030752,"Molluscs; octopus (Octopus spp.), frozen",2022,842,États-Unis,166964.837,12558.0,12558.0,13.29549585921325,561041.997,-70.24022481511308
070200,"Vegetables; tomatoes, fresh or chilled",2015,056,Belgique,18969.408,23220.0,23220.0,0.8169426356589147,,
070200,"Vegetables; tomatoes, fresh or chilled",2016,056,Belgique,57245.0,67190.0,67190.0,0.8519869028129186,18969.408,201.77536378573336
070200,"Vegetables; tomatoes, fresh or chilled",2017,056,Belgique,10629.097,8905.0,8905.0,1.1936099943851768,57245.0,-81.43227006725478
070200,"Vegetables; tomatoes, fresh or chilled",2018,056,Belgique,546681.881,476048.0,476048.0,1.1483755440627836,10629.097,5043.257992659208
070200,"Vegetables; tomatoes, fresh or chilled",2019,056,Belgique,1337901.297,1134224.0,1134224.0,1.1795741379127933,546681.881,144.7312309953803
070200,"Vegetables; tomatoes, fresh or chilled",2020,056,Belgique,1050710.677,895295.0,895295.0,1.173591583779648,1337901.297,-21.46575540691774
070200,"Vegetables; tomatoes, fresh or chilled",2021,056,Belgique,976496.753,811784.0,811784.0,1.202902191962394,1050710.677,-7.063212131040321
070200,"Vegetables; tomatoes, fresh or chilled",2022,056,Belgique,2621156.918,1872306.0,1872306.0,1.399961821411671,976496.753,168.4245400660334
070200,"Vegetables; tomatoes, fresh or chilled",2023,056,Belgique,3815875.512,2172201.0,2172201.0,1.7566861961669293,2621156.918,45.579819574922524
070200,"Vegetables; tomatoes, fresh or chilled",2015,124,Canada,150610.001,152181.0,152181.0,0.9896767730531406,,
070200,"Vegetables; tomatoes, fresh or chilled",2016,124,Canada,226419.0,431391.0,431391.0,0.5248579594845512,150610.001,50.33463813601596
070200,"Vegetables; tomatoes, fresh or chilled",2017,124,Canada,38572.065,81636.0,81636.0,0.4724884242246068,226419.0,-82.96429849085104
070200,"Vegetables; tomatoes, fresh or chilled",2020,124,Canada,7897.358,25000.0,25000.0,0.31589432,38572.065,-79.52570597399958
070200,"Vegetables; tomatoes, fresh or chilled",2022,124,Canada,52346.712,64050.0,64050.0,0.8172788758782201,7897.358,562.838280852913
070200,"Vegetables; tomatoes, fresh or chilled",2023,124,Canada,4000.376,6505.0,6505.0,0.6149694081475788,52346.712,-92.35792307260864
070200,"Vegetables; tomatoes, fresh or chilled",2021,156,Chine,248.206,60.0,60.0,4.1367666666666665,,
070200,"Vegetables; tomatoes, fresh or chilled",2022,156,Chine,863.572,239.25,239.25,3.6094963427377222,248.206,247.9255134847667
070200,"Vegetables; tomatoes, fresh or chilled",2015,251,France,432001615.225,366820171.0,366820171.0,1.1776931842305913,,
070200,"Vegetables; tomatoes, fresh or chilled",2016,251,France,387101997.0,338508988.0,338508988.0,1.143550129310008,432001615.225,-10.39339128433927
070200,"Vegetables; tomatoes, fresh or chilled",2017,251,France,444624602.834,346283695.0,346283695.0,1.283989426166889,387101997.0,14.859806014898961
070200,"Vegetables; tomatoes, fresh or chilled",2018,251,France,445376272.568,356105426.0,356105426.0,1.2506865665338107,444624602.834,0.16905716175149715
070200,"Vegetables; tomatoes, fresh or chilled",2019,251,France,473126783.272,353754088.0,353754088.0,1.3374454156753095,445376272.568,6.230801327603965
070200,"Vegetables; tomatoes, fresh or chilled",2020,251,France,503589531.101,375327215.0,375327215.0,1.341734654389504,473126783.272,6.43860142905649
070200,"Vegetables; tomatoes, fresh or chilled",2021,251,France,482963195.691,334419471.0,334419471.0,1.4441838396754116,503589531.101,-4.095862629412605
070200,"Vegetables; tomatoes, fresh or chilled",2022,251,France,507174696.73,374991396.0,374991396.0,1.3524968896353025,482963195.691,5.013115130721174
070200,"Vegetables; tomatoes, fresh or chilled",2023,251,France,682220162.047,340308894.0,340308894.0,2.004708587037399,507174696.73,34.51384038785898
070200,"Vegetables; tomatoes, fresh or chilled",2015,276,Allemagne,645085.586,547095.0,547095.0,1.1791107321397565,,
070200,"Vegetables; tomatoes, fresh or chilled",2016,276,Allemagne,952348.0,844239.0,844239.0,1.12805497021578,645085.586,47.63126330340916
070200,"Vegetables; tomatoes, fresh or chilled",2017,276,Allemagne,970410.34,789632.3,789632.3,1.2289395203311717,952348.0,1.8966113227517636
070200,"Vegetables; tomatoes, fresh or chilled",2018,276,Allemagne,1917815.616,1535216.0,1535216.0,1.249215495409115,970410.34,97.6293467771582
070200,"Vegetables; tomatoes, fresh or chilled",2019,276,Allemagne,2789896.131,2124364.5,2124364.5,1.3132850464221182,1917815.616,45.472594326815624
070200,"Vegetables; tomatoes, fresh or chilled",2020,276,Allemagne,9968468.472,7127130.25,7127130.25,1.3986651179834968,2789896.131,257.3060789337321
070200,"Vegetables; tomatoes, fresh or chilled",2021,276,Allemagne,15100003.273,10112867.0,10112867.0,1.4931476180790275,9968468.472,51.477664953385236
070200,"Vegetables; tomatoes, fresh or chilled",2022,276,Allemagne,27050089.818,17583202.0,17583202.0,1.5384052243726711,15100003.273,79.13962883946985
070200,"Vegetables; tomatoes, fresh or chilled",2023,276,Allemagne,38219829.389,20934613.0,20934613.0,1.8256764234906084,27050089.818,41.29280030548104
070200,"Vegetables; tomatoes, fresh or chilled",2015,380,Italie,181663.973,113220.0,113220.0,1.6045219307542837,,
070200,"Vegetables; tomatoes, fresh or chilled",2016,380,Italie,3071648.0,2843201.0,2843201.0,1.08034852266864,181663.973,1590.8404838200913
070200,"Vegetables; tomatoes, fresh or chilled",2017,380,Italie,2120936.278,1625893.0,1625893.0,1.3044746966743814,3071648.0,-30.951193691464653
070200,"Vegetables; tomatoes, fresh or chilled",2018,380,Italie,5398411.811,4340562.0,4340562.0,1.2437126369811098,2120936.278,154.52965593528313
070200,"Vegetables; tomatoes, fresh or chilled",2019,380,Italie,3252810.43,2507629.0,2507629.0,1.297165741024689,5398411.811,-39.74504828675805
070200,"Vegetables; tomatoes, fresh or chilled",2020,380,Italie,4800254.736,3574009.0,3574009.0,1.3431009088113655,3252810.43,47.57253271596277
070200,"Vegetables; tomatoes, fresh or chilled",2021,380,Italie,3564627.821,2755678.0,2755678.0,1.2935574551888864,4800254.736,-25.740861328322634
070200,"Vegetables; tomatoes, fresh or chilled",2022,380,Italie,4857338.107,3318978.0,3318978.0,1.46350415911163,3564627.821,36.264944081521264
070200,"Vegetables; tomatoes, fresh or chilled",2023,380,Italie,3703422.807,1950554.0,1950554.0,1.8986517712403759,4857338.107,-23.756124745301776
070200,"Vegetables; tomatoes, fresh or chilled",2023,392,Japon,1.974,16.0,16.0,0.123375,,
070200,"Vegetables; tomatoes, fresh or chilled",2015,414,Koweït,28923.629,18618.0,18618.0,1.5535304006875068,,
070200,"Vegetables; tomatoes, fresh or chilled",2016,414,Koweït,10775.0,6973.0,6973.0,1.5452459486591137,28923.629,-62.74672172015483
070200,"Vegetables; tomatoes, fresh or chilled",2018,414,Koweït,33196.954,21140.0,21140.0,1.5703384105960263,10775.0,208.09238051044082
070200,"Vegetables; tomatoes, fresh or chilled",2019,414,Koweït,133356.322,103681.0,103681.0,1.286217551914044,33196.954,301.7125245888523
070200,"Vegetables; tomatoes, fresh or chilled",2020,414,Koweït,208224.654,137932.75,137932.75,1.5096099657260513,133356.322,56.14156935132032
070200,"Vegetables; tomatoes, fresh or chilled",2021,414,Koweït,421306.522,112940.75,112940.75,3.730332249431671,208224.654,102.33267958749974
070200,"Vegetables; tomatoes, fresh or chilled",2022,414,Koweït,564987.168,138032.05,138032.05,4.093159291628285,421306.522,34.103589310207724
070200,"Vegetables; tomatoes, fresh or chilled",2023,414,Koweït,1244314.147,290024.61,290024.61,4.290374347887237,564987.168,120.23759431647841
070200,"Vegetables; tomatoes, fresh or chilled",2015,528,Pays-Bas,18763817.3,17301844.0,17301844.0,1.084498120547151,,
070200,"Vegetables; tomatoes, fresh or chilled",2016,528,Pays-Bas,7753530.0,6669690.0,6669690.0,1.1625023052045897,18763817.3,-58.67829090405821
070200,"Vegetables; tomatoes, fresh or chilled",2017,528,Pays-Bas,13801577.184,10872668.0,10872668.0,1.2693827480062851,7753530.0,78.00378903544579
070200,"Vegetables; tomatoes, fresh or chilled",2018,528,Pays-Bas,16344804.222,12787138.0,12787138.0,1.278222243476218,13801577.184,18.427075428367207
070200,"Vegetables; tomatoes, fresh or chilled",2019,528,Pays-Bas,51192919.779,40203144.0,40203144.0,1.2733561280431203,16344804.222,213.20607505408148
070200,"Vegetables; tomatoes, fresh or chilled",2020,528,Pays-Bas,51273648.276,38164296.0,38164296.0,1.3434978147114256,51192919.779,0.15769465259748136
070200,"Vegetables; tomatoes, fresh or chilled",2021,528,Pays-Bas,79890294.256,56073913.0,56073913.0,1.4247319293732899,51273648.276,55.811604873442924
070200,"Vegetables; tomatoes, fresh or chilled",2022,528,Pays-Bas,120419079.929,78136841.0,78136841.0,1.5411306419336814,79890294.256,50.73055000039154
070200,"Vegetables; tomatoes, fresh or chilled",2023,528,Pays-Bas,107666084.414,61544124.0,61544124.0,1.7494128994995526,120419079.929,-10.590510675317617
070200,"Vegetables; tomatoes, fresh or chilled",2015,634,Qatar,5733.483,2622.0,2622.0,2.186683066361556,,
070200,"Vegetables; tomatoes, fresh or chilled",2016,634,Qatar,75294.0,49930.0,49930.0,1.5079911876627279,5733.483,1213.2331603669181
070200,"Vegetables; tomatoes, fresh or chilled",2017,634,Qatar,1398303.699,1133818.0,1133818.0,1.2332699771921067,75294.0,1757.1250019921904
070200,"Vegetables; tomatoes, fresh or chilled",2018,634,Qatar,1786656.288,1305629.1,1305629.1,1.3684256026462644,1398303.699,27.773121767304993
070200,"Vegetables; tomatoes, fresh or chilled",2019,634,Qatar,928757.641,647794.95,647794.95,1.433721644480248,1786656.288,-48.01699424573374
070200,"Vegetables; tomatoes, fresh or chilled",2020,634,Qatar,865722.018,490745.0,490745.0,1.7640974803614913,928757.641,-6.787090648549497
070200,"Vegetables; tomatoes, fresh or chilled",2021,634,Qatar,1907300.113,847680.85,847680.85,2.2500214709344912,865722.018,120.31322680301749
070200,"Vegetables; tomatoes, fresh or chilled",2022,634,Qatar,2119128.097,614494.7,614494.7,3.4485701780666296,1907300.113,11.106169530227474
070200,"Vegetables; tomatoes, fresh or chilled",2023,634,Qatar,2002708.749,472669.2,472669.2,4.2370197783143055,2119128.097,-5.493738116389101
070200,"Vegetables; tomatoes, fresh or chilled",2015,682,Arabie Saoudite,3217004.953,3985641.1,3985641.1,0.8071486800454762,,
070200,"Vegetables; tomatoes, fresh or chilled",2016,682,Arabie Saoudite,3115207.0,3984032.0,3984032.0,0.7819231873639569,3217004.953,-3.164370415565233
070200,"Vegetables; tomatoes, fresh or chilled",2017,682,Arabie Saoudite,1762168.647,2467851.0,2467851.0,0.7140498543064391,3115207.0,-43.43333695000043
070200,"Vegetables; tomatoes, fresh or chilled",2018,682,Arabie Saoudite,1192030.356,1767931.5,1767931.5,0.6742514379092176,1762168.647,-32.35435450350514
070200,"Vegetables; tomatoes, fresh or chilled",2019,682,Arabie Saoudite,2718147.737,3425479.3,3425479.3,0.7935087323400262,1192030.356,128.02672124232384
070200,"Vegetables; tomatoes, fresh or chilled",2020,682,Arabie Saoudite,4778499.299,7039124.3,7039124.3,0.6788485464022846,2718147.737,75.79983729191977
070200,"Vegetables; tomatoes, fresh or chilled",2021,682,Arabie Saoudite,3897565.184,3639993.6,3639993.6,1.0707615485917337,4778499.299,-18.435371857946144
070200,"Vegetables; tomatoes, fresh or chilled",2022,682,Arabie Saoudite,2980339.851,1791564.4,1791564.4,1.6635404515740544,3897565.184,-23.533290392815665
070200,"Vegetables; tomatoes, fresh or chilled",2023,682,Arabie Saoudite,2876446.685,932551.1,932551.1,3.084492297526645,2980339.851,-3.4859503007732573
070200,"Vegetables; tomatoes, fresh or chilled",2020,702,Singapour,57.809,7.0,7.0,8.25842857142857,,
070200,"Vegetables; tomatoes, fresh or chilled",2021,702,Singapour,60.077,15.0,15.0,4.005133333333333,57.809,3.9232645435831803
070200,"Vegetables; tomatoes, fresh or chilled",2022,702,Singapour,709.046,840.0,840.0,0.844102380952381,60.077,1080.2287064933337
070200,"Vegetables; tomatoes, fresh or chilled",2023,702,Singapour,2592.775,2644.0,2644.0,0.9806259455370651,709.046,265.6709155682424
070200,"Vegetables; tomatoes, fresh or chilled",2015,724,Espagne,18473319.541,13841619.0,13841619.0,1.3346212997915923,,
070200,"Vegetables; tomatoes, fresh or chilled",2016,724,Espagne,23966698.0,19896107.0,19896107.0,1.2045923355759998,18473319.541,29.736823675939245
070200,"Vegetables; tomatoes, fresh or chilled",2017,724,Espagne,34273977.377,29685544.0,29685544.0,1.1545679397689326,23966698.0,43.0066727464918
070200,"Vegetables; tomatoes, fresh or chilled",2018,724,Espagne,51757734.532,41152218.0,41152218.0,1.2577143358834266,34273977.377,51.011754377630844
070200,"Vegetables; tomatoes, fresh or chilled",2019,724,Espagne,70637257.846,53874735.0,53874735.0,1.3111388454346922,51757734.532,36.4767188608834
070200,"Vegetables; tomatoes, fresh or chilled",2020,724,Espagne,55964751.29,43874763.0,43874763.0,1.2755567771386025,70637257.846,-20.771625348181416
070200,"Vegetables; tomatoes, fresh or chilled",2021,724,Espagne,79222562.344,58356297.0,58356297.0,1.3575666451899784,55964751.29,41.55796375022182
070200,"Vegetables; tomatoes, fresh or chilled",2022,724,Espagne,84518091.103,56586187.0,56586187.0,1.4936170041462593,79222562.344,6.684369455264237
070200,"Vegetables; tomatoes, fresh or chilled",2023,724,Espagne,68445104.002,44694696.0,44694696.0,1.531392091849109,84518091.103,-19.017215002421512
070200,"Vegetables; tomatoes, fresh or chilled",2015,784,Émirats Arabes,1269085.774,1583075.0,1583075.0,0.801658654201475,,
070200,"Vegetables; tomatoes, fresh or chilled",2016,784,Émirats Arabes,904316.0,1037584.0,1037584.0,0.8715593147157242,1269085.774,-28.742720269433892
070200,"Vegetables; tomatoes, fresh or chilled",2017,784,Émirats Arabes,1618216.907,1689043.05,1689043.05,0.958067295561235,904316.0,78.94374389040998
070200,"Vegetables; tomatoes, fresh or chilled",2018,784,Émirats Arabes,1281660.172,1477130.03,1477130.03,0.8676691597692316,1618216.907,-20.797998929818366
070200,"Vegetables; tomatoes, fresh or chilled",2019,784,Émirats Arabes,243234.97,262586.9,262586.9,0.9263027592008588,1281660.172,-81.02188276472401
070200,"Vegetables; tomatoes, fresh or chilled",2020,784,Émirats Arabes,2181617.196,1454428.9,1454428.9,1.4999820176840546,243234.97,796.9175756265639
070200,"Vegetables; tomatoes, fresh or chilled",2021,784,Émirats Arabes,2664141.589,1094225.15,1094225.15,2.434728893774741,2181617.196,22.117738798754875
070200,"Vegetables; tomatoes, fresh or chilled",2022,784,Émirats Arabes,2828529.462,1084808.35,1084808.35,2.6074001569032905,2664141.589,6.170388003353213
070200,"Vegetables; tomatoes, fresh or chilled",2023,784,Émirats Arabes,3130687.288,1003867.5,1003867.5,3.118626001937507,2828529.462,10.682505876617252
070200,"Vegetables; tomatoes, fresh or chilled",2015,826,Royaume-Uni,24810135.447,19512563.0,19512563.0,1.2714954692010476,,
070200,"Vegetables; tomatoes, fresh or chilled",2016,826,Royaume-Uni,25106489.0,20822010.0,20822010.0,1.2057668303876523,24810135.447,1.1944858327479786
070200,"Vegetables; tomatoes, fresh or chilled",2017,826,Royaume-Uni,27235429.278,22471227.0,22471227.0,1.2120134462617462,25106489.0,8.479641569954289
070200,"Vegetables; tomatoes, fresh or chilled",2018,826,Royaume-Uni,38226491.082,29297247.0,29297247.0,1.304780994678442,27235429.278,40.35575019512641
070200,"Vegetables; tomatoes, fresh or chilled",2019,826,Royaume-Uni,86135046.179,62364472.0,62364472.0,1.381155703186263,38226491.082,125.32815265264843
070200,"Vegetables; tomatoes, fresh or chilled",2020,826,Royaume-Uni,74890092.137,52908794.0,52908794.0,1.4154564199100814,86135046.179,-13.055027588458607
070200,"Vegetables; tomatoes, fresh or chilled",2021,826,Royaume-Uni,152077207.519,104741018.0,104741018.0,1.4519355494425306,74890092.137,103.06719244088785
070200,"Vegetables; tomatoes, fresh or chilled",2022,826,Royaume-Uni,214727164.277,140792696.0,140792696.0,1.525129998767834,152077207.519,41.19615146811053
070200,"Vegetables; tomatoes, fresh or chilled",2023,826,Royaume-Uni,173576667.378,121300062.0,121300062.0,1.430969321169844,214727164.277,-19.16408528821044
070200,"Vegetables; tomatoes, fresh or chilled",2015,842,États-Unis,31698.222,103140.0,103140.0,0.3073319953461315,,
070200,"Vegetables; tomatoes, fresh or chilled",2021,842,États-Unis,8344.01,25000.0,25000.0,0.3337604,31698.222,-73.67672546428629
070200,"Vegetables; tomatoes, fresh or chilled",2023,842,États-Unis,52.905,28.94,28.94,1.828092605390463,8344.01,-99.3659523418596
070820,"Vegetables, leguminous; beans (vigna spp., phaseolus spp.), ",2015,056,Belgique,3786.535,2004.0,2004.0,1.8894885229540916,,
070820,"Vegetables, leguminous; beans (vigna spp., phaseolus spp.), ",2016,056,Belgique,2978.0,9000.0,9000.0,0.3308888888888889,3786.535,-21.352899154504048
070820,"Vegetables, leguminous; beans (vigna spp., phaseolus spp.), ",2017,056,Belgique,30935.61,37500.0,37500.0,0.8249496000000001,2978.0,938.8049026192075
070820,"Vegetables, leguminous; beans (vigna spp., phaseolus spp.), ",2020,056,Belgique,80265.958,39660.0,39660.0,2.023851689359556,30935.61,159.4613715391421
070820,"Vegetables, leguminous; beans (vigna spp., phaseolus spp.), ",2021,056,Belgique,70499.93,37854.0,37854.0,1.8624169176308976,80265.958,-12.167085827344147
070820,"Vegetables, leguminous; beans (vigna spp., phaseolus spp.), ",2022,056,Belgique,39638.27,18970.0,18970.0,2.089523985239852,70499.93,-43.7754477203027
070820,"Vegetables, leguminous; beans (vigna spp., phaseolus spp.), ",2023,056,Belgique,58581.951,25908.0,25908.0,2.2611529643353405,39638.27,47.791392005756066
070820,"Vegetables, leguminous; beans (vigna spp., phaseolus spp.), ",2015,124,Canada,46714.464,25000.0,25000.0,1.86857856,,
070820,"Vegetables, leguminous; beans (vigna spp., phaseolus spp.), ",2017,124,Canada,17.736,5.0,5.0,3.5472,46714.464,-99.96203317242386
070820,"Vegetables, leguminous; beans (vigna spp., phaseolus spp.), ",2020,124,Canada,8950.338,17000.0,17000.0,0.5264904705882353,17.736,50364.24221921514
070820,"Vegetables, leguminous; beans (vigna spp., phaseolus spp.), ",2022,124,Canada,112.197,39.0,39.0,2.876846153846154,8950.338,-98.74644957542385
070820,"Vegetables, leguminous; beans (vigna spp., phaseolus spp.), ",2023,124,Canada,7769.549,2124.0,2124.0,3.6579797551789075,112.197,6824.9168872608
070820,"Vegetables, leguminous; beans (vigna spp., phaseolus spp.), ",2021,156,Chine,26.923,6.0,6.0,4.487166666666666,,
070820,"Vegetables, leguminous; beans (vigna spp., phaseolus spp.), ",2022,156,Chine,216.128,56.0,56.0,3.859428571428571,26.923,702.7634364669614
070820,"Vegetables, leguminous; beans (vigna spp., phaseolus spp.), ",2015,251,France,22121647.82,25231078.0,25231078.0,0.8767618973711706,,
070820,"Vegetables, leguminous; beans (vigna spp., phaseolus spp.), ",2016,251,France,21234956.0,23732177.0,23732177.0,0.8947748872764602,22121647.82,-4.008253938471752
070820,"Vegetables, leguminous; beans (vigna spp., phaseolus spp.), ",2017,251,France,65863163.92,23574280.0,23574280.0,2.793856860951851,21234956.0,210.16388223267333
070820,"Vegetables, leguminous; beans (vigna spp., phaseolus spp.), ",2018,251,France,73098184.389,38137274.0,38137274.0,1.916712358334788,65863163.92,10.9849269886092
070820,"Vegetables, leguminous; beans (vigna spp., phaseolus spp.), ",2019,251,France,45883371.354,22785849.0,22785849.0,2.013678373537892,73098184.389,-37.230491102451175
070820,"Vegetables, leguminous; beans (vigna spp., phaseolus spp.), ",2020,251,France,33649521.45,19398900.0,19398900.0,1.73460976911062,45883371.354,-26.662927206488895
070820,"Vegetables, leguminous; beans (vigna spp., phaseolus spp.), ",2021,251,France,40899178.551,25428559.0,25428559.0,1.6083954482438427,33649521.45,21.544606843138318
070820,"Vegetables, leguminous; beans (vigna spp., phaseolus spp.), ",2022,251,France,39867088.662,22777474.0,22777474.0,1.7502857718990261,40899178.551,-2.5234978441266604
070820,"Vegetables, leguminous; beans (vigna spp., phaseolus spp.), ",2023,251,France,42388947.988,19080213.0,19080213.0,2.2216181752268698,39867088.662,6.325667137073269
070820,"Vegetables, leguminous; beans (vigna spp., phaseolus spp.), ",2015,276,Allemagne,398726.554,356777.0,356777.0,1.1175791993317954,,
070820,"Vegetables, leguminous; beans (vigna spp., phaseolus spp.), ",2016,276,Allemagne,559412.0,506093.0,506093.0,1.1053541542759928,398726.554,40.29966010239689
070820,"Vegetables, leguminous; beans (vigna spp., phaseolus spp.), ",2017,276,Allemagne,167482.709,124057.8,124057.8,1.3500377162903099,559412.0,-70.06093737710309
070820,"Vegetables, leguminous; beans (vigna spp., phaseolus spp.), ",2018,276,Allemagne,309231.551,191958.8,191958.8,1.6109266728068732,167482.709,84.63491117760698
070820,"Vegetables, leguminous; beans (vigna spp., phaseolus spp.), ",2019,276,Allemagne,290291.674,158469.35,158469.35,1.831847445578593,309231.551,-6.124820361554885
070820,"Vegetables, leguminous; beans (vigna spp., phaseolus spp.), ",2020,276,Allemagne,493730.627,297646.8,297646.8,1.6587802287812266,290291.674,70.08087768993333
070820,"Vegetables, leguminous; beans (vigna spp., phaseolus spp.), ",2021,276,Allemagne,596095.278,375849.0,375849.0,1.585996711445288,493730.627,20.73289470049426
070820,"Vegetables, leguminous; beans (vigna spp., phaseolus spp.), ",2022,276,Allemagne,360807.36,220630.6,220630.6,1.635345958357544,596095.278,-39.47152857667832
070820,"Vegetables, leguminous; beans (vigna spp., phaseolus spp.), ",2023,276,Allemagne,298336.761,141519.6,141519.6,2.108094998855282,360807.36,-17.314114379484938
070820,"Vegetables, leguminous; beans (vigna spp., phaseolus spp.), ",2015,380,Italie,53228.058,49404.0,49404.0,1.0774038134564001,,
070820,"Vegetables, leguminous; beans (vigna spp., phaseolus spp.), ",2016,380,Italie,146012.0,539432.0,539432.0,0.2706773050171291,53228.058,174.3139717778169
070820,"Vegetables, leguminous; beans (vigna spp., phaseolus spp.), ",2017,380,Italie,88096.265,229124.0,229124.0,0.3844916508091688,146012.0,-39.66505150261622
070820,"Vegetables, leguminous; beans (vigna spp., phaseolus spp.), ",2018,380,Italie,397131.933,246980.0,246980.0,1.6079517896185926,88096.265,350.7931556462695
070820,"Vegetables, leguminous; beans (vigna spp., phaseolus spp.), ",2019,380,Italie,206393.558,114630.0,114630.0,1.8005195673034982,397131.933,-48.028969506211936
070820,"Vegetables, leguminous; beans (vigna spp., phaseolus spp.), ",2020,380,Italie,4793912.525,2798486.0,2798486.0,1.7130378801251822,206393.558,2222.7045317955126
070820,"Vegetables, leguminous; beans (vigna spp., phaseolus spp.), ",2021,380,Italie,1113678.569,626312.0,626312.0,1.7781530115980533,4793912.525,-76.76890090938821
070820,"Vegetables, leguminous; beans (vigna spp., phaseolus spp.), ",2022,380,Italie,1680156.932,887518.0,887518.0,1.8930961760775555,1113678.569,50.86551710415469
070820,"Vegetables, leguminous; beans (vigna spp., phaseolus spp.), ",2023,380,Italie,3178300.616,1438067.0,1438067.0,2.210119984673871,1680156.932,89.16689003667425
070820,"Vegetables, leguminous; beans (vigna spp., phaseolus spp.), ",2023,414,Koweït,187.93,40.0,40.0,4.69825,,
070820,"Vegetables, leguminous; beans (vigna spp., phaseolus spp.), ",2015,528,Pays-Bas,28155103.071,19001695.0,19001695.0,1.481715345446814,,
070820,"Vegetables, leguminous; beans (vigna spp., phaseolus spp.), ",2016,528,Pays-Bas,25890025.0,17079280.0,17079280.0,1.5158733272128568,28155103.071,-8.04500010278083
070820,"Vegetables, leguminous; beans (vigna spp., phaseolus spp.), ",2017,528,Pays-Bas,29789127.75,18789303.0,18789303.0,1.5854301647059499,25890025.0,15.06025100400637
070820,"Vegetables, leguminous; beans (vigna spp., phaseolus spp.), ",2018,528,Pays-Bas,34546262.933,20034129.6,20034129.6,1.724370542806112,29789127.75,15.96936715610949
070820,"Vegetables, leguminous; beans (vigna spp., phaseolus spp.), ",2019,528,Pays-Bas,40869901.559,22308188.0,22308188.0,1.8320583258039604,34546262.933,18.30484136088539
070820,"Vegetables, leguminous; beans (vigna spp., phaseolus spp.), ",2020,528,Pays-Bas,48903649.055,27233575.0,27233575.0,1.7957116924605014,40869901.559,19.656879976582374
070820,"Vegetables, leguminous; beans (vigna spp., phaseolus spp.), ",2021,528,Pays-Bas,46155986.695,24858891.0,24858891.0,1.8567194608560775,48903649.055,-5.6185221616280865
070820,"Vegetables, leguminous; beans (vigna spp., phaseolus spp.), ",2022,528,Pays-Bas,43085312.865,23051786.0,23051786.0,1.8690661480633215,46155986.695,-6.652818084663845
070820,"Vegetables, leguminous; beans (vigna spp., phaseolus spp.), ",2023,528,Pays-Bas,55021685.927,24592189.0,24592189.0,2.2373643081142554,43085312.865,27.704041744806297
070820,"Vegetables, leguminous; beans (vigna spp., phaseolus spp.), ",2015,634,Qatar,1944.797,880.0,880.0,2.209996590909091,,
070820,"Vegetables, leguminous; beans (vigna spp., phaseolus spp.), ",2017,634,Qatar,23081.265,17476.0,17476.0,1.3207407301441978,1944.797,1086.8212980583578
070820,"Vegetables, leguminous; beans (vigna spp., phaseolus spp.), ",2018,634,Qatar,89235.34,29445.0,29445.0,3.0305770079809813,23081.265,286.61373195966513
070820,"Vegetables, leguminous; beans (vigna spp., phaseolus spp.), ",2019,634,Qatar,119666.404,52848.2,52848.2,2.264342096797999,89235.34,34.10203177351036
070820,"Vegetables, leguminous; beans (vigna spp., phaseolus spp.), ",2020,634,Qatar,56800.322,15622.5,15622.5,3.63580233637382,119666.404,-52.53444567449357
070820,"Vegetables, leguminous; beans (vigna spp., phaseolus spp.), ",2021,634,Qatar,34397.94,9667.8,9667.8,3.5579904424998454,56800.322,-39.44058979102266
070820,"Vegetables, leguminous; beans (vigna spp., phaseolus spp.), ",2022,634,Qatar,40631.95,10120.5,10120.5,4.01481646163727,34397.94,18.12320737811623
070820,"Vegetables, leguminous; beans (vigna spp., phaseolus spp.), ",2023,634,Qatar,37643.957,7698.93,7698.93,4.88950503511527,40631.95,-7.353801626552492
070820,"Vegetables, leguminous; beans (vigna spp., phaseolus spp.), ",2015,682,Arabie Saoudite,16543.477,1744.5,1744.5,9.483219833763256,,
070820,"Vegetables, leguminous; beans (vigna spp., phaseolus spp.), ",2017,682,Arabie Saoudite,23447.005,20660.0,20660.0,1.134898596321394,16543.477,41.72960738543659
070820,"Vegetables, leguminous; beans (vigna spp., phaseolus spp.), ",2019,682,Arabie Saoudite,0.104,1.0,1.0,0.104,23447.005,-99.99955644654828
070820,"Vegetables, leguminous; beans (vigna spp., phaseolus spp.), ",2020,682,Arabie Saoudite,16219.698,19800.0,19800.0,0.8191766666666667,0.104,15595763.461538462
070820,"Vegetables, leguminous; beans (vigna spp., phaseolus spp.), ",2021,682,Arabie Saoudite,979.03,299.0,299.0,3.2743478260869563,16219.698,-93.9639443348452
070820,"Vegetables, leguminous; beans (vigna spp., phaseolus spp.), ",2022,682,Arabie Saoudite,1149.63,332.7,332.7,3.4554553651938686,979.03,17.425410865857035
070820,"Vegetables, leguminous; beans (vigna spp., phaseolus spp.), ",2023,682,Arabie Saoudite,77.284,20.0,20.0,3.8642000000000003,1149.63,-93.27748927915937
070820,"Vegetables, leguminous; beans (vigna spp., phaseolus spp.), ",2021,702,Singapour,41.164,10.0,10.0,4.1164000000000005,,
070820,"Vegetables, leguminous; beans (vigna spp., phaseolus spp.), ",2023,702,Singapour,80.344,23.0,23.0,3.4932173913043476,41.164,95.18025459139051
070820,"Vegetables, leguminous; beans (vigna spp., phaseolus spp.), ",2015,724,Espagne,86919415.309,77631658.0,77631658.0,1.1196387858803685,,
070820,"Vegetables, leguminous; beans (vigna spp., phaseolus spp.), ",2016,724,Espagne,90927155.0,88199097.0,88199097.0,1.0309306794830337,86919415.309,4.610868212530442
070820,"Vegetables, leguminous; beans (vigna spp., phaseolus spp.), ",2017,724,Espagne,141252954.618,77544771.0,77544771.0,1.8215664679440475,90927155.0,55.34738177830374
070820,"Vegetables, leguminous; beans (vigna spp., phaseolus spp.), ",2018,724,Espagne,146037804.529,88924579.0,88924579.0,1.642265908607788,141252954.618,3.387433504622972
070820,"Vegetables, leguminous; beans (vigna spp., phaseolus spp.), ",2019,724,Espagne,176400249.188,89830172.0,89830172.0,1.9637082425713266,146037804.529,20.790811500436273
070820,"Vegetables, leguminous; beans (vigna spp., phaseolus spp.), ",2020,724,Espagne,140554295.182,81891861.0,81891861.0,1.716340225581148,176400249.188,-20.3208068985191
070820,"Vegetables, leguminous; beans (vigna spp., phaseolus spp.), ",2021,724,Espagne,128580583.554,84020831.0,84020831.0,1.5303417262559567,140554295.182,-8.518922607449005
070820,"Vegetables, leguminous; beans (vigna spp., phaseolus spp.), ",2022,724,Espagne,122779660.742,69353594.0,69353594.0,1.7703431597503079,128580583.554,-4.51150760998358
070820,"Vegetables, leguminous; beans (vigna spp., phaseolus spp.), ",2023,724,Espagne,135246860.495,61058460.8,61058460.8,2.215038812360629,122779660.742,10.15412461449755
070820,"Vegetables, leguminous; beans (vigna spp., phaseolus spp.), ",2016,784,Émirats Arabes,23.0,10.0,10.0,2.3,,
070820,"Vegetables, leguminous; beans (vigna spp., phaseolus spp.), ",2017,784,Émirats Arabes,0.516,2.0,2.0,0.258,23.0,-97.75652173913045
070820,"Vegetables, leguminous; beans (vigna spp., phaseolus spp.), ",2018,784,Émirats Arabes,2259.937,1356.0,1356.0,1.6666202064896753,0.516,437872.28682170535
070820,"Vegetables, leguminous; beans (vigna spp., phaseolus spp.), ",2019,784,Émirats Arabes,9326.119,17201.0,17201.0,0.5421846985640371,2259.937,312.6716364217233
070820,"Vegetables, leguminous; beans (vigna spp., phaseolus spp.), ",2020,784,Émirats Arabes,30876.911,7294.0,7294.0,4.233193172470524,9326.119,231.07995941291333
070820,"Vegetables, leguminous; beans (vigna spp., phaseolus spp.), ",2021,784,Émirats Arabes,4072.945,1136.0,1136.0,3.5853389084507046,30876.911,-86.80909175143849
070820,"Vegetables, leguminous; beans (vigna spp., phaseolus spp.), ",2023,784,Émirats Arabes,176.974,141.0,141.0,1.2551347517730496,4072.945,-95.6548885388828
070820,"Vegetables, leguminous; beans (vigna spp., phaseolus spp.), ",2015,826,Royaume-Uni,74407.895,31148.0,31148.0,2.388849845897008,,
070820,"Vegetables, leguminous; beans (vigna spp., phaseolus spp.), ",2016,826,Royaume-Uni,561372.0,254812.0,254812.0,2.2030830573128424,74407.895,654.4521989232459
070820,"Vegetables, leguminous; beans (vigna spp., phaseolus spp.), ",2017,826,Royaume-Uni,31381.701,15904.0,15904.0,1.973195485412475,561372.0,-94.40982076056518
070820,"Vegetables, leguminous; beans (vigna spp., phaseolus spp.), ",2018,826,Royaume-Uni,55618.865,27478.0,27478.0,2.024123480602664,31381.701,77.23342976214067
070820,"Vegetables, leguminous; beans (vigna spp., phaseolus spp.), ",2019,826,Royaume-Uni,490046.187,263811.8,263811.8,1.8575597717766983,55618.865,781.079085306757
070820,"Vegetables, leguminous; beans (vigna spp., phaseolus spp.), ",2020,826,Royaume-Uni,2554954.827,1518948.0,1518948.0,1.682055493012269,490046.187,421.37020851873297
070820,"Vegetables, leguminous; beans (vigna spp., phaseolus spp.), ",2021,826,Royaume-Uni,13651755.215,7916556.1,7916556.1,1.7244563219857687,2554954.827,434.32471958925953
070820,"Vegetables, leguminous; beans (vigna spp., phaseolus spp.), ",2022,826,Royaume-Uni,19584744.484,9888564.0,9888564.0,1.9805448479678143,13651755.215,43.45953451085228
070820,"Vegetables, leguminous; beans (vigna spp., phaseolus spp.), ",2023,826,Royaume-Uni,24424747.228,10865231.6,10865231.6,2.24797299562395,19584744.484,24.713126831724043
070820,"Vegetables, leguminous; beans (vigna spp., phaseolus spp.), ",2015,842,États-Unis,36.902,9.0,9.0,4.100222222222222,,
070820,"Vegetables, leguminous; beans (vigna spp., phaseolus spp.), ",2021,842,États-Unis,9456.544,17000.0,17000.0,0.5562672941176471,36.902,25526.10156631077
070960,Vegetables; fruits of the genus capsicum or of the genus pim,2015,056,Belgique,3745.66,6158.0,6158.0,0.6082591750568366,,
070960,Vegetables; fruits of the genus capsicum or of the genus pim,2016,056,Belgique,55765.0,51980.0,51980.0,1.0728164678722585,3745.66,1388.7896926042406
070960,Vegetables; fruits of the genus capsicum or of the genus pim,2017,056,Belgique,742.455,2400.0,2400.0,0.30935625,55765.0,-98.66860037658029
070960,Vegetables; fruits of the genus capsicum or of the genus pim,2018,056,Belgique,11849.221,9964.0,9964.0,1.1892032316338819,742.455,1495.951404462223
070960,Vegetables; fruits of the genus capsicum or of the genus pim,2019,056,Belgique,13414.446,15996.0,15996.0,0.838612528132033,11849.221,13.209518161573664
070960,Vegetables; fruits of the genus capsicum or of the genus pim,2020,056,Belgique,95664.308,77191.0,77191.0,1.239319454340532,13414.446,613.1439345314745
070960,Vegetables; fruits of the genus capsicum or of the genus pim,2021,056,Belgique,178805.002,196388.0,196388.0,0.9104680632217855,95664.308,86.90879152128504
070960,Vegetables; fruits of the genus capsicum or of the genus pim,2022,056,Belgique,383538.146,348918.0,348918.0,1.099221438848096,178805.002,114.50079232123495
070960,Vegetables; fruits of the genus capsicum or of the genus pim,2023,056,Belgique,693944.847,492451.0,492451.0,1.4091652712655673,383538.146,80.9324194313647
070960,Vegetables; fruits of the genus capsicum or of the genus pim,2015,124,Canada,123968.683,69099.0,69099.0,1.7940734742905107,,
070960,Vegetables; fruits of the genus capsicum or of the genus pim,2016,124,Canada,60290.0,92930.0,92930.0,0.648767889809534,123968.683,-51.36674961691736
070960,Vegetables; fruits of the genus capsicum or of the genus pim,2017,124,Canada,42441.595,65136.6,65136.6,0.6515782985295517,60290.0,-29.60425443688837
070960,Vegetables; fruits of the genus capsicum or of the genus pim,2018,124,Canada,84619.046,172110.0,172110.0,0.4916567660217303,42441.595,99.37762942226841
070960,Vegetables; fruits of the genus capsicum or of the genus pim,2019,124,Canada,96577.282,110400.0,110400.0,0.8747942210144928,84619.046,14.131849229309445
070960,Vegetables; fruits of the genus capsicum or of the genus pim,2020,124,Canada,118470.328,169645.0,169645.0,0.6983425859883875,96577.282,22.668939885883294
070960,Vegetables; fruits of the genus capsicum or of the genus pim,2021,124,Canada,205825.344,120099.4,120099.4,1.7137916092836436,118470.328,73.73577626964958
070960,Vegetables; fruits of the genus capsicum or of the genus pim,2022,124,Canada,18584.117,8811.3,8811.3,2.1091231713822025,205825.344,-90.97092873072036
070960,Vegetables; fruits of the genus capsicum or of the genus pim,2023,124,Canada,89090.666,34364.2,34364.2,2.5925429953265318,18584.117,379.3914394749022
070960,Vegetables; fruits of the genus capsicum or of the genus pim,2017,156,Chine,4.022,1.17,1.17,3.437606837606838,,
070960,Vegetables; fruits of the genus capsicum or of the genus pim,2021,156,Chine,212.828,24.0,24.0,8.867833333333333,4.022,5191.596220785678
070960,Vegetables; fruits of the genus capsicum or of the genus pim,2022,156,Chine,450.502,111.0,111.0,4.058576576576576,212.828,111.67421579867312
070960,Vegetables; fruits of the genus capsicum or of the genus pim,2015,251,France,17765342.494,33880307.0,33880307.0,0.5243560069865955,,
070960,Vegetables; fruits of the genus capsicum or of the genus pim,2016,251,France,20236878.0,34190195.0,34190195.0,0.591891271752033,17765342.494,13.912118535484067
070960,Vegetables; fruits of the genus capsicum or of the genus pim,2017,251,France,68982521.837,34256993.0,34256993.0,2.0136770859310387,20236878.0,240.87531602947845
070960,Vegetables; fruits of the genus capsicum or of the genus pim,2018,251,France,57476669.762,55465981.0,55465981.0,1.0362508464783127,68982521.837,-16.679372931867253
070960,Vegetables; fruits of the genus capsicum or of the genus pim,2019,251,France,33915617.646,33829458.0,33829458.0,1.0025468822468275,57476669.762,-40.99237519077194
070960,Vegetables; fruits of the genus capsicum or of the genus pim,2020,251,France,43561465.824,40553738.0,40553738.0,1.074166475701944,33915617.646,28.440726861235955
070960,Vegetables; fruits of the genus capsicum or of the genus pim,2021,251,France,43387201.011,44133117.0,44133117.0,0.9830984974616681,43561465.824,-0.40004350107059655
070960,Vegetables; fruits of the genus capsicum or of the genus pim,2022,251,France,49206725.06,45028948.0,45028948.0,1.0927798060039067,43387201.011,13.412997182105785
070960,Vegetables; fruits of the genus capsicum or of the genus pim,2023,251,France,65489233.228,46101378.0,46101378.0,1.4205482800969638,49206725.06,33.090005783042855
070960,Vegetables; fruits of the genus capsicum or of the genus pim,2015,276,Allemagne,16609391.122,15137604.0,15137604.0,1.097227217860898,,
070960,Vegetables; fruits of the genus capsicum or of the genus pim,2016,276,Allemagne,14705927.0,13588795.0,13588795.0,1.0822097912287292,16609391.122,-11.460167973760113
070960,Vegetables; fruits of the genus capsicum or of the genus pim,2017,276,Allemagne,16633132.02,14002393.0,14002393.0,1.1878778163132544,14705927.0,13.104954349358591
070960,Vegetables; fruits of the genus capsicum or of the genus pim,2018,276,Allemagne,20707585.584,16582798.0,16582798.0,1.2487389392308825,16633132.02,24.49600928496688
070960,Vegetables; fruits of the genus capsicum or of the genus pim,2019,276,Allemagne,15972113.642,13131967.27,13131967.27,1.216277295975929,20707585.584,-22.868295885054437
070960,Vegetables; fruits of the genus capsicum or of the genus pim,2020,276,Allemagne,17141035.09,13448722.0,13448722.0,1.274547506447081,15972113.642,7.3185144696580595
070960,Vegetables; fruits of the genus capsicum or of the genus pim,2021,276,Allemagne,20918273.8,14658608.0,14658608.0,1.42703002904505,17141035.09,22.03623462741538
070960,Vegetables; fruits of the genus capsicum or of the genus pim,2022,276,Allemagne,22558061.915,17108555.0,17108555.0,1.3185252591466667,20918273.8,7.839022142448476
070960,Vegetables; fruits of the genus capsicum or of the genus pim,2023,276,Allemagne,35162887.829,19803085.9,19803085.9,1.7756266880102765,22558061.915,55.877255597115
070960,Vegetables; fruits of the genus capsicum or of the genus pim,2015,380,Italie,64908.211,117711.14,117711.14,0.5514194408447662,,
070960,Vegetables; fruits of the genus capsicum or of the genus pim,2016,380,Italie,324295.0,1271660.0,1271660.0,0.2550170643096425,64908.211,399.62091853063083
070960,Vegetables; fruits of the genus capsicum or of the genus pim,2017,380,Italie,199135.821,738619.4,738619.4,0.2696054571542529,324295.0,-38.59423642054303
070960,Vegetables; fruits of the genus capsicum or of the genus pim,2018,380,Italie,1296950.41,1399885.4,1399885.4,0.926468988104312,199135.821,551.2893579302339
070960,Vegetables; fruits of the genus capsicum or of the genus pim,2019,380,Italie,594228.742,748133.4,748133.4,0.7942817978718768,1296950.41,-54.18261658901823
070960,Vegetables; fruits of the genus capsicum or of the genus pim,2020,380,Italie,923094.6,1115285.0,1115285.0,0.8276759751991644,594228.742,55.34331053949592
070960,Vegetables; fruits of the genus capsicum or of the genus pim,2021,380,Italie,526223.567,828302.4,828302.4,0.6353036849826826,923094.6,-42.993538582069476
070960,Vegetables; fruits of the genus capsicum or of the genus pim,2022,380,Italie,1154405.943,1159965.0,1159965.0,0.9952075648834232,526223.567,119.3755687494703
070960,Vegetables; fruits of the genus capsicum or of the genus pim,2023,380,Italie,1899085.023,1378002.0,1378002.0,1.3781438800524237,1154405.943,64.50755771966777
070960,Vegetables; fruits of the genus capsicum or of the genus pim,2016,414,Koweït,1.0,1.0,1.0,1.0,,
070960,Vegetables; fruits of the genus capsicum or of the genus pim,2017,414,Koweït,12836.628,4550.0,4550.0,2.821236923076923,1.0,1283562.8
070960,Vegetables; fruits of the genus capsicum or of the genus pim,2019,414,Koweït,9493.945,3150.0,3150.0,3.0139507936507934,12836.628,-26.04019529116214
070960,Vegetables; fruits of the genus capsicum or of the genus pim,2020,414,Koweït,1183.351,1334.0,1334.0,0.8870697151424288,9493.945,-87.53572935170784
070960,Vegetables; fruits of the genus capsicum or of the genus pim,2021,414,Koweït,3370.09,1342.0,1342.0,2.5112444113263788,1183.351,184.7920862026567
070960,Vegetables; fruits of the genus capsicum or of the genus pim,2022,414,Koweït,1429.385,483.0,483.0,2.959389233954451,3370.09,-57.586147550955616
070960,Vegetables; fruits of the genus capsicum or of the genus pim,2023,414,Koweït,4900.344,1480.0,1480.0,3.311043243243243,1429.385,242.82883897620303
070960,Vegetables; fruits of the genus capsicum or of the genus pim,2015,528,Pays-Bas,7574337.159,6560353.6,6560353.6,1.1545623331949668,,
070960,Vegetables; fruits of the genus capsicum or of the genus pim,2016,528,Pays-Bas,4332461.0,3525870.0,3525870.0,1.2287636810205709,7574337.159,-42.80079023347844
070960,Vegetables; fruits of the genus capsicum or of the genus pim,2017,528,Pays-Bas,4604737.866,2617030.2,2617030.2,1.7595279817558085,4332461.0,6.284577426086475
070960,Vegetables; fruits of the genus capsicum or of the genus pim,2018,528,Pays-Bas,1905289.42,1589477.0,1589477.0,1.1986895186278252,4604737.866,-58.62328159724175
070960,Vegetables; fruits of the genus capsicum or of the genus pim,2019,528,Pays-Bas,7921529.155,5691049.0,5691049.0,1.3919277720153174,1905289.42,315.7651363539299
070960,Vegetables; fruits of the genus capsicum or of the genus pim,2020,528,Pays-Bas,5597805.034,4675030.0,4675030.0,1.197383767376894,7921529.155,-29.334287301502716
070960,Vegetables; fruits of the genus capsicum or of the genus pim,2021,528,Pays-Bas,10584602.957,8676256.0,8676256.0,1.2199505128709895,5597805.034,89.08488046137978
070960,Vegetables; fruits of the genus capsicum or of the genus pim,2022,528,Pays-Bas,13364115.906,11636030.0,11636030.0,1.1485116406540719,10584602.957,26.259964216813646
070960,Vegetables; fruits of the genus capsicum or of the genus pim,2023,528,Pays-Bas,26032072.027,14027941.0,14027941.0,1.8557300766377616,13364115.906,94.79082799119207
070960,Vegetables; fruits of the genus capsicum or of the genus pim,2015,634,Qatar,3567.407,1340.0,1340.0,2.6622440298507466,,
070960,Vegetables; fruits of the genus capsicum or of the genus pim,2016,634,Qatar,7982.0,3350.0,3350.0,2.3826865671641793,3567.407,123.74794914065032
070960,Vegetables; fruits of the genus capsicum or of the genus pim,2017,634,Qatar,49267.949,22306.0,22306.0,2.208730789921994,7982.0,517.2381483337509
070960,Vegetables; fruits of the genus capsicum or of the genus pim,2018,634,Qatar,280074.736,104678.5,104678.5,2.675570781010427,49267.949,468.4724890821008
070960,Vegetables; fruits of the genus capsicum or of the genus pim,2019,634,Qatar,314582.766,145568.0,145568.0,2.161070880962849,280074.736,12.321007775581739
070960,Vegetables; fruits of the genus capsicum or of the genus pim,2020,634,Qatar,143095.689,54475.85,54475.85,2.6267729461770677,314582.766,-54.51254662819005
070960,Vegetables; fruits of the genus capsicum or of the genus pim,2021,634,Qatar,195952.413,62678.33,62678.33,3.1263183463886164,143095.689,36.93802683321926
070960,Vegetables; fruits of the genus capsicum or of the genus pim,2022,634,Qatar,132475.553,35671.7,35671.7,3.713743752049945,195952.413,-32.3940180313064
070960,Vegetables; fruits of the genus capsicum or of the genus pim,2023,634,Qatar,60591.959,14412.75,14412.75,4.20405259232277,132475.553,-54.26178066227813
070960,Vegetables; fruits of the genus capsicum or of the genus pim,2015,682,Arabie Saoudite,26075.174,15359.0,15359.0,1.6977130021485773,,
070960,Vegetables; fruits of the genus capsicum or of the genus pim,2016,682,Arabie Saoudite,109166.0,70449.0,70449.0,1.5495748697639427,26075.174,318.65875947750146
070960,Vegetables; fruits of the genus capsicum or of the genus pim,2017,682,Arabie Saoudite,491863.518,257988.0,257988.0,1.9065364202986184,109166.0,350.5647527618489
070960,Vegetables; fruits of the genus capsicum or of the genus pim,2018,682,Arabie Saoudite,385732.086,272890.0,272890.0,1.4135075891384807,491863.518,-21.57741489581262
070960,Vegetables; fruits of the genus capsicum or of the genus pim,2019,682,Arabie Saoudite,215126.762,153813.0,153813.0,1.3986253567643827,385732.086,-44.22896880815873
070960,Vegetables; fruits of the genus capsicum or of the genus pim,2020,682,Arabie Saoudite,264568.163,243473.7,243473.7,1.0866395959810033,215126.762,22.982450226253125
070960,Vegetables; fruits of the genus capsicum or of the genus pim,2021,682,Arabie Saoudite,62098.1,58305.68,58305.68,1.0650437487394024,264568.163,-76.52850619067118
070960,Vegetables; fruits of the genus capsicum or of the genus pim,2022,682,Arabie Saoudite,1669.577,686.5,686.5,2.43201310997815,62098.1,-97.31138794906768
070960,Vegetables; fruits of the genus capsicum or of the genus pim,2023,682,Arabie Saoudite,329.865,135.0,135.0,2.4434444444444443,1669.577,-80.24260037123176
070960,Vegetables; fruits of the genus capsicum or of the genus pim,2021,702,Singapour,60.856,15.0,15.0,4.057066666666667,,
070960,Vegetables; fruits of the genus capsicum or of the genus pim,2023,702,Singapour,553.229,158.0,158.0,3.501449367088608,60.856,809.0788089917182
070960,Vegetables; fruits of the genus capsicum or of the genus pim,2015,724,Espagne,24789550.328,33581754.0,33581754.0,0.7381850968237097,,
070960,Vegetables; fruits of the genus capsicum or of the genus pim,2016,724,Espagne,28426410.0,37075989.0,37075989.0,0.7667067222401,24789550.328,14.670938455435135
070960,Vegetables; fruits of the genus capsicum or of the genus pim,2017,724,Espagne,51156741.035,41044450.0,41044450.0,1.2463741391345236,28426410.0,79.96201783834115
070960,Vegetables; fruits of the genus capsicum or of the genus pim,2018,724,Espagne,61979210.76,59766876.0,59766876.0,1.0370160682315066,51156741.035,21.155510507589945
070960,Vegetables; fruits of the genus capsicum or of the genus pim,2019,724,Espagne,65084774.568,61900067.0,61900067.0,1.0514491780437007,61979210.76,5.0106540078827
070960,Vegetables; fruits of the genus capsicum or of the genus pim,2020,724,Espagne,59508114.35,55126489.0,55126489.0,1.0794831201747674,65084774.568,-8.568302271944656
070960,Vegetables; fruits of the genus capsicum or of the genus pim,2021,724,Espagne,65475504.787,58482201.0,58482201.0,1.1195800374715719,59508114.35,10.027860069473029
070960,Vegetables; fruits of the genus capsicum or of the genus pim,2022,724,Espagne,74801855.443,62589248.0,62589248.0,1.195123089560047,65475504.787,14.244030170274804
070960,Vegetables; fruits of the genus capsicum or of the genus pim,2023,724,Espagne,89023426.137,64550509.0,64550509.0,1.3791281821960535,74801855.443,19.012323437400582
070960,Vegetables; fruits of the genus capsicum or of the genus pim,2015,784,Émirats Arabes,52540.454,34139.0,34139.0,1.5390156126424324,,
070960,Vegetables; fruits of the genus capsicum or of the genus pim,2016,784,Émirats Arabes,54210.0,34233.0,34233.0,1.5835597230742267,52540.454,3.1776390816874214
070960,Vegetables; fruits of the genus capsicum or of the genus pim,2017,784,Émirats Arabes,34991.887,22552.92,22552.92,1.5515457421921421,54210.0,-35.45123224497325
070960,Vegetables; fruits of the genus capsicum or of the genus pim,2018,784,Émirats Arabes,8998.943,9157.64,9157.64,0.982670535203393,34991.887,-74.28277303250323
070960,Vegetables; fruits of the genus capsicum or of the genus pim,2019,784,Émirats Arabes,28087.329,31270.0,31270.0,0.8982196674128559,8998.943,212.1180898689991
070960,Vegetables; fruits of the genus capsicum or of the genus pim,2020,784,Émirats Arabes,5786.004,2659.0,2659.0,2.176007521624671,28087.329,-79.39994935082649
070960,Vegetables; fruits of the genus capsicum or of the genus pim,2021,784,Émirats Arabes,21511.907,6477.5,6477.5,3.3210199922809727,5786.004,271.79212112539153
070960,Vegetables; fruits of the genus capsicum or of the genus pim,2022,784,Émirats Arabes,23735.709,8820.2,8820.2,2.691062447563547,21511.907,10.337540042358865
070960,Vegetables; fruits of the genus capsicum or of the genus pim,2023,784,Émirats Arabes,9307.483,4944.0,4944.0,1.8825815129449839,23735.709,-60.78700240216123
070960,Vegetables; fruits of the genus capsicum or of the genus pim,2015,826,Royaume-Uni,610604.941,483258.5,483258.5,1.2635161947487732,,
070960,Vegetables; fruits of the genus capsicum or of the genus pim,2016,826,Royaume-Uni,1105481.0,884187.0,884187.0,1.25027963541649,610604.941,81.04684809617353
070960,Vegetables; fruits of the genus capsicum or of the genus pim,2017,826,Royaume-Uni,1440899.83,828322.5,828322.5,1.7395396479028398,1105481.0,30.34143779947372
070960,Vegetables; fruits of the genus capsicum or of the genus pim,2018,826,Royaume-Uni,951739.048,474323.0,474323.0,2.006520974104144,1440899.83,-33.94828507960891
070960,Vegetables; fruits of the genus capsicum or of the genus pim,2019,826,Royaume-Uni,2012744.576,1092028.0,1092028.0,1.8431254290183035,951739.048,111.48071839960905
070960,Vegetables; fruits of the genus capsicum or of the genus pim,2020,826,Royaume-Uni,1876403.026,910993.5,910993.5,2.0597326171921098,2012744.576,-6.773912180697876
070960,Vegetables; fruits of the genus capsicum or of the genus pim,2021,826,Royaume-Uni,6933806.573,3403586.5,3403586.5,2.037205921753421,1876403.026,269.52650773437836
070960,Vegetables; fruits of the genus capsicum or of the genus pim,2022,826,Royaume-Uni,7923349.631,4115835.0,4115835.0,1.9250892300104354,6933806.573,14.271281547616951
070960,Vegetables; fruits of the genus capsicum or of the genus pim,2023,826,Royaume-Uni,10336639.792,5011601.4,5011601.4,2.0625422827920827,7923349.631,30.457953686128324
070960,Vegetables; fruits of the genus capsicum or of the genus pim,2015,842,États-Unis,516312.207,403190.6,403190.6,1.2805660821457643,,
070960,Vegetables; fruits of the genus capsicum or of the genus pim,2016,842,États-Unis,1003798.0,802200.0,802200.0,1.2513064073797058,516312.207,94.41686374848774
070960,Vegetables; fruits of the genus capsicum or of the genus pim,2017,842,États-Unis,397607.971,301534.5,301534.5,1.3186151866536002,1003798.0,-60.38964303575022
070960,Vegetables; fruits of the genus capsicum or of the genus pim,2018,842,États-Unis,259943.159,246878.2,246878.2,1.0529206669523676,397607.971,-34.62325256049758
070960,Vegetables; fruits of the genus capsicum or of the genus pim,2019,842,États-Unis,450544.076,364275.4,364275.4,1.2368226786656469,259943.159,73.32407505288492
070960,Vegetables; fruits of the genus capsicum or of the genus pim,2020,842,États-Unis,72687.068,63337.4,63337.4,1.1476168582859416,450544.076,-83.86682416394706
070960,Vegetables; fruits of the genus capsicum or of the genus pim,2021,842,États-Unis,6540.035,9494.0,9494.0,0.6888598061933853,72687.068,-91.00247790982571
070960,Vegetables; fruits of the genus capsicum or of the genus pim,2022,842,États-Unis,67870.195,68310.0,68310.0,0.9935616308007613,6540.035,937.7650119609452
070960,Vegetables; fruits of the genus capsicum or of the genus pim,2023,842,États-Unis,1848.308,1115.88,1115.88,1.6563680682510662,67870.195,-97.27670150350974
080440,"Fruit, edible; avocados, fresh or dried",2020,056,Belgique,150678.527,51520.0,51520.0,2.9246608501552793,,
080440,"Fruit, edible; avocados, fresh or dried",2021,056,Belgique,1718566.908,465367.0,465367.0,3.6929281792649675,150678.527,1040.551969956542
080440,"Fruit, edible; avocados, fresh or dried",2022,056,Belgique,331932.658,140850.0,140850.0,2.35663938942137,1718566.908,-80.68549694196719
080440,"Fruit, edible; avocados, fresh or dried",2023,056,Belgique,150046.154,45760.0,45760.0,3.2789806381118884,331932.658,-54.796206283504645
080440,"Fruit, edible; avocados, fresh or dried",2019,124,Canada,960.791,675.0,675.0,1.4233940740740743,,
080440,"Fruit, edible; avocados, fresh or dried",2020,124,Canada,46.542,32.0,32.0,1.4544375,960.791,-95.15586636427693
080440,"Fruit, edible; avocados, fresh or dried",2021,124,Canada,23.919,20.0,20.0,1.19595,46.542,-48.607709165914656
080440,"Fruit, edible; avocados, fresh or dried",2022,124,Canada,71867.278,81123.62,81123.62,0.885898311737075,23.919,300361.0477026632
080440,"Fruit, edible; avocados, fresh or dried",2023,124,Canada,27.045,7.25,7.25,3.7303448275862072,71867.278,-99.96236813087592
080440,"Fruit, edible; avocados, fresh or dried",2015,251,France,1203349.05,936597.4,936597.4,1.2848093001325864,,
080440,"Fruit, edible; avocados, fresh or dried",2016,251,France,1149609.0,341972.0,341972.0,3.361705051875592,1203349.05,-4.46587380444602
080440,"Fruit, edible; avocados, fresh or dried",2017,251,France,2844343.093,1143363.0,1143363.0,2.4876990885659236,1149609.0,147.41830422343597
080440,"Fruit, edible; avocados, fresh or dried",2018,251,France,7740448.592,2233224.0,2233224.0,3.466042184751731,2844343.093,172.13484234899227
080440,"Fruit, edible; avocados, fresh or dried",2019,251,France,13716089.24,4882744.0,4882744.0,2.8090944845767054,7740448.592,77.20018519567476
080440,"Fruit, edible; avocados, fresh or dried",2020,251,France,26343075.988,8310136.0,8310136.0,3.16999336569221,13716089.24,92.05967187189285
080440,"Fruit, edible; avocados, fresh or dried",2021,251,France,14340622.151,4510577.0,4510577.0,3.1793320790222626,26343075.988,-45.56208182547646
080440,"Fruit, edible; avocados, fresh or dried",2022,251,France,49067999.439,18148911.0,18148911.0,2.7036332614667624,14340622.151,242.16088341452044
080440,"Fruit, edible; avocados, fresh or dried",2023,251,France,38541187.039,11632974.0,11632974.0,3.313098356361838,49067999.439,-21.453518627933164
080440,"Fruit, edible; avocados, fresh or dried",2015,276,Allemagne,1393537.127,462150.0,462150.0,3.0153351227956295,,
080440,"Fruit, edible; avocados, fresh or dried",2016,276,Allemagne,1175447.0,393379.0,393379.0,2.9880776553908572,1393537.127,-15.65011242072204
080440,"Fruit, edible; avocados, fresh or dried",2017,276,Allemagne,7407417.971,2065483.0,2065483.0,3.5862885199248793,1175447.0,530.1788146126538
080440,"Fruit, edible; avocados, fresh or dried",2018,276,Allemagne,8067141.078,2063893.0,2063893.0,3.9087012156153444,7407417.971,8.906249243431546
080440,"Fruit, edible; avocados, fresh or dried",2019,276,Allemagne,2989131.359,908536.0,908536.0,3.290052743094385,8067141.078,-62.946831720202624
080440,"Fruit, edible; avocados, fresh or dried",2020,276,Allemagne,6847532.043,2070712.0,2070712.0,3.3068490659251504,2989131.359,129.08100115382047
080440,"Fruit, edible; avocados, fresh or dried",2021,276,Allemagne,4119961.085,1152643.0,1152643.0,3.574360044697274,6847532.043,-39.83290535731487
080440,"Fruit, edible; avocados, fresh or dried",2022,276,Allemagne,12633646.085,4271212.0,4271212.0,2.957859756200348,4119961.085,206.64479164613275
080440,"Fruit, edible; avocados, fresh or dried",2023,276,Allemagne,16257526.059,4418215.0,4418215.0,3.6796593327848464,12633646.085,28.68435564537978
080440,"Fruit, edible; avocados, fresh or dried",2020,380,Italie,150978.509,48160.0,48160.0,3.134935818106312,,
080440,"Fruit, edible; avocados, fresh or dried",2021,380,Italie,124846.73,61216.0,61216.0,2.039446059853633,150978.509,-17.308277299254556
080440,"Fruit, edible; avocados, fresh or dried",2022,380,Italie,56444.953,22885.0,22885.0,2.466460694778239,124846.73,-54.78860119123665
080440,"Fruit, edible; avocados, fresh or dried",2023,380,Italie,752543.554,237225.0,237225.0,3.1722776014332386,56444.953,1233.2344417046463
080440,"Fruit, edible; avocados, fresh or dried",2015,414,Koweït,189293.257,49645.0,49645.0,3.8129369926477996,,
080440,"Fruit, edible; avocados, fresh or dried",2016,414,Koweït,59585.0,12780.0,12780.0,4.662363067292644,189293.257,-68.52238640492091
080440,"Fruit, edible; avocados, fresh or dried",2017,414,Koweït,71031.46,16640.0,16640.0,4.268717548076923,59585.0,19.210304606864153
080440,"Fruit, edible; avocados, fresh or dried",2018,414,Koweït,41362.538,9112.0,9112.0,4.5393478928884985,71031.46,-41.768706429517295
080440,"Fruit, edible; avocados, fresh or dried",2019,414,Koweït,8176.601,2100.0,2100.0,3.8936195238095235,41362.538,-80.23186826688439
080440,"Fruit, edible; avocados, fresh or dried",2023,414,Koweït,4.047,4.0,4.0,1.01175,8176.601,-99.95050510597252
080440,"Fruit, edible; avocados, fresh or dried",2015,528,Pays-Bas,1057361.039,408844.0,408844.0,2.586221245756328,,
080440,"Fruit, edible; avocados, fresh or dried",2016,528,Pays-Bas,1584112.0,464626.0,464626.0,3.4094346851015658,1057361.039,49.81751185935269
080440,"Fruit, edible; avocados, fresh or dried",2017,528,Pays-Bas,1486138.558,563464.0,563464.0,2.637504007354507,1584112.0,-6.184754739563872
080440,"Fruit, edible; avocados, fresh or dried",2018,528,Pays-Bas,1335060.071,373320.0,373320.0,3.5761814823743707,1486138.558,-10.165841279518162
080440,"Fruit, edible; avocados, fresh or dried",2019,528,Pays-Bas,1363673.136,710864.0,710864.0,1.9183319678588309,1335060.071,2.1432043112912442
080440,"Fruit, edible; avocados, fresh or dried",2020,528,Pays-Bas,5928025.273,2050042.0,2050042.0,2.891660401591772,1363673.136,334.7101307860625
080440,"Fruit, edible; avocados, fresh or dried",2021,528,Pays-Bas,9939426.225,3221506.0,3221506.0,3.085335313670066,5928025.273,67.66841852497613
080440,"Fruit, edible; avocados, fresh or dried",2022,528,Pays-Bas,25803445.693,9808110.0,9808110.0,2.6308275185535237,9939426.225,159.60699449731064
080440,"Fruit, edible; avocados, fresh or dried",2023,528,Pays-Bas,24914641.695,7529785.0,7529785.0,3.3088118312807073,25803445.693,-3.444516707476459
080440,"Fruit, edible; avocados, fresh or dried",2017,634,Qatar,26508.312,5922.0,5922.0,4.476243161094225,,
080440,"Fruit, edible; avocados, fresh or dried",2018,634,Qatar,145238.567,30681.0,30681.0,4.73382767836772,26508.312,447.8982101915807
080440,"Fruit, edible; avocados, fresh or dried",2019,634,Qatar,148767.866,37977.5,37977.5,3.917263274307156,145238.567,2.430001254418875
080440,"Fruit, edible; avocados, fresh or dried",2020,634,Qatar,141208.438,30846.98,30846.98,4.577707055925734,148767.866,-5.081358093823846
080440,"Fruit, edible; avocados, fresh or dried",2021,634,Qatar,250545.245,52149.0,52149.0,4.8044113022301485,141208.438,77.42937217392067
080440,"Fruit, edible; avocados, fresh or dried",2022,634,Qatar,447758.594,85132.0,85132.0,5.259580345815909,250545.245,78.71366666727201
080440,"Fruit, edible; avocados, fresh or dried",2023,634,Qatar,361967.079,65037.0,65037.0,5.565556206467089,447758.594,-19.160216274933177
080440,"Fruit, edible; avocados, fresh or dried",2015,682,Arabie Saoudite,25574.325,8675.9,8675.9,2.9477431736188753,,
080440,"Fruit, edible; avocados, fresh or dried",2017,682,Arabie Saoudite,9765.341,3289.0,3289.0,2.9690912131346914,25574.325,-61.81584069178756
080440,"Fruit, edible; avocados, fresh or dried",2019,682,Arabie Saoudite,72704.109,29022.07,29022.07,2.505131749733909,9765.341,644.5117277522617
080440,"Fruit, edible; avocados, fresh or dried",2020,682,Arabie Saoudite,118858.705,47508.6,47508.6,2.5018355624034387,72704.109,63.482788847601455
080440,"Fruit, edible; avocados, fresh or dried",2021,682,Arabie Saoudite,25966.224,5268.15,5268.15,4.928907491244555,118858.705,-78.15370443418512
080440,"Fruit, edible; avocados, fresh or dried",2022,682,Arabie Saoudite,388919.604,86596.5,86596.5,4.491170012644853,25966.224,1397.790375681886
080440,"Fruit, edible; avocados, fresh or dried",2023,682,Arabie Saoudite,133206.015,27579.0,27579.0,4.829979875992604,388919.604,-65.74972985933617
080440,"Fruit, edible; avocados, fresh or dried",2023,702,Singapour,121.01,17.0,17.0,7.118235294117647,,
080440,"Fruit, edible; avocados, fresh or dried",2015,724,Espagne,12679527.715,5563903.0,5563903.0,2.278890864021174,,
080440,"Fruit, edible; avocados, fresh or dried",2016,724,Espagne,12790513.0,4807081.0,4807081.0,2.6607650255945345,12679527.715,0.8753108750943737
080440,"Fruit, edible; avocados, fresh or dried",2017,724,Espagne,34069807.153,12444826.0,12444826.0,2.7376684216396434,12790513.0,166.36779269916693
080440,"Fruit, edible; avocados, fresh or dried",2018,724,Espagne,43783547.015,12938156.0,12938156.0,3.3840639280435325,34069807.153,28.511285134012464
080440,"Fruit, edible; avocados, fresh or dried",2019,724,Espagne,31925727.268,12185792.0,12185792.0,2.6199140169141244,43783547.015,-27.082821186089785
080440,"Fruit, edible; avocados, fresh or dried",2020,724,Espagne,65883840.334,22617660.0,22617660.0,2.912937957949673,31925727.268,106.36598120675269
080440,"Fruit, edible; avocados, fresh or dried",2021,724,Espagne,54649263.902,16155155.0,16155155.0,3.3827755847591683,65883840.334,-17.052097107645807
080440,"Fruit, edible; avocados, fresh or dried",2022,724,Espagne,50974266.816,19736484.0,19736484.0,2.582743046633838,54649263.902,-6.724696406872388
080440,"Fruit, edible; avocados, fresh or dried",2023,724,Espagne,63424173.96,20683670.0,20683670.0,3.0663887965723684,50974266.816,24.423906260270478
080440,"Fruit, edible; avocados, fresh or dried",2015,784,Émirats Arabes,196265.181,82283.6,82283.6,2.3852284173273897,,
080440,"Fruit, edible; avocados, fresh or dried",2016,784,Émirats Arabes,2.0,14.0,14.0,0.14285714285714285,196265.181,-99.9989809705472
080440,"Fruit, edible; avocados, fresh or dried",2017,784,Émirats Arabes,69642.967,17104.5,17104.5,4.071616650589027,2.0,3482048.35
080440,"Fruit, edible; avocados, fresh or dried",2018,784,Émirats Arabes,2514.889,540.0,540.0,4.657201851851852,69642.967,-96.38888302963889
080440,"Fruit, edible; avocados, fresh or dried",2019,784,Émirats Arabes,45002.344,23247.0,23247.0,1.9358344732653674,2514.889,1689.436591436043
080440,"Fruit, edible; avocados, fresh or dried",2020,784,Émirats Arabes,144544.281,79816.0,79816.0,1.8109687406033876,45002.344,221.19278275816035
080440,"Fruit, edible; avocados, fresh or dried",2021,784,Émirats Arabes,246609.76,82244.0,82244.0,2.998513690968338,144544.281,70.61191096173499
080440,"Fruit, edible; avocados, fresh or dried",2022,784,Émirats Arabes,251567.114,85387.0,85387.0,2.946199234075445,246609.76,2.0102018671118254
080440,"Fruit, edible; avocados, fresh or dried",2023,784,Émirats Arabes,126131.69,44599.0,44599.0,2.8281282091526716,251567.114,-49.86161426489155
080440,"Fruit, edible; avocados, fresh or dried",2016,826,Royaume-Uni,43183.0,21160.0,21160.0,2.0407844990548205,,
080440,"Fruit, edible; avocados, fresh or dried",2018,826,Royaume-Uni,5011.665,6720.0,6720.0,0.7457834821428572,43183.0,-88.39435657550425
080440,"Fruit, edible; avocados, fresh or dried",2019,826,Royaume-Uni,63674.234,45800.0,45800.0,1.39026711790393,5011.665,1170.5205555439159
080440,"Fruit, edible; avocados, fresh or dried",2020,826,Royaume-Uni,881388.388,361294.0,361294.0,2.4395323144032286,63674.234,1284.2151410883093
080440,"Fruit, edible; avocados, fresh or dried",2021,826,Royaume-Uni,659598.552,350492.0,350492.0,1.8819218470036407,881388.388,-25.16368935870301
080440,"Fruit, edible; avocados, fresh or dried",2022,826,Royaume-Uni,4777748.421,1714330.0,1714330.0,2.786947916095501,659598.552,624.3418601379827
080440,"Fruit, edible; avocados, fresh or dried",2023,826,Royaume-Uni,6034510.885,1884160.0,1884160.0,3.202759258767833,4777748.421,26.30449226828387
080521,"Fruit, edible; mandarins (including tangerines and satsumas)",2017,056,Belgique,30904.674,99900.0,99900.0,0.3093560960960961,,
080521,"Fruit, edible; mandarins (including tangerines and satsumas)",2021,056,Belgique,109915.964,96200.0,96200.0,1.1425775883575884,30904.674,255.66129576387056
080521,"Fruit, edible; mandarins (including tangerines and satsumas)",2022,056,Belgique,169131.173,144190.0,144190.0,1.1729743602191554,109915.964,53.8731653210993
080521,"Fruit, edible; mandarins (including tangerines and satsumas)",2023,056,Belgique,29380.671,21600.0,21600.0,1.36021625,169131.173,-82.62847086148926
080521,"Fruit, edible; mandarins (including tangerines and satsumas)",2017,124,Canada,10262849.677,15928125.0,15928125.0,0.6443225223935648,,
080521,"Fruit, edible; mandarins (including tangerines and satsumas)",2018,124,Canada,13090212.264,18978404.0,18978404.0,0.6897425233439018,10262849.677,27.5494884557881
080521,"Fruit, edible; mandarins (including tangerines and satsumas)",2019,124,Canada,27651693.009,21841288.0,21841288.0,1.266028496533721,13090212.264,111.23945472638516
080521,"Fruit, edible; mandarins (including tangerines and satsumas)",2020,124,Canada,35589286.041,23952770.0,23952770.0,1.4858108703502768,27651693.009,28.705631258876245
080521,"Fruit, edible; mandarins (including tangerines and satsumas)",2021,124,Canada,32433919.105,20524316.0,20524316.0,1.5802679662990962,35589286.041,-8.866058544599396
080521,"Fruit, edible; mandarins (including tangerines and satsumas)",2022,124,Canada,42508698.643,34994874.0,34994874.0,1.2147121502137712,32433919.105,31.062479700292755
080521,"Fruit, edible; mandarins (including tangerines and satsumas)",2023,124,Canada,48415077.116,30569760.0,30569760.0,1.5837571873642449,42508698.643,13.894517267167892
080521,"Fruit, edible; mandarins (including tangerines and satsumas)",2017,156,Chine,51515.009,99910.0,99910.0,0.5156141427284556,,
080521,"Fruit, edible; mandarins (including tangerines and satsumas)",2018,156,Chine,409054.792,678870.0,678870.0,0.6025524651258709,51515.009,694.0497341269997
080521,"Fruit, edible; mandarins (including tangerines and satsumas)",2019,156,Chine,96813.202,236080.0,236080.0,0.4100864198576754,409054.792,-76.33246110462385
080521,"Fruit, edible; mandarins (including tangerines and satsumas)",2020,156,Chine,106268.948,235010.0,235010.0,0.4521890472745841,96813.202,9.767000579115232
080521,"Fruit, edible; mandarins (including tangerines and satsumas)",2021,156,Chine,93528.559,188820.0,188820.0,0.4953318451435229,106268.948,-11.988816337957923
080521,"Fruit, edible; mandarins (including tangerines and satsumas)",2022,156,Chine,66344.507,168526.0,168526.0,0.3936752014525948,93528.559,-29.064974688640287
080521,"Fruit, edible; mandarins (including tangerines and satsumas)",2023,156,Chine,162339.423,411152.0,411152.0,0.3948404069541192,66344.507,144.6915808719477
080521,"Fruit, edible; mandarins (including tangerines and satsumas)",2017,251,France,33694847.0,39612187.0,39612187.0,0.8506181948499839,,
080521,"Fruit, edible; mandarins (including tangerines and satsumas)",2018,251,France,21167754.098,18510990.0,18510990.0,1.1435236093801575,33694847.0,-37.178067322875805
080521,"Fruit, edible; mandarins (including tangerines and satsumas)",2019,251,France,9125131.095,10044646.0,10044646.0,0.9084572114338326,21167754.098,-56.891359126936514
080521,"Fruit, edible; mandarins (including tangerines and satsumas)",2020,251,France,14412303.757,11355164.0,11355164.0,1.269229027163324,9125131.095,57.94078580303397
080521,"Fruit, edible; mandarins (including tangerines and satsumas)",2021,251,France,9993057.159,9094081.0,9094081.0,1.0988528867292913,14412303.757,-30.663013162303
080521,"Fruit, edible; mandarins (including tangerines and satsumas)",2022,251,France,18229421.524,18120628.0,18120628.0,1.0060038495354575,9993057.159,82.42086714756877
080521,"Fruit, edible; mandarins (including tangerines and satsumas)",2023,251,France,18807717.502,15541006.0,15541006.0,1.210199487858122,18229421.524,3.1723221564581343
080521,"Fruit, edible; mandarins (including tangerines and satsumas)",2017,276,Allemagne,19903.868,19572.9,19572.9,1.0169095024242703,,
080521,"Fruit, edible; mandarins (including tangerines and satsumas)",2018,276,Allemagne,1580856.392,1166246.2,1166246.2,1.3555082897590578,19903.868,7842.458179485516
080521,"Fruit, edible; mandarins (including tangerines and satsumas)",2019,276,Allemagne,235340.544,251282.5,251282.5,0.9365576353307532,1580856.392,-85.11309786322451
080521,"Fruit, edible; mandarins (including tangerines and satsumas)",2020,276,Allemagne,1732806.947,1441045.0,1441045.0,1.202465535080445,235340.544,636.2976721087208
080521,"Fruit, edible; mandarins (including tangerines and satsumas)",2021,276,Allemagne,1929148.716,1543226.9,1543226.9,1.2500745781453138,1732806.947,11.330850752873863
080521,"Fruit, edible; mandarins (including tangerines and satsumas)",2022,276,Allemagne,1730401.903,1614082.0,1614082.0,1.0720656713847252,1929148.716,-10.302306470809173
080521,"Fruit, edible; mandarins (including tangerines and satsumas)",2023,276,Allemagne,2156440.524,1809803.0,1809803.0,1.1915332906399205,1730401.903,24.620790133285027
080521,"Fruit, edible; mandarins (including tangerines and satsumas)",2017,380,Italie,309191.11,516200.0,516200.0,0.5989754165052305,,
080521,"Fruit, edible; mandarins (including tangerines and satsumas)",2018,380,Italie,874733.241,651360.0,651360.0,1.3429336173544584,309191.11,182.91021724395634
080521,"Fruit, edible; mandarins (including tangerines and satsumas)",2019,380,Italie,288648.769,270720.0,270720.0,1.066226244828605,874733.241,-67.00150909207302
080521,"Fruit, edible; mandarins (including tangerines and satsumas)",2020,380,Italie,326774.706,412920.0,412920.0,0.7913753414705028,288648.769,13.208418359823332
080521,"Fruit, edible; mandarins (including tangerines and satsumas)",2021,380,Italie,805337.828,708372.0,708372.0,1.1368854613112884,326774.706,146.45047894251644
080521,"Fruit, edible; mandarins (including tangerines and satsumas)",2022,380,Italie,308638.431,306431.6,306431.6,1.0072017083094564,805337.828,-61.67590540649483
080521,"Fruit, edible; mandarins (including tangerines and satsumas)",2023,380,Italie,1014915.849,865737.0,865737.0,1.1723142813579643,308638.431,228.83651128980765
080521,"Fruit, edible; mandarins (including tangerines and satsumas)",2020,414,Koweït,102819.699,72150.0,72150.0,1.425082453222453,,
080521,"Fruit, edible; mandarins (including tangerines and satsumas)",2021,414,Koweït,17776.3,45652.0,45652.0,0.3893871024270569,102819.699,-82.71119233679141
080521,"Fruit, edible; mandarins (including tangerines and satsumas)",2022,414,Koweït,26070.156,30218.0,30218.0,0.8627359851743993,17776.3,46.65681834802518
080521,"Fruit, edible; mandarins (including tangerines and satsumas)",2017,528,Pays-Bas,12014047.632,16659585.0,16659585.0,0.7211492742466273,,
080521,"Fruit, edible; mandarins (including tangerines and satsumas)",2018,528,Pays-Bas,22941249.271,18272470.0,18272470.0,1.2555089307028553,12014047.632,90.95354016988306
080521,"Fruit, edible; mandarins (including tangerines and satsumas)",2019,528,Pays-Bas,13529892.357,16967205.0,16967205.0,0.7974143270503303,22941249.271,-41.02373328856543
080521,"Fruit, edible; mandarins (including tangerines and satsumas)",2020,528,Pays-Bas,44741609.038,35898100.0,35898100.0,1.2463503371487628,13529892.357,230.68710273110122
080521,"Fruit, edible; mandarins (including tangerines and satsumas)",2021,528,Pays-Bas,25659609.364,24722360.0,24722360.0,1.0379109989499384,44741609.038,-42.649337125522806
080521,"Fruit, edible; mandarins (including tangerines and satsumas)",2022,528,Pays-Bas,34513915.093,32443802.0,32443802.0,1.0638061190547274,25659609.364,34.50678302773558
080521,"Fruit, edible; mandarins (including tangerines and satsumas)",2023,528,Pays-Bas,36866654.427,29959860.0,29959860.0,1.2305349366452314,34513915.093,6.816784846518828
080521,"Fruit, edible; mandarins (including tangerines and satsumas)",2017,634,Qatar,53833.736,53950.0,53950.0,0.9978449675625579,,
080521,"Fruit, edible; mandarins (including tangerines and satsumas)",2018,634,Qatar,264049.656,197058.0,197058.0,1.3399590780379382,53833.736,390.4910482155651
080521,"Fruit, edible; mandarins (including tangerines and satsumas)",2019,634,Qatar,184202.022,207380.0,207380.0,0.8882342655993828,264049.656,-30.239628109949145
080521,"Fruit, edible; mandarins (including tangerines and satsumas)",2020,634,Qatar,1568403.617,1159855.0,1159855.0,1.3522411137599097,184202.022,751.4584150438915
080521,"Fruit, edible; mandarins (including tangerines and satsumas)",2021,634,Qatar,1103246.438,912836.0,912836.0,1.2085921655149447,1568403.617,-29.658002185033215
080521,"Fruit, edible; mandarins (including tangerines and satsumas)",2022,634,Qatar,1261870.345,1385035.0,1385035.0,0.9110746984733238,1103246.438,14.377921517476938
080521,"Fruit, edible; mandarins (including tangerines and satsumas)",2023,634,Qatar,1039896.404,990131.0,990131.0,1.0502614340930645,1261870.345,-17.59086754669712
080521,"Fruit, edible; mandarins (including tangerines and satsumas)",2017,682,Arabie Saoudite,2195019.261,1899782.0,1899782.0,1.155405862883215,,
080521,"Fruit, edible; mandarins (including tangerines and satsumas)",2018,682,Arabie Saoudite,3856528.993,4120519.0,4120519.0,0.9359328261803913,2195019.261,75.6945399760663
080521,"Fruit, edible; mandarins (including tangerines and satsumas)",2019,682,Arabie Saoudite,7133254.678,6719332.0,6719332.0,1.0616017601154402,3856528.993,84.96566967207035
080521,"Fruit, edible; mandarins (including tangerines and satsumas)",2020,682,Arabie Saoudite,3287182.292,3495556.0,3495556.0,0.9403889658755288,7133254.678,-53.91749712598723
080521,"Fruit, edible; mandarins (including tangerines and satsumas)",2021,682,Arabie Saoudite,4363490.908,5091910.0,5091910.0,0.8569458038339247,3287182.292,32.74258986547254
080521,"Fruit, edible; mandarins (including tangerines and satsumas)",2022,682,Arabie Saoudite,5560492.529,7196228.0,7196228.0,0.7726954355809739,4363490.908,27.432201561493443
080521,"Fruit, edible; mandarins (including tangerines and satsumas)",2023,682,Arabie Saoudite,4690912.789,5551950.0,5551950.0,0.8449126503300642,5560492.529,-15.638538051527345
080521,"Fruit, edible; mandarins (including tangerines and satsumas)",2017,702,Singapour,12992.956,21000.0,21000.0,0.6187121904761905,,
080521,"Fruit, edible; mandarins (including tangerines and satsumas)",2018,702,Singapour,209032.461,327000.0,327000.0,0.639243,12992.956,1508.8137372280796
080521,"Fruit, edible; mandarins (including tangerines and satsumas)",2019,702,Singapour,175912.838,266090.0,266090.0,0.6611027772558157,209032.461,-15.844248707381395
080521,"Fruit, edible; mandarins (including tangerines and satsumas)",2020,702,Singapour,355551.67,562770.0,562770.0,0.6317885992501376,175912.838,102.11809100595603
080521,"Fruit, edible; mandarins (including tangerines and satsumas)",2021,702,Singapour,217945.639,355621.0,355621.0,0.6128593052716235,355551.67,-38.70211916034595
080521,"Fruit, edible; mandarins (including tangerines and satsumas)",2022,702,Singapour,230957.43,580430.0,580430.0,0.3979074651551436,217945.639,5.97020021125543
080521,"Fruit, edible; mandarins (including tangerines and satsumas)",2023,702,Singapour,175533.024,444600.0,444600.0,0.3948111201079622,230957.43,-23.997671778734283
080521,"Fruit, edible; mandarins (including tangerines and satsumas)",2017,724,Espagne,272423.795,550520.0,550520.0,0.49484813449102666,,
080521,"Fruit, edible; mandarins (including tangerines and satsumas)",2018,724,Espagne,1869152.601,1453832.0,1453832.0,1.2856730358115656,272423.795,586.1194342439875
080521,"Fruit, edible; mandarins (including tangerines and satsumas)",2019,724,Espagne,285854.0,296315.4,296315.4,0.9646950512865682,1869152.601,-84.7067596381875
080521,"Fruit, edible; mandarins (including tangerines and satsumas)",2020,724,Espagne,1775502.238,1510024.0,1510024.0,1.1758106083082123,285854.0,521.1220546152931
080521,"Fruit, edible; mandarins (including tangerines and satsumas)",2021,724,Espagne,8782790.383,7816234.0,7816234.0,1.123660113425468,1775502.238,394.6651260148961
080521,"Fruit, edible; mandarins (including tangerines and satsumas)",2022,724,Espagne,621176.025,593828.0,593828.0,1.0460537815663795,8782790.383,-92.9273499888788
080521,"Fruit, edible; mandarins (including tangerines and satsumas)",2023,724,Espagne,6402657.195,5593206.8,5593206.8,1.144720269416822,621176.025,930.7315378116855
080521,"Fruit, edible; mandarins (including tangerines and satsumas)",2017,784,Émirats Arabes,304158.505,311281.8,311281.8,0.9771162496490319,,
080521,"Fruit, edible; mandarins (including tangerines and satsumas)",2018,784,Émirats Arabes,846811.337,1061298.0,1061298.0,0.7979015667607026,304158.505,178.4111978062228
080521,"Fruit, edible; mandarins (including tangerines and satsumas)",2019,784,Émirats Arabes,1499002.87,1483998.0,1483998.0,1.010111112009585,846811.337,77.0173360350276
080521,"Fruit, edible; mandarins (including tangerines and satsumas)",2020,784,Émirats Arabes,1919078.069,2737727.0,2737727.0,0.7009749580582724,1499002.87,28.023642076148914
080521,"Fruit, edible; mandarins (including tangerines and satsumas)",2021,784,Émirats Arabes,2348708.251,3121959.0,3121959.0,0.7523187367290859,1919078.069,22.387321753089154
080521,"Fruit, edible; mandarins (including tangerines and satsumas)",2022,784,Émirats Arabes,3754873.073,4729990.0,4729990.0,0.7938437656316398,2348708.251,59.869710143918574
080521,"Fruit, edible; mandarins (including tangerines and satsumas)",2023,784,Émirats Arabes,4422727.16,4182087.0,4182087.0,1.0575406872214759,3754873.073,17.786329231800384
080521,"Fruit, edible; mandarins (including tangerines and satsumas)",2017,826,Royaume-Uni,1811162.544,2616973.0,2616973.0,0.6920830073523877,,
080521,"Fruit, edible; mandarins (including tangerines and satsumas)",2018,826,Royaume-Uni,9704708.892,8412080.0,8412080.0,1.1536634092875961,1811162.544,435.82760554261995
080521,"Fruit, edible; mandarins (including tangerines and satsumas)",2019,826,Royaume-Uni,17545775.182,20988840.0,20988840.0,0.8359573555279853,9704708.892,80.79651205677813
080521,"Fruit, edible; mandarins (including tangerines and satsumas)",2020,826,Royaume-Uni,25168070.158,23067220.0,23067220.0,1.0910751342381093,17545775.182,43.44233809526764
080521,"Fruit, edible; mandarins (including tangerines and satsumas)",2021,826,Royaume-Uni,37881309.524,35076500.0,35076500.0,1.0799626394879762,25168070.158,50.5133658885599
080521,"Fruit, edible; mandarins (including tangerines and satsumas)",2022,826,Royaume-Uni,38038590.206,35697284.0,35697284.0,1.065587796707447,37881309.524,0.41519336046278277
080521,"Fruit, edible; mandarins (including tangerines and satsumas)",2023,826,Royaume-Uni,37766450.978,39078846.0,39078846.0,0.9664167406069258,38038590.206,-0.7154293219759611
080521,"Fruit, edible; mandarins (including tangerines and satsumas)",2017,842,États-Unis,11061487.265,18664966.0,18664966.0,0.5926336680709732,,
080521,"Fruit, edible; mandarins (including tangerines and satsumas)",2018,842,États-Unis,14887809.02,22352290.0,22352290.0,0.6660529645955738,11061487.265,34.59138598031915
080521,"Fruit, edible; mandarins (including tangerines and satsumas)",2019,842,États-Unis,28534204.135,26021895.0,26021895.0,1.096545971575091,14887809.02,91.66154063816707
080521,"Fruit, edible; mandarins (including tangerines and satsumas)",2020,842,États-Unis,36347245.72,27481488.0,27481488.0,1.322608358033597,28534204.135,27.38131944397403
080521,"Fruit, edible; mandarins (including tangerines and satsumas)",2021,842,États-Unis,38833108.469,29501192.0,29501192.0,1.3163233698828167,36347245.72,6.83920528160448
080521,"Fruit, edible; mandarins (including tangerines and satsumas)",2022,842,États-Unis,102257379.075,86648450.0,86648450.0,1.1801408920182646,38833108.469,163.32524772419606
080521,"Fruit, edible; mandarins (including tangerines and satsumas)",2023,842,États-Unis,59835160.876,46228578.0,46228578.0,1.2943327150577724,102257379.075,-41.48572805477999
080522,"Fruit, edible; clementines, fresh or dried",2017,056,Belgique,111368.196,270000.0,270000.0,0.4124748,,
080522,"Fruit, edible; clementines, fresh or dried",2019,056,Belgique,109986.434,92600.0,92600.0,1.1877584665226781,111368.196,-1.2407150781179956
080522,"Fruit, edible; clementines, fresh or dried",2021,056,Belgique,1041.332,2340.0,2340.0,0.44501367521367524,109986.434,-99.05321778138565
080522,"Fruit, edible; clementines, fresh or dried",2017,124,Canada,26692840.725,55213850.0,55213850.0,0.48344465609625126,,
080522,"Fruit, edible; clementines, fresh or dried",2018,124,Canada,19745422.868,42382850.0,42382850.0,0.4658823761969759,26692840.725,-26.0272704901475
080522,"Fruit, edible; clementines, fresh or dried",2019,124,Canada,38621174.706,30024580.0,30024580.0,1.2863185665211636,19745422.868,95.59558164029286
080522,"Fruit, edible; clementines, fresh or dried",2020,124,Canada,45333302.072,35635826.0,35635826.0,1.2721271585510603,38621174.706,17.37939722728639
080522,"Fruit, edible; clementines, fresh or dried",2021,124,Canada,50469567.837,35722410.6,35722410.6,1.4128264859314952,45333302.072,11.330005824068136
080522,"Fruit, edible; clementines, fresh or dried",2022,124,Canada,45029309.879,25195018.0,25195018.0,1.7872307088250543,50469567.837,-10.779283816279603
080522,"Fruit, edible; clementines, fresh or dried",2023,124,Canada,54518221.793,30969680.0,30969680.0,1.760374075321411,45029309.879,21.072745595031368
080522,"Fruit, edible; clementines, fresh or dried",2017,156,Chine,7440.014,24050.0,24050.0,0.3093560914760915,,
080522,"Fruit, edible; clementines, fresh or dried",2018,156,Chine,26608.49,99900.0,99900.0,0.26635125125125125,7440.014,257.6403216445561
080522,"Fruit, edible; clementines, fresh or dried",2017,251,France,38227954.591,48127204.0,48127204.0,0.7943107310160797,,
080522,"Fruit, edible; clementines, fresh or dried",2018,251,France,38969042.586,52678046.25,52678046.25,0.7397586919047895,38227954.591,1.9386022687556477
080522,"Fruit, edible; clementines, fresh or dried",2019,251,France,40055478.747,45881480.0,45881480.0,0.8730206337502626,38969042.586,2.787946762105751
080522,"Fruit, edible; clementines, fresh or dried",2020,251,France,32346537.429,34422920.0,34422920.0,0.9396802313400491,40055478.747,-19.24566016721837
080522,"Fruit, edible; clementines, fresh or dried",2021,251,France,29998751.626,36444580.0,36444580.0,0.8231334158879042,32346537.429,-7.258229132417483
080522,"Fruit, edible; clementines, fresh or dried",2022,251,France,33776744.178,30168210.0,30168210.0,1.1196137980344212,29998751.626,12.593832567104588
080522,"Fruit, edible; clementines, fresh or dried",2023,251,France,30248227.843,23775922.0,23775922.0,1.2722210244044374,33776744.178,-10.446585130896818
080522,"Fruit, edible; clementines, fresh or dried",2017,276,Allemagne,156199.876,185329.2,185329.2,0.8428238831225732,,
080522,"Fruit, edible; clementines, fresh or dried",2018,276,Allemagne,299687.963,407988.6,407988.6,0.7345498452652844,156199.876,91.86184437175866
080522,"Fruit, edible; clementines, fresh or dried",2019,276,Allemagne,705478.969,517813.1,517813.1,1.36242008747944,299687.963,135.40450605285073
080522,"Fruit, edible; clementines, fresh or dried",2020,276,Allemagne,558578.427,725056.1,725056.1,0.770393390249389,705478.969,-20.822809531548206
080522,"Fruit, edible; clementines, fresh or dried",2021,276,Allemagne,592950.325,789926.0,789926.0,0.7506403447917905,558578.427,6.153459628687007
080522,"Fruit, edible; clementines, fresh or dried",2022,276,Allemagne,1563438.217,1289036.0,1289036.0,1.2128739748152884,592950.325,163.6710279229546
080522,"Fruit, edible; clementines, fresh or dried",2023,276,Allemagne,1386545.508,1093294.0,1093294.0,1.2682274923305168,1563438.217,-11.314339580327658
080522,"Fruit, edible; clementines, fresh or dried",2017,380,Italie,17422.936,42240.0,42240.0,0.4124748106060606,,
080522,"Fruit, edible; clementines, fresh or dried",2018,380,Italie,96727.587,88112.0,88112.0,1.0977799505175232,17422.936,455.17386392281986
080522,"Fruit, edible; clementines, fresh or dried",2020,380,Italie,26439.131,22880.0,22880.0,1.1555564248251748,96727.587,-72.66640074459833
080522,"Fruit, edible; clementines, fresh or dried",2021,380,Italie,463627.841,748727.0,748727.0,0.6192214799252598,26439.131,1653.5668664753014
080522,"Fruit, edible; clementines, fresh or dried",2022,380,Italie,298718.265,228856.0,228856.0,1.3052673515223547,463627.841,-35.56938592046287
080522,"Fruit, edible; clementines, fresh or dried",2017,414,Koweït,54958.761,48100.0,48100.0,1.1425937837837838,,
080522,"Fruit, edible; clementines, fresh or dried",2020,414,Koweït,11269.003,11700.0,11700.0,0.9631626495726496,54958.761,-79.49552938429598
080522,"Fruit, edible; clementines, fresh or dried",2021,414,Koweït,30312.229,24960.0,24960.0,1.214432251602564,11269.003,168.98767353243227
080522,"Fruit, edible; clementines, fresh or dried",2023,414,Koweït,294.134,99.0,99.0,2.9710505050505054,30312.229,-99.02965235581983
080522,"Fruit, edible; clementines, fresh or dried",2017,528,Pays-Bas,19192424.799,22664540.0,22664540.0,0.8468040736322024,,
080522,"Fruit, edible; clementines, fresh or dried",2018,528,Pays-Bas,16977075.152,20514274.0,20514274.0,0.8275737738513192,19192424.799,-11.542833540842782
080522,"Fruit, edible; clementines, fresh or dried",2019,528,Pays-Bas,16019948.736,19356438.0,19356438.0,0.8276289643786734,16977075.152,-5.6377580203339335
080522,"Fruit, edible; clementines, fresh or dried",2020,528,Pays-Bas,7873195.657,8249510.0,8249510.0,0.9543834308946834,16019948.736,-50.8538024263001
080522,"Fruit, edible; clementines, fresh or dried",2021,528,Pays-Bas,11421625.156,14697791.0,14697791.0,0.7770980792964058,7873195.657,45.069748721983274
080522,"Fruit, edible; clementines, fresh or dried",2022,528,Pays-Bas,7634785.911,7070884.0,7070884.0,1.0797498461295647,11421625.156,-33.15499496155939
080522,"Fruit, edible; clementines, fresh or dried",2023,528,Pays-Bas,6358601.055,5179620.0,5179620.0,1.2276192182051964,7634785.911,-16.715398059313056
080522,"Fruit, edible; clementines, fresh or dried",2017,634,Qatar,230735.825,186925.0,186925.0,1.2343764878962151,,
080522,"Fruit, edible; clementines, fresh or dried",2018,634,Qatar,413666.397,344124.0,344124.0,1.2020852861177946,230735.825,79.28139117538421
080522,"Fruit, edible; clementines, fresh or dried",2019,634,Qatar,277141.385,155584.0,155584.0,1.7812974663204444,413666.397,-33.0036505237335
080522,"Fruit, edible; clementines, fresh or dried",2020,634,Qatar,2330788.681,1867760.0,1867760.0,1.2479058770934166,277141.385,741.0106924305079
080522,"Fruit, edible; clementines, fresh or dried",2021,634,Qatar,195817.197,145326.5,145326.5,1.3474293883083952,2330788.681,-91.5986722178526
080522,"Fruit, edible; clementines, fresh or dried",2022,634,Qatar,361891.734,272338.8,272338.8,1.3288291422301928,195817.197,84.81100717624919
080522,"Fruit, edible; clementines, fresh or dried",2023,634,Qatar,291082.0,105840.9,105840.9,2.7501844749997404,361891.734,-19.566551912456777
080522,"Fruit, edible; clementines, fresh or dried",2017,682,Arabie Saoudite,3845928.606,5580600.0,5580600.0,0.6891604139339856,,
080522,"Fruit, edible; clementines, fresh or dried",2018,682,Arabie Saoudite,7503592.958,9421802.0,9421802.0,0.7964074131466571,3845928.606,95.1048427236457
080522,"Fruit, edible; clementines, fresh or dried",2019,682,Arabie Saoudite,3523640.693,5556556.0,5556556.0,0.6341411286055607,7503592.958,-53.0406205037648
080522,"Fruit, edible; clementines, fresh or dried",2020,682,Arabie Saoudite,3376491.14,5716853.0,5716853.0,0.5906205984306401,3523640.693,-4.176065774592865
080522,"Fruit, edible; clementines, fresh or dried",2021,682,Arabie Saoudite,2381086.439,3713872.0,3713872.0,0.6411331459457945,3376491.14,-29.48044759270419
080522,"Fruit, edible; clementines, fresh or dried",2022,682,Arabie Saoudite,3333561.603,4620373.0,4620373.0,0.7214918802010141,2381086.439,40.00170461682263
080522,"Fruit, edible; clementines, fresh or dried",2023,682,Arabie Saoudite,2066848.561,2895967.0,2895967.0,0.7136989340693454,3333561.603,-37.998789068725664
080522,"Fruit, edible; clementines, fresh or dried",2017,702,Singapour,77957.737,126000.0,126000.0,0.6187121984126983,,
080522,"Fruit, edible; clementines, fresh or dried",2021,702,Singapour,0.111,1.0,1.0,0.111,77957.737,-99.99985761515885
080522,"Fruit, edible; clementines, fresh or dried",2023,702,Singapour,519.966,960.0,960.0,0.54163125,0.111,468337.8378378378
080522,"Fruit, edible; clementines, fresh or dried",2017,724,Espagne,146511.981,248264.0,248264.0,0.5901458971095286,,
080522,"Fruit, edible; clementines, fresh or dried",2018,724,Espagne,1923787.307,1612209.0,1612209.0,1.1932617340555722,146511.981,1213.0580133238388
080522,"Fruit, edible; clementines, fresh or dried",2019,724,Espagne,284323.982,334885.4,334885.4,0.8490187449199039,1923787.307,-85.22061243644539
080522,"Fruit, edible; clementines, fresh or dried",2020,724,Espagne,307862.78,755047.0,755047.0,0.40773988904002006,284323.982,8.27886477757617
080522,"Fruit, edible; clementines, fresh or dried",2021,724,Espagne,693260.055,914444.2,914444.2,0.7581217694857708,307862.78,125.18475763780215
080522,"Fruit, edible; clementines, fresh or dried",2022,724,Espagne,540361.988,458211.0,458211.0,1.1792863724354063,693260.055,-22.054936801457576
080522,"Fruit, edible; clementines, fresh or dried",2023,724,Espagne,1776702.053,1501851.0,1501851.0,1.1830082032105715,540361.988,228.79848924532416
080522,"Fruit, edible; clementines, fresh or dried",2017,784,Émirats Arabes,2318983.751,2538976.0,2538976.0,0.9133539470243123,,
080522,"Fruit, edible; clementines, fresh or dried",2018,784,Émirats Arabes,2590035.592,2481721.0,2481721.0,1.0436449512253796,2318983.751,11.688388971380938
080522,"Fruit, edible; clementines, fresh or dried",2019,784,Émirats Arabes,560992.879,785256.0,785256.0,0.71440763139664,2590035.592,-78.34034093072803
080522,"Fruit, edible; clementines, fresh or dried",2020,784,Émirats Arabes,846486.159,1014019.96,1014019.96,0.8347825411641798,560992.879,50.89071371260668
080522,"Fruit, edible; clementines, fresh or dried",2021,784,Émirats Arabes,296190.078,449522.0,449522.0,0.6589000716316442,846486.159,-65.00946000701235
080522,"Fruit, edible; clementines, fresh or dried",2022,784,Émirats Arabes,633499.408,547541.0,547541.0,1.156989902126051,296190.078,113.88272432272363
080522,"Fruit, edible; clementines, fresh or dried",2023,784,Émirats Arabes,482076.103,310048.0,310048.0,1.5548434532717514,633499.408,-23.902675059800536
080522,"Fruit, edible; clementines, fresh or dried",2017,826,Royaume-Uni,3711135.11,5589919.0,5589919.0,0.6638978328666301,,
080522,"Fruit, edible; clementines, fresh or dried",2018,826,Royaume-Uni,10475006.949,12267965.0,12267965.0,0.8538504103166253,3711135.11,182.25884098841124
080522,"Fruit, edible; clementines, fresh or dried",2019,826,Royaume-Uni,6554936.136,8265961.0,8265961.0,0.7930035159856186,10475006.949,-37.423085560570726
080522,"Fruit, edible; clementines, fresh or dried",2020,826,Royaume-Uni,12744564.819,14023614.0,14023614.0,0.9087931840536969,6554936.136,94.42698684745812
080522,"Fruit, edible; clementines, fresh or dried",2021,826,Royaume-Uni,14302034.039,17950057.6,17950057.6,0.7967681417913667,12744564.819,12.22065438968992
080522,"Fruit, edible; clementines, fresh or dried",2022,826,Royaume-Uni,9702737.551,8375316.0,8375316.0,1.1584921155213728,14302034.039,-32.158338285716894
080522,"Fruit, edible; clementines, fresh or dried",2023,826,Royaume-Uni,8032861.287,10016198.0,10016198.0,0.8019870700439428,9702737.551,-17.210362077946726
080522,"Fruit, edible; clementines, fresh or dried",2017,842,États-Unis,15231484.399,33603338.0,33603338.0,0.4532729575555857,,
080522,"Fruit, edible; clementines, fresh or dried",2018,842,États-Unis,10317945.14,23623577.0,23623577.0,0.43676472618858697,15231484.399,-32.25909655478221
080522,"Fruit, edible; clementines, fresh or dried",2019,842,États-Unis,22146724.766,16745840.0,16745840.0,1.3225209822857498,10317945.14,114.64278463880258
080522,"Fruit, edible; clementines, fresh or dried",2020,842,États-Unis,19894732.784,16124705.0,16124705.0,1.2338044500038916,22146724.766,-10.16851026864835
080522,"Fruit, edible; clementines, fresh or dried",2021,842,États-Unis,28990475.022,21197333.0,21197333.0,1.3676472894962777,19894732.784,45.71934861731389
080522,"Fruit, edible; clementines, fresh or dried",2022,842,États-Unis,17083003.449,12544670.0,12544670.0,1.361773840922081,28990475.022,-41.073737370511445
080522,"Fruit, edible; clementines, fresh or dried",2023,842,États-Unis,14632548.227,10848766.0,10848766.0,1.3487753562939786,17083003.449,-14.344405123581739
080711,"Fruit, edible; watermelons, fresh",2022,036,Australie,26778.96,70000.0,70000.0,0.3825565714285714,,
080711,"Fruit, edible; watermelons, fresh",2015,056,Belgique,1129387.698,2570812.0,2570812.0,0.43931166417458767,,
080711,"Fruit, edible; watermelons, fresh",2016,056,Belgique,999776.0,2444167.0,2444167.0,0.40904569941415625,1129387.698,-11.47628030919105
080711,"Fruit, edible; watermelons, fresh",2017,056,Belgique,874318.41,1923854.0,1923854.0,0.45446193422161973,999776.0,-12.54856987965304
080711,"Fruit, edible; watermelons, fresh",2018,056,Belgique,2303050.188,2960722.0,2960722.0,0.7778677592830398,874318.41,163.41092234349725
080711,"Fruit, edible; watermelons, fresh",2019,056,Belgique,2207083.82,3709270.0,3709270.0,0.595018378279284,2303050.188,-4.166924737464742
080711,"Fruit, edible; watermelons, fresh",2020,056,Belgique,3060669.158,5112985.0,5112985.0,0.5986071068074715,2207083.82,38.67480384138741
080711,"Fruit, edible; watermelons, fresh",2021,056,Belgique,5774092.151,8837921.0,8837921.0,0.6533314962874187,3060669.158,88.65456711999187
080711,"Fruit, edible; watermelons, fresh",2022,056,Belgique,6103173.003,11356807.0,11356807.0,0.5374021943843899,5774092.151,5.699265674916659
080711,"Fruit, edible; watermelons, fresh",2023,056,Belgique,5769481.174,10520705.0,10520705.0,0.5483930187188025,6103173.003,-5.467513846256276
080711,"Fruit, edible; watermelons, fresh",2015,124,Canada,15366.6,15000.0,15000.0,1.02444,,
080711,"Fruit, edible; watermelons, fresh",2020,124,Canada,3790.732,9000.0,9000.0,0.4211924444444444,15366.6,-75.33135501672459
080711,"Fruit, edible; watermelons, fresh",2021,124,Canada,14578.653,43680.0,43680.0,0.33376037087912086,3790.732,284.5867499997362
080711,"Fruit, edible; watermelons, fresh",2021,156,Chine,89.893,10.0,10.0,8.9893,,
080711,"Fruit, edible; watermelons, fresh",2015,251,France,7034403.835,16920216.0,16920216.0,0.4157396001918652,,
080711,"Fruit, edible; watermelons, fresh",2016,251,France,11090704.0,26427840.0,26427840.0,0.4196598738300217,7034403.835,57.66373754116435
080711,"Fruit, edible; watermelons, fresh",2017,251,France,31749485.434,42922960.0,42922960.0,0.7396853673185633,11090704.0,186.27114594348564
080711,"Fruit, edible; watermelons, fresh",2018,251,France,36354316.428,41211948.0,41211948.0,0.8821305032220269,31749485.434,14.503639763146413
080711,"Fruit, edible; watermelons, fresh",2019,251,France,42415665.359,67669223.0,67669223.0,0.6268088132030125,36354316.428,16.672982816234605
080711,"Fruit, edible; watermelons, fresh",2020,251,France,58079534.892,89851911.0,89851911.0,0.6463917600149873,42415665.359,36.92944434661886
080711,"Fruit, edible; watermelons, fresh",2021,251,France,87310508.026,104996968.0,104996968.0,0.831552659939666,58079534.892,50.32921353167781
080711,"Fruit, edible; watermelons, fresh",2022,251,France,92558324.743,126018347.0,126018347.0,0.7344829300371636,87310508.026,6.010521340039932
080711,"Fruit, edible; watermelons, fresh",2023,251,France,84144404.18,110698165.0,110698165.0,0.7601246522921135,92558324.743,-9.090398498851743
080711,"Fruit, edible; watermelons, fresh",2015,276,Allemagne,909978.066,1715189.0,1715189.0,0.5305409876112778,,
080711,"Fruit, edible; watermelons, fresh",2016,276,Allemagne,519692.0,1329710.0,1329710.0,0.3908310834693279,909978.066,-42.88961246237335
080711,"Fruit, edible; watermelons, fresh",2017,276,Allemagne,169563.247,420862.0,420862.0,0.4028951223916628,519692.0,-67.37235766569431
080711,"Fruit, edible; watermelons, fresh",2018,276,Allemagne,2247684.442,3053862.0,3053862.0,0.7360137563517932,169563.247,1225.5728949328268
080711,"Fruit, edible; watermelons, fresh",2019,276,Allemagne,1652248.467,3010502.0,3010502.0,0.5488282243293643,2247684.442,-26.49108406294694
080711,"Fruit, edible; watermelons, fresh",2020,276,Allemagne,3386195.058,5308565.0,5308565.0,0.6378738996320098,1652248.467,104.94466332587011
080711,"Fruit, edible; watermelons, fresh",2021,276,Allemagne,3819113.986,5251650.0,5251650.0,0.7272217276475013,3386195.058,12.784819556605703
080711,"Fruit, edible; watermelons, fresh",2022,276,Allemagne,3879857.872,6852436.0,6852436.0,0.5662012563123537,3819113.986,1.5905229910045406
080711,"Fruit, edible; watermelons, fresh",2023,276,Allemagne,2570687.841,3835366.24,3835366.24,0.6702587654314859,3879857.872,-33.74273167189873
080711,"Fruit, edible; watermelons, fresh",2015,380,Italie,1416514.804,1431879.0,1431879.0,0.989269906186207,,
080711,"Fruit, edible; watermelons, fresh",2016,380,Italie,1765462.0,1922960.0,1922960.0,0.9180960602404626,1416514.804,24.63420749395853
080711,"Fruit, edible; watermelons, fresh",2017,380,Italie,952333.058,892051.0,892051.0,1.0675769188084536,1765462.0,-46.057572578735765
080711,"Fruit, edible; watermelons, fresh",2018,380,Italie,122086.778,121562.0,121562.0,1.0043169576018822,952333.058,-87.18024361598923
080711,"Fruit, edible; watermelons, fresh",2019,380,Italie,243330.542,480052.0,480052.0,0.5068837167640172,122086.778,99.30949607008219
080711,"Fruit, edible; watermelons, fresh",2020,380,Italie,297383.493,497794.0,497794.0,0.5974027268307774,243330.542,22.213796326480065
080711,"Fruit, edible; watermelons, fresh",2021,380,Italie,1324801.258,1638529.0,1638529.0,0.8085308578609227,297383.493,345.48580845406906
080711,"Fruit, edible; watermelons, fresh",2022,380,Italie,1449023.18,2299369.1,2299369.1,0.6301829401812871,1324801.258,9.37664583648818
080711,"Fruit, edible; watermelons, fresh",2023,380,Italie,1559460.948,2232546.1,2232546.1,0.6985123164981901,1449023.18,7.621532182804707
080711,"Fruit, edible; watermelons, fresh",2015,414,Koweït,91211.015,126280.0,126280.0,0.7222918514412416,,
080711,"Fruit, edible; watermelons, fresh",2015,528,Pays-Bas,1858995.385,4683650.0,4683650.0,0.39691167892562423,,
080711,"Fruit, edible; watermelons, fresh",2016,528,Pays-Bas,2608328.0,5866947.0,5866947.0,0.44458011977950374,1858995.385,40.3084709648163
080711,"Fruit, edible; watermelons, fresh",2017,528,Pays-Bas,4696450.936,9518184.0,9518184.0,0.493418800897314,2608328.0,80.05599510491011
080711,"Fruit, edible; watermelons, fresh",2018,528,Pays-Bas,12399611.764,15116656.0,15116656.0,0.8202615554657062,4696450.936,164.02089435135966
080711,"Fruit, edible; watermelons, fresh",2019,528,Pays-Bas,6700913.061,11544085.0,11544085.0,0.5804629003511321,12399611.764,-45.95868654166357
080711,"Fruit, edible; watermelons, fresh",2020,528,Pays-Bas,18240503.796,27837734.0,27837734.0,0.6552438426202363,6700913.061,172.20922924909442
080711,"Fruit, edible; watermelons, fresh",2021,528,Pays-Bas,12656183.715,16518521.0,16518521.0,0.7661814102485325,18240503.796,-30.61494432091617
080711,"Fruit, edible; watermelons, fresh",2022,528,Pays-Bas,10029220.434,13774747.0,13774747.0,0.7280874511887587,12656183.715,-20.756361792429935
080711,"Fruit, edible; watermelons, fresh",2023,528,Pays-Bas,11896310.774,15840559.0,15840559.0,0.7510032173738314,10029220.434,18.6165051639546
080711,"Fruit, edible; watermelons, fresh",2017,634,Qatar,115993.998,182446.5,182446.5,0.6357699270745123,,
080711,"Fruit, edible; watermelons, fresh",2018,634,Qatar,401142.029,288394.4,288394.4,1.3909494393788504,115993.998,245.82998768608695
080711,"Fruit, edible; watermelons, fresh",2019,634,Qatar,586408.333,443953.0,443953.0,1.320879311548745,401142.029,46.18471528945675
080711,"Fruit, edible; watermelons, fresh",2020,634,Qatar,1072904.664,653349.0,653349.0,1.6421616379607225,586408.333,82.96204259430266
080711,"Fruit, edible; watermelons, fresh",2021,634,Qatar,646095.82,408242.1,408242.1,1.5826290821059366,1072904.664,-39.78068679548588
080711,"Fruit, edible; watermelons, fresh",2022,634,Qatar,555696.734,253354.4,253354.4,2.193357344494511,646095.82,-13.99159121629976
080711,"Fruit, edible; watermelons, fresh",2023,634,Qatar,576967.989,265432.5,265432.5,2.1736900680964086,555696.734,3.827853161361191
080711,"Fruit, edible; watermelons, fresh",2015,682,Arabie Saoudite,17984.352,25160.0,25160.0,0.7147993640699523,,
080711,"Fruit, edible; watermelons, fresh",2016,682,Arabie Saoudite,18001.0,21000.0,21000.0,0.8571904761904762,17984.352,0.09256936252137997
080711,"Fruit, edible; watermelons, fresh",2017,682,Arabie Saoudite,6589.388,10800.0,10800.0,0.6101285185185185,18001.0,-63.3943225376368
080711,"Fruit, edible; watermelons, fresh",2018,682,Arabie Saoudite,22983.023,44004.0,44004.0,0.52229395054995,6589.388,248.7884307313517
080711,"Fruit, edible; watermelons, fresh",2019,682,Arabie Saoudite,11230.024,36000.0,36000.0,0.3119451111111111,22983.023,-51.13774197589238
080711,"Fruit, edible; watermelons, fresh",2020,682,Arabie Saoudite,146485.241,235163.0,235163.0,0.6229093905078605,11230.024,1204.4071944993173
080711,"Fruit, edible; watermelons, fresh",2022,682,Arabie Saoudite,16683.66,9272.0,9272.0,1.7993593615185504,146485.241,-88.61068877239312
080711,"Fruit, edible; watermelons, fresh",2023,682,Arabie Saoudite,55182.553,48800.0,48800.0,1.1307900204918033,16683.66,230.75807706462487
080711,"Fruit, edible; watermelons, fresh",2021,702,Singapour,192.913,100.0,100.0,1.92913,,
080711,"Fruit, edible; watermelons, fresh",2023,702,Singapour,316.342,97.6,97.6,3.2412090163934426,192.913,63.98169122868856
080711,"Fruit, edible; watermelons, fresh",2015,724,Espagne,14078672.356,29654408.0,29654408.0,0.4747581660035163,,
080711,"Fruit, edible; watermelons, fresh",2016,724,Espagne,9704729.0,21967263.0,21967263.0,0.4417814363127532,14078672.356,-31.067868087262706
080711,"Fruit, edible; watermelons, fresh",2017,724,Espagne,31296185.414,58481428.0,58481428.0,0.535147421742164,9704729.0,222.48386754539976
080711,"Fruit, edible; watermelons, fresh",2018,724,Espagne,56632724.333,72275356.0,72275356.0,0.7835689433753878,31296185.414,80.95727509227363
080711,"Fruit, edible; watermelons, fresh",2019,724,Espagne,30358116.392,50411440.0,50411440.0,0.6022068878016578,56632724.333,-46.39474482369151
080711,"Fruit, edible; watermelons, fresh",2020,724,Espagne,54920084.549,78156175.0,78156175.0,0.7026966781447531,30358116.392,80.90741810144912
080711,"Fruit, edible; watermelons, fresh",2021,724,Espagne,69167991.868,78598375.0,78598375.0,0.8800180902976684,54920084.549,25.942981399251007
080711,"Fruit, edible; watermelons, fresh",2022,724,Espagne,63440763.219,97287279.0,97287279.0,0.6520972101501574,69167991.868,-8.280171932604073
080711,"Fruit, edible; watermelons, fresh",2023,724,Espagne,53500150.053,71450634.0,71450634.0,0.74877082340515,63440763.219,-15.669126065972138
080711,"Fruit, edible; watermelons, fresh",2015,784,Émirats Arabes,188875.757,296790.0,296790.0,0.6363952862293204,,
080711,"Fruit, edible; watermelons, fresh",2016,784,Émirats Arabes,48060.0,71082.0,71082.0,0.6761205368447708,188875.757,-74.5547015861861
080711,"Fruit, edible; watermelons, fresh",2017,784,Émirats Arabes,376240.608,606210.0,606210.0,0.6206440144504379,48060.0,682.8560299625468
080711,"Fruit, edible; watermelons, fresh",2018,784,Émirats Arabes,426570.644,585159.03,585159.03,0.7289824169679138,376240.608,13.377087674704152
080711,"Fruit, edible; watermelons, fresh",2019,784,Émirats Arabes,269997.842,361340.0,361340.0,0.7472127137875685,426570.644,-36.7050110461891
080711,"Fruit, edible; watermelons, fresh",2020,784,Émirats Arabes,564808.053,520970.0,520970.0,1.0841469815920302,269997.842,109.18983974694136
080711,"Fruit, edible; watermelons, fresh",2021,784,Émirats Arabes,902172.243,579458.0,579458.0,1.5569243034007643,564808.053,59.73076839256753
080711,"Fruit, edible; watermelons, fresh",2022,784,Émirats Arabes,878271.038,510795.0,510795.0,1.719419802464785,902172.243,-2.6492950969674283
080711,"Fruit, edible; watermelons, fresh",2023,784,Émirats Arabes,626675.726,368505.0,368505.0,1.7005894791115455,878271.038,-28.64665930154467
080711,"Fruit, edible; watermelons, fresh",2015,826,Royaume-Uni,2442202.961,5466560.0,5466560.0,0.44675316122021896,,
080711,"Fruit, edible; watermelons, fresh",2016,826,Royaume-Uni,2614200.0,5028980.0,5028980.0,0.5198270822313868,2442202.961,7.042700453101279
080711,"Fruit, edible; watermelons, fresh",2017,826,Royaume-Uni,4610908.419,9135526.0,9135526.0,0.5047228171645508,2614200.0,76.37932901078723
080711,"Fruit, edible; watermelons, fresh",2018,826,Royaume-Uni,9904846.394,11889468.0,11889468.0,0.8330773415597736,4610908.419,114.81334032108434
080711,"Fruit, edible; watermelons, fresh",2019,826,Royaume-Uni,8463238.828,13328167.0,13328167.0,0.6349889544451236,9904846.394,-14.554567619274478
080711,"Fruit, edible; watermelons, fresh",2020,826,Royaume-Uni,13078386.929,18566338.0,18566338.0,0.7044139199124781,8463238.828,54.53170109924257
080711,"Fruit, edible; watermelons, fresh",2021,826,Royaume-Uni,16002603.519,17907553.0,17907553.0,0.8936231275708076,13078386.929,22.359153356411603
080711,"Fruit, edible; watermelons, fresh",2022,826,Royaume-Uni,12659106.157,15787125.0,15787125.0,0.8018626670150518,16002603.519,-20.89345873020126
080711,"Fruit, edible; watermelons, fresh",2023,826,Royaume-Uni,11530165.426,16493330.0,16493330.0,0.6990805026031736,12659106.157,-8.918012986056981
080711,"Fruit, edible; watermelons, fresh",2021,842,États-Unis,4005.125,9000.0,9000.0,0.4450138888888889,,
081020,"Fruit, edible; raspberries, blackberries, mulberries, and lo",2023,036,Australie,27478.953,3360.0,3360.0,8.178259821428572,,
081020,"Fruit, edible; raspberries, blackberries, mulberries, and lo",2016,056,Belgique,4260.0,3902.0,3902.0,1.0917478216299334,,
081020,"Fruit, edible; raspberries, blackberries, mulberries, and lo",2018,056,Belgique,25058.326,3360.0,3360.0,7.457835119047619,4260.0,488.22361502347417
081020,"Fruit, edible; raspberries, blackberries, mulberries, and lo",2020,056,Belgique,57624.806,6936.0,6936.0,8.308074682814302,25058.326,129.96271179487405
081020,"Fruit, edible; raspberries, blackberries, mulberries, and lo",2021,056,Belgique,180592.156,18418.5,18418.5,9.804932866411487,57624.806,213.39308283311183
081020,"Fruit, edible; raspberries, blackberries, mulberries, and lo",2022,056,Belgique,172121.907,21840.0,21840.0,7.881039697802198,180592.156,-4.690264066618697
081020,"Fruit, edible; raspberries, blackberries, mulberries, and lo",2023,056,Belgique,1330335.624,142713.0,142713.0,9.321755018813985,172121.907,672.9031400982561
081020,"Fruit, edible; raspberries, blackberries, mulberries, and lo",2021,124,Canada,11912.798,2411.0,2411.0,4.941019493985898,,
081020,"Fruit, edible; raspberries, blackberries, mulberries, and lo",2022,124,Canada,4316.649,880.0,880.0,4.905282954545455,11912.798,-63.76460844882958
081020,"Fruit, edible; raspberries, blackberries, mulberries, and lo",2017,156,Chine,1.119,1.0,1.0,1.119,,
081020,"Fruit, edible; raspberries, blackberries, mulberries, and lo",2015,251,France,2137871.347,475371.5,475371.5,4.497264448962548,,
081020,"Fruit, edible; raspberries, blackberries, mulberries, and lo",2016,251,France,1679603.0,827227.0,827227.0,2.0304015705483502,2137871.347,-21.435730809670655
081020,"Fruit, edible; raspberries, blackberries, mulberries, and lo",2017,251,France,8609666.766,1903615.4,1903615.4,4.522797391742051,1679603.0,412.60129721130534
081020,"Fruit, edible; raspberries, blackberries, mulberries, and lo",2018,251,France,23571774.68,3297299.0,3297299.0,7.148813219547272,8609666.766,173.78265989441198
081020,"Fruit, edible; raspberries, blackberries, mulberries, and lo",2019,251,France,25150557.514,3466072.5,3466072.5,7.25621218655986,23571774.68,6.697768222515518
081020,"Fruit, edible; raspberries, blackberries, mulberries, and lo",2020,251,France,15849700.729,2211715.4,2211715.4,7.16624784951988,25150557.514,-36.98071814043366
081020,"Fruit, edible; raspberries, blackberries, mulberries, and lo",2021,251,France,19500744.583,2764435.5,2764435.5,7.054150687545432,15849700.729,23.035411938849613
081020,"Fruit, edible; raspberries, blackberries, mulberries, and lo",2022,251,France,36899707.061,6258305.0,6258305.0,5.8961183676730355,19500744.583,89.22204177356254
081020,"Fruit, edible; raspberries, blackberries, mulberries, and lo",2023,251,France,31300627.681,4709900.3,4709900.3,6.645709184332416,36899707.061,-15.173777316833414
081020,"Fruit, edible; raspberries, blackberries, mulberries, and lo",2016,276,Allemagne,423.0,255.0,255.0,1.6588235294117648,,
081020,"Fruit, edible; raspberries, blackberries, mulberries, and lo",2018,276,Allemagne,26887.664,3201.0,3201.0,8.399770071852545,423.0,6256.4217494089835
081020,"Fruit, edible; raspberries, blackberries, mulberries, and lo",2019,276,Allemagne,3808850.646,571019.0,571019.0,6.670269546197237,26887.664,14065.792335102076
081020,"Fruit, edible; raspberries, blackberries, mulberries, and lo",2020,276,Allemagne,9745.791,1424.0,1424.0,6.843954353932584,3808850.646,-99.74412777223924
081020,"Fruit, edible; raspberries, blackberries, mulberries, and lo",2021,276,Allemagne,21283346.571,3391438.5,3391438.5,6.275610355605741,9745.791,218285.00919012114
081020,"Fruit, edible; raspberries, blackberries, mulberries, and lo",2022,276,Allemagne,73603876.469,12108379.0,12108379.0,6.078755584789673,21283346.571,245.8284918843086
081020,"Fruit, edible; raspberries, blackberries, mulberries, and lo",2023,276,Allemagne,50949416.309,7331607.35,7331607.35,6.949283271287026,73603876.469,-30.77889541529984
081020,"Fruit, edible; raspberries, blackberries, mulberries, and lo",2022,380,Italie,25528.871,3336.0,3336.0,7.652539268585132,,
081020,"Fruit, edible; raspberries, blackberries, mulberries, and lo",2023,380,Italie,1022929.806,114672.0,114672.0,8.92048456467141,25528.871,3906.9527790711936
081020,"Fruit, edible; raspberries, blackberries, mulberries, and lo",2019,414,Koweït,6699.541,885.0,885.0,7.570102824858758,,
081020,"Fruit, edible; raspberries, blackberries, mulberries, and lo",2020,414,Koweït,2626.977,240.0,240.0,10.9457375,6699.541,-60.7887017931527
081020,"Fruit, edible; raspberries, blackberries, mulberries, and lo",2021,414,Koweït,20893.782,1685.6,1685.6,12.395456810631229,2626.977,695.3545843758815
081020,"Fruit, edible; raspberries, blackberries, mulberries, and lo",2022,414,Koweït,19895.651,3061.5,3061.5,6.498661113833089,20893.782,-4.777167676010009
081020,"Fruit, edible; raspberries, blackberries, mulberries, and lo",2023,414,Koweït,310699.848,31405.4,31405.4,9.893198239793156,19895.651,1461.6470554293496
081020,"Fruit, edible; raspberries, blackberries, mulberries, and lo",2015,528,Pays-Bas,38010331.201,4692866.0,4692866.0,8.099598667637217,,
081020,"Fruit, edible; raspberries, blackberries, mulberries, and lo",2016,528,Pays-Bas,25810534.0,3534329.0,3534329.0,7.302810236398479,38010331.201,-32.0960034167738
081020,"Fruit, edible; raspberries, blackberries, mulberries, and lo",2017,528,Pays-Bas,49723135.691,6459697.0,6459697.0,7.697440869285355,25810534.0,92.6466755434041
081020,"Fruit, edible; raspberries, blackberries, mulberries, and lo",2018,528,Pays-Bas,69230021.959,8865087.0,8865087.0,7.809288499819574,49723135.691,39.23100584247907
081020,"Fruit, edible; raspberries, blackberries, mulberries, and lo",2019,528,Pays-Bas,75921840.032,10348708.0,10348708.0,7.336359285816163,69230021.959,9.666063773550562
081020,"Fruit, edible; raspberries, blackberries, mulberries, and lo",2020,528,Pays-Bas,149259037.584,21872276.5,21872276.5,6.824119911980812,75921840.032,96.5956535314336
081020,"Fruit, edible; raspberries, blackberries, mulberries, and lo",2021,528,Pays-Bas,126218601.936,17349297.0,17349297.0,7.275142153367944,149259037.584,-15.436543087069882
081020,"Fruit, edible; raspberries, blackberries, mulberries, and lo",2022,528,Pays-Bas,61161190.903,9961358.5,9961358.5,6.1398443699220335,126218601.936,-51.54344132728376
081020,"Fruit, edible; raspberries, blackberries, mulberries, and lo",2023,528,Pays-Bas,79157422.929,10882709.0,10882709.0,7.27368736304536,61161190.903,29.424266859913743
081020,"Fruit, edible; raspberries, blackberries, mulberries, and lo",2018,634,Qatar,214229.72,39550.0,39550.0,5.416680657395702,,
081020,"Fruit, edible; raspberries, blackberries, mulberries, and lo",2019,634,Qatar,520762.57,98342.0,98342.0,5.295423827052531,214229.72,143.08605267280373
081020,"Fruit, edible; raspberries, blackberries, mulberries, and lo",2020,634,Qatar,114034.473,13700.0,13700.0,8.323684160583941,520762.57,-78.10240605426002
081020,"Fruit, edible; raspberries, blackberries, mulberries, and lo",2021,634,Qatar,545510.804,50202.0,50202.0,10.866316162702681,114034.473,378.3735914665033
081020,"Fruit, edible; raspberries, blackberries, mulberries, and lo",2022,634,Qatar,363135.097,37711.0,37711.0,9.629421044257644,545510.804,-33.43209807444987
081020,"Fruit, edible; raspberries, blackberries, mulberries, and lo",2023,634,Qatar,653124.317,72279.18,72279.18,9.03613346194575,363135.097,79.85711719845135
081020,"Fruit, edible; raspberries, blackberries, mulberries, and lo",2017,682,Arabie Saoudite,7581.802,1500.0,1500.0,5.054534666666666,,
081020,"Fruit, edible; raspberries, blackberries, mulberries, and lo",2020,682,Arabie Saoudite,95150.733,8907.0,8907.0,10.682691478612327,7581.802,1154.9883655626986
081020,"Fruit, edible; raspberries, blackberries, mulberries, and lo",2021,682,Arabie Saoudite,54772.75,5615.6,5615.6,9.753677256214829,95150.733,-42.43580866581448
081020,"Fruit, edible; raspberries, blackberries, mulberries, and lo",2022,682,Arabie Saoudite,573378.549,97372.12,97372.12,5.88852896496451,54772.75,946.831771273124
081020,"Fruit, edible; raspberries, blackberries, mulberries, and lo",2023,682,Arabie Saoudite,1988101.335,283993.0,283993.0,7.000529361639195,573378.549,246.73451569950515
081020,"Fruit, edible; raspberries, blackberries, mulberries, and lo",2019,702,Singapour,1433.492,285.0,285.0,5.02979649122807,,
081020,"Fruit, edible; raspberries, blackberries, mulberries, and lo",2020,702,Singapour,37528.831,5730.0,5730.0,6.549534205933682,1433.492,2518.000728291473
081020,"Fruit, edible; raspberries, blackberries, mulberries, and lo",2021,702,Singapour,0.111,1.0,1.0,0.111,37528.831,-99.99970422739787
081020,"Fruit, edible; raspberries, blackberries, mulberries, and lo",2022,702,Singapour,34500.864,6784.5,6784.5,5.085247844351095,0.111,31081759.45945946
081020,"Fruit, edible; raspberries, blackberries, mulberries, and lo",2023,702,Singapour,2546.29,553.203,553.203,4.60281307223569,34500.864,-92.61963410539515
081020,"Fruit, edible; raspberries, blackberries, mulberries, and lo",2015,724,Espagne,12299538.25,2329416.7,2329416.7,5.280093617427916,,
081020,"Fruit, edible; raspberries, blackberries, mulberries, and lo",2016,724,Espagne,25302227.0,4183073.0,4183073.0,6.0487175337365615,12299538.25,105.71688534730154
081020,"Fruit, edible; raspberries, blackberries, mulberries, and lo",2017,724,Espagne,36048002.815,6503709.3,6503709.3,5.542683590578072,25302227.0,42.469683854310524
081020,"Fruit, edible; raspberries, blackberries, mulberries, and lo",2018,724,Espagne,74157688.59,10907129.8,10907129.8,6.799010367512084,36048002.815,105.71927096927023
081020,"Fruit, edible; raspberries, blackberries, mulberries, and lo",2019,724,Espagne,135337922.815,20866865.2,20866865.2,6.485781238237932,74157688.59,82.500190321803
081020,"Fruit, edible; raspberries, blackberries, mulberries, and lo",2020,724,Espagne,60766875.297,9812363.0,9812363.0,6.192889041813883,135337922.815,-55.09989067878248
081020,"Fruit, edible; raspberries, blackberries, mulberries, and lo",2021,724,Espagne,83972945.296,11164541.501,11164541.501,7.521396672534972,60766875.297,38.188684024938944
081020,"Fruit, edible; raspberries, blackberries, mulberries, and lo",2022,724,Espagne,72162099.099,13586578.4,13586578.4,5.31127830528693,83972945.296,-14.065061259156048
081020,"Fruit, edible; raspberries, blackberries, mulberries, and lo",2023,724,Espagne,87381745.944,12840075.0,12840075.0,6.805392175980281,72162099.099,21.09091480850632
081020,"Fruit, edible; raspberries, blackberries, mulberries, and lo",2018,784,Émirats Arabes,72031.077,4606.0,4606.0,15.638531697785497,,
081020,"Fruit, edible; raspberries, blackberries, mulberries, and lo",2019,784,Émirats Arabes,460512.155,55310.3,55310.3,8.325974637635305,72031.077,539.3242669410594
081020,"Fruit, edible; raspberries, blackberries, mulberries, and lo",2020,784,Émirats Arabes,264781.319,33266.4,33266.4,7.9594220895558285,460512.155,-42.502859886510485
081020,"Fruit, edible; raspberries, blackberries, mulberries, and lo",2021,784,Émirats Arabes,859062.069,110511.92,110511.92,7.773478815678888,264781.319,224.4420989533631
081020,"Fruit, edible; raspberries, blackberries, mulberries, and lo",2022,784,Émirats Arabes,668368.169,88808.25,88808.25,7.525969366584748,859062.069,-22.197918739676076
081020,"Fruit, edible; raspberries, blackberries, mulberries, and lo",2023,784,Émirats Arabes,2767737.344,324203.96,324203.96,8.537025099878484,668368.169,314.10370397217406
081020,"Fruit, edible; raspberries, blackberries, mulberries, and lo",2015,826,Royaume-Uni,6.761,2.0,2.0,3.3805,,
081020,"Fruit, edible; raspberries, blackberries, mulberries, and lo",2016,826,Royaume-Uni,6616020.0,682948.0,682948.0,9.68744326068749,6.761,97855542.65641178
081020,"Fruit, edible; raspberries, blackberries, mulberries, and lo",2017,826,Royaume-Uni,442149.454,48794.0,48794.0,9.06155375660942,6616020.0,-93.31698734284359
081020,"Fruit, edible; raspberries, blackberries, mulberries, and lo",2018,826,Royaume-Uni,245008.95,35991.5,35991.5,6.807411472153148,442149.454,-44.58684777658913
081020,"Fruit, edible; raspberries, blackberries, mulberries, and lo",2019,826,Royaume-Uni,3690508.502,553713.9,553713.9,6.665009677380322,245008.95,1406.274975669256
081020,"Fruit, edible; raspberries, blackberries, mulberries, and lo",2020,826,Royaume-Uni,5866608.946,1065889.5,1065889.5,5.503956034842261,3690508.502,58.96478609440149
081020,"Fruit, edible; raspberries, blackberries, mulberries, and lo",2021,826,Royaume-Uni,39232120.432,5895304.4,5895304.4,6.65480826265731,5866608.946,568.7359050708404
081020,"Fruit, edible; raspberries, blackberries, mulberries, and lo",2022,826,Royaume-Uni,85656191.429,13866660.8,13866660.8,6.177131802993263,39232120.432,118.33179161821148
081020,"Fruit, edible; raspberries, blackberries, mulberries, and lo",2023,826,Royaume-Uni,116154749.587,15941449.4,15941449.4,7.286335556602525,85656191.429,35.605783597418174
081020,"Fruit, edible; raspberries, blackberries, mulberries, and lo",2021,842,États-Unis,51303.734,6721.8,6721.8,7.632439822666547,,
081020,"Fruit, edible; raspberries, blackberries, mulberries, and lo",2023,842,États-Unis,493431.871,69902.66,69902.66,7.058842553344894,51303.734,861.7854930403312
081040,"Fruit, edible; cranberries, bilberries and other fruits of t",2019,056,Belgique,178280.204,20000.0,20000.0,8.9140102,,
081040,"Fruit, edible; cranberries, bilberries and other fruits of t",2020,056,Belgique,117020.053,22000.0,22000.0,5.319093318181818,178280.204,-34.36172363814436
081040,"Fruit, edible; cranberries, bilberries and other fruits of t",2021,056,Belgique,72516.229,9574.0,9574.0,7.574287549613538,117020.053,-38.0309381674951
081040,"Fruit, edible; cranberries, bilberries and other fruits of t",2022,056,Belgique,1448305.826,235888.2,235888.2,6.139797692296604,72516.229,1897.2161348875431
081040,"Fruit, edible; cranberries, bilberries and other fruits of t",2023,056,Belgique,1587659.062,194575.0,194575.0,8.159625141976102,1448305.826,9.621810083086695
081040,"Fruit, edible; cranberries, bilberries and other fruits of t",2021,124,Canada,38404.138,3994.4,3994.4,9.614494792709793,,
081040,"Fruit, edible; cranberries, bilberries and other fruits of t",2022,124,Canada,659318.391,100387.96,100387.96,6.567703846158443,38404.138,1616.7899745595123
081040,"Fruit, edible; cranberries, bilberries and other fruits of t",2023,124,Canada,4172387.506,650912.14,650912.14,6.410062510126175,659318.391,532.8334781730669
081040,"Fruit, edible; cranberries, bilberries and other fruits of t",2021,156,Chine,207931.827,19507.8,19507.8,10.65890705256359,,
081040,"Fruit, edible; cranberries, bilberries and other fruits of t",2022,156,Chine,29328.665,2212.2,2212.2,13.257691438387127,207931.827,-85.8950573256878
081040,"Fruit, edible; cranberries, bilberries and other fruits of t",2023,156,Chine,1468.796,315.0,315.0,4.662844444444445,29328.665,-94.99194388834269
081040,"Fruit, edible; cranberries, bilberries and other fruits of t",2015,251,France,352933.254,60845.0,60845.0,5.8005301010765065,,
081040,"Fruit, edible; cranberries, bilberries and other fruits of t",2016,251,France,561663.0,80347.0,80347.0,6.990466352197344,352933.254,59.14142224750518
081040,"Fruit, edible; cranberries, bilberries and other fruits of t",2017,251,France,2081781.885,422165.75,422165.75,4.931195590831327,561663.0,270.6460786984366
081040,"Fruit, edible; cranberries, bilberries and other fruits of t",2018,251,France,8297497.99,1366229.5,1366229.5,6.073282702503496,2081781.885,298.57672169147537
081040,"Fruit, edible; cranberries, bilberries and other fruits of t",2019,251,France,12451114.891,1824439.0,1824439.0,6.824626578910011,8297497.99,50.05866715491667
081040,"Fruit, edible; cranberries, bilberries and other fruits of t",2020,251,France,12113144.644,2186197.0,2186197.0,5.540737931668555,12451114.891,-2.714377386753497
081040,"Fruit, edible; cranberries, bilberries and other fruits of t",2021,251,France,17188130.671,2411332.0,2411332.0,7.128064767107972,12113144.644,41.89651965820281
081040,"Fruit, edible; cranberries, bilberries and other fruits of t",2022,251,France,20116733.972,3404774.7,3404774.7,5.908389172417193,17188130.671,17.03852127410906
081040,"Fruit, edible; cranberries, bilberries and other fruits of t",2023,251,France,19453350.768,3136673.1,3136673.1,6.201905696835286,20116733.972,-3.2976685227500004
081040,"Fruit, edible; cranberries, bilberries and other fruits of t",2016,276,Allemagne,747.0,300.0,300.0,2.49,,
081040,"Fruit, edible; cranberries, bilberries and other fruits of t",2017,276,Allemagne,60.428,32.0,32.0,1.888375,747.0,-91.91057563587684
081040,"Fruit, edible; cranberries, bilberries and other fruits of t",2018,276,Allemagne,232.045,60.0,60.0,3.8674166666666663,60.428,284.00244919573703
081040,"Fruit, edible; cranberries, bilberries and other fruits of t",2019,276,Allemagne,2988411.494,375506.0,375506.0,7.958358838473952,232.045,1287758.6024262537
081040,"Fruit, edible; cranberries, bilberries and other fruits of t",2020,276,Allemagne,663959.142,114345.49,114345.49,5.806605420117575,2988411.494,-77.78220491612123
081040,"Fruit, edible; cranberries, bilberries and other fruits of t",2021,276,Allemagne,19815052.283,2750069.5,2750069.5,7.205291460088554,663959.142,2884.378259076671
081040,"Fruit, edible; cranberries, bilberries and other fruits of t",2022,276,Allemagne,23765006.25,4117762.2,4117762.2,5.771340134697433,19815052.283,19.934108225335336
081040,"Fruit, edible; cranberries, bilberries and other fruits of t",2023,276,Allemagne,23641451.146,3360932.6,3360932.6,7.034193766932429,23765006.25,-0.5199035199075465
081040,"Fruit, edible; cranberries, bilberries and other fruits of t",2021,380,Italie,52997.254,7765.0,7765.0,6.825145396007727,,
081040,"Fruit, edible; cranberries, bilberries and other fruits of t",2022,380,Italie,24486.204,4056.0,4056.0,6.0370325443786985,52997.254,-53.79722126735095
081040,"Fruit, edible; cranberries, bilberries and other fruits of t",2023,380,Italie,121811.371,22944.0,22944.0,5.309073003835425,24486.204,397.4693954195595
081040,"Fruit, edible; cranberries, bilberries and other fruits of t",2016,414,Koweït,47044.0,3623.0,3623.0,12.984819210598951,,
081040,"Fruit, edible; cranberries, bilberries and other fruits of t",2017,414,Koweït,83271.489,6616.5,6616.5,12.585428700974836,47044.0,77.00767154153559
081040,"Fruit, edible; cranberries, bilberries and other fruits of t",2019,414,Koweït,1664.019,480.0,480.0,3.46670625,83271.489,-98.00169419331507
081040,"Fruit, edible; cranberries, bilberries and other fruits of t",2020,414,Koweït,2228.529,285.6,285.6,7.80297268907563,1664.019,33.92449244870401
081040,"Fruit, edible; cranberries, bilberries and other fruits of t",2021,414,Koweït,32578.907,2682.54,2682.54,12.144798213633347,2228.529,1361.9018644137007
081040,"Fruit, edible; cranberries, bilberries and other fruits of t",2022,414,Koweït,20682.514,2594.7,2594.7,7.971061779781864,32578.907,-36.515629575909344
081040,"Fruit, edible; cranberries, bilberries and other fruits of t",2023,414,Koweït,463635.451,74215.12,74215.12,6.247183202021367,20682.514,2141.6784100810955
081040,"Fruit, edible; cranberries, bilberries and other fruits of t",2015,528,Pays-Bas,6971339.724,1141026.1,1141026.1,6.109711008363437,,
081040,"Fruit, edible; cranberries, bilberries and other fruits of t",2016,528,Pays-Bas,1435711.0,158179.0,158179.0,9.076495615726486,6971339.724,-79.4055223695766
081040,"Fruit, edible; cranberries, bilberries and other fruits of t",2017,528,Pays-Bas,4094120.854,532892.28,532892.28,7.682830109679951,1435711.0,185.16329915978912
081040,"Fruit, edible; cranberries, bilberries and other fruits of t",2018,528,Pays-Bas,11204243.397,1599213.3,1599213.3,7.006096933410946,4094120.854,173.6666502175512
081040,"Fruit, edible; cranberries, bilberries and other fruits of t",2019,528,Pays-Bas,28348513.852,3909409.6,3909409.6,7.2513542331302405,11204243.397,153.01586950164327
081040,"Fruit, edible; cranberries, bilberries and other fruits of t",2020,528,Pays-Bas,41991398.489,7046890.5,7046890.5,5.958854971423212,28348513.852,48.125572678080566
081040,"Fruit, edible; cranberries, bilberries and other fruits of t",2021,528,Pays-Bas,47748417.278,7454616.9,7454616.9,6.405214100002912,41991398.489,13.709995370856953
081040,"Fruit, edible; cranberries, bilberries and other fruits of t",2022,528,Pays-Bas,62286789.706,11111648.4,11111648.4,5.605540012047177,47748417.278,30.447862477524534
081040,"Fruit, edible; cranberries, bilberries and other fruits of t",2023,528,Pays-Bas,66872713.403,10004177.1,10004177.1,6.684479166507358,62286789.706,7.362594409899795
081040,"Fruit, edible; cranberries, bilberries and other fruits of t",2018,634,Qatar,78.52,20.0,20.0,3.9259999999999997,,
081040,"Fruit, edible; cranberries, bilberries and other fruits of t",2019,634,Qatar,51417.276,10382.0,10382.0,4.952540550953573,78.52,65383.03107488539
081040,"Fruit, edible; cranberries, bilberries and other fruits of t",2020,634,Qatar,6503.577,1241.0,1241.0,5.240593875906527,51417.276,-87.35137777427184
081040,"Fruit, edible; cranberries, bilberries and other fruits of t",2021,634,Qatar,247062.972,24697.501,24697.501,10.003561574913997,6503.577,3698.8782480779428
081040,"Fruit, edible; cranberries, bilberries and other fruits of t",2022,634,Qatar,804459.482,86439.0,86439.0,9.306672705607422,247062.972,225.60908479640568
081040,"Fruit, edible; cranberries, bilberries and other fruits of t",2023,634,Qatar,1059877.57,159446.7,159446.7,6.64722173616638,804459.482,31.75027378196782
081040,"Fruit, edible; cranberries, bilberries and other fruits of t",2020,682,Arabie Saoudite,61477.292,18144.0,18144.0,3.388298721340388,,
081040,"Fruit, edible; cranberries, bilberries and other fruits of t",2021,682,Arabie Saoudite,497615.831,63510.0,63510.0,7.8352358841127385,61477.292,709.4303031434761
081040,"Fruit, edible; cranberries, bilberries and other fruits of t",2022,682,Arabie Saoudite,1137417.297,196523.9,196523.9,5.787679244102117,497615.831,128.57337450745212
081040,"Fruit, edible; cranberries, bilberries and other fruits of t",2023,682,Arabie Saoudite,2988412.584,477370.4,477370.4,6.260154764518285,1137417.297,162.73669231882621
081040,"Fruit, edible; cranberries, bilberries and other fruits of t",2015,702,Singapour,15851.365,3088.5,3088.5,5.132383033835195,,
081040,"Fruit, edible; cranberries, bilberries and other fruits of t",2016,702,Singapour,1354318.0,112273.0,112273.0,12.062722114845066,15851.365,8443.85726402742
081040,"Fruit, edible; cranberries, bilberries and other fruits of t",2017,702,Singapour,1502217.339,120689.0,120689.0,12.447011235489564,1354318.0,10.92057692506486
081040,"Fruit, edible; cranberries, bilberries and other fruits of t",2018,702,Singapour,2331922.953,192592.5,192592.5,12.108067307916976,1502217.339,55.232062129726245
081040,"Fruit, edible; cranberries, bilberries and other fruits of t",2019,702,Singapour,4527724.39,398439.5,398439.5,11.36364338877044,2331922.953,94.16269238977722
081040,"Fruit, edible; cranberries, bilberries and other fruits of t",2020,702,Singapour,5197563.531,331466.0,331466.0,15.6805329385216,4527724.39,14.7941677386419
081040,"Fruit, edible; cranberries, bilberries and other fruits of t",2021,702,Singapour,6789232.522,478977.9,478977.9,14.174417070182152,5197563.531,30.62336768962525
081040,"Fruit, edible; cranberries, bilberries and other fruits of t",2022,702,Singapour,5062094.796,412205.0,412205.0,12.280527397775378,6789232.522,-25.43936623769092
081040,"Fruit, edible; cranberries, bilberries and other fruits of t",2023,702,Singapour,4558073.384,430892.8,430892.8,10.578207349948757,5062094.796,-9.956775451899311
081040,"Fruit, edible; cranberries, bilberries and other fruits of t",2015,724,Espagne,41471787.733,7146720.0,7146720.0,5.8029120677737485,,
081040,"Fruit, edible; cranberries, bilberries and other fruits of t",2016,724,Espagne,66194827.0,10628809.0,10628809.0,6.227868710407723,41471787.733,59.61411508510239
081040,"Fruit, edible; cranberries, bilberries and other fruits of t",2017,724,Espagne,90568478.998,14362435.5,14362435.5,6.305927640057983,66194827.0,36.82108270786779
081040,"Fruit, edible; cranberries, bilberries and other fruits of t",2018,724,Espagne,99313379.321,14449652.8,14449652.8,6.873063366685184,90568478.998,9.655567168344641
081040,"Fruit, edible; cranberries, bilberries and other fruits of t",2019,724,Espagne,127279545.558,17630491.2,17630491.2,7.219285277655793,99313379.321,28.159515292101744
081040,"Fruit, edible; cranberries, bilberries and other fruits of t",2020,724,Espagne,125373225.981,19365560.6,19365560.6,6.47403029380931,127279545.558,-1.4977422873742912
081040,"Fruit, edible; cranberries, bilberries and other fruits of t",2021,724,Espagne,161689544.39,23470369.0,23470369.0,6.889092557087619,125373225.981,28.96656612672918
081040,"Fruit, edible; cranberries, bilberries and other fruits of t",2022,724,Espagne,88214506.666,19194855.7,19194855.7,4.595736901840841,161689544.39,-45.44204636186989
081040,"Fruit, edible; cranberries, bilberries and other fruits of t",2023,724,Espagne,83921216.684,17532550.4,17532550.4,4.786594920268987,88214506.666,-4.866875238848591
081040,"Fruit, edible; cranberries, bilberries and other fruits of t",2015,784,Émirats Arabes,5.839,3.0,3.0,1.9463333333333335,,
081040,"Fruit, edible; cranberries, bilberries and other fruits of t",2016,784,Émirats Arabes,28272.0,5285.0,5285.0,5.349479659413435,5.839,484092.49871553347
081040,"Fruit, edible; cranberries, bilberries and other fruits of t",2017,784,Émirats Arabes,3828.694,561.0,561.0,6.824766488413547,28272.0,-86.45764714204867
081040,"Fruit, edible; cranberries, bilberries and other fruits of t",2018,784,Émirats Arabes,258126.652,26299.5,26299.5,9.814888191790718,3828.694,6641.898203408265
081040,"Fruit, edible; cranberries, bilberries and other fruits of t",2019,784,Émirats Arabes,349271.878,47449.5,47449.5,7.360917986490901,258126.652,35.310273191007035
081040,"Fruit, edible; cranberries, bilberries and other fruits of t",2020,784,Émirats Arabes,252104.613,46901.0,46901.0,5.375250271849215,349271.878,-27.819950909417337
081040,"Fruit, edible; cranberries, bilberries and other fruits of t",2021,784,Émirats Arabes,1354501.904,212503.3,212503.3,6.37402762215928,252104.613,437.277714946057
081040,"Fruit, edible; cranberries, bilberries and other fruits of t",2022,784,Émirats Arabes,3485438.824,602826.0,602826.0,5.781832276643675,1354501.904,157.32254887993128
081040,"Fruit, edible; cranberries, bilberries and other fruits of t",2023,784,Émirats Arabes,6415494.129,969799.0,969799.0,6.615282268800029,3485438.824,84.06560702842506
081040,"Fruit, edible; cranberries, bilberries and other fruits of t",2016,826,Royaume-Uni,352994.0,29525.0,29525.0,11.955766299745978,,
081040,"Fruit, edible; cranberries, bilberries and other fruits of t",2018,826,Royaume-Uni,4044613.835,530695.6,530695.6,7.621344203720551,352994.0,1045.8024314860875
081040,"Fruit, edible; cranberries, bilberries and other fruits of t",2019,826,Royaume-Uni,424590.579,35736.8,35736.8,11.88104640034922,4044613.835,-89.50232095519695
081040,"Fruit, edible; cranberries, bilberries and other fruits of t",2020,826,Royaume-Uni,2317323.77,380023.6,380023.6,6.097841739302507,424590.579,445.77842387784113
081040,"Fruit, edible; cranberries, bilberries and other fruits of t",2021,826,Royaume-Uni,33113085.31,4322557.7,4322557.7,7.660530548846114,2317323.77,1328.936505924677
081040,"Fruit, edible; cranberries, bilberries and other fruits of t",2022,826,Royaume-Uni,59740662.926,10519825.3,10519825.3,5.6788645459730205,33113085.31,80.41406400737475
081040,"Fruit, edible; cranberries, bilberries and other fruits of t",2023,826,Royaume-Uni,60251480.041,10895826.62,10895826.62,5.529775953887197,59740662.926,0.8550576608645015
081040,"Fruit, edible; cranberries, bilberries and other fruits of t",2016,842,États-Unis,547232.0,54660.0,54660.0,10.011562385656788,,
081040,"Fruit, edible; cranberries, bilberries and other fruits of t",2017,842,États-Unis,4682.311,850.0,850.0,5.508601176470588,547232.0,-99.14436454739489
081040,"Fruit, edible; cranberries, bilberries and other fruits of t",2020,842,États-Unis,315336.304,44928.0,44928.0,7.018703347578348,4682.311,6634.62963053928
081040,"Fruit, edible; cranberries, bilberries and other fruits of t",2021,842,États-Unis,1321935.306,132210.0,132210.0,9.998754299977309,315336.304,319.2144352652779
081040,"Fruit, edible; cranberries, bilberries and other fruits of t",2023,842,États-Unis,363571.789,65607.4,65607.4,5.541627758454077,1321935.306,-72.4970059162638
121292,"Locust beans (carob); fit for human consumption, fresh, chil",2018,036,Australie,2873.504,1000.0,1000.0,2.873504,,
121292,"Locust beans (carob); fit for human consumption, fresh, chil",2019,036,Australie,8682.68,3000.0,3000.0,2.894226666666667,2873.504,202.16349098522227
121292,"Locust beans (carob); fit for human consumption, fresh, chil",2021,056,Belgique,1282674.628,60280.0,60280.0,21.278610285335102,,
121292,"Locust beans (carob); fit for human consumption, fresh, chil",2022,056,Belgique,605024.75,22030.0,22030.0,27.463674534725374,1282674.628,-52.831003530226525
121292,"Locust beans (carob); fit for human consumption, fresh, chil",2020,124,Canada,293.571,40.0,40.0,7.339275000000001,,
121292,"Locust beans (carob); fit for human consumption, fresh, chil",2021,124,Canada,1625.413,200.0,200.0,8.127065,293.571,453.6694700770853
121292,"Locust beans (carob); fit for human consumption, fresh, chil",2023,124,Canada,726.847,90.0,90.0,8.076077777777778,1625.413,-55.28231901676681
121292,"Locust beans (carob); fit for human consumption, fresh, chil",2016,156,Chine,9.0,1.0,1.0,9.0,,
121292,"Locust beans (carob); fit for human consumption, fresh, chil",2015,251,France,15412.802,18125.0,18125.0,0.8503614896551724,,
121292,"Locust beans (carob); fit for human consumption, fresh, chil",2016,251,France,12346.0,13475.0,13475.0,0.9162152133580705,15412.802,-19.897757721146355
121292,"Locust beans (carob); fit for human consumption, fresh, chil",2017,251,France,32381.334,33405.0,33405.0,0.9693559048046699,12346.0,162.28198606836222
121292,"Locust beans (carob); fit for human consumption, fresh, chil",2018,251,France,8547.957,6207.0,6207.0,1.377147897535041,32381.334,-73.60220860573564
121292,"Locust beans (carob); fit for human consumption, fresh, chil",2019,251,France,3956.504,3200.0,3200.0,1.2364074999999999,8547.957,-53.71403950674998
121292,"Locust beans (carob); fit for human consumption, fresh, chil",2020,251,France,510.275,418.1,418.1,1.2204616120545322,3956.504,-87.10288173599723
121292,"Locust beans (carob); fit for human consumption, fresh, chil",2021,251,France,1378198.373,78603.0,78603.0,17.533661221581873,510.275,269989.3386899221
121292,"Locust beans (carob); fit for human consumption, fresh, chil",2022,251,France,11333.417,8376.95,8376.95,1.3529288106052917,1378198.373,-99.17766431726879
121292,"Locust beans (carob); fit for human consumption, fresh, chil",2023,251,France,39336.611,5553.0,5553.0,7.083848550333153,11333.417,247.08518181233424
121292,"Locust beans (carob); fit for human consumption, fresh, chil",2015,276,Allemagne,8990.742,8000.0,8000.0,1.1238427500000001,,
121292,"Locust beans (carob); fit for human consumption, fresh, chil",2016,276,Allemagne,754.0,20.0,20.0,37.7,8990.742,-91.6135954073646
121292,"Locust beans (carob); fit for human consumption, fresh, chil",2019,276,Allemagne,136.736,58.1,58.1,2.3534595524956967,754.0,-81.86525198938992
121292,"Locust beans (carob); fit for human consumption, fresh, chil",2020,276,Allemagne,3802.723,3000.0,3000.0,1.2675743333333334,136.736,2681.0693599344722
121292,"Locust beans (carob); fit for human consumption, fresh, chil",2021,276,Allemagne,50037.296,28000.0,28000.0,1.7870462857142857,3802.723,1215.8280526875085
121292,"Locust beans (carob); fit for human consumption, fresh, chil",2023,276,Allemagne,16134.087,9975.0,9975.0,1.6174523308270676,50037.296,-67.75587753582847
121292,"Locust beans (carob); fit for human consumption, fresh, chil",2015,380,Italie,9284815.452,3795400.0,3795400.0,2.4463338388575644,,
121292,"Locust beans (carob); fit for human consumption, fresh, chil",2016,380,Italie,9996199.0,3987050.0,3987050.0,2.5071667021983672,9284815.452,7.661795236293734
121292,"Locust beans (carob); fit for human consumption, fresh, chil",2017,380,Italie,28324626.264,10097585.0,10097585.0,2.805089163795105,9996199.0,183.3539654822798
121292,"Locust beans (carob); fit for human consumption, fresh, chil",2018,380,Italie,24522234.153,3890620.0,3890620.0,6.302911657525022,28324626.264,-13.424332859892868
121292,"Locust beans (carob); fit for human consumption, fresh, chil",2019,380,Italie,39762311.767,6828990.0,6828990.0,5.822575778702268,24522234.153,62.14799809394837
121292,"Locust beans (carob); fit for human consumption, fresh, chil",2020,380,Italie,40775226.318,4592863.0,4592863.0,8.877953972935837,39762311.767,2.5474236934097387
121292,"Locust beans (carob); fit for human consumption, fresh, chil",2021,380,Italie,135040886.89,7403823.0,7403823.0,18.23934565831733,40775226.318,231.18365999206466
121292,"Locust beans (carob); fit for human consumption, fresh, chil",2022,380,Italie,65221732.782,2232220.0,2232220.0,29.218326500972125,135040886.89,-51.702233090984095
121292,"Locust beans (carob); fit for human consumption, fresh, chil",2023,380,Italie,6912744.84,1072800.0,1072800.0,6.443647315436241,65221732.782,-89.40116346938304
121292,"Locust beans (carob); fit for human consumption, fresh, chil",2018,682,Arabie Saoudite,2288.383,2240.0,2240.0,1.0215995535714284,,
121292,"Locust beans (carob); fit for human consumption, fresh, chil",2015,724,Espagne,18783082.506,11377240.0,11377240.0,1.6509348933484747,,
121292,"Locust beans (carob); fit for human consumption, fresh, chil",2016,724,Espagne,24973215.0,11531460.0,11531460.0,2.165659422137353,18783082.506,32.95589258058492
121292,"Locust beans (carob); fit for human consumption, fresh, chil",2017,724,Espagne,34347552.255,22084470.0,22084470.0,1.5552808038861698,24973215.0,37.53756676903636
121292,"Locust beans (carob); fit for human consumption, fresh, chil",2018,724,Espagne,50082908.332,12361180.0,12361180.0,4.051628431266271,34347552.255,45.812161402882474
121292,"Locust beans (carob); fit for human consumption, fresh, chil",2019,724,Espagne,47090663.347,15420670.0,15420670.0,3.0537365333023794,50082908.332,-5.97458311558982
121292,"Locust beans (carob); fit for human consumption, fresh, chil",2020,724,Espagne,53729218.969,12704170.0,12704170.0,4.229258500870187,47090663.347,14.097392455659504
121292,"Locust beans (carob); fit for human consumption, fresh, chil",2021,724,Espagne,71209793.208,4205280.0,4205280.0,16.933424934368222,53729218.969,32.534577227124274
121292,"Locust beans (carob); fit for human consumption, fresh, chil",2022,724,Espagne,81124544.731,4973220.0,4973220.0,16.312277504514178,71209793.208,13.923297732433435
121292,"Locust beans (carob); fit for human consumption, fresh, chil",2023,724,Espagne,13027782.696,770840.0,770840.0,16.90076111255254,81124544.731,-83.94100979031847
121292,"Locust beans (carob); fit for human consumption, fresh, chil",2019,784,Émirats Arabes,36.082,5.52,5.52,6.536594202898551,,
121292,"Locust beans (carob); fit for human consumption, fresh, chil",2018,826,Royaume-Uni,118.26,786.0,786.0,0.1504580152671756,,
121292,"Locust beans (carob); fit for human consumption, fresh, chil",2015,842,États-Unis,67960.222,33390.68,33390.68,2.0353051210697113,,
121292,"Locust beans (carob); fit for human consumption, fresh, chil",2020,842,États-Unis,1518.945,1000.0,1000.0,1.518945,67960.222,-97.76494991437784
121292,"Locust beans (carob); fit for human consumption, fresh, chil",2021,842,États-Unis,75943.79,31995.0,31995.0,2.3736143147366775,1518.945,4899.772210317028
121292,"Locust beans (carob); fit for human consumption, fresh, chil",2022,842,États-Unis,55169.363,19350.0,19350.0,2.8511298708010333,75943.79,-27.355004273555476
121292,"Locust beans (carob); fit for human consumption, fresh, chil",2023,842,États-Unis,131527.766,67072.0,67072.0,1.9609936486164123,55169.363,138.4072587533773
150420,"Fats and oils and their fractions; of fish, (excluding liver",2015,036,Australie,599625.835,160400.0,160400.0,3.738315679551122,,
150420,"Fats and oils and their fractions; of fish, (excluding liver",2017,036,Australie,581174.518,128000.0,128000.0,4.540425921875,599625.835,-3.077138429167236
150420,"Fats and oils and their fractions; of fish, (excluding liver",2018,036,Australie,433225.209,97000.0,97000.0,4.466239268041237,581174.518,-25.45695043704584
150420,"Fats and oils and their fractions; of fish, (excluding liver",2019,036,Australie,483995.508,113200.0,113200.0,4.275578692579505,433225.209,11.719146980664277
150420,"Fats and oils and their fractions; of fish, (excluding liver",2020,036,Australie,340193.521,81000.0,81000.0,4.199920012345679,483995.508,-29.71143009038009
150420,"Fats and oils and their fractions; of fish, (excluding liver",2021,036,Australie,413617.78,97200.0,97200.0,4.255326954732511,340193.521,21.583085646125525
150420,"Fats and oils and their fractions; of fish, (excluding liver",2022,036,Australie,1367918.571,353000.0,353000.0,3.875123430594901,413617.78,230.72044702720467
150420,"Fats and oils and their fractions; of fish, (excluding liver",2023,036,Australie,4375174.144,576200.0,576200.0,7.593151933356474,1367918.571,219.8417096422328
150420,"Fats and oils and their fractions; of fish, (excluding liver",2016,056,Belgique,23.0,1.0,1.0,23.0,,
150420,"Fats and oils and their fractions; of fish, (excluding liver",2017,056,Belgique,41.144,2.35,2.35,17.50808510638298,23.0,78.88695652173912
150420,"Fats and oils and their fractions; of fish, (excluding liver",2018,056,Belgique,121490.37,42863.0,42863.0,2.834387933649068,41.144,295180.8915030138
150420,"Fats and oils and their fractions; of fish, (excluding liver",2019,056,Belgique,1.352,3.08,3.08,0.438961038961039,121490.37,-99.99888715459505
150420,"Fats and oils and their fractions; of fish, (excluding liver",2020,056,Belgique,2273587.625,1403990.0,1403990.0,1.6193759392873168,1.352,168164665.16272187
150420,"Fats and oils and their fractions; of fish, (excluding liver",2015,124,Canada,349916.332,122060.0,122060.0,2.866756775356382,,
150420,"Fats and oils and their fractions; of fish, (excluding liver",2018,124,Canada,1192096.144,446700.0,446700.0,2.668672809491829,349916.332,240.6803384072968
150420,"Fats and oils and their fractions; of fish, (excluding liver",2019,124,Canada,717202.338,147080.0,147080.0,4.876273714985042,1192096.144,-39.836871244841475
150420,"Fats and oils and their fractions; of fish, (excluding liver",2020,124,Canada,1192600.279,309990.0,309990.0,3.847221778121875,717202.338,66.28505176456913
150420,"Fats and oils and their fractions; of fish, (excluding liver",2021,124,Canada,703735.875,100250.0,100250.0,7.019809226932669,1192600.279,-40.991471544004234
150420,"Fats and oils and their fractions; of fish, (excluding liver",2015,156,Chine,9245426.759,4730630.0,4730630.0,1.9543753705109044,,
150420,"Fats and oils and their fractions; of fish, (excluding liver",2016,156,Chine,8581042.0,3853420.0,3853420.0,2.2268639286659644,9245426.759,-7.186090770263812
150420,"Fats and oils and their fractions; of fish, (excluding liver",2017,156,Chine,1766692.058,744980.0,744980.0,2.3714623989905768,8581042.0,-79.41168382581043
150420,"Fats and oils and their fractions; of fish, (excluding liver",2018,156,Chine,1766626.87,833320.0,833320.0,2.119986163778621,1766692.058,-0.0036898337604826166
150420,"Fats and oils and their fractions; of fish, (excluding liver",2019,156,Chine,4759442.782,2952040.0,2952040.0,1.6122555188954077,1766626.87,169.40849043012685
150420,"Fats and oils and their fractions; of fish, (excluding liver",2020,156,Chine,9474078.087,4587750.0,4587750.0,2.0650815948994605,4759442.782,99.05855624172098
150420,"Fats and oils and their fractions; of fish, (excluding liver",2021,156,Chine,1414342.875,699620.0,699620.0,2.021587254509591,9474078.087,-85.07144587566032
150420,"Fats and oils and their fractions; of fish, (excluding liver",2022,156,Chine,27242135.073,6984600.0,6984600.0,3.900314273258311,1414342.875,1826.1337229135474
150420,"Fats and oils and their fractions; of fish, (excluding liver",2023,156,Chine,21183484.538,4309321.0,4309321.0,4.915736037765578,27242135.073,-22.23999887954744
150420,"Fats and oils and their fractions; of fish, (excluding liver",2015,251,France,26428678.094,13919610.0,13919610.0,1.8986651273994029,,
150420,"Fats and oils and their fractions; of fish, (excluding liver",2016,251,France,19554457.0,9259158.0,9259158.0,2.1119044517870846,26428678.094,-26.010461323680918
150420,"Fats and oils and their fractions; of fish, (excluding liver",2017,251,France,20319051.259,7973199.0,7973199.0,2.548418929340657,19554457.0,3.910076659249601
150420,"Fats and oils and their fractions; of fish, (excluding liver",2018,251,France,15633366.654,5484294.5,5484294.5,2.8505702336006937,20319051.259,-23.060548178520644
150420,"Fats and oils and their fractions; of fish, (excluding liver",2019,251,France,12621874.181,6482535.0,6482535.0,1.9470583932057444,15633366.654,-19.26323702149895
150420,"Fats and oils and their fractions; of fish, (excluding liver",2020,251,France,21937488.47,11338320.0,11338320.0,1.9348094312032116,12621874.181,73.80531730401029
150420,"Fats and oils and their fractions; of fish, (excluding liver",2021,251,France,12350737.334,4753710.0,4753710.0,2.598125955096125,21937488.47,-43.700313046819794
150420,"Fats and oils and their fractions; of fish, (excluding liver",2022,251,France,27571371.747,8220761.0,8220761.0,3.3538709794628505,12350737.334,123.2366457272113
150420,"Fats and oils and their fractions; of fish, (excluding liver",2023,251,France,31537807.782,6069056.0,6069056.0,5.196493125454766,27571371.747,14.386067082177664
150420,"Fats and oils and their fractions; of fish, (excluding liver",2018,276,Allemagne,291213.115,66900.0,66900.0,4.352961360239163,,
150420,"Fats and oils and their fractions; of fish, (excluding liver",2019,276,Allemagne,1.352,2.0,2.0,0.676,291213.115,-99.99953573519517
150420,"Fats and oils and their fractions; of fish, (excluding liver",2020,276,Allemagne,303859.991,201780.0,201780.0,1.5058974675389036,1.352,22474751.40532544
150420,"Fats and oils and their fractions; of fish, (excluding liver",2022,276,Allemagne,4873012.505,1083800.0,1083800.0,4.496228552315926,303859.991,1503.7032348230405
150420,"Fats and oils and their fractions; of fish, (excluding liver",2023,276,Allemagne,486329.719,111500.0,111500.0,4.361701515695067,4873012.505,-90.01993697941477
150420,"Fats and oils and their fractions; of fish, (excluding liver",2023,380,Italie,345972.294,48100.0,48100.0,7.192771185031185,,
150420,"Fats and oils and their fractions; of fish, (excluding liver",2015,392,Japon,4236236.526,2240930.0,2240930.0,1.8903921702150446,,
150420,"Fats and oils and their fractions; of fish, (excluding liver",2016,392,Japon,1094124.0,447060.0,447060.0,2.4473761911152865,4236236.526,-74.17226367591165
150420,"Fats and oils and their fractions; of fish, (excluding liver",2017,392,Japon,510066.544,256060.0,256060.0,1.9919805670545965,1094124.0,-53.38128548500901
150420,"Fats and oils and their fractions; of fish, (excluding liver",2018,392,Japon,197400.05,108300.0,108300.0,1.8227151431209603,510066.544,-61.29915746836359
150420,"Fats and oils and their fractions; of fish, (excluding liver",2019,392,Japon,496557.746,301800.0,301800.0,1.645320563286945,197400.05,151.54894641617366
150420,"Fats and oils and their fractions; of fish, (excluding liver",2021,392,Japon,8031.61,1600.0,1600.0,5.0197562499999995,496557.746,-98.38254260160106
150420,"Fats and oils and their fractions; of fish, (excluding liver",2023,392,Japon,7864.144,1600.0,1600.0,4.91509,8031.61,-2.0850863027462667
150420,"Fats and oils and their fractions; of fish, (excluding liver",2015,410,Corée du Sud,2429186.857,1140400.0,1140400.0,2.130118254121361,,
150420,"Fats and oils and their fractions; of fish, (excluding liver",2016,410,Corée du Sud,1204023.0,400000.0,400000.0,3.0100575,2429186.857,-50.435142667989496
150420,"Fats and oils and their fractions; of fish, (excluding liver",2019,410,Corée du Sud,818897.376,346090.0,346090.0,2.366139952035598,1204023.0,-31.98656703401845
150420,"Fats and oils and their fractions; of fish, (excluding liver",2020,410,Corée du Sud,1812976.565,882310.0,882310.0,2.0548067742630143,818897.376,121.39240131110152
150420,"Fats and oils and their fractions; of fish, (excluding liver",2021,410,Corée du Sud,615515.775,297860.0,297860.0,2.066459997985631,1812976.565,-66.04943566934635
150420,"Fats and oils and their fractions; of fish, (excluding liver",2022,410,Corée du Sud,1484745.426,550000.0,550000.0,2.6995371381818183,615515.775,141.21971951084439
150420,"Fats and oils and their fractions; of fish, (excluding liver",2023,410,Corée du Sud,1096458.092,153180.0,153180.0,7.157971615093354,1484745.426,-26.151778426155598
150420,"Fats and oils and their fractions; of fish, (excluding liver",2015,528,Pays-Bas,11538813.132,6494950.0,6494950.0,1.7765822880853586,,
150420,"Fats and oils and their fractions; of fish, (excluding liver",2016,528,Pays-Bas,1358895.0,581620.0,581620.0,2.3363966163474434,11538813.132,-88.22326885395651
150420,"Fats and oils and their fractions; of fish, (excluding liver",2017,528,Pays-Bas,312408.414,126820.0,126820.0,2.463400205014982,1358895.0,-77.01011380570243
150420,"Fats and oils and their fractions; of fish, (excluding liver",2019,528,Pays-Bas,10375195.659,6049340.0,6049340.0,1.7150954747129439,312408.414,3221.0359241476767
150420,"Fats and oils and their fractions; of fish, (excluding liver",2020,528,Pays-Bas,15584836.091,8217620.0,8217620.0,1.8965145736843514,10375195.659,50.21245481265579
150420,"Fats and oils and their fractions; of fish, (excluding liver",2021,528,Pays-Bas,6576960.893,3228990.0,3228990.0,2.0368477118232016,15584836.091,-57.798972959374964
150420,"Fats and oils and their fractions; of fish, (excluding liver",2022,528,Pays-Bas,690959.519,285200.0,285200.0,2.4227192110799436,6576960.893,-89.49424315818263
150420,"Fats and oils and their fractions; of fish, (excluding liver",2023,528,Pays-Bas,239733.359,43000.0,43000.0,5.575194395348837,690959.519,-65.30428304295494
150420,"Fats and oils and their fractions; of fish, (excluding liver",2020,682,Arabie Saoudite,1560685.055,1031760.0,1031760.0,1.5126434975188028,,
150420,"Fats and oils and their fractions; of fish, (excluding liver",2022,682,Arabie Saoudite,1780819.49,499360.0,499360.0,3.566203720762576,1560685.055,14.10498769721352
150420,"Fats and oils and their fractions; of fish, (excluding liver",2015,724,Espagne,2949301.093,1775222.0,1775222.0,1.6613702922789375,,
150420,"Fats and oils and their fractions; of fish, (excluding liver",2016,724,Espagne,1800844.0,1008580.0,1008580.0,1.7855242023438895,2949301.093,-38.93997448160848
150420,"Fats and oils and their fractions; of fish, (excluding liver",2017,724,Espagne,1791010.899,610455.0,610455.0,2.9338950438607267,1800844.0,-0.5460273627254789
150420,"Fats and oils and their fractions; of fish, (excluding liver",2018,724,Espagne,1690602.816,503880.0,503880.0,3.3551695165515603,1791010.899,-5.606224007685387
150420,"Fats and oils and their fractions; of fish, (excluding liver",2019,724,Espagne,2718988.462,1574739.0,1574739.0,1.7266280075618878,1690602.816,60.829524017544266
150420,"Fats and oils and their fractions; of fish, (excluding liver",2020,724,Espagne,3130608.966,2002196.25,2002196.25,1.5635874685111413,2718988.462,15.138736693910996
150420,"Fats and oils and their fractions; of fish, (excluding liver",2021,724,Espagne,4029610.557,2250337.0,2250337.0,1.7906698227865427,3130608.966,28.71650853759166
150420,"Fats and oils and their fractions; of fish, (excluding liver",2022,724,Espagne,1371648.25,539742.8,539742.8,2.5412997635169936,4029610.557,-65.96077386145284
150420,"Fats and oils and their fractions; of fish, (excluding liver",2023,724,Espagne,4013872.832,963132.1,963132.1,4.167520563378585,1371648.25,192.63135297260067
150420,"Fats and oils and their fractions; of fish, (excluding liver",2023,784,Émirats Arabes,0.691,0.92,0.92,0.7510869565217391,,
150420,"Fats and oils and their fractions; of fish, (excluding liver",2016,826,Royaume-Uni,319676.0,100120.0,100120.0,3.1929284858170197,,
150420,"Fats and oils and their fractions; of fish, (excluding liver",2017,826,Royaume-Uni,327850.129,106280.0,106280.0,3.08477727700414,319676.0,2.5570042793328294
150420,"Fats and oils and their fractions; of fish, (excluding liver",2018,826,Royaume-Uni,284750.794,88000.0,88000.0,3.235804477272727,327850.129,-13.146047900441735
150420,"Fats and oils and their fractions; of fish, (excluding liver",2019,826,Royaume-Uni,905544.495,342260.0,342260.0,2.6457795097294454,284750.794,218.01298331059263
150420,"Fats and oils and their fractions; of fish, (excluding liver",2020,826,Royaume-Uni,1278422.021,455600.0,455600.0,2.8060184833187005,905544.495,41.17716225529039
150420,"Fats and oils and their fractions; of fish, (excluding liver",2021,826,Royaume-Uni,2373895.29,817880.0,817880.0,2.9024982760307134,1278422.021,85.68948680523395
150420,"Fats and oils and their fractions; of fish, (excluding liver",2022,826,Royaume-Uni,1375317.598,428900.0,428900.0,3.2066159897411985,2373895.29,-42.064942636960204
150420,"Fats and oils and their fractions; of fish, (excluding liver",2023,826,Royaume-Uni,1524970.585,217920.0,217920.0,6.997845929698972,1375317.598,10.881340224078189
150420,"Fats and oils and their fractions; of fish, (excluding liver",2016,842,États-Unis,309190.0,80000.0,80000.0,3.864875,,
150420,"Fats and oils and their fractions; of fish, (excluding liver",2017,842,États-Unis,1672161.084,384000.0,384000.0,4.35458615625,309190.0,440.8199113813513
150420,"Fats and oils and their fractions; of fish, (excluding liver",2018,842,États-Unis,447463.388,96000.0,96000.0,4.661076958333333,1672161.084,-73.24041372081112
150420,"Fats and oils and their fractions; of fish, (excluding liver",2019,842,États-Unis,1002870.222,224000.0,224000.0,4.477099205357143,447463.388,124.12341409259614
150420,"Fats and oils and their fractions; of fish, (excluding liver",2020,842,États-Unis,207934.896,48000.0,48000.0,4.331977,1002870.222,-79.26602152117744
150420,"Fats and oils and their fractions; of fish, (excluding liver",2021,842,États-Unis,772896.255,192000.0,192000.0,4.025501328125,207934.896,271.7010804189403
150420,"Fats and oils and their fractions; of fish, (excluding liver",2022,842,États-Unis,564293.736,144000.0,144000.0,3.9187065000000003,772896.255,-26.989717914987178
150420,"Fats and oils and their fractions; of fish, (excluding liver",2023,842,États-Unis,93122.52,16200.46,16200.46,5.748140484899812,564293.736,-83.49750953109995
160413,"Fish preparations; sardines, sardinella and brisling or spra",2016,036,Australie,75980.0,16335.0,16335.0,4.651362105907561,,
160413,"Fish preparations; sardines, sardinella and brisling or spra",2017,036,Australie,403479.1,60749.7,60749.7,6.641664074061271,75980.0,431.03329823637796
160413,"Fish preparations; sardines, sardinella and brisling or spra",2018,036,Australie,194909.026,26580.0,26580.0,7.332920466516178,403479.1,-51.6929065222957
160413,"Fish preparations; sardines, sardinella and brisling or spra",2019,036,Australie,362143.819,64280.5,64280.5,5.633805259759958,194909.026,85.80146154955389
160413,"Fish preparations; sardines, sardinella and brisling or spra",2020,036,Australie,398179.641,67545.0,67545.0,5.895027626027093,362143.819,9.950693649696113
160413,"Fish preparations; sardines, sardinella and brisling or spra",2015,056,Belgique,3850199.163,824146.1,824146.1,4.6717434724255815,,
160413,"Fish preparations; sardines, sardinella and brisling or spra",2016,056,Belgique,4744741.0,999041.0,999041.0,4.749295574455903,3850199.163,23.233651017236994
160413,"Fish preparations; sardines, sardinella and brisling or spra",2017,056,Belgique,4396760.986,1045492.65,1045492.65,4.20544418557127,4744741.0,-7.334014944124462
160413,"Fish preparations; sardines, sardinella and brisling or spra",2018,056,Belgique,3916579.371,811842.5,811842.5,4.824309359266113,4396760.986,-10.921258092695417
160413,"Fish preparations; sardines, sardinella and brisling or spra",2019,056,Belgique,2501449.987,565442.3,565442.3,4.423881954003088,3916579.371,-36.131768309821894
160413,"Fish preparations; sardines, sardinella and brisling or spra",2020,056,Belgique,2692656.851,617605.21,617605.21,4.359835065186707,2501449.987,7.6438411718682735
160413,"Fish preparations; sardines, sardinella and brisling or spra",2021,056,Belgique,1995017.414,432541.81,432541.81,4.612311152071057,2692656.851,-25.908961876850746
160413,"Fish preparations; sardines, sardinella and brisling or spra",2022,056,Belgique,3363545.953,717995.8,717995.8,4.684631794503534,1995017.414,68.59732298056022
160413,"Fish preparations; sardines, sardinella and brisling or spra",2023,056,Belgique,3919139.855,752638.3,752638.3,5.207202257711307,3363545.953,16.51810053329156
160413,"Fish preparations; sardines, sardinella and brisling or spra",2015,124,Canada,725295.222,131480.9,131480.9,5.516354253735714,,
160413,"Fish preparations; sardines, sardinella and brisling or spra",2016,124,Canada,801220.0,156470.0,156470.0,5.120598197737586,725295.222,10.468120524858504
160413,"Fish preparations; sardines, sardinella and brisling or spra",2017,124,Canada,905058.187,177321.1,177321.1,5.104063684468459,801220.0,12.9600093607249
160413,"Fish preparations; sardines, sardinella and brisling or spra",2018,124,Canada,1183108.274,257138.6,257138.6,4.601052794096257,905058.187,30.72179126091922
160413,"Fish preparations; sardines, sardinella and brisling or spra",2019,124,Canada,1811431.897,384831.8,384831.8,4.70707435560159,1183108.274,53.10787159620525
160413,"Fish preparations; sardines, sardinella and brisling or spra",2020,124,Canada,2169069.274,481963.2,481963.2,4.500487327663191,1811431.897,19.7433520736993
160413,"Fish preparations; sardines, sardinella and brisling or spra",2021,124,Canada,1866744.669,416231.7,416231.7,4.484869050098779,2169069.274,-13.937987533357138
160413,"Fish preparations; sardines, sardinella and brisling or spra",2022,124,Canada,2586545.121,544759.4,544759.4,4.748050462277474,1866744.669,38.55912723112749
160413,"Fish preparations; sardines, sardinella and brisling or spra",2023,124,Canada,3710759.624,787114.9,787114.9,4.714381120215104,2586545.121,43.463943229622096
160413,"Fish preparations; sardines, sardinella and brisling or spra",2015,156,Chine,146746.01,30184.5,30184.5,4.861634613791847,,
160413,"Fish preparations; sardines, sardinella and brisling or spra",2016,156,Chine,182206.0,37853.0,37853.0,4.813515441312446,146746.01,24.16419362952355
160413,"Fish preparations; sardines, sardinella and brisling or spra",2017,156,Chine,204489.744,42944.89,42944.89,4.76167814145059,182206.0,12.229972668298522
160413,"Fish preparations; sardines, sardinella and brisling or spra",2018,156,Chine,72432.305,14411.0,14411.0,5.026181736173756,204489.744,-64.57900353183483
160413,"Fish preparations; sardines, sardinella and brisling or spra",2019,156,Chine,281278.609,57680.58,57680.58,4.876487181647619,72432.305,288.33309115318093
160413,"Fish preparations; sardines, sardinella and brisling or spra",2020,156,Chine,78788.882,15000.0,15000.0,5.252592133333333,281278.609,-71.98902459020621
160413,"Fish preparations; sardines, sardinella and brisling or spra",2021,156,Chine,181611.261,35375.0,35375.0,5.133887236749117,78788.882,130.5036654790964
160413,"Fish preparations; sardines, sardinella and brisling or spra",2022,156,Chine,85423.385,16250.0,16250.0,5.256823692307692,181611.261,-52.963607801831195
160413,"Fish preparations; sardines, sardinella and brisling or spra",2023,156,Chine,168831.697,30527.5,30527.5,5.530478977970682,85423.385,97.6410756843691
160413,"Fish preparations; sardines, sardinella and brisling or spra",2015,251,France,33356028.829,9335016.9,9335016.9,3.5732156873759915,,
160413,"Fish preparations; sardines, sardinella and brisling or spra",2016,251,France,45266512.0,12391403.0,12391403.0,3.6530578498657498,33356028.829,35.7071377772792
160413,"Fish preparations; sardines, sardinella and brisling or spra",2017,251,France,53663947.417,14193557.6,14193557.6,3.780866568435246,45266512.0,18.551098916125905
160413,"Fish preparations; sardines, sardinella and brisling or spra",2018,251,France,58864350.614,14661220.1,14661220.1,4.014969437229852,53663947.417,9.690683312186946
160413,"Fish preparations; sardines, sardinella and brisling or spra",2019,251,France,52568241.756,13831718.2,13831718.2,3.8005576021639884,58864350.614,-10.695962483789923
160413,"Fish preparations; sardines, sardinella and brisling or spra",2020,251,France,58590838.319,15420941.39,15420941.39,3.799433305478635,52568241.756,11.456720563252619
160413,"Fish preparations; sardines, sardinella and brisling or spra",2021,251,France,54388243.566,13465739.02,13465739.02,4.039009183619244,58590838.319,-7.172784813418806
160413,"Fish preparations; sardines, sardinella and brisling or spra",2022,251,France,53930983.083,12636199.0,12636199.0,4.267975131050089,54388243.566,-0.8407340502642237
160413,"Fish preparations; sardines, sardinella and brisling or spra",2023,251,France,66625700.514,14028000.6,14028000.6,4.749479445702334,53930983.083,23.53882073957892
160413,"Fish preparations; sardines, sardinella and brisling or spra",2015,276,Allemagne,24471621.556,5483021.3,5483021.3,4.463163686050244,,
160413,"Fish preparations; sardines, sardinella and brisling or spra",2016,276,Allemagne,26165090.0,5989583.0,5989583.0,4.368432660504078,24471621.556,6.920131713073138
160413,"Fish preparations; sardines, sardinella and brisling or spra",2017,276,Allemagne,23396482.611,5156354.4,5156354.4,4.537407787757956,26165090.0,-10.581302754930324
160413,"Fish preparations; sardines, sardinella and brisling or spra",2018,276,Allemagne,29467146.95,6049451.0,6049451.0,4.87104481877777,23396482.611,25.946910225496193
160413,"Fish preparations; sardines, sardinella and brisling or spra",2019,276,Allemagne,31289505.511,7213935.0,7213935.0,4.337370036048287,29467146.95,6.184373954126566
160413,"Fish preparations; sardines, sardinella and brisling or spra",2020,276,Allemagne,31018333.275,6785801.0,6785801.0,4.5710643850298585,31289505.511,-0.8666555497486828
160413,"Fish preparations; sardines, sardinella and brisling or spra",2021,276,Allemagne,25508015.428,5093775.0,5093775.0,5.007683972692158,31018333.275,-17.764712881723977
160413,"Fish preparations; sardines, sardinella and brisling or spra",2022,276,Allemagne,22486827.496,4873666.0,4873666.0,4.613945127959117,25508015.428,-11.844072858305001
160413,"Fish preparations; sardines, sardinella and brisling or spra",2023,276,Allemagne,31764515.409,6121297.0,6121297.0,5.18918056238735,22486827.496,41.25832296552431
160413,"Fish preparations; sardines, sardinella and brisling or spra",2015,380,Italie,7785941.821,1945617.65,1945617.65,4.00178412289794,,
160413,"Fish preparations; sardines, sardinella and brisling or spra",2016,380,Italie,8828260.0,2083493.0,2083493.0,4.2372400579219605,7785941.821,13.38718170470644
160413,"Fish preparations; sardines, sardinella and brisling or spra",2017,380,Italie,9053905.678,2159403.32,2159403.32,4.192781216062963,8828260.0,2.5559473554245047
160413,"Fish preparations; sardines, sardinella and brisling or spra",2018,380,Italie,8235142.636,2115918.44,2115918.44,3.891994360614391,9053905.678,-9.043202691955408
160413,"Fish preparations; sardines, sardinella and brisling or spra",2019,380,Italie,6281758.495,1492669.5,1492669.5,4.208405474219176,8235142.636,-23.720100881565347
160413,"Fish preparations; sardines, sardinella and brisling or spra",2020,380,Italie,6694957.905,1726357.9,1726357.9,3.8780822360183835,6281758.495,6.57776656534772
160413,"Fish preparations; sardines, sardinella and brisling or spra",2021,380,Italie,4925716.553,1204562.0,1204562.0,4.08921795059117,6694957.905,-26.42647462620603
160413,"Fish preparations; sardines, sardinella and brisling or spra",2022,380,Italie,7680070.422,1844843.7,1844843.7,4.162992464890116,4925716.553,55.91783123051335
160413,"Fish preparations; sardines, sardinella and brisling or spra",2023,380,Italie,6274975.814,1315810.9,1315810.9,4.768903961807887,7680070.422,-18.295334948687792
160413,"Fish preparations; sardines, sardinella and brisling or spra",2015,392,Japon,40.67,12.6,12.6,3.227777777777778,,
160413,"Fish preparations; sardines, sardinella and brisling or spra",2018,392,Japon,822.493,126.0,126.0,6.527722222222223,40.67,1922.358003442341
160413,"Fish preparations; sardines, sardinella and brisling or spra",2019,392,Japon,31412.872,7416.0,7416.0,4.235824163969795,822.493,3719.226668190489
160413,"Fish preparations; sardines, sardinella and brisling or spra",2020,392,Japon,39697.444,12215.0,12215.0,3.2498930822758907,31412.872,26.37317593883171
160413,"Fish preparations; sardines, sardinella and brisling or spra",2021,392,Japon,54734.066,16750.0,16750.0,3.267705432835821,39697.444,37.878060864573534
160413,"Fish preparations; sardines, sardinella and brisling or spra",2015,414,Koweït,1944257.221,638625.0,638625.0,3.0444427026815424,,
160413,"Fish preparations; sardines, sardinella and brisling or spra",2016,414,Koweït,1034311.0,320313.0,320313.0,3.2290634473155944,1944257.221,-46.80174059129803
160413,"Fish preparations; sardines, sardinella and brisling or spra",2017,414,Koweït,1090494.483,340738.5,340738.5,3.2003852895989153,1034311.0,5.4319719117364125
160413,"Fish preparations; sardines, sardinella and brisling or spra",2018,414,Koweït,1307022.021,426593.5,426593.5,3.0638582655385043,1090494.483,19.855904030282005
160413,"Fish preparations; sardines, sardinella and brisling or spra",2019,414,Koweït,1255576.74,412740.5,412740.5,3.0420487933701685,1307022.021,-3.9360684191563413
160413,"Fish preparations; sardines, sardinella and brisling or spra",2020,414,Koweït,1178924.699,379937.5,379937.5,3.1029437710149694,1255576.74,-6.10492680837652
160413,"Fish preparations; sardines, sardinella and brisling or spra",2021,414,Koweït,577567.887,176750.0,176750.0,3.2677108175388967,1178924.699,-51.00892470147493
160413,"Fish preparations; sardines, sardinella and brisling or spra",2022,414,Koweït,1306686.376,324862.6,324862.6,4.022273958282671,577567.887,126.2394439530188
160413,"Fish preparations; sardines, sardinella and brisling or spra",2023,414,Koweït,1902563.71,483900.6,483900.6,3.931724221875319,1306686.376,45.60216934564565
160413,"Fish preparations; sardines, sardinella and brisling or spra",2015,528,Pays-Bas,12630243.603,3236916.7,3236916.7,3.9019365567856594,,
160413,"Fish preparations; sardines, sardinella and brisling or spra",2016,528,Pays-Bas,15991715.0,4006605.0,4006605.0,3.9913380530399176,12630243.603,26.614462101123415
160413,"Fish preparations; sardines, sardinella and brisling or spra",2017,528,Pays-Bas,16907789.147,4422640.0,4422640.0,3.8230082364831866,15991715.0,5.728429671239138
160413,"Fish preparations; sardines, sardinella and brisling or spra",2018,528,Pays-Bas,22805496.972,5496237.0,5496237.0,4.1492928656460775,16907789.147,34.881602637246324
160413,"Fish preparations; sardines, sardinella and brisling or spra",2019,528,Pays-Bas,23364307.886,6306592.0,6306592.0,3.7047438435846174,22805496.972,2.450334297411253
160413,"Fish preparations; sardines, sardinella and brisling or spra",2020,528,Pays-Bas,24120034.036,6760507.0,6760507.0,3.5677847883302243,23364307.886,3.234532577157285
160413,"Fish preparations; sardines, sardinella and brisling or spra",2021,528,Pays-Bas,19461500.938,4834864.0,4834864.0,4.025242682731097,24120034.036,-19.3139573976014
160413,"Fish preparations; sardines, sardinella and brisling or spra",2022,528,Pays-Bas,28759270.368,7404373.0,7404373.0,3.8840925987926327,19461500.938,47.77519195266911
160413,"Fish preparations; sardines, sardinella and brisling or spra",2023,528,Pays-Bas,23276459.066,5405440.0,5405440.0,4.306117368058844,28759270.368,-19.064500704790625
160413,"Fish preparations; sardines, sardinella and brisling or spra",2015,634,Qatar,229795.005,77901.3,77901.3,2.9498224676610016,,
160413,"Fish preparations; sardines, sardinella and brisling or spra",2016,634,Qatar,229409.0,79681.0,79681.0,2.879092882870446,229795.005,-0.16797797671886064
160413,"Fish preparations; sardines, sardinella and brisling or spra",2017,634,Qatar,239437.29,78856.3,78856.3,3.0363748996592537,229409.0,4.371358577911071
160413,"Fish preparations; sardines, sardinella and brisling or spra",2018,634,Qatar,256564.014,79091.4,79091.4,3.2438926861833273,239437.29,7.15290588195347
160413,"Fish preparations; sardines, sardinella and brisling or spra",2019,634,Qatar,126704.197,40000.0,40000.0,3.167604925,256564.014,-50.61497712613742
160413,"Fish preparations; sardines, sardinella and brisling or spra",2020,634,Qatar,188256.26,56250.0,56250.0,3.346777955555556,126704.197,48.579340272366835
160413,"Fish preparations; sardines, sardinella and brisling or spra",2021,634,Qatar,280611.376,80000.0,80000.0,3.5076422,188256.26,49.05819121234002
160413,"Fish preparations; sardines, sardinella and brisling or spra",2022,634,Qatar,236718.276,60000.0,60000.0,3.9453046,280611.376,-15.641953161585286
160413,"Fish preparations; sardines, sardinella and brisling or spra",2023,634,Qatar,224086.797,59406.3,59406.3,3.7721049282651835,236718.276,-5.336081021475512
160413,"Fish preparations; sardines, sardinella and brisling or spra",2015,682,Arabie Saoudite,1860739.75,546400.0,546400.0,3.4054534224011714,,
160413,"Fish preparations; sardines, sardinella and brisling or spra",2016,682,Arabie Saoudite,1665367.0,517463.0,517463.0,3.218330585954938,1860739.75,-10.49973538749844
160413,"Fish preparations; sardines, sardinella and brisling or spra",2017,682,Arabie Saoudite,1502748.3,455831.0,455831.0,3.296722469511727,1665367.0,-9.764736541555102
160413,"Fish preparations; sardines, sardinella and brisling or spra",2018,682,Arabie Saoudite,1540936.163,476202.3,476202.3,3.2358855952606698,1502748.3,2.5412015438646574
160413,"Fish preparations; sardines, sardinella and brisling or spra",2019,682,Arabie Saoudite,1705748.041,514050.8,514050.8,3.3182480038937787,1540936.163,10.695568184935903
160413,"Fish preparations; sardines, sardinella and brisling or spra",2020,682,Arabie Saoudite,2101534.952,667291.1,667291.1,3.149352586899481,1705748.041,23.20312856803686
160413,"Fish preparations; sardines, sardinella and brisling or spra",2021,682,Arabie Saoudite,241254.797,78062.5,78062.5,3.09053382866293,2101534.952,-88.52006735503488
160413,"Fish preparations; sardines, sardinella and brisling or spra",2022,682,Arabie Saoudite,1202699.487,265232.1,265232.1,4.534517077684036,241254.797,398.51837225852137
160413,"Fish preparations; sardines, sardinella and brisling or spra",2023,682,Arabie Saoudite,792586.511,187636.82,187636.82,4.224045744326727,1202699.487,-34.09937232308805
160413,"Fish preparations; sardines, sardinella and brisling or spra",2016,702,Singapour,13.0,17.0,17.0,0.7647058823529411,,
160413,"Fish preparations; sardines, sardinella and brisling or spra",2023,702,Singapour,74.027,8.14,8.14,9.094226044226044,13.0,469.4384615384616
160413,"Fish preparations; sardines, sardinella and brisling or spra",2015,724,Espagne,17554853.884,5389468.1,5389468.1,3.25725165420313,,
160413,"Fish preparations; sardines, sardinella and brisling or spra",2016,724,Espagne,16452051.0,4722536.0,4722536.0,3.483732257414237,17554853.884,-6.28203966428411
160413,"Fish preparations; sardines, sardinella and brisling or spra",2017,724,Espagne,17645210.026,4979381.45,4979381.45,3.543655010804605,16452051.0,7.252342130473584
160413,"Fish preparations; sardines, sardinella and brisling or spra",2018,724,Espagne,15249105.485,4048028.37,4048028.37,3.7670451121368993,17645210.026,-13.579348375391229
160413,"Fish preparations; sardines, sardinella and brisling or spra",2019,724,Espagne,16916296.388,4568278.6,4568278.6,3.7029914042457923,15249105.485,10.933040660253528
160413,"Fish preparations; sardines, sardinella and brisling or spra",2020,724,Espagne,20563717.448,5850720.4,5850720.4,3.5147325529348485,16916296.388,21.561581662682315
160413,"Fish preparations; sardines, sardinella and brisling or spra",2021,724,Espagne,11665575.794,2932987.6,2932987.6,3.977369626110932,20563717.448,-43.27107526399815
160413,"Fish preparations; sardines, sardinella and brisling or spra",2022,724,Espagne,16865785.178,3811229.42,3811229.42,4.425287307422181,11665575.794,44.57739142781656
160413,"Fish preparations; sardines, sardinella and brisling or spra",2023,724,Espagne,16957935.904,3597375.46,3597375.46,4.71397442178582,16865785.178,0.5463767327014379
160413,"Fish preparations; sardines, sardinella and brisling or spra",2015,784,Émirats Arabes,1044461.655,334301.63,334301.63,3.124309190475679,,
160413,"Fish preparations; sardines, sardinella and brisling or spra",2016,784,Émirats Arabes,846874.0,269915.0,269915.0,3.137558120148936,1044461.655,-18.917655239339545
160413,"Fish preparations; sardines, sardinella and brisling or spra",2017,784,Émirats Arabes,1699815.601,568951.6,568951.6,2.98762777185265,846874.0,100.71647033679155
160413,"Fish preparations; sardines, sardinella and brisling or spra",2018,784,Émirats Arabes,1373296.657,449838.1,449838.1,3.052868703206776,1699815.601,-19.20908031482411
160413,"Fish preparations; sardines, sardinella and brisling or spra",2019,784,Émirats Arabes,1356923.336,458649.8,458649.8,2.958517230357453,1373296.657,-1.192263952332624
160413,"Fish preparations; sardines, sardinella and brisling or spra",2020,784,Émirats Arabes,1851676.355,623431.8,623431.8,2.9701345921077493,1356923.336,36.461383327554486
160413,"Fish preparations; sardines, sardinella and brisling or spra",2021,784,Émirats Arabes,1623429.784,491808.1,491808.1,3.300941533903163,1851676.355,-12.326482993838304
160413,"Fish preparations; sardines, sardinella and brisling or spra",2022,784,Émirats Arabes,2376694.611,600263.0,600263.0,3.959422138296047,1623429.784,46.39959389829699
160413,"Fish preparations; sardines, sardinella and brisling or spra",2023,784,Émirats Arabes,1474090.388,374992.14,374992.14,3.930990094885722,2376694.611,-37.97729076434549
160413,"Fish preparations; sardines, sardinella and brisling or spra",2015,826,Royaume-Uni,21469471.295,6560307.0,6560307.0,3.272632103192732,,
160413,"Fish preparations; sardines, sardinella and brisling or spra",2016,826,Royaume-Uni,27347496.0,8390924.0,8390924.0,3.2591757475100476,21469471.295,27.378525648039243
160413,"Fish preparations; sardines, sardinella and brisling or spra",2017,826,Royaume-Uni,29913405.686,8969794.0,8969794.0,3.3349044232230973,27347496.0,9.382612894430995
160413,"Fish preparations; sardines, sardinella and brisling or spra",2018,826,Royaume-Uni,30029012.656,8535523.0,8535523.0,3.5181221649804,29913405.686,0.38647210957361805
160413,"Fish preparations; sardines, sardinella and brisling or spra",2019,826,Royaume-Uni,27438346.585,7940766.0,7940766.0,3.455377804231985,30029012.656,-8.627210293850156
160413,"Fish preparations; sardines, sardinella and brisling or spra",2020,826,Royaume-Uni,28595216.824,8512215.0,8512215.0,3.359315621609652,27438346.585,4.2162534663529545
160413,"Fish preparations; sardines, sardinella and brisling or spra",2021,826,Royaume-Uni,27202699.178,7897694.0,7897694.0,3.4443850544222148,28595216.824,-4.869757255455604
160413,"Fish preparations; sardines, sardinella and brisling or spra",2022,826,Royaume-Uni,36536905.657,10486510.0,10486510.0,3.484181644512807,27202699.178,34.31353049902112
160413,"Fish preparations; sardines, sardinella and brisling or spra",2023,826,Royaume-Uni,37798585.271,9221320.0,9221320.0,4.099042791162219,36536905.657,3.4531649336820034
160413,"Fish preparations; sardines, sardinella and brisling or spra",2015,842,États-Unis,33600211.266,5387237.9,5387237.9,6.237001574777309,,
160413,"Fish preparations; sardines, sardinella and brisling or spra",2016,842,États-Unis,30849736.0,5289134.0,5289134.0,5.8326629652415685,33600211.266,-8.185886821441517
160413,"Fish preparations; sardines, sardinella and brisling or spra",2017,842,États-Unis,38705225.251,7251579.9,7251579.9,5.337488627960922,30849736.0,25.46371628917668
160413,"Fish preparations; sardines, sardinella and brisling or spra",2018,842,États-Unis,46356999.356,8287092.0,8287092.0,5.593880139860882,38705225.251,19.769356864296515
160413,"Fish preparations; sardines, sardinella and brisling or spra",2019,842,États-Unis,39843211.063,7070762.39,7070762.39,5.634924335648621,46356999.356,-14.051358766725086
160413,"Fish preparations; sardines, sardinella and brisling or spra",2020,842,États-Unis,55208045.01,9771045.9,9771045.9,5.650167400196124,39843211.063,38.56324211094621
160413,"Fish preparations; sardines, sardinella and brisling or spra",2021,842,États-Unis,52015966.434,8861328.4,8861328.4,5.869996470732311,55208045.01,-5.781908371183596
160413,"Fish preparations; sardines, sardinella and brisling or spra",2022,842,États-Unis,68347072.141,10746375.14,10746375.14,6.360011748203311,52015966.434,31.39633236983414
160413,"Fish preparations; sardines, sardinella and brisling or spra",2023,842,États-Unis,54713454.921,8577410.1,8577410.1,6.378785004228724,68347072.141,-19.94762437207823
160420,Fish preparations; fish minced or in forms n.e.c. in heading,2015,036,Australie,939516.999,74893.0,74893.0,12.544790554524454,,
160420,Fish preparations; fish minced or in forms n.e.c. in heading,2016,036,Australie,291047.0,22281.0,22281.0,13.062564516852923,939516.999,-69.02163555212054
160420,Fish preparations; fish minced or in forms n.e.c. in heading,2017,036,Australie,309567.081,29299.0,29299.0,10.56578999283252,291047.0,6.3632612602088345
160420,Fish preparations; fish minced or in forms n.e.c. in heading,2018,036,Australie,323410.719,28891.0,28891.0,11.194168391540618,309567.081,4.471934792058842
160420,Fish preparations; fish minced or in forms n.e.c. in heading,2019,036,Australie,255455.482,34218.0,34218.0,7.46552931205798,323410.719,-21.012054643742342
160420,Fish preparations; fish minced or in forms n.e.c. in heading,2020,036,Australie,653595.731,64448.0,64448.0,10.141443194513407,255455.482,155.85504209300942
160420,Fish preparations; fish minced or in forms n.e.c. in heading,2021,036,Australie,623504.664,54328.0,54328.0,11.47667250773082,653595.731,-4.60392649045623
160420,Fish preparations; fish minced or in forms n.e.c. in heading,2022,036,Australie,369582.573,32940.0,32940.0,11.219871675774135,623504.664,-40.72497058337963
160420,Fish preparations; fish minced or in forms n.e.c. in heading,2023,036,Australie,426894.459,32219.0,32219.0,13.249773704956702,369582.573,15.507193841631706
160420,Fish preparations; fish minced or in forms n.e.c. in heading,2015,056,Belgique,3407729.486,381209.24,381209.24,8.939262558273771,,
160420,Fish preparations; fish minced or in forms n.e.c. in heading,2016,056,Belgique,1879185.0,196648.0,196648.0,9.556084984337497,3407729.486,-44.85521788861852
160420,Fish preparations; fish minced or in forms n.e.c. in heading,2017,056,Belgique,1129358.89,145581.59,145581.59,7.75756666759856,1879185.0,-39.901665349606354
160420,Fish preparations; fish minced or in forms n.e.c. in heading,2018,056,Belgique,213632.027,24279.76,24279.76,8.79877012787606,1129358.89,-81.08377869146626
160420,Fish preparations; fish minced or in forms n.e.c. in heading,2019,056,Belgique,2036668.138,465540.4,465540.4,4.374847248487994,213632.027,853.353374304687
160420,Fish preparations; fish minced or in forms n.e.c. in heading,2020,056,Belgique,624433.844,123169.4,123169.4,5.069715724847243,2036668.138,-69.34042260742629
160420,Fish preparations; fish minced or in forms n.e.c. in heading,2021,056,Belgique,5476.452,576.0,576.0,9.507729166666667,624433.844,-99.12297322564726
160420,Fish preparations; fish minced or in forms n.e.c. in heading,2022,056,Belgique,8662.429,1205.0,1205.0,7.1887377593360995,5476.452,58.17593215461396
160420,Fish preparations; fish minced or in forms n.e.c. in heading,2023,056,Belgique,5426.383,753.0,753.0,7.20635192563081,8662.429,-37.35725857031556
160420,Fish preparations; fish minced or in forms n.e.c. in heading,2016,124,Canada,165213.0,14331.0,14331.0,11.528365082687879,,
160420,Fish preparations; fish minced or in forms n.e.c. in heading,2017,124,Canada,90686.091,9822.4,9822.4,9.23257971575175,165213.0,-45.109591254925455
160420,Fish preparations; fish minced or in forms n.e.c. in heading,2018,124,Canada,90866.688,8646.0,8646.0,10.509679389312977,90686.091,0.1991452029837677
160420,Fish preparations; fish minced or in forms n.e.c. in heading,2019,124,Canada,312359.654,49236.0,49236.0,6.344131407912909,90866.688,243.75595817908538
160420,Fish preparations; fish minced or in forms n.e.c. in heading,2020,124,Canada,140258.122,24002.0,24002.0,5.843601449879177,312359.654,-55.09723480485095
160420,Fish preparations; fish minced or in forms n.e.c. in heading,2021,124,Canada,156695.559,34324.0,34324.0,4.565189342733947,140258.122,11.719419000918894
160420,Fish preparations; fish minced or in forms n.e.c. in heading,2022,124,Canada,13990.528,3168.0,3168.0,4.416202020202021,156695.559,-91.07152232693461
160420,Fish preparations; fish minced or in forms n.e.c. in heading,2023,124,Canada,19825.44,4440.0,4440.0,4.465189189189189,13990.528,41.70616005343042
160420,Fish preparations; fish minced or in forms n.e.c. in heading,2017,156,Chine,15.571,15.4,15.4,1.011103896103896,,
160420,Fish preparations; fish minced or in forms n.e.c. in heading,2019,156,Chine,15.597,6.0,6.0,2.5995,15.571,0.1669770727634693
160420,Fish preparations; fish minced or in forms n.e.c. in heading,2015,251,France,24863417.164,3205821.67,3205821.67,7.755708122092768,,
160420,Fish preparations; fish minced or in forms n.e.c. in heading,2016,251,France,24238216.0,3169507.0,3169507.0,7.647314235305364,24863417.164,-2.5145423892305363
160420,Fish preparations; fish minced or in forms n.e.c. in heading,2017,251,France,16416650.481,2261335.52,2261335.52,7.259714596001216,24238216.0,-32.26955943869796
160420,Fish preparations; fish minced or in forms n.e.c. in heading,2018,251,France,15804639.785,2155119.19,2155119.19,7.333533968021509,16416650.481,-3.727987610556234
160420,Fish preparations; fish minced or in forms n.e.c. in heading,2019,251,France,14392243.22,2075299.3,2075299.3,6.935020514872241,15804639.785,-8.936594469811888
160420,Fish preparations; fish minced or in forms n.e.c. in heading,2020,251,France,14845892.459,2250247.8,2250247.8,6.59744782730151,14392243.22,3.152039831911624
160420,Fish preparations; fish minced or in forms n.e.c. in heading,2021,251,France,14436230.502,2864901.44,2864901.44,5.038997258488585,14845892.459,-2.7594296411035346
160420,Fish preparations; fish minced or in forms n.e.c. in heading,2022,251,France,4421959.176,673511.96,673511.96,6.565524353865966,14436230.502,-69.3690179345129
160420,Fish preparations; fish minced or in forms n.e.c. in heading,2023,251,France,3861127.993,438774.94,438774.94,8.799791512705808,4421959.176,-12.682866590987274
160420,Fish preparations; fish minced or in forms n.e.c. in heading,2015,276,Allemagne,4784925.003,710766.14,710766.14,6.732066616172795,,
160420,Fish preparations; fish minced or in forms n.e.c. in heading,2016,276,Allemagne,4757283.0,632305.0,632305.0,7.523715611927788,4784925.003,-0.5776893678097125
160420,Fish preparations; fish minced or in forms n.e.c. in heading,2017,276,Allemagne,3272731.907,470116.06,470116.06,6.961540320490221,4757283.0,-31.205860424952643
160420,Fish preparations; fish minced or in forms n.e.c. in heading,2018,276,Allemagne,3219727.743,639947.5,639947.5,5.03123731712367,3272731.907,-1.6195693844225516
160420,Fish preparations; fish minced or in forms n.e.c. in heading,2019,276,Allemagne,1886563.483,297256.21,297256.21,6.346590649863967,3219727.743,-41.40611773459505
160420,Fish preparations; fish minced or in forms n.e.c. in heading,2020,276,Allemagne,5031292.425,1106436.65,1106436.65,4.5472937153699675,1886563.483,166.69086253059845
160420,Fish preparations; fish minced or in forms n.e.c. in heading,2021,276,Allemagne,7272565.142,1631658.8,1631658.8,4.457160493358048,5031292.425,44.5466597382282
160420,Fish preparations; fish minced or in forms n.e.c. in heading,2022,276,Allemagne,3718003.619,895428.8,895428.8,4.152204640949677,7272565.142,-48.87631053961895
160420,Fish preparations; fish minced or in forms n.e.c. in heading,2023,276,Allemagne,2206451.986,455062.01,455062.01,4.848684217783857,3718003.619,-40.65492635014027
160420,Fish preparations; fish minced or in forms n.e.c. in heading,2015,380,Italie,16724643.354,2182273.7,2182273.7,7.6638614826362055,,
160420,Fish preparations; fish minced or in forms n.e.c. in heading,2016,380,Italie,17206760.0,2584067.0,2584067.0,6.658790193907511,16724643.354,2.8826722088796757
160420,Fish preparations; fish minced or in forms n.e.c. in heading,2017,380,Italie,18537516.13,2755128.4,2755128.4,6.728367407486345,17206760.0,7.733914635875662
160420,Fish preparations; fish minced or in forms n.e.c. in heading,2018,380,Italie,19597956.52,2707370.1,2707370.1,7.2387430591776125,18537516.13,5.7205096009807255
160420,Fish preparations; fish minced or in forms n.e.c. in heading,2019,380,Italie,16413651.327,2603211.9,2603211.9,6.3051537706169825,19597956.52,-16.248149085086347
160420,Fish preparations; fish minced or in forms n.e.c. in heading,2020,380,Italie,20792361.001,3424578.82,3424578.82,6.071508963254057,16413651.327,26.677243148190577
160420,Fish preparations; fish minced or in forms n.e.c. in heading,2021,380,Italie,31197688.787,4405524.64,4405524.64,7.08149229350355,20792361.001,50.04399349116516
160420,Fish preparations; fish minced or in forms n.e.c. in heading,2022,380,Italie,22935730.259,3272455.36,3272455.36,7.00872211714448,31197688.787,-26.482598068106693
160420,Fish preparations; fish minced or in forms n.e.c. in heading,2023,380,Italie,34057289.171,3967133.58,3967133.58,8.584860702119336,22935730.259,48.4901016292511
160420,Fish preparations; fish minced or in forms n.e.c. in heading,2015,392,Japon,579549.577,63270.0,63270.0,9.159942737474317,,
160420,Fish preparations; fish minced or in forms n.e.c. in heading,2016,392,Japon,925346.0,165650.0,165650.0,5.586151524298219,579549.577,59.66640935017021
160420,Fish preparations; fish minced or in forms n.e.c. in heading,2017,392,Japon,449242.288,95609.7,95609.7,4.698710360978018,925346.0,-51.45142595310295
160420,Fish preparations; fish minced or in forms n.e.c. in heading,2018,392,Japon,333616.34,96917.0,96917.0,3.442289175273688,449242.288,-25.73799285787628
160420,Fish preparations; fish minced or in forms n.e.c. in heading,2019,392,Japon,728947.383,208584.1,208584.1,3.494740888687105,333616.34,118.49870512937106
160420,Fish preparations; fish minced or in forms n.e.c. in heading,2020,392,Japon,383138.404,87179.0,87179.0,4.394847428853279,728947.383,-47.43949797539777
160420,Fish preparations; fish minced or in forms n.e.c. in heading,2021,392,Japon,75879.866,17698.5,17698.5,4.2873614148091646,383138.404,-80.19518137367405
160420,Fish preparations; fish minced or in forms n.e.c. in heading,2022,392,Japon,160331.705,35417.0,35417.0,4.526970240280091,75879.866,111.29676876340294
160420,Fish preparations; fish minced or in forms n.e.c. in heading,2023,392,Japon,300597.441,43042.13,43042.13,6.983795667175393,160331.705,87.4847155152501
160420,Fish preparations; fish minced or in forms n.e.c. in heading,2019,414,Koweït,58425.965,20430.0,20430.0,2.8598122858541357,,
160420,Fish preparations; fish minced or in forms n.e.c. in heading,2020,414,Koweït,163024.203,58750.0,58750.0,2.77488005106383,58425.965,179.02697542094515
160420,Fish preparations; fish minced or in forms n.e.c. in heading,2021,414,Koweït,169216.068,60937.5,60937.5,2.7768790646153847,163024.203,3.7981262205587902
160420,Fish preparations; fish minced or in forms n.e.c. in heading,2022,414,Koweït,50304.408,19593.8,19593.8,2.5673635537772155,169216.068,-70.2720855090428
160420,Fish preparations; fish minced or in forms n.e.c. in heading,2023,414,Koweït,556204.181,160031.3,160031.3,3.4755962177399047,50304.408,1005.6768245836429
160420,Fish preparations; fish minced or in forms n.e.c. in heading,2015,528,Pays-Bas,737721.269,96453.0,96453.0,7.648505168320321,,
160420,Fish preparations; fish minced or in forms n.e.c. in heading,2016,528,Pays-Bas,904108.0,155774.0,155774.0,5.803972421585117,737721.269,22.5541458531542
160420,Fish preparations; fish minced or in forms n.e.c. in heading,2017,528,Pays-Bas,923671.834,107857.6,107857.6,8.563808521606266,904108.0,2.163882412278183
160420,Fish preparations; fish minced or in forms n.e.c. in heading,2018,528,Pays-Bas,584670.719,116292.0,116292.0,5.027609113266605,923671.834,-36.70146717930559
160420,Fish preparations; fish minced or in forms n.e.c. in heading,2019,528,Pays-Bas,60644.519,20140.84,20140.84,3.0110223307468806,584670.719,-89.62757719358271
160420,Fish preparations; fish minced or in forms n.e.c. in heading,2020,528,Pays-Bas,650907.892,135057.0,135057.0,4.819505038613326,60644.519,973.3169340497202
160420,Fish preparations; fish minced or in forms n.e.c. in heading,2021,528,Pays-Bas,1140338.063,157784.5,157784.5,7.227186846616747,650907.892,75.19192454344986
160420,Fish preparations; fish minced or in forms n.e.c. in heading,2022,528,Pays-Bas,1482966.428,239790.78,239790.78,6.184418049768219,1140338.063,30.046209638799017
160420,Fish preparations; fish minced or in forms n.e.c. in heading,2023,528,Pays-Bas,960668.532,188390.5,188390.5,5.099347005289545,1482966.428,-35.219805798597626
160420,Fish preparations; fish minced or in forms n.e.c. in heading,2015,634,Qatar,64516.26,20312.6,20312.6,3.176169471165681,,
160420,Fish preparations; fish minced or in forms n.e.c. in heading,2016,634,Qatar,60396.0,20313.0,20313.0,2.9732683503175306,64516.26,-6.3863900356282315
160420,Fish preparations; fish minced or in forms n.e.c. in heading,2017,634,Qatar,161878.313,56875.2,56875.2,2.8462020880805694,60396.0,168.0282021988211
160420,Fish preparations; fish minced or in forms n.e.c. in heading,2018,634,Qatar,169658.821,56856.4,56856.4,2.9839880998445203,161878.313,4.80639305896399
160420,Fish preparations; fish minced or in forms n.e.c. in heading,2019,634,Qatar,173423.487,59375.1,59375.1,2.9208117038960775,169658.821,2.2189627263766014
160420,Fish preparations; fish minced or in forms n.e.c. in heading,2020,634,Qatar,119782.591,40631.3,40631.3,2.948037375127057,173423.487,-30.9305832375519
160420,Fish preparations; fish minced or in forms n.e.c. in heading,2021,634,Qatar,96896.869,30468.8,30468.8,3.18019971249278,119782.591,-19.10605022728219
160420,Fish preparations; fish minced or in forms n.e.c. in heading,2022,634,Qatar,250628.494,60937.6,60937.6,4.112871100929476,96896.869,158.6548942050955
160420,Fish preparations; fish minced or in forms n.e.c. in heading,2023,634,Qatar,295172.934,83281.3,83281.3,3.544288261590537,250628.494,17.773094866061
160420,Fish preparations; fish minced or in forms n.e.c. in heading,2015,682,Arabie Saoudite,213609.775,80625.0,80625.0,2.649423565891473,,
160420,Fish preparations; fish minced or in forms n.e.c. in heading,2016,682,Arabie Saoudite,200660.0,66970.0,66970.0,2.9962669852172614,213609.775,-6.062351313276743
160420,Fish preparations; fish minced or in forms n.e.c. in heading,2017,682,Arabie Saoudite,54235.796,20000.0,20000.0,2.7117898,200660.0,-72.97129672082129
160420,Fish preparations; fish minced or in forms n.e.c. in heading,2018,682,Arabie Saoudite,184896.137,63580.34,63580.34,2.908070906824342,54235.796,240.91163149887205
160420,Fish preparations; fish minced or in forms n.e.c. in heading,2019,682,Arabie Saoudite,161530.476,60000.0,60000.0,2.6921746,184896.137,-12.637181814133841
160420,Fish preparations; fish minced or in forms n.e.c. in heading,2016,702,Singapour,1.0,1.0,1.0,1.0,,
160420,Fish preparations; fish minced or in forms n.e.c. in heading,2015,724,Espagne,43759604.915,4030709.0,4030709.0,10.85655275908035,,
160420,Fish preparations; fish minced or in forms n.e.c. in heading,2016,724,Espagne,46402306.0,4415307.0,4415307.0,10.509417804922737,43759604.915,6.039133785904294
160420,Fish preparations; fish minced or in forms n.e.c. in heading,2017,724,Espagne,48615676.465,4820036.8,4820036.8,10.086162924108796,46402306.0,4.76995790898841
160420,Fish preparations; fish minced or in forms n.e.c. in heading,2018,724,Espagne,56609561.908,5096445.16,5096445.16,11.107656441063323,48615676.465,16.44302007965487
160420,Fish preparations; fish minced or in forms n.e.c. in heading,2019,724,Espagne,54438889.126,5149562.6,5149562.6,10.571555946518643,56609561.908,-3.8344631345632103
160420,Fish preparations; fish minced or in forms n.e.c. in heading,2020,724,Espagne,48719837.929,5131353.1,5131353.1,9.494540129970787,54438889.126,-10.505451688705724
160420,Fish preparations; fish minced or in forms n.e.c. in heading,2021,724,Espagne,48918103.414,4729931.1,4729931.1,10.342244396329578,48719837.929,0.4069502145900692
160420,Fish preparations; fish minced or in forms n.e.c. in heading,2022,724,Espagne,45516500.948,4396158.78,4396158.78,10.353698131895044,48918103.414,-6.95366792373738
160420,Fish preparations; fish minced or in forms n.e.c. in heading,2023,724,Espagne,47802182.413,4275981.0,4275981.0,11.17923171618396,45516500.948,5.02165460304443
160420,Fish preparations; fish minced or in forms n.e.c. in heading,2015,784,Émirats Arabes,93132.455,27422.26,27422.26,3.396235576498801,,
160420,Fish preparations; fish minced or in forms n.e.c. in heading,2016,784,Émirats Arabes,22259.0,5092.0,5092.0,4.371366849960722,93132.455,-76.09963143353195
160420,Fish preparations; fish minced or in forms n.e.c. in heading,2017,784,Émirats Arabes,158362.791,60937.5,60937.5,2.598774006153846,22259.0,611.4551013073363
160420,Fish preparations; fish minced or in forms n.e.c. in heading,2018,784,Émirats Arabes,6520.172,1265.26,1265.26,5.153227004726301,158362.791,-95.88276263708943
160420,Fish preparations; fish minced or in forms n.e.c. in heading,2019,784,Émirats Arabes,223.977,34.52,34.52,6.488325608342989,6520.172,-96.56486055889323
160420,Fish preparations; fish minced or in forms n.e.c. in heading,2020,784,Émirats Arabes,106167.02,37500.0,37500.0,2.8311205333333334,223.977,47300.858123825215
160420,Fish preparations; fish minced or in forms n.e.c. in heading,2021,784,Émirats Arabes,56435.098,18761.48,18761.48,3.008030176723798,106167.02,-46.843098732544256
160420,Fish preparations; fish minced or in forms n.e.c. in heading,2022,784,Émirats Arabes,289763.745,78014.0,78014.0,3.714253146871074,56435.098,413.44598533345334
160420,Fish preparations; fish minced or in forms n.e.c. in heading,2023,784,Émirats Arabes,227821.71,57000.72,57000.72,3.9968216190953374,289763.745,-21.37673745209222
160420,Fish preparations; fish minced or in forms n.e.c. in heading,2015,826,Royaume-Uni,3243996.416,345908.3,345908.3,9.378197678402051,,
160420,Fish preparations; fish minced or in forms n.e.c. in heading,2016,826,Royaume-Uni,3021927.0,303427.0,303427.0,9.95932135241755,3243996.416,-6.845550596317311
160420,Fish preparations; fish minced or in forms n.e.c. in heading,2017,826,Royaume-Uni,1635995.396,239803.4,239803.4,6.82223603168262,3021927.0,-45.862511040140944
160420,Fish preparations; fish minced or in forms n.e.c. in heading,2018,826,Royaume-Uni,1500115.384,287557.0,287557.0,5.216758360951046,1635995.396,-8.305647578973986
160420,Fish preparations; fish minced or in forms n.e.c. in heading,2019,826,Royaume-Uni,1892012.124,351161.6,351161.6,5.387867363629737,1500115.384,26.124439771760915
160420,Fish preparations; fish minced or in forms n.e.c. in heading,2020,826,Royaume-Uni,2061633.816,373802.2,373802.2,5.5153068012975845,1892012.124,8.96514825927194
160420,Fish preparations; fish minced or in forms n.e.c. in heading,2021,826,Royaume-Uni,1876354.009,352843.9,352843.9,5.317802033703856,2061633.816,-8.987037637919693
160420,Fish preparations; fish minced or in forms n.e.c. in heading,2022,826,Royaume-Uni,1210100.305,267934.4,267934.4,4.51640515364955,1876354.009,-35.50788927911738
160420,Fish preparations; fish minced or in forms n.e.c. in heading,2023,826,Royaume-Uni,9487586.993,2327576.4,2327576.4,4.07616566012613,1210100.305,684.0331048424949
160420,Fish preparations; fish minced or in forms n.e.c. in heading,2015,842,États-Unis,4138675.723,325435.0,325435.0,12.717365135895033,,
160420,Fish preparations; fish minced or in forms n.e.c. in heading,2016,842,États-Unis,4988467.0,418122.0,418122.0,11.930649427679002,4138675.723,20.532927290665135
160420,Fish preparations; fish minced or in forms n.e.c. in heading,2017,842,États-Unis,1875037.224,187037.78,187037.78,10.024911672925116,4988467.0,-62.41255632241328
160420,Fish preparations; fish minced or in forms n.e.c. in heading,2018,842,États-Unis,3857935.247,602761.79,602761.79,6.4004310011090775,1875037.224,105.75246174419415
160420,Fish preparations; fish minced or in forms n.e.c. in heading,2019,842,États-Unis,7899432.247,1505069.1,1505069.1,5.24855121070521,3857935.247,104.75803094784293
160420,Fish preparations; fish minced or in forms n.e.c. in heading,2020,842,États-Unis,8452716.422,1216063.0,1216063.0,6.950886937601095,7899432.247,7.004100518871123
160420,Fish preparations; fish minced or in forms n.e.c. in heading,2021,842,États-Unis,6136862.231,649520.0,649520.0,9.448303718130312,8452716.422,-27.39775091676441
160420,Fish preparations; fish minced or in forms n.e.c. in heading,2022,842,États-Unis,5688283.433,559135.73,559135.73,10.173349918095916,6136862.231,-7.309579083167779
160420,Fish preparations; fish minced or in forms n.e.c. in heading,2023,842,États-Unis,11474491.784,1097074.39,1097074.39,10.459173861491745,5688283.433,101.72151966675742
170199,"Sugars; sucrose, chemically pure, in solid form, not contain",2015,036,Australie,31710.208,69000.0,69000.0,0.45956823188405793,,
170199,"Sugars; sucrose, chemically pure, in solid form, not contain",2017,056,Belgique,30129.428,25408.0,25408.0,1.1858244647355163,,
170199,"Sugars; sucrose, chemically pure, in solid form, not contain",2018,056,Belgique,57348.514,76574.0,76574.0,0.7489293232689948,30129.428,90.34053351427714
170199,"Sugars; sucrose, chemically pure, in solid form, not contain",2019,056,Belgique,127887.925,291159.0,291159.0,0.4392374098001436,57348.514,123.00128822867143
170199,"Sugars; sucrose, chemically pure, in solid form, not contain",2020,056,Belgique,87476.397,129708.0,129708.0,0.6744101905819224,127887.925,-31.599174042428167
170199,"Sugars; sucrose, chemically pure, in solid form, not contain",2021,056,Belgique,101289.711,126290.0,126290.0,0.8020406287116952,87476.397,15.79090414526332
170199,"Sugars; sucrose, chemically pure, in solid form, not contain",2022,056,Belgique,4437537.955,7416028.0,7416028.0,0.5983712514300108,101289.711,4281.035261320866
170199,"Sugars; sucrose, chemically pure, in solid form, not contain",2023,056,Belgique,1436885.362,2172492.0,2172492.0,0.6613996102172067,4437537.955,-67.61976175593072
170199,"Sugars; sucrose, chemically pure, in solid form, not contain",2015,124,Canada,28398.091,58744.0,58744.0,0.48342113237096557,,
170199,"Sugars; sucrose, chemically pure, in solid form, not contain",2016,124,Canada,44188.0,48470.0,48470.0,0.9116566948628018,28398.091,55.60200859980341
170199,"Sugars; sucrose, chemically pure, in solid form, not contain",2017,124,Canada,196192.814,299350.0,299350.0,0.6553960714882245,44188.0,343.9956866117498
170199,"Sugars; sucrose, chemically pure, in solid form, not contain",2018,124,Canada,17913.933,21940.0,21940.0,0.8164964904284412,196192.814,-90.86922062293272
170199,"Sugars; sucrose, chemically pure, in solid form, not contain",2019,124,Canada,30639.144,37568.0,37568.0,0.8155649488926746,17913.933,71.03527181886858
170199,"Sugars; sucrose, chemically pure, in solid form, not contain",2020,124,Canada,41828.091,50000.0,50000.0,0.83656182,30639.144,36.51847127321834
170199,"Sugars; sucrose, chemically pure, in solid form, not contain",2021,124,Canada,36923.577,38964.0,38964.0,0.9476331228826609,41828.091,-11.725407214974268
170199,"Sugars; sucrose, chemically pure, in solid form, not contain",2022,124,Canada,99401.413,98576.0,98576.0,1.008373366742412,36923.577,169.2085141155203
170199,"Sugars; sucrose, chemically pure, in solid form, not contain",2023,124,Canada,89979.576,95592.0,95592.0,0.9412877228219935,99401.413,-9.478574514831092
170199,"Sugars; sucrose, chemically pure, in solid form, not contain",2016,156,Chine,442409.0,1025000.0,1025000.0,0.43161853658536586,,
170199,"Sugars; sucrose, chemically pure, in solid form, not contain",2017,156,Chine,181980.479,400000.0,400000.0,0.45495119749999996,442409.0,-58.86600882893431
170199,"Sugars; sucrose, chemically pure, in solid form, not contain",2018,156,Chine,53323.201,130000.0,130000.0,0.4101784692307692,181980.479,-70.69839507346279
170199,"Sugars; sucrose, chemically pure, in solid form, not contain",2019,156,Chine,323582.212,806000.0,806000.0,0.40146676426799005,53323.201,506.83193418939726
170199,"Sugars; sucrose, chemically pure, in solid form, not contain",2020,156,Chine,10719045.533,26806000.0,26806000.0,0.3998748613370141,323582.212,3212.618906567089
170199,"Sugars; sucrose, chemically pure, in solid form, not contain",2021,156,Chine,41.164,10.0,10.0,4.1164000000000005,10719045.533,-99.99961597327044
170199,"Sugars; sucrose, chemically pure, in solid form, not contain",2015,251,France,127672.269,183498.41,183498.41,0.6957677126466655,,
170199,"Sugars; sucrose, chemically pure, in solid form, not contain",2016,251,France,190378.0,257826.0,257826.0,0.7383972136246926,127672.269,49.114605302424756
170199,"Sugars; sucrose, chemically pure, in solid form, not contain",2017,251,France,327932.728,419929.54,419929.54,0.7809232186904499,190378.0,72.25347886835664
170199,"Sugars; sucrose, chemically pure, in solid form, not contain",2018,251,France,253889.208,319877.26,319877.26,0.7937082117059525,327932.728,-22.57887477458486
170199,"Sugars; sucrose, chemically pure, in solid form, not contain",2019,251,France,232437.677,331147.0,331147.0,0.70191690397316,253889.208,-8.449170080517963
170199,"Sugars; sucrose, chemically pure, in solid form, not contain",2020,251,France,574688.838,995318.0,995318.0,0.5773921882252707,232437.677,147.24427012751465
170199,"Sugars; sucrose, chemically pure, in solid form, not contain",2021,251,France,2010380.172,3485690.0,3485690.0,0.5767524283570828,574688.838,249.82064015657807
170199,"Sugars; sucrose, chemically pure, in solid form, not contain",2022,251,France,2058601.238,3096201.0,3096201.0,0.664879714850554,2010380.172,2.3986043372099015
170199,"Sugars; sucrose, chemically pure, in solid form, not contain",2023,251,France,5476294.758,7485188.0,7485188.0,0.7316175302477373,2058601.238,166.0201819037282
170199,"Sugars; sucrose, chemically pure, in solid form, not contain",2015,276,Allemagne,17.62,1.2,1.2,14.683333333333335,,
170199,"Sugars; sucrose, chemically pure, in solid form, not contain",2019,276,Allemagne,3.535,2.0,2.0,1.7675,17.62,-79.93757094211124
170199,"Sugars; sucrose, chemically pure, in solid form, not contain",2023,276,Allemagne,2788399.784,3982126.0,3982126.0,0.7002289189242128,3.535,78879667.58132955
170199,"Sugars; sucrose, chemically pure, in solid form, not contain",2015,380,Italie,249.861,40.0,40.0,6.246525,,
170199,"Sugars; sucrose, chemically pure, in solid form, not contain",2017,380,Italie,164.99,300.0,300.0,0.5499666666666667,249.861,-33.96728581091086
170199,"Sugars; sucrose, chemically pure, in solid form, not contain",2019,380,Italie,419800.118,1012000.0,1012000.0,0.4148222509881423,164.99,254339.73452936544
170199,"Sugars; sucrose, chemically pure, in solid form, not contain",2020,380,Italie,30454.527,44000.0,44000.0,0.6921483409090908,419800.118,-92.74546964276938
170199,"Sugars; sucrose, chemically pure, in solid form, not contain",2021,380,Italie,90144.896,116860.0,116860.0,0.7713922300188258,30454.527,195.99834533631073
170199,"Sugars; sucrose, chemically pure, in solid form, not contain",2022,380,Italie,10250510.035,16674475.0,16674475.0,0.6147425951941515,90144.896,11271.14855066226
170199,"Sugars; sucrose, chemically pure, in solid form, not contain",2023,380,Italie,28232272.605,42521435.0,42521435.0,0.6639539000741627,10250510.035,175.42310098328684
170199,"Sugars; sucrose, chemically pure, in solid form, not contain",2019,414,Koweït,17289.973,12210.0,12210.0,1.4160502047502048,,
170199,"Sugars; sucrose, chemically pure, in solid form, not contain",2023,414,Koweït,14613.835,26000.0,26000.0,0.5620705769230769,17289.973,-15.477976744093253
170199,"Sugars; sucrose, chemically pure, in solid form, not contain",2015,528,Pays-Bas,184.399,300.0,300.0,0.6146633333333333,,
170199,"Sugars; sucrose, chemically pure, in solid form, not contain",2021,528,Pays-Bas,291158.315,616000.0,616000.0,0.4726596022727273,184.399,157795.82101855217
170199,"Sugars; sucrose, chemically pure, in solid form, not contain",2022,528,Pays-Bas,110442.625,200000.0,200000.0,0.552213125,291158.315,-62.067844430271556
170199,"Sugars; sucrose, chemically pure, in solid form, not contain",2023,528,Pays-Bas,27.538,10.0,10.0,2.7538,110442.625,-99.97506578642079
170199,"Sugars; sucrose, chemically pure, in solid form, not contain",2017,634,Qatar,296941.64,690000.0,690000.0,0.43035020289855075,,
170199,"Sugars; sucrose, chemically pure, in solid form, not contain",2018,634,Qatar,3328768.002,7857000.0,7857000.0,0.42366908514700263,296941.64,1021.0175851389516
170199,"Sugars; sucrose, chemically pure, in solid form, not contain",2019,634,Qatar,3225746.397,8383835.0,8383835.0,0.3847578580685331,3328768.002,-3.094886905248496
170199,"Sugars; sucrose, chemically pure, in solid form, not contain",2020,634,Qatar,3101306.295,7598000.0,7598000.0,0.40817403198210056,3225746.397,-3.8577149808097566
170199,"Sugars; sucrose, chemically pure, in solid form, not contain",2021,634,Qatar,842754.75,1846000.0,1846000.0,0.45653020043336945,3101306.295,-72.82581371086405
170199,"Sugars; sucrose, chemically pure, in solid form, not contain",2015,682,Arabie Saoudite,6213296.52,14805082.2,14805082.2,0.4196732200514226,,
170199,"Sugars; sucrose, chemically pure, in solid form, not contain",2016,682,Arabie Saoudite,1918761.0,3584631.0,3584631.0,0.5352743420452482,6213296.52,-69.11847046372735
170199,"Sugars; sucrose, chemically pure, in solid form, not contain",2017,682,Arabie Saoudite,13764731.921,25180000.0,25180000.0,0.5466533725575854,1918761.0,617.3760526193727
170199,"Sugars; sucrose, chemically pure, in solid form, not contain",2018,682,Arabie Saoudite,4783965.165,11334000.0,11334000.0,0.4220897445738486,13764731.921,-65.24476326559329
170199,"Sugars; sucrose, chemically pure, in solid form, not contain",2019,682,Arabie Saoudite,313988.964,780000.0,780000.0,0.40254995384615383,4783965.165,-93.43663774357772
170199,"Sugars; sucrose, chemically pure, in solid form, not contain",2020,682,Arabie Saoudite,14394480.768,33612000.0,33612000.0,0.4282542177793645,313988.964,4484.3906692211
170199,"Sugars; sucrose, chemically pure, in solid form, not contain",2021,682,Arabie Saoudite,5189501.527,10934000.0,10934000.0,0.47462058962868114,14394480.768,-63.947976931987384
170199,"Sugars; sucrose, chemically pure, in solid form, not contain",2020,702,Singapour,38.539,10.0,10.0,3.8539000000000003,,
170199,"Sugars; sucrose, chemically pure, in solid form, not contain",2023,702,Singapour,91.695,44.75,44.75,2.0490502793296086,38.539,137.9278133838449
170199,"Sugars; sucrose, chemically pure, in solid form, not contain",2015,724,Espagne,198673.747,500000.0,500000.0,0.397347494,,
170199,"Sugars; sucrose, chemically pure, in solid form, not contain",2016,724,Espagne,418513.0,700000.0,700000.0,0.5978757142857143,198673.747,110.65339850866154
170199,"Sugars; sucrose, chemically pure, in solid form, not contain",2017,724,Espagne,1705326.945,3258000.0,3258000.0,0.5234275460405157,418513.0,307.47287300513966
170199,"Sugars; sucrose, chemically pure, in solid form, not contain",2018,724,Espagne,479992.546,1186000.0,1186000.0,0.4047154688026981,1705326.945,-71.8533418235528
170199,"Sugars; sucrose, chemically pure, in solid form, not contain",2019,724,Espagne,8973173.381,22085000.0,22085000.0,0.40630171523658587,479992.546,1769.4401518893585
170199,"Sugars; sucrose, chemically pure, in solid form, not contain",2020,724,Espagne,12338710.792,28506000.0,28506000.0,0.432846095278187,8973173.381,37.506657545771546
170199,"Sugars; sucrose, chemically pure, in solid form, not contain",2021,724,Espagne,20092102.416,40281160.0,40281160.0,0.4987965196632868,12338710.792,62.837939511695474
170199,"Sugars; sucrose, chemically pure, in solid form, not contain",2022,724,Espagne,29691166.348,50437050.0,50437050.0,0.5886776952260293,20092102.416,47.77530859267346
170199,"Sugars; sucrose, chemically pure, in solid form, not contain",2023,724,Espagne,48920241.848,71116176.0,71116176.0,0.6878919058865032,29691166.348,64.76362455628244
170199,"Sugars; sucrose, chemically pure, in solid form, not contain",2016,784,Émirats Arabes,490.0,320.0,320.0,1.53125,,
170199,"Sugars; sucrose, chemically pure, in solid form, not contain",2017,784,Émirats Arabes,165.712,73.35,73.35,2.2591956373551465,490.0,-66.18122448979592
170199,"Sugars; sucrose, chemically pure, in solid form, not contain",2018,784,Émirats Arabes,902.398,346.0,346.0,2.6080867052023122,165.712,444.55802838659844
170199,"Sugars; sucrose, chemically pure, in solid form, not contain",2019,784,Émirats Arabes,1139.847,1800.0,1800.0,0.6332483333333333,902.398,26.313112396082435
170199,"Sugars; sucrose, chemically pure, in solid form, not contain",2023,784,Émirats Arabes,1863584.191,2600030.5,2600030.5,0.7167547423001385,1139.847,163394.24010415433
170199,"Sugars; sucrose, chemically pure, in solid form, not contain",2022,826,Royaume-Uni,24899.267,44000.0,44000.0,0.5658924318181818,,
170199,"Sugars; sucrose, chemically pure, in solid form, not contain",2016,842,États-Unis,11307.0,12400.0,12400.0,0.9118548387096774,,
170199,"Sugars; sucrose, chemically pure, in solid form, not contain",2017,842,États-Unis,10643.397,11379.0,11379.0,0.935354336936462,11307.0,-5.868957283098958
170199,"Sugars; sucrose, chemically pure, in solid form, not contain",2018,842,États-Unis,26474.888,15218.0,15218.0,1.7397087659350767,10643.397,148.74471937859687
170199,"Sugars; sucrose, chemically pure, in solid form, not contain",2019,842,États-Unis,152319.777,338101.0,338101.0,0.45051560628332954,26474.888,475.3368135117324
170199,"Sugars; sucrose, chemically pure, in solid form, not contain",2020,842,États-Unis,32058808.495,72391568.0,72391568.0,0.44285279875413114,152319.777,20947.042692952473
170199,"Sugars; sucrose, chemically pure, in solid form, not contain",2021,842,États-Unis,36419.933,36551.0,36551.0,0.9964141336762331,32058808.495,-99.88639648599018
170199,"Sugars; sucrose, chemically pure, in solid form, not contain",2022,842,États-Unis,40336.748,32448.0,32448.0,1.2431196992110454,36419.933,10.754591448589437
170199,"Sugars; sucrose, chemically pure, in solid form, not contain",2023,842,États-Unis,35.336,26.0,26.0,1.359076923076923,40336.748,-99.9123974991737
200570,"Vegetable preparations; olives, prepared or preserved otherw",2015,036,Australie,643707.394,283276.96,283276.96,2.272360568964027,,
200570,"Vegetable preparations; olives, prepared or preserved otherw",2016,036,Australie,1338118.0,637650.0,637650.0,2.0985148592488043,643707.394,107.87674842212549
200570,"Vegetable preparations; olives, prepared or preserved otherw",2017,036,Australie,2112310.126,960637.82,960637.82,2.198862133077376,1338118.0,57.856790357801046
200570,"Vegetable preparations; olives, prepared or preserved otherw",2018,036,Australie,1028230.042,448134.43,448134.43,2.294467849747675,2112310.126,-51.322013309327865
200570,"Vegetable preparations; olives, prepared or preserved otherw",2019,036,Australie,514312.569,250379.01,250379.01,2.0541361234713724,1028230.042,-49.98078756776881
200570,"Vegetable preparations; olives, prepared or preserved otherw",2020,036,Australie,350680.264,198611.42,198611.42,1.765660121658664,514312.569,-31.81573130093968
200570,"Vegetable preparations; olives, prepared or preserved otherw",2021,036,Australie,526495.37,279924.5,279924.5,1.8808477643078758,350680.264,50.13544360739958
200570,"Vegetable preparations; olives, prepared or preserved otherw",2022,036,Australie,694345.406,360549.0,360549.0,1.9258003932891228,526495.37,31.880629073718154
200570,"Vegetable preparations; olives, prepared or preserved otherw",2023,036,Australie,517716.413,225915.0,225915.0,2.291642489431866,694345.406,-25.43820287046012
200570,"Vegetable preparations; olives, prepared or preserved otherw",2015,056,Belgique,13294526.339,10528128.53,10528128.53,1.2627625414257742,,
200570,"Vegetable preparations; olives, prepared or preserved otherw",2016,056,Belgique,14727345.0,11847966.0,11847966.0,1.243027284176879,13294526.339,10.777508159856527
200570,"Vegetable preparations; olives, prepared or preserved otherw",2017,056,Belgique,16152960.884,11969848.95,11969848.95,1.3494707369719983,14727345.0,9.680060350321117
200570,"Vegetable preparations; olives, prepared or preserved otherw",2018,056,Belgique,17739352.151,12223872.4,12223872.4,1.4512056057620497,16152960.884,9.821055584746508
200570,"Vegetable preparations; olives, prepared or preserved otherw",2019,056,Belgique,16048294.314,12261619.23,12261619.23,1.3088234117346669,17739352.151,-9.532804933378996
200570,"Vegetable preparations; olives, prepared or preserved otherw",2020,056,Belgique,15050393.965,11326718.09,11326718.09,1.3287515276192416,16048294.314,-6.218108476048226
200570,"Vegetable preparations; olives, prepared or preserved otherw",2021,056,Belgique,12812544.744,10111477.0,10111477.0,1.2671289015442553,15050393.965,-14.8690408118496
200570,"Vegetable preparations; olives, prepared or preserved otherw",2022,056,Belgique,11019341.956,9134572.64,9134572.64,1.2063336064291235,12812544.744,-13.995680201153963
200570,"Vegetable preparations; olives, prepared or preserved otherw",2023,056,Belgique,11946188.413,7225725.34,7225725.34,1.6532857050168477,11019341.956,8.411087165648173
200570,"Vegetable preparations; olives, prepared or preserved otherw",2015,124,Canada,4023996.206,2043505.76,2043505.76,1.9691631336532174,,
200570,"Vegetable preparations; olives, prepared or preserved otherw",2016,124,Canada,3086444.0,1681976.0,1681976.0,1.8350107254800305,4023996.206,-23.299033050827877
200570,"Vegetable preparations; olives, prepared or preserved otherw",2017,124,Canada,3165587.312,1663887.7,1663887.7,1.902524618698726,3086444.0,2.5642231642628186
200570,"Vegetable preparations; olives, prepared or preserved otherw",2018,124,Canada,3913104.704,1873083.76,1873083.76,2.0891242493074627,3165587.312,23.613861136173266
200570,"Vegetable preparations; olives, prepared or preserved otherw",2019,124,Canada,2384045.123,1318233.38,1318233.38,1.80851521374766,3913104.704,-39.07535567440824
200570,"Vegetable preparations; olives, prepared or preserved otherw",2020,124,Canada,2238309.888,1217768.1,1217768.1,1.8380427997744395,2384045.123,-6.112939457144676
200570,"Vegetable preparations; olives, prepared or preserved otherw",2021,124,Canada,2143608.825,1343815.0,1343815.0,1.5951666151962882,2238309.888,-4.230918315096128
200570,"Vegetable preparations; olives, prepared or preserved otherw",2022,124,Canada,2102005.535,1285981.04,1285981.04,1.6345540638764007,2143608.825,-1.940806061012556
200570,"Vegetable preparations; olives, prepared or preserved otherw",2023,124,Canada,2996745.589,1526146.9,1526146.9,1.9636023170508687,2102005.535,42.56601798148928
200570,"Vegetable preparations; olives, prepared or preserved otherw",2015,156,Chine,62405.213,27979.0,27979.0,2.2304304299653315,,
200570,"Vegetable preparations; olives, prepared or preserved otherw",2016,156,Chine,25631.0,12355.0,12355.0,2.074544718737353,62405.213,-58.92811070126466
200570,"Vegetable preparations; olives, prepared or preserved otherw",2017,156,Chine,2031.542,411.0,411.0,4.942924574209245,25631.0,-92.07388708985212
200570,"Vegetable preparations; olives, prepared or preserved otherw",2021,156,Chine,30.038,7.3,7.3,4.114794520547945,2031.542,-98.52141870559407
200570,"Vegetable preparations; olives, prepared or preserved otherw",2015,251,France,47929156.493,31083313.71,31083313.71,1.5419577507137028,,
200570,"Vegetable preparations; olives, prepared or preserved otherw",2016,251,France,52116366.0,35112252.0,35112252.0,1.4842786500848764,47929156.493,8.73624702243933
200570,"Vegetable preparations; olives, prepared or preserved otherw",2017,251,France,54527593.665,33829712.64,33829712.64,1.6118255051486006,52116366.0,4.62662278678448
200570,"Vegetable preparations; olives, prepared or preserved otherw",2018,251,France,57858011.776,33898056.42,33898056.42,1.7068238679862342,54527593.665,6.107766521774314
200570,"Vegetable preparations; olives, prepared or preserved otherw",2019,251,France,53260598.794,34965399.06,34965399.06,1.5232372638620757,57858011.776,-7.946026558601944
200570,"Vegetable preparations; olives, prepared or preserved otherw",2020,251,France,53372834.761,33892486.26,33892486.26,1.5747689429320728,53260598.794,0.21072982568991314
200570,"Vegetable preparations; olives, prepared or preserved otherw",2021,251,France,54532069.114,40396675.0,40396675.0,1.3499147916010414,53372834.761,2.171955749007851
200570,"Vegetable preparations; olives, prepared or preserved otherw",2022,251,France,55399792.556,43419990.5,43419990.5,1.275905220568853,54532069.114,1.5912167942610327
200570,"Vegetable preparations; olives, prepared or preserved otherw",2023,251,France,57710223.114,31123477.5,31123477.5,1.8542344156111732,55399792.556,4.17046788697726
200570,"Vegetable preparations; olives, prepared or preserved otherw",2015,276,Allemagne,2352749.751,1361371.81,1361371.81,1.7282198248250784,,
200570,"Vegetable preparations; olives, prepared or preserved otherw",2016,276,Allemagne,3801098.0,2632580.0,2632580.0,1.443867992615609,2352749.751,61.559808831534326
200570,"Vegetable preparations; olives, prepared or preserved otherw",2017,276,Allemagne,3290404.946,2397420.04,2397420.04,1.3724774512187694,3801098.0,-13.435408768729456
200570,"Vegetable preparations; olives, prepared or preserved otherw",2018,276,Allemagne,4037480.842,2915971.02,2915971.02,1.3846093854526718,3290404.946,22.704679462270665
200570,"Vegetable preparations; olives, prepared or preserved otherw",2019,276,Allemagne,2262061.024,1465973.75,1465973.75,1.5430433348482537,4037480.842,-43.97345492097817
200570,"Vegetable preparations; olives, prepared or preserved otherw",2020,276,Allemagne,1536352.604,855109.6,855109.6,1.7966733200048275,2262061.024,-32.081734855973544
200570,"Vegetable preparations; olives, prepared or preserved otherw",2021,276,Allemagne,2645892.287,2083351.0,2083351.0,1.2700175280113624,1536352.604,72.21907784132607
200570,"Vegetable preparations; olives, prepared or preserved otherw",2022,276,Allemagne,1723496.722,1368107.6,1368107.6,1.2597669379221341,2645892.287,-34.86141781099648
200570,"Vegetable preparations; olives, prepared or preserved otherw",2023,276,Allemagne,1349730.477,824570.6,824570.6,1.6368889176984966,1723496.722,-21.686507449011565
200570,"Vegetable preparations; olives, prepared or preserved otherw",2015,380,Italie,6684895.714,5255220.92,5255220.92,1.272048466803561,,
200570,"Vegetable preparations; olives, prepared or preserved otherw",2016,380,Italie,7542637.0,5699047.0,5699047.0,1.3234909275182325,6684895.714,12.831034659279059
200570,"Vegetable preparations; olives, prepared or preserved otherw",2017,380,Italie,8684908.984,6076946.42,6076946.42,1.4291567481024456,7542637.0,15.14419935627287
200570,"Vegetable preparations; olives, prepared or preserved otherw",2018,380,Italie,10116295.608,6802124.78,6802124.78,1.487225820635416,8684908.984,16.481308285867005
200570,"Vegetable preparations; olives, prepared or preserved otherw",2019,380,Italie,8457469.178,6676217.1,6676217.1,1.2668055953423085,10116295.608,-16.397567788432305
200570,"Vegetable preparations; olives, prepared or preserved otherw",2020,380,Italie,8578540.299,6319310.8,6319310.8,1.3575120089045154,8457469.178,1.431528965129871
200570,"Vegetable preparations; olives, prepared or preserved otherw",2021,380,Italie,11038486.99,8740764.0,8740764.0,1.2628743883257803,8578540.299,28.67558588361187
200570,"Vegetable preparations; olives, prepared or preserved otherw",2022,380,Italie,9330412.002,7749832.0,7749832.0,1.2039502278242935,11038486.99,-15.47381438731034
200570,"Vegetable preparations; olives, prepared or preserved otherw",2023,380,Italie,9320806.372,4852613.2,4852613.2,1.9207808221763893,9330412.002,-0.10294968751585487
200570,"Vegetable preparations; olives, prepared or preserved otherw",2015,392,Japon,23331.571,12504.6,12504.6,1.8658390512291476,,
200570,"Vegetable preparations; olives, prepared or preserved otherw",2016,392,Japon,26313.0,10252.0,10252.0,2.56662114709325,23331.571,12.778518000352399
200570,"Vegetable preparations; olives, prepared or preserved otherw",2017,392,Japon,12613.297,2156.0,2156.0,5.850323283858998,26313.0,-52.06439022536389
200570,"Vegetable preparations; olives, prepared or preserved otherw",2018,392,Japon,7378.561,1139.0,1139.0,6.47810447761194,12613.297,-41.50172631311227
200570,"Vegetable preparations; olives, prepared or preserved otherw",2019,392,Japon,5680.793,941.0,941.0,6.036974495217853,7378.561,-23.00947298531516
200570,"Vegetable preparations; olives, prepared or preserved otherw",2020,392,Japon,5806.971,941.0,941.0,6.1710637619553665,5680.793,2.2211335635711404
200570,"Vegetable preparations; olives, prepared or preserved otherw",2021,392,Japon,51563.976,25370.7,25370.7,2.032422282396623,5806.971,787.966824700864
200570,"Vegetable preparations; olives, prepared or preserved otherw",2022,392,Japon,146303.089,69742.48,69742.48,2.0977614934255278,51563.976,183.73120218658082
200570,"Vegetable preparations; olives, prepared or preserved otherw",2023,392,Japon,89906.388,43396.16,43396.16,2.0717590680834435,146303.089,-38.5478539007471
200570,"Vegetable preparations; olives, prepared or preserved otherw",2015,414,Koweït,369273.563,263261.66,263261.66,1.4026864489117028,,
200570,"Vegetable preparations; olives, prepared or preserved otherw",2016,414,Koweït,378400.0,288624.0,288624.0,1.311048284272964,369273.563,2.4714569128253503
200570,"Vegetable preparations; olives, prepared or preserved otherw",2017,414,Koweït,515356.155,343399.16,343399.16,1.5007496087060903,378400.0,36.19348705073996
200570,"Vegetable preparations; olives, prepared or preserved otherw",2018,414,Koweït,508811.151,361523.66,361523.66,1.4074076119941916,515356.155,-1.2699962805334137
200570,"Vegetable preparations; olives, prepared or preserved otherw",2019,414,Koweït,408875.905,300846.84,300846.84,1.3590832630982594,508811.151,-19.64093078612579
200570,"Vegetable preparations; olives, prepared or preserved otherw",2020,414,Koweït,574398.267,410730.46,410730.46,1.3984798376044474,408875.905,40.4822979236206
200570,"Vegetable preparations; olives, prepared or preserved otherw",2021,414,Koweït,341483.706,249827.82,249827.82,1.3668762189895425,574398.267,-40.54931471441922
200570,"Vegetable preparations; olives, prepared or preserved otherw",2022,414,Koweït,307129.275,226952.65,226952.65,1.3532746808640481,341483.706,-10.060342674153825
200570,"Vegetable preparations; olives, prepared or preserved otherw",2023,414,Koweït,441270.816,281717.5,281717.5,1.5663592641564688,307129.275,43.67592148289998
200570,"Vegetable preparations; olives, prepared or preserved otherw",2015,528,Pays-Bas,1185078.748,1025007.08,1025007.08,1.1561664022847529,,
200570,"Vegetable preparations; olives, prepared or preserved otherw",2016,528,Pays-Bas,1232884.0,1109331.0,1109331.0,1.1113761357070162,1185078.748,4.033930410167148
200570,"Vegetable preparations; olives, prepared or preserved otherw",2017,528,Pays-Bas,1184802.333,938549.06,938549.06,1.2623765591965965,1232884.0,-3.899934381498981
200570,"Vegetable preparations; olives, prepared or preserved otherw",2018,528,Pays-Bas,1526929.177,1108379.08,1108379.08,1.3776235987781362,1184802.333,28.876280411578136
200570,"Vegetable preparations; olives, prepared or preserved otherw",2019,528,Pays-Bas,1320170.068,1086976.02,1086976.02,1.2145346757511724,1526929.177,-13.540844730351234
200570,"Vegetable preparations; olives, prepared or preserved otherw",2020,528,Pays-Bas,1488023.364,1242448.58,1242448.58,1.1976538811771187,1320170.068,12.71452065674315
200570,"Vegetable preparations; olives, prepared or preserved otherw",2021,528,Pays-Bas,1573419.97,1273496.4,1273496.4,1.2355119103595424,1488023.364,5.738929109986738
200570,"Vegetable preparations; olives, prepared or preserved otherw",2022,528,Pays-Bas,1652857.433,1379492.4,1379492.4,1.198163493325516,1573419.97,5.048713281553176
200570,"Vegetable preparations; olives, prepared or preserved otherw",2023,528,Pays-Bas,3323555.936,2049383.46,2049383.46,1.6217345366884146,1652857.433,101.07940767568913
200570,"Vegetable preparations; olives, prepared or preserved otherw",2015,634,Qatar,325819.17,138215.0,138215.0,2.3573358173859567,,
200570,"Vegetable preparations; olives, prepared or preserved otherw",2016,634,Qatar,421158.0,173865.0,173865.0,2.42232766801829,325819.17,29.261270906803926
200570,"Vegetable preparations; olives, prepared or preserved otherw",2017,634,Qatar,502321.593,217522.0,217522.0,2.3092909820615843,421158.0,19.2715306369581
200570,"Vegetable preparations; olives, prepared or preserved otherw",2018,634,Qatar,421292.011,202569.48,202569.48,2.0797407931342864,502321.593,-16.131017087294513
200570,"Vegetable preparations; olives, prepared or preserved otherw",2019,634,Qatar,454417.172,191566.4,191566.4,2.372113126310251,421292.011,7.8627555555521855
200570,"Vegetable preparations; olives, prepared or preserved otherw",2020,634,Qatar,553355.597,214988.84,214988.84,2.573880565149335,454417.172,21.77259819749944
200570,"Vegetable preparations; olives, prepared or preserved otherw",2021,634,Qatar,561256.83,379650.7,379650.7,1.478350573303302,553355.597,1.4278762233248015
200570,"Vegetable preparations; olives, prepared or preserved otherw",2022,634,Qatar,530941.113,357051.7,357051.7,1.4870146620223346,561256.83,-5.40139832240437
200570,"Vegetable preparations; olives, prepared or preserved otherw",2023,634,Qatar,421930.424,246393.5,246393.5,1.7124251410852964,530941.113,-20.531596881630072
200570,"Vegetable preparations; olives, prepared or preserved otherw",2015,682,Arabie Saoudite,3283677.69,1699546.2,1699546.2,1.9320908663736238,,
200570,"Vegetable preparations; olives, prepared or preserved otherw",2016,682,Arabie Saoudite,3313794.0,1662186.0,1662186.0,1.9936360912677642,3283677.69,0.9171518292344965
200570,"Vegetable preparations; olives, prepared or preserved otherw",2017,682,Arabie Saoudite,2694129.338,1405463.0,1405463.0,1.9168980883879547,3313794.0,-18.69955289918444
200570,"Vegetable preparations; olives, prepared or preserved otherw",2018,682,Arabie Saoudite,2996731.019,1548900.6,1548900.6,1.93474714839674,2694129.338,11.231891384421717
200570,"Vegetable preparations; olives, prepared or preserved otherw",2019,682,Arabie Saoudite,3649779.818,1827834.6,1827834.6,1.996777945881974,2996731.019,21.792039220721268
200570,"Vegetable preparations; olives, prepared or preserved otherw",2020,682,Arabie Saoudite,4099578.403,2184350.78,2184350.78,1.8767948996726618,3649779.818,12.323992334597317
200570,"Vegetable preparations; olives, prepared or preserved otherw",2021,682,Arabie Saoudite,4069520.489,3413330.3,3413330.3,1.192243390274888,4099578.403,-0.7331952470528192
200570,"Vegetable preparations; olives, prepared or preserved otherw",2022,682,Arabie Saoudite,5432593.851,4100061.55,4100061.55,1.3250029992842425,4069520.489,33.494692204755225
200570,"Vegetable preparations; olives, prepared or preserved otherw",2023,682,Arabie Saoudite,2876526.209,1902502.9,1902502.9,1.5119694214395152,5432593.851,-47.05059336488948
200570,"Vegetable preparations; olives, prepared or preserved otherw",2016,702,Singapour,111.0,43.0,43.0,2.5813953488372094,,
200570,"Vegetable preparations; olives, prepared or preserved otherw",2023,702,Singapour,145.883,20.0,20.0,7.29415,111.0,31.426126126126135
200570,"Vegetable preparations; olives, prepared or preserved otherw",2015,724,Espagne,5199667.293,4459665.84,4459665.84,1.1659320405494775,,
200570,"Vegetable preparations; olives, prepared or preserved otherw",2016,724,Espagne,5530414.0,4953469.0,4953469.0,1.1164729202908104,5199667.293,6.36092058130844
200570,"Vegetable preparations; olives, prepared or preserved otherw",2017,724,Espagne,5961837.339,4993366.57,4993366.57,1.1939514664952786,5530414.0,7.800923023122676
200570,"Vegetable preparations; olives, prepared or preserved otherw",2018,724,Espagne,6594158.044,4975918.2,4975918.2,1.3252143180328004,5961837.339,10.606138159181336
200570,"Vegetable preparations; olives, prepared or preserved otherw",2019,724,Espagne,5943908.11,4840524.18,4840524.18,1.2279471993051796,6594158.044,-9.86100014074821
200570,"Vegetable preparations; olives, prepared or preserved otherw",2020,724,Espagne,9439863.262,7426637.88,7426637.88,1.271081667711527,5943908.11,58.81576712329086
200570,"Vegetable preparations; olives, prepared or preserved otherw",2021,724,Espagne,10884596.681,9410480.0,9410480.0,1.1566462795734118,9439863.262,15.304601125058115
200570,"Vegetable preparations; olives, prepared or preserved otherw",2022,724,Espagne,10054657.312,8808470.9,8808470.9,1.141475907242879,10884596.681,-7.624897764459473
200570,"Vegetable preparations; olives, prepared or preserved otherw",2023,724,Espagne,12033591.278,7018351.0,7018351.0,1.7145895493115122,10054657.312,19.681764426105186
200570,"Vegetable preparations; olives, prepared or preserved otherw",2015,784,Émirats Arabes,931009.545,494682.95,494682.95,1.8820328151596897,,
200570,"Vegetable preparations; olives, prepared or preserved otherw",2016,784,Émirats Arabes,908372.0,515625.0,515625.0,1.7616911515151514,931009.545,-2.4315051463838686
200570,"Vegetable preparations; olives, prepared or preserved otherw",2017,784,Émirats Arabes,894940.932,458780.77,458780.77,1.950694079876103,908372.0,-1.4785867463990492
200570,"Vegetable preparations; olives, prepared or preserved otherw",2018,784,Émirats Arabes,740261.875,374387.38,374387.38,1.9772618270412854,894940.932,-17.283716887809085
200570,"Vegetable preparations; olives, prepared or preserved otherw",2019,784,Émirats Arabes,585434.466,268155.04,268155.04,2.183193968683192,740261.875,-20.91522125193871
200570,"Vegetable preparations; olives, prepared or preserved otherw",2020,784,Émirats Arabes,509717.84,252293.0,252293.0,2.020340794235274,585434.466,-12.933407648056031
200570,"Vegetable preparations; olives, prepared or preserved otherw",2021,784,Émirats Arabes,407069.238,269732.1,269732.1,1.5091612677912642,509717.84,-20.13831848616482
200570,"Vegetable preparations; olives, prepared or preserved otherw",2022,784,Émirats Arabes,484234.521,312922.02,312922.02,1.5474606772639394,407069.238,18.956304185284566
200570,"Vegetable preparations; olives, prepared or preserved otherw",2023,784,Émirats Arabes,375901.254,198743.25,198743.25,1.8913913000818896,484234.521,-22.372066075809574
200570,"Vegetable preparations; olives, prepared or preserved otherw",2015,826,Royaume-Uni,5523206.352,2310709.96,2310709.96,2.390263792345449,,
200570,"Vegetable preparations; olives, prepared or preserved otherw",2016,826,Royaume-Uni,5956730.0,2654219.0,2654219.0,2.244249626726355,5523206.352,7.849130022871904
200570,"Vegetable preparations; olives, prepared or preserved otherw",2017,826,Royaume-Uni,5348602.937,2228194.78,2228194.78,2.400419830891086,5956730.0,-10.209075499477063
200570,"Vegetable preparations; olives, prepared or preserved otherw",2018,826,Royaume-Uni,4669971.633,1861077.72,1861077.72,2.509283509664497,5348602.937,-12.688010532721277
200570,"Vegetable preparations; olives, prepared or preserved otherw",2019,826,Royaume-Uni,4422836.03,1846860.8,1846860.8,2.3947858062719183,4669971.633,-5.29201507892757
200570,"Vegetable preparations; olives, prepared or preserved otherw",2020,826,Royaume-Uni,2923485.652,1080433.68,1080433.68,2.705844612322711,4422836.03,-33.90020267154241
200570,"Vegetable preparations; olives, prepared or preserved otherw",2021,826,Royaume-Uni,2957337.851,1515084.1,1515084.1,1.9519298308258926,2923485.652,1.1579396319883162
200570,"Vegetable preparations; olives, prepared or preserved otherw",2022,826,Royaume-Uni,2758475.433,1627265.7,1627265.7,1.6951598211650378,2957337.851,-6.724372662824299
200570,"Vegetable preparations; olives, prepared or preserved otherw",2023,826,Royaume-Uni,2759826.211,1261701.1,1261701.1,2.1873851191855187,2758475.433,0.048968280951151494
200570,"Vegetable preparations; olives, prepared or preserved otherw",2015,842,États-Unis,14710083.408,8094014.91,8094014.91,1.8174025587506608,,
200570,"Vegetable preparations; olives, prepared or preserved otherw",2016,842,États-Unis,23266916.0,12722380.0,12722380.0,1.828817878415831,14710083.408,58.16984414477495
200570,"Vegetable preparations; olives, prepared or preserved otherw",2017,842,États-Unis,26476169.591,13905476.02,13905476.02,1.9040103016192895,23266916.0,13.793205730402766
200570,"Vegetable preparations; olives, prepared or preserved otherw",2018,842,États-Unis,41394258.484,22680762.86,22680762.86,1.8250822840268432,26476169.591,56.34534422256866
200570,"Vegetable preparations; olives, prepared or preserved otherw",2019,842,États-Unis,51855778.737,26450642.95,26450642.95,1.960473279799802,41394258.484,25.27287753455873
200570,"Vegetable preparations; olives, prepared or preserved otherw",2020,842,États-Unis,33485240.782,19032552.2,19032552.2,1.7593668169211696,51855778.737,-35.42621170182582
200570,"Vegetable preparations; olives, prepared or preserved otherw",2021,842,États-Unis,43235647.002,32291938.0,32291938.0,1.3388991085638773,33485240.782,29.118519061811043
200570,"Vegetable preparations; olives, prepared or preserved otherw",2022,842,États-Unis,36924441.245,27015278.13,27015278.13,1.366798485927711,43235647.002,-14.597227506987592
200570,"Vegetable preparations; olives, prepared or preserved otherw",2023,842,États-Unis,24295438.394,15494571.37,15494571.37,1.5679968044188628,36924441.245,-34.20228560048992
230120,"Flours, meals and pellets; of fish or of crustaceans, mollus",2016,056,Belgique,11.0,2.0,2.0,5.5,,
230120,"Flours, meals and pellets; of fish or of crustaceans, mollus",2017,056,Belgique,22.171,2.5,2.5,8.8684,11.0,101.55454545454545
230120,"Flours, meals and pellets; of fish or of crustaceans, mollus",2018,056,Belgique,23.972,4.0,4.0,5.993,22.171,8.123224031392368
230120,"Flours, meals and pellets; of fish or of crustaceans, mollus",2019,056,Belgique,1.352,5.25,5.25,0.25752380952380954,23.972,-94.36008676789588
230120,"Flours, meals and pellets; of fish or of crustaceans, mollus",2021,056,Belgique,426580.541,284860.0,284860.0,1.49750944674577,1.352,31551715.162721895
230120,"Flours, meals and pellets; of fish or of crustaceans, mollus",2023,056,Belgique,314181.51,186096.0,186096.0,1.688276534691772,426580.541,-26.348841589565147
230120,"Flours, meals and pellets; of fish or of crustaceans, mollus",2015,124,Canada,176080.03,124700.0,124700.0,1.4120291098636728,,
230120,"Flours, meals and pellets; of fish or of crustaceans, mollus",2016,124,Canada,317661.0,249283.0,249283.0,1.2742986886390166,176080.03,80.40717053489826
230120,"Flours, meals and pellets; of fish or of crustaceans, mollus",2021,124,Canada,295472.39,199992.0,199992.0,1.4774210468418738,317661.0,-6.984996584409162
230120,"Flours, meals and pellets; of fish or of crustaceans, mollus",2015,156,Chine,8670219.27,5500000.0,5500000.0,1.5764035036363635,,
230120,"Flours, meals and pellets; of fish or of crustaceans, mollus",2016,156,Chine,18681947.0,13475000.0,13475000.0,1.3864153617810762,8670219.27,115.47260130596445
230120,"Flours, meals and pellets; of fish or of crustaceans, mollus",2017,156,Chine,11468694.246,8890180.0,8890180.0,1.290040724259801,18681947.0,-38.61081906505784
230120,"Flours, meals and pellets; of fish or of crustaceans, mollus",2018,156,Chine,20852016.314,16263210.0,16263210.0,1.282158707536827,11468694.246,81.81682994358903
230120,"Flours, meals and pellets; of fish or of crustaceans, mollus",2019,156,Chine,9980147.657,8153620.0,8153620.0,1.2240143221047828,20852016.314,-52.13821288687871
230120,"Flours, meals and pellets; of fish or of crustaceans, mollus",2020,156,Chine,8846433.389,7194280.0,7194280.0,1.2296481912018993,9980147.657,-11.359694334831016
230120,"Flours, meals and pellets; of fish or of crustaceans, mollus",2021,156,Chine,921788.985,669500.0,669500.0,1.3768319417475727,8846433.389,-89.5801059651205
230120,"Flours, meals and pellets; of fish or of crustaceans, mollus",2022,156,Chine,714536.038,508840.0,508840.0,1.4042450239761024,921788.985,-22.483773441922832
230120,"Flours, meals and pellets; of fish or of crustaceans, mollus",2023,156,Chine,12362092.061,7374146.0,7374146.0,1.676409995272673,714536.038,1630.0865741638074
230120,"Flours, meals and pellets; of fish or of crustaceans, mollus",2019,251,France,2182149.974,1624456.0,1624456.0,1.3433112217259193,,
230120,"Flours, meals and pellets; of fish or of crustaceans, mollus",2020,251,France,3214183.226,2389456.0,2389456.0,1.3451527150949838,2182149.974,47.294331933942495
230120,"Flours, meals and pellets; of fish or of crustaceans, mollus",2021,251,France,2530797.268,1718020.0,1718020.0,1.4730895263151769,3214183.226,-21.261574401608172
230120,"Flours, meals and pellets; of fish or of crustaceans, mollus",2022,251,France,2891350.262,1837146.0,1837146.0,1.5738271547280402,2530797.268,14.24661700717467
230120,"Flours, meals and pellets; of fish or of crustaceans, mollus",2023,251,France,1763014.668,1048712.0,1048712.0,1.6811237670590211,2891350.262,-39.02452113219619
230120,"Flours, meals and pellets; of fish or of crustaceans, mollus",2015,276,Allemagne,35520884.689,26031840.0,26031840.0,1.364516864309246,,
230120,"Flours, meals and pellets; of fish or of crustaceans, mollus",2016,276,Allemagne,43300860.0,33694634.0,33694634.0,1.2850966121193066,35520884.689,21.902538124027288
230120,"Flours, meals and pellets; of fish or of crustaceans, mollus",2017,276,Allemagne,34355989.118,30809220.0,30809220.0,1.1151203801329603,43300860.0,-20.65749013299043
230120,"Flours, meals and pellets; of fish or of crustaceans, mollus",2018,276,Allemagne,25624449.003,19350810.0,19350810.0,1.3242054985295189,34355989.118,-25.41489952453536
230120,"Flours, meals and pellets; of fish or of crustaceans, mollus",2019,276,Allemagne,21516532.747,18096646.0,18096646.0,1.188979037717818,25624449.003,-16.03123741516963
230120,"Flours, meals and pellets; of fish or of crustaceans, mollus",2020,276,Allemagne,19446511.022,15312356.0,15312356.0,1.2699881730806155,21516532.747,-9.620610111025531
230120,"Flours, meals and pellets; of fish or of crustaceans, mollus",2021,276,Allemagne,10274752.109,7319728.0,7319728.0,1.4037068192971105,19446511.022,-47.16403319147539
230120,"Flours, meals and pellets; of fish or of crustaceans, mollus",2022,276,Allemagne,14543434.358,9231576.0,9231576.0,1.575401032066464,10274752.109,41.54535509680003
230120,"Flours, meals and pellets; of fish or of crustaceans, mollus",2023,276,Allemagne,18966310.846,11469028.0,11469028.0,1.6536981901168957,14543434.358,30.41149964394127
230120,"Flours, meals and pellets; of fish or of crustaceans, mollus",2019,380,Italie,1796582.503,1807306.0,1807306.0,0.9940665847399389,,
230120,"Flours, meals and pellets; of fish or of crustaceans, mollus",2020,380,Italie,3964427.976,3863520.0,3863520.0,1.0261181451111938,1796582.503,120.66495523473321
230120,"Flours, meals and pellets; of fish or of crustaceans, mollus",2021,380,Italie,8666790.832,6537246.0,6537246.0,1.3257556518448288,3964427.976,118.61390557395262
230120,"Flours, meals and pellets; of fish or of crustaceans, mollus",2022,380,Italie,11533515.441,8479192.0,8479192.0,1.3602139733361387,8666790.832,33.077117754074806
230120,"Flours, meals and pellets; of fish or of crustaceans, mollus",2023,380,Italie,9094674.418,6177802.0,6177802.0,1.4721537559798776,11533515.441,-21.14568654696788
230120,"Flours, meals and pellets; of fish or of crustaceans, mollus",2015,392,Japon,2830088.543,2286213.0,2286213.0,1.2378936446429094,,
230120,"Flours, meals and pellets; of fish or of crustaceans, mollus",2016,392,Japon,3364558.0,2856970.0,2856970.0,1.177666548826204,2830088.543,18.885255668836503
230120,"Flours, meals and pellets; of fish or of crustaceans, mollus",2017,392,Japon,4188926.192,3711848.0,3711848.0,1.1285284828473579,3364558.0,24.501530126691225
230120,"Flours, meals and pellets; of fish or of crustaceans, mollus",2018,392,Japon,1243280.95,964040.0,964040.0,1.2896570163063772,4188926.192,-70.31981722727856
230120,"Flours, meals and pellets; of fish or of crustaceans, mollus",2019,392,Japon,3594146.073,3025873.0,3025873.0,1.187804667611628,1243280.95,189.0855902682334
230120,"Flours, meals and pellets; of fish or of crustaceans, mollus",2020,392,Japon,3559007.968,3185478.0,3185478.0,1.1172602567024477,3594146.073,-0.9776482170261527
230120,"Flours, meals and pellets; of fish or of crustaceans, mollus",2021,392,Japon,805856.427,610200.0,610200.0,1.3206431120943953,3559007.968,-77.3572738739089
230120,"Flours, meals and pellets; of fish or of crustaceans, mollus",2022,392,Japon,1096636.892,636300.0,636300.0,1.7234588904604746,805856.427,36.08340831660327
230120,"Flours, meals and pellets; of fish or of crustaceans, mollus",2023,392,Japon,2288546.444,1240500.0,1240500.0,1.8448580765820235,1096636.892,108.68771246845854
230120,"Flours, meals and pellets; of fish or of crustaceans, mollus",2015,410,Corée du Sud,675280.217,470040.0,470040.0,1.436644151561569,,
230120,"Flours, meals and pellets; of fish or of crustaceans, mollus",2018,410,Corée du Sud,27254.551,18000.0,18000.0,1.5141417222222222,675280.217,-95.96396424567551
230120,"Flours, meals and pellets; of fish or of crustaceans, mollus",2016,414,Koweït,13720.0,14000.0,14000.0,0.98,,
230120,"Flours, meals and pellets; of fish or of crustaceans, mollus",2015,528,Pays-Bas,491.219,7500.0,7500.0,0.06549586666666667,,
230120,"Flours, meals and pellets; of fish or of crustaceans, mollus",2016,528,Pays-Bas,2935.0,44795.0,44795.0,0.06552070543587454,491.219,497.493175141841
230120,"Flours, meals and pellets; of fish or of crustaceans, mollus",2017,528,Pays-Bas,472.902,8300.0,8300.0,0.05697614457831325,2935.0,-83.88749574105621
230120,"Flours, meals and pellets; of fish or of crustaceans, mollus",2018,528,Pays-Bas,176815.04,177248.0,177248.0,0.9975573208160318,472.902,37289.36185509895
230120,"Flours, meals and pellets; of fish or of crustaceans, mollus",2019,528,Pays-Bas,746510.516,731644.0,731644.0,1.020319330166037,176815.04,322.198539219288
230120,"Flours, meals and pellets; of fish or of crustaceans, mollus",2021,528,Pays-Bas,49943.903,25000.0,25000.0,1.99775612,746510.516,-93.30968527173434
230120,"Flours, meals and pellets; of fish or of crustaceans, mollus",2022,528,Pays-Bas,830603.986,662200.0,662200.0,1.2543098550286922,49943.903,1563.0738410652448
230120,"Flours, meals and pellets; of fish or of crustaceans, mollus",2023,528,Pays-Bas,1195793.26,809390.0,809390.0,1.4774005856262122,830603.986,43.9667133983631
230120,"Flours, meals and pellets; of fish or of crustaceans, mollus",2015,682,Arabie Saoudite,419371.725,300000.0,300000.0,1.3979057499999998,,
230120,"Flours, meals and pellets; of fish or of crustaceans, mollus",2017,682,Arabie Saoudite,1769416.764,1910468.0,1910468.0,0.9261692758004845,419371.725,321.9208541062228
230120,"Flours, meals and pellets; of fish or of crustaceans, mollus",2018,682,Arabie Saoudite,1174919.152,1014198.0,1014198.0,1.1584711782117496,1769416.764,-33.59850681283587
230120,"Flours, meals and pellets; of fish or of crustaceans, mollus",2019,682,Arabie Saoudite,1949249.475,1887659.0,1887659.0,1.0326279667037321,1174919.152,65.90498773314746
230120,"Flours, meals and pellets; of fish or of crustaceans, mollus",2020,682,Arabie Saoudite,5211335.961,4873977.0,4873977.0,1.0692163629413927,1949249.475,167.35089724725972
230120,"Flours, meals and pellets; of fish or of crustaceans, mollus",2021,682,Arabie Saoudite,6370701.317,4507302.0,4507302.0,1.4134178976691598,5211335.961,22.246989345463916
230120,"Flours, meals and pellets; of fish or of crustaceans, mollus",2022,682,Arabie Saoudite,6024497.112,3818722.0,3818722.0,1.5776212858647474,6370701.317,-5.434318574568328
230120,"Flours, meals and pellets; of fish or of crustaceans, mollus",2023,682,Arabie Saoudite,1671104.591,999906.0,999906.0,1.6712616895988224,6024497.112,-72.26150897024448
230120,"Flours, meals and pellets; of fish or of crustaceans, mollus",2015,724,Espagne,1054587.021,734980.0,734980.0,1.4348513170426405,,
230120,"Flours, meals and pellets; of fish or of crustaceans, mollus",2016,724,Espagne,4860076.0,3709651.0,3709651.0,1.3101167737881543,1054587.021,360.8511107401539
230120,"Flours, meals and pellets; of fish or of crustaceans, mollus",2017,724,Espagne,2714439.469,2433772.0,2433772.0,1.1153220059233158,4860076.0,-44.14820943129285
230120,"Flours, meals and pellets; of fish or of crustaceans, mollus",2018,724,Espagne,2168920.815,2063858.0,2063858.0,1.0509060289031513,2714439.469,-20.09691725418984
230120,"Flours, meals and pellets; of fish or of crustaceans, mollus",2019,724,Espagne,6196604.497,5506507.0,5506507.0,1.125324002493777,2168920.815,185.69989527257133
230120,"Flours, meals and pellets; of fish or of crustaceans, mollus",2020,724,Espagne,13533412.38,11303679.0,11303679.0,1.1972573159588131,6196604.497,118.40045441906149
230120,"Flours, meals and pellets; of fish or of crustaceans, mollus",2021,724,Espagne,13778468.886,10610304.0,10610304.0,1.2985932246616119,13533412.38,1.810751783209898
230120,"Flours, meals and pellets; of fish or of crustaceans, mollus",2022,724,Espagne,23693772.214,15799294.0,15799294.0,1.4996728470272154,13778468.886,71.9623015448017
230120,"Flours, meals and pellets; of fish or of crustaceans, mollus",2023,724,Espagne,47407824.147,28332050.0,28332050.0,1.67329311317042,23693772.214,100.08559092582148
230120,"Flours, meals and pellets; of fish or of crustaceans, mollus",2023,784,Émirats Arabes,5.034,4.0,4.0,1.2585,,
230120,"Flours, meals and pellets; of fish or of crustaceans, mollus",2015,842,États-Unis,15375.82,5000.0,5000.0,3.075164,,
230120,"Flours, meals and pellets; of fish or of crustaceans, mollus",2016,842,États-Unis,500743.0,169055.0,169055.0,2.9620123628404955,15375.82,3156.6913504450495
230120,"Flours, meals and pellets; of fish or of crustaceans, mollus",2017,842,États-Unis,1242290.262,420000.0,420000.0,2.9578339571428574,500743.0,148.08939156413572
230120,"Flours, meals and pellets; of fish or of crustaceans, mollus",2018,842,États-Unis,1258758.748,360000.0,360000.0,3.4965520777777774,1242290.262,1.3256552436856983
230120,"Flours, meals and pellets; of fish or of crustaceans, mollus",2019,842,États-Unis,1688122.103,557262.0,557262.0,3.0293149416253033,1258758.748,34.11005926927628
230120,"Flours, meals and pellets; of fish or of crustaceans, mollus",2020,842,États-Unis,2156336.695,794096.0,794096.0,2.715460970713868,1688122.103,27.735824983745268
230120,"Flours, meals and pellets; of fish or of crustaceans, mollus",2021,842,États-Unis,2527044.4,1458228.0,1458228.0,1.732955614622679,2156336.695,17.191550181359787
230120,"Flours, meals and pellets; of fish or of crustaceans, mollus",2022,842,États-Unis,718130.194,510091.76,510091.76,1.407845117905845,2527044.4,-71.58220908188238
230120,"Flours, meals and pellets; of fish or of crustaceans, mollus",2023,842,États-Unis,1.579,8.0,8.0,0.197375,718130.194,-99.99978012343539
251010,"Natural calcium phosphates, natural aluminium calcium phosph",2015,036,Australie,10700708.626,63603500.0,63603500.0,0.16824087709009725,,
251010,"Natural calcium phosphates, natural aluminium calcium phosph",2016,036,Australie,41339835.0,125849272.0,125849272.0,0.3284868823079088,10700708.626,286.3280128902372
251010,"Natural calcium phosphates, natural aluminium calcium phosph",2017,036,Australie,2624680.684,32344800.0,32344800.0,0.081146913383295,41339835.0,-93.65096478009647
251010,"Natural calcium phosphates, natural aluminium calcium phosph",2018,036,Australie,2804319.728,32921700.0,32921700.0,0.08518149816078757,2624680.684,6.844224712555558
251010,"Natural calcium phosphates, natural aluminium calcium phosph",2019,036,Australie,7706998.826,109502300.0,109502300.0,0.07038207257747098,2804319.728,174.82596756171307
251010,"Natural calcium phosphates, natural aluminium calcium phosph",2020,036,Australie,5496513.225,73704400.0,73704400.0,0.07457510304676518,7706998.826,-28.681535457651837
251010,"Natural calcium phosphates, natural aluminium calcium phosph",2021,036,Australie,3238503.0,27286400.0,27286400.0,0.11868560894804737,5496513.225,-41.08077489434222
251010,"Natural calcium phosphates, natural aluminium calcium phosph",2022,036,Australie,12595205.048,32672200.0,32672200.0,0.3855022021167843,3238503.0,288.920592261301
251010,"Natural calcium phosphates, natural aluminium calcium phosph",2015,056,Belgique,17412611.261,137044940.0,137044940.0,0.12705767364340487,,
251010,"Natural calcium phosphates, natural aluminium calcium phosph",2016,056,Belgique,8473413.0,84704482.0,84704482.0,0.1000350016897571,17412611.261,-51.33749399793713
251010,"Natural calcium phosphates, natural aluminium calcium phosph",2017,056,Belgique,8801054.616,108410980.0,108410980.0,0.08118231765822982,8473413.0,3.866701835494155
251010,"Natural calcium phosphates, natural aluminium calcium phosph",2018,056,Belgique,13462284.452,165208980.0,165208980.0,0.08148639651428148,8801054.616,52.962173732293984
251010,"Natural calcium phosphates, natural aluminium calcium phosph",2019,056,Belgique,9324303.568,120055370.0,120055370.0,0.07766669302672592,13462284.452,-30.73758319959766
251010,"Natural calcium phosphates, natural aluminium calcium phosph",2020,056,Belgique,12532937.56,171098440.0,171098440.0,0.07324986458088105,9324303.568,34.4115136170779
251010,"Natural calcium phosphates, natural aluminium calcium phosph",2021,056,Belgique,13994463.658,147050730.0,147050730.0,0.09516759051791174,12532937.56,11.661480726311057
251010,"Natural calcium phosphates, natural aluminium calcium phosph",2022,056,Belgique,10115473.131,43400000.0,43400000.0,0.23307541776497695,13994463.658,-27.71803637349516
251010,"Natural calcium phosphates, natural aluminium calcium phosph",2023,056,Belgique,2721705.419,12901000.0,12901000.0,0.21096856204945355,10115473.131,-73.0936419507751
251010,"Natural calcium phosphates, natural aluminium calcium phosph",2015,124,Canada,71614268.965,794032500.0,794032500.0,0.09019060172599988,,
251010,"Natural calcium phosphates, natural aluminium calcium phosph",2016,124,Canada,59592883.0,862368943.0,862368943.0,0.06910369799808526,71614268.965,-16.786299907460073
251010,"Natural calcium phosphates, natural aluminium calcium phosph",2017,124,Canada,52283382.827,850917200.0,850917200.0,0.06144356093283812,59592883.0,-12.265726719413795
251010,"Natural calcium phosphates, natural aluminium calcium phosph",2018,124,Canada,32721752.122,571383200.0,571383200.0,0.057267613261993006,52283382.827,-37.41462324602694
251010,"Natural calcium phosphates, natural aluminium calcium phosph",2016,156,Chine,4330686.0,64493177.0,64493177.0,0.0671495218788803,,
251010,"Natural calcium phosphates, natural aluminium calcium phosph",2017,156,Chine,9074603.062,123083400.0,123083400.0,0.07372726998116724,4330686.0,109.54193081650345
251010,"Natural calcium phosphates, natural aluminium calcium phosph",2018,156,Chine,11033768.013,140220600.0,140220600.0,0.07868863785349656,9074603.062,21.58953882185794
251010,"Natural calcium phosphates, natural aluminium calcium phosph",2019,156,Chine,42547454.111,374534900.0,374534900.0,0.11360077288124551,11033768.013,285.611280397327
251010,"Natural calcium phosphates, natural aluminium calcium phosph",2020,156,Chine,5128376.852,38941300.0,38941300.0,0.13169506030872108,42547454.111,-87.94668926930194
251010,"Natural calcium phosphates, natural aluminium calcium phosph",2021,156,Chine,4562919.224,60143000.0,60143000.0,0.075867835392315,5128376.852,-11.026054525994486
251010,"Natural calcium phosphates, natural aluminium calcium phosph",2015,251,France,8417409.811,68860850.0,68860850.0,0.12223795975507129,,
251010,"Natural calcium phosphates, natural aluminium calcium phosph",2016,251,France,2984871.0,29826051.0,29826051.0,0.10007597049974869,8417409.811,-64.53931711748993
251010,"Natural calcium phosphates, natural aluminium calcium phosph",2017,251,France,12696011.601,163955800.0,163955800.0,0.07743557471586854,2984871.0,325.34540357020455
251010,"Natural calcium phosphates, natural aluminium calcium phosph",2018,251,France,9116553.284,122763480.0,122763480.0,0.07426111807843831,12696011.601,-28.19356526673356
251010,"Natural calcium phosphates, natural aluminium calcium phosph",2019,251,France,11150706.255,157098120.0,157098120.0,0.07097924695088649,9116553.284,22.312741533250723
251010,"Natural calcium phosphates, natural aluminium calcium phosph",2020,251,France,8199565.89,115259110.0,115259110.0,0.07114028461611407,11150706.255,-26.46595020541146
251010,"Natural calcium phosphates, natural aluminium calcium phosph",2021,251,France,6392833.446,61314220.0,61314220.0,0.10426347176886537,8199565.89,-22.034488999026745
251010,"Natural calcium phosphates, natural aluminium calcium phosph",2023,251,France,594488.752,4670000.0,4670000.0,0.12729951862955033,6392833.446,-90.700700135212
251010,"Natural calcium phosphates, natural aluminium calcium phosph",2015,276,Allemagne,12.293,77.0,77.0,0.15964935064935065,,
251010,"Natural calcium phosphates, natural aluminium calcium phosph",2016,276,Allemagne,11.0,133.0,133.0,0.08270676691729323,12.293,-10.518181078662648
251010,"Natural calcium phosphates, natural aluminium calcium phosph",2018,276,Allemagne,1015.118,6339.0,6339.0,0.16013850765104906,11.0,9128.345454545455
251010,"Natural calcium phosphates, natural aluminium calcium phosph",2023,276,Allemagne,1252400.39,5500000.0,5500000.0,0.2277091618181818,1015.118,123274.85789829359
251010,"Natural calcium phosphates, natural aluminium calcium phosph",2015,380,Italie,2522769.451,20754440.0,20754440.0,0.12155324118598236,,
251010,"Natural calcium phosphates, natural aluminium calcium phosph",2016,380,Italie,2461210.0,28952065.0,28952065.0,0.08500982572400276,2522769.451,-2.440153656355651
251010,"Natural calcium phosphates, natural aluminium calcium phosph",2017,380,Italie,2607578.55,32773200.0,32773200.0,0.07956435593716817,2461210.0,5.947015898683973
251010,"Natural calcium phosphates, natural aluminium calcium phosph",2018,380,Italie,2188953.093,26983620.0,26983620.0,0.08112155051842562,2607578.55,-16.05418394778558
251010,"Natural calcium phosphates, natural aluminium calcium phosph",2019,380,Italie,4813227.732,58888290.0,58888290.0,0.08173488705479476,2188953.093,119.88720303747505
251010,"Natural calcium phosphates, natural aluminium calcium phosph",2020,380,Italie,3880533.716,53307580.0,53307580.0,0.0727951581369854,4813227.732,-19.37772463578085
251010,"Natural calcium phosphates, natural aluminium calcium phosph",2021,380,Italie,3790297.562,44249920.0,44249920.0,0.08565659693848034,3880533.716,-2.3253542065088473
251010,"Natural calcium phosphates, natural aluminium calcium phosph",2022,380,Italie,4317151.234,14900000.0,14900000.0,0.289741693557047,3790297.562,13.900060968353076
251010,"Natural calcium phosphates, natural aluminium calcium phosph",2015,392,Japon,7048340.204,53741500.0,53741500.0,0.1311526511913512,,
251010,"Natural calcium phosphates, natural aluminium calcium phosph",2016,392,Japon,1993480.0,20623417.0,20623417.0,0.09666099463537008,7048340.204,-71.71702922528227
251010,"Natural calcium phosphates, natural aluminium calcium phosph",2017,392,Japon,3117811.316,35844500.0,35844500.0,0.0869815820000279,1993480.0,56.40043120573068
251010,"Natural calcium phosphates, natural aluminium calcium phosph",2018,392,Japon,1524525.943,17920900.0,17920900.0,0.08506971988013995,3117811.316,-51.10268747898791
251010,"Natural calcium phosphates, natural aluminium calcium phosph",2019,392,Japon,1684881.721,19940150.0,19940150.0,0.0844969431523835,1524525.943,10.51840270323297
251010,"Natural calcium phosphates, natural aluminium calcium phosph",2020,392,Japon,1780021.524,25799900.0,25799900.0,0.06899334974166567,1684881.721,5.646675479601815
251010,"Natural calcium phosphates, natural aluminium calcium phosph",2021,392,Japon,4458843.983,31608100.0,31608100.0,0.14106649823937534,1780021.524,150.49382397243417
251010,"Natural calcium phosphates, natural aluminium calcium phosph",2022,392,Japon,7033832.232,24599990.0,24599990.0,0.28592825574319336,4458843.983,57.75013117340553
251010,"Natural calcium phosphates, natural aluminium calcium phosph",2023,392,Japon,11421933.53,29885000.0,29885000.0,0.38219620311192903,7033832.232,62.38564061901555
251010,"Natural calcium phosphates, natural aluminium calcium phosph",2015,410,Corée du Sud,13613396.229,123455100.0,123455100.0,0.11027001905146082,,
251010,"Natural calcium phosphates, natural aluminium calcium phosph",2016,410,Corée du Sud,14442321.0,187371253.0,187371253.0,0.07707863809823591,13613396.229,6.089037276636222
251010,"Natural calcium phosphates, natural aluminium calcium phosph",2017,410,Corée du Sud,15566129.299,220618900.0,220618900.0,0.07055664450779149,14442321.0,7.781355219843131
251010,"Natural calcium phosphates, natural aluminium calcium phosph",2018,410,Corée du Sud,13719370.833,191660000.0,191660000.0,0.07158181588750913,15566129.299,-11.863954297993912
251010,"Natural calcium phosphates, natural aluminium calcium phosph",2019,410,Corée du Sud,13519584.694,189684100.0,189684100.0,0.07127421167087805,13719370.833,-1.4562339733498801
251010,"Natural calcium phosphates, natural aluminium calcium phosph",2020,410,Corée du Sud,10095103.115,145060400.0,145060400.0,0.06959241195391713,13519584.694,-25.329783839586334
251010,"Natural calcium phosphates, natural aluminium calcium phosph",2021,410,Corée du Sud,14841613.062,169609700.0,169609700.0,0.08750450629887324,10095103.115,47.017944174807965
251010,"Natural calcium phosphates, natural aluminium calcium phosph",2023,410,Corée du Sud,4239234.91,36660000.0,36660000.0,0.11563652236770322,14841613.062,-71.43683174941405
251010,"Natural calcium phosphates, natural aluminium calcium phosph",2018,528,Pays-Bas,1035458.383,14826390.0,14826390.0,0.06983887399427642,,
251010,"Natural calcium phosphates, natural aluminium calcium phosph",2019,528,Pays-Bas,538621.671,6720570.0,6720570.0,0.08014523634156032,1035458.383,-47.98229655165195
251010,"Natural calcium phosphates, natural aluminium calcium phosph",2020,528,Pays-Bas,984889.668,13012330.0,13012330.0,0.07568895562900725,538621.671,82.8537025202612
251010,"Natural calcium phosphates, natural aluminium calcium phosph",2021,528,Pays-Bas,4462391.977,44387220.0,44387220.0,0.10053326108280716,984889.668,353.0854695695721
251010,"Natural calcium phosphates, natural aluminium calcium phosph",2022,528,Pays-Bas,3836984.921,12157000.0,12157000.0,0.3156193897343095,4462391.977,-14.01506320429636
251010,"Natural calcium phosphates, natural aluminium calcium phosph",2023,528,Pays-Bas,6443205.743,60100000.0,60100000.0,0.10720808224625623,3836984.921,67.92366599451641
251010,"Natural calcium phosphates, natural aluminium calcium phosph",2022,682,Arabie Saoudite,9574268.141,41650000.0,41650000.0,0.22987438513805525,,
251010,"Natural calcium phosphates, natural aluminium calcium phosph",2015,724,Espagne,24177470.067,195405570.0,195405570.0,0.1237296872704294,,
251010,"Natural calcium phosphates, natural aluminium calcium phosph",2016,724,Espagne,15586740.0,172850618.0,172850618.0,0.09017462697182836,24177470.067,-35.53196444124875
251010,"Natural calcium phosphates, natural aluminium calcium phosph",2017,724,Espagne,10238272.534,132855380.0,132855380.0,0.07706328892364013,15586740.0,-34.314214941674784
251010,"Natural calcium phosphates, natural aluminium calcium phosph",2018,724,Espagne,11658029.821,152993960.0,152993960.0,0.07619928146836646,10238272.534,13.867156615387676
251010,"Natural calcium phosphates, natural aluminium calcium phosph",2019,724,Espagne,16464205.127,217379820.0,217379820.0,0.07573934474230405,11658029.821,41.226308216697774
251010,"Natural calcium phosphates, natural aluminium calcium phosph",2020,724,Espagne,14846785.913,220822800.0,220822800.0,0.06723393559451289,16464205.127,-9.823852421199245
251010,"Natural calcium phosphates, natural aluminium calcium phosph",2021,724,Espagne,22692482.158,242106360.0,242106360.0,0.09372939297422835,14846785.913,52.844408823395405
251010,"Natural calcium phosphates, natural aluminium calcium phosph",2022,724,Espagne,39457672.2,152510000.0,152510000.0,0.25872186872991937,22692482.158,73.87993047772258
251010,"Natural calcium phosphates, natural aluminium calcium phosph",2023,724,Espagne,9958839.777,87061000.0,87061000.0,0.11438921878912488,39457672.2,-74.76070122301842
251010,"Natural calcium phosphates, natural aluminium calcium phosph",2015,826,Royaume-Uni,3155793.259,26349500.0,26349500.0,0.1197667226702594,,
251010,"Natural calcium phosphates, natural aluminium calcium phosph",2022,826,Royaume-Uni,84029.448,249900.0,249900.0,0.3362522929171669,3155793.259,-97.33729553542976
251010,"Natural calcium phosphates, natural aluminium calcium phosph",2023,826,Royaume-Uni,686117.007,2973780.0,2973780.0,0.23072218086072271,84029.448,716.5197122323117
251010,"Natural calcium phosphates, natural aluminium calcium phosph",2015,842,États-Unis,64774345.444,411152400.0,411152400.0,0.15754339618107543,,
251010,"Natural calcium phosphates, natural aluminium calcium phosph",2016,842,États-Unis,36465790.0,256098715.0,256098715.0,0.14238958598445134,64774345.444,-43.703344665171294
251010,"Natural calcium phosphates, natural aluminium calcium phosph",2017,842,États-Unis,77902677.8,863886300.0,863886300.0,0.09017700338574648,36465790.0,113.63222296843149
251010,"Natural calcium phosphates, natural aluminium calcium phosph",2018,842,États-Unis,20816223.074,193219040.0,193219040.0,0.10773380860395539,77902677.8,-73.27919442327565
251010,"Natural calcium phosphates, natural aluminium calcium phosph",2020,842,États-Unis,10275450.435,203617300.0,203617300.0,0.05046452553393057,20816223.074,-50.63729669656403
251010,"Natural calcium phosphates, natural aluminium calcium phosph",2022,842,États-Unis,110.702,600.0,600.0,0.18450333333333332,10275450.435,-99.99892265550109
251110,Barium sulphate (barytes); natural,2021,036,Australie,70244.767,351000.0,351000.0,0.20012754131054133,,
251110,Barium sulphate (barytes); natural,2015,056,Belgique,55191.705,771460.0,771460.0,0.07154188810826226,,
251110,Barium sulphate (barytes); natural,2016,056,Belgique,56427.0,777920.0,777920.0,0.07253573632250103,55191.705,2.238189597512884
251110,Barium sulphate (barytes); natural,2017,056,Belgique,62093.028,803200.0,803200.0,0.07730705677290836,56427.0,10.041341910787386
251110,Barium sulphate (barytes); natural,2018,056,Belgique,183981.913,2131720.0,2131720.0,0.0863067912296174,62093.028,196.30043649989176
251110,Barium sulphate (barytes); natural,2019,056,Belgique,233434.757,2954120.0,2954120.0,0.07902006587410126,183981.913,26.879187847122783
251110,Barium sulphate (barytes); natural,2021,056,Belgique,51300.417,375000.0,375000.0,0.136801112,233434.757,-78.02365951870655
251110,Barium sulphate (barytes); natural,2023,056,Belgique,67974.433,394740.0,394740.0,0.1722005193291787,51300.417,32.50269096253155
251110,Barium sulphate (barytes); natural,2015,124,Canada,1344089.149,12100000.0,12100000.0,0.11108174785123967,,
251110,Barium sulphate (barytes); natural,2016,124,Canada,1264208.0,10000000.0,10000000.0,0.1264208,1344089.149,-5.943143656760522
251110,Barium sulphate (barytes); natural,2017,124,Canada,2797995.995,13301580.0,13301580.0,0.210350649697254,1264208.0,121.32402223368308
251110,Barium sulphate (barytes); natural,2018,124,Canada,3010470.042,20170360.0,20170360.0,0.14925217209806865,2797995.995,7.593793821709877
251110,Barium sulphate (barytes); natural,2019,124,Canada,2144698.903,17970330.0,17970330.0,0.119346662136978,3010470.042,-28.758669806420876
251110,Barium sulphate (barytes); natural,2020,124,Canada,888435.134,4761000.0,4761000.0,0.18660683343835327,2144698.903,-58.575297783886626
251110,Barium sulphate (barytes); natural,2021,124,Canada,953582.443,2293440.0,2293440.0,0.4157869588914469,888435.134,7.332815475980491
251110,Barium sulphate (barytes); natural,2023,124,Canada,1289168.805,11000000.0,11000000.0,0.11719716409090908,953582.443,35.19217079377373
251110,Barium sulphate (barytes); natural,2016,156,Chine,135921.0,414755.0,414755.0,0.3277139516099866,,
251110,Barium sulphate (barytes); natural,2017,156,Chine,101993.675,329117.0,329117.0,0.3099009622717757,135921.0,-24.961061940391843
251110,Barium sulphate (barytes); natural,2018,156,Chine,14.916,15.0,15.0,0.9944000000000001,101993.675,-99.98537556372982
251110,Barium sulphate (barytes); natural,2019,156,Chine,4191.398,14000.0,14000.0,0.2993855714285714,14.916,28000.013408420487
251110,Barium sulphate (barytes); natural,2015,251,France,599005.435,5768200.0,5768200.0,0.10384616258104783,,
251110,Barium sulphate (barytes); natural,2016,251,France,877977.0,8876500.0,8876500.0,0.09891026868698248,599005.435,46.57245973068674
251110,Barium sulphate (barytes); natural,2017,251,France,1019427.343,9539590.0,9539590.0,0.10686280469076763,877977.0,16.11093946652361
251110,Barium sulphate (barytes); natural,2018,251,France,795463.761,6893680.0,6893680.0,0.11539029386336472,1019427.343,-21.96954825058091
251110,Barium sulphate (barytes); natural,2019,251,France,1043496.704,8729370.0,8729370.0,0.11953860404588189,795463.761,31.180923023845953
251110,Barium sulphate (barytes); natural,2020,251,France,1061278.28,10263630.0,10263630.0,0.10340184515614846,1043496.704,1.7040375817037559
251110,Barium sulphate (barytes); natural,2021,251,France,238198.553,2294120.0,2294120.0,0.10383003199483899,1061278.28,-77.5555047635574
251110,Barium sulphate (barytes); natural,2023,251,France,728565.885,6829070.0,6829070.0,0.10668595943517932,238198.553,205.86494998565334
251110,Barium sulphate (barytes); natural,2016,276,Allemagne,8440.0,51350.0,51350.0,0.1643622200584226,,
251110,Barium sulphate (barytes); natural,2017,276,Allemagne,30139.637,217980.0,217980.0,0.13826790072483713,8440.0,257.1047037914692
251110,Barium sulphate (barytes); natural,2018,276,Allemagne,94721.749,910590.0,910590.0,0.10402239097727846,30139.637,214.2763431424207
251110,Barium sulphate (barytes); natural,2019,276,Allemagne,139811.714,904776.0,904776.0,0.15452632916876663,94721.749,47.60254690820797
251110,Barium sulphate (barytes); natural,2020,276,Allemagne,79983.489,472788.0,472788.0,0.1691741097489784,139811.714,-42.791997385855666
251110,Barium sulphate (barytes); natural,2021,276,Allemagne,157853.752,660000.0,660000.0,0.23917235151515154,79983.489,97.35792220816974
251110,Barium sulphate (barytes); natural,2023,276,Allemagne,408411.277,2472300.0,2472300.0,0.16519486995914737,157853.752,158.72763353765578
251110,Barium sulphate (barytes); natural,2015,380,Italie,1070500.359,6951280.0,6951280.0,0.15400046595734884,,
251110,Barium sulphate (barytes); natural,2016,380,Italie,823275.0,5517040.0,5517040.0,0.1492240404274756,1070500.359,-23.094374226174356
251110,Barium sulphate (barytes); natural,2017,380,Italie,826467.301,5524340.0,5524340.0,0.14960471314220342,823275.0,0.3877563390118706
251110,Barium sulphate (barytes); natural,2018,380,Italie,926757.029,6030400.0,6030400.0,0.15368085516715307,826467.301,12.13474845025962
251110,Barium sulphate (barytes); natural,2019,380,Italie,939807.297,6200760.0,6200760.0,0.15156324337661836,926757.029,1.4081649873302489
251110,Barium sulphate (barytes); natural,2020,380,Italie,782548.207,4671960.0,4671960.0,0.16749890987936542,939807.297,-16.73312076869307
251110,Barium sulphate (barytes); natural,2021,380,Italie,1374864.14,7638890.0,7638890.0,0.17998218851168166,782548.207,75.69066387241749
251110,Barium sulphate (barytes); natural,2023,380,Italie,1310687.738,6654940.0,6654940.0,0.19694959503767126,1374864.14,-4.667835907044605
251110,Barium sulphate (barytes); natural,2015,414,Koweït,7344621.775,72959400.0,72959400.0,0.10066724472788977,,
251110,Barium sulphate (barytes); natural,2016,414,Koweït,837251.0,14147000.0,14147000.0,0.059182229447939494,7344621.775,-88.60048855272741
251110,Barium sulphate (barytes); natural,2015,528,Pays-Bas,7870976.002,87844030.0,87844030.0,0.08960171797673673,,
251110,Barium sulphate (barytes); natural,2016,528,Pays-Bas,5131143.0,50962900.0,50962900.0,0.10068388965306134,7870976.002,-34.80931718383862
251110,Barium sulphate (barytes); natural,2017,528,Pays-Bas,7413308.112,94729800.0,94729800.0,0.07825740276027185,5131143.0,44.476739627018766
251110,Barium sulphate (barytes); natural,2018,528,Pays-Bas,9963073.171,122347200.0,122347200.0,0.08143278449363778,7413308.112,34.39442986151714
251110,Barium sulphate (barytes); natural,2019,528,Pays-Bas,11060345.771,137829700.0,137829700.0,0.0802464619091531,9963073.171,11.013394975296219
251110,Barium sulphate (barytes); natural,2020,528,Pays-Bas,7345366.131,92463280.0,92463280.0,0.07944089946841601,11060345.771,-33.58827759020519
251110,Barium sulphate (barytes); natural,2021,528,Pays-Bas,6432004.978,81883500.0,81883500.0,0.07855068454572656,7345366.131,-12.43452180205556
251110,Barium sulphate (barytes); natural,2023,528,Pays-Bas,7619155.702,79316090.0,79316090.0,0.09606065682259425,6432004.978,18.456931051212248
251110,Barium sulphate (barytes); natural,2021,634,Qatar,7273.751,45000.0,45000.0,0.16163891111111112,,
251110,Barium sulphate (barytes); natural,2015,682,Arabie Saoudite,11178933.916,90673240.0,90673240.0,0.12328812686080258,,
251110,Barium sulphate (barytes); natural,2016,682,Arabie Saoudite,1782334.0,14095060.0,14095060.0,0.1264509693467073,11178933.916,-84.0563150887849
251110,Barium sulphate (barytes); natural,2019,682,Arabie Saoudite,1376922.032,13347460.0,13347460.0,0.10315985453412109,1782334.0,-22.74612771792493
251110,Barium sulphate (barytes); natural,2020,682,Arabie Saoudite,231564.842,2218620.0,2218620.0,0.10437336812973831,1376922.032,-83.18242887989463
251110,Barium sulphate (barytes); natural,2015,724,Espagne,2314115.961,21979970.0,21979970.0,0.10528294447171675,,
251110,Barium sulphate (barytes); natural,2016,724,Espagne,2472662.0,24865940.0,24865940.0,0.09943971553056108,2314115.961,6.851257312597562
251110,Barium sulphate (barytes); natural,2017,724,Espagne,3168577.243,33934760.0,33934760.0,0.09337261389206819,2472662.0,28.14437407943341
251110,Barium sulphate (barytes); natural,2018,724,Espagne,2840389.319,31859900.0,31859900.0,0.08915248695068095,3168577.243,-10.357580037697685
251110,Barium sulphate (barytes); natural,2019,724,Espagne,3978663.329,38293300.0,38293300.0,0.10389972472991359,2840389.319,40.074577185100296
251110,Barium sulphate (barytes); natural,2020,724,Espagne,4947201.047,47511150.0,47511150.0,0.10412715850910786,3978663.329,24.34329416466191
251110,Barium sulphate (barytes); natural,2021,724,Espagne,6510900.714,55394030.0,55394030.0,0.11753794973934917,4947201.047,31.60776471674286
251110,Barium sulphate (barytes); natural,2023,724,Espagne,7316409.106,55020320.0,55020320.0,0.13297649133992678,6510900.714,12.371689070115346
251110,Barium sulphate (barytes); natural,2016,784,Émirats Arabes,187552.0,430400.0,430400.0,0.43576208178438663,,
251110,Barium sulphate (barytes); natural,2019,784,Émirats Arabes,2468097.985,37118300.0,37118300.0,0.06649275384379133,187552.0,1215.9539674330317
251110,Barium sulphate (barytes); natural,2021,784,Émirats Arabes,93525.666,540000.0,540000.0,0.17319567777777778,2468097.985,-96.21061778874228
251110,Barium sulphate (barytes); natural,2015,826,Royaume-Uni,3124215.716,28356380.0,28356380.0,0.11017681791540387,,
251110,Barium sulphate (barytes); natural,2016,826,Royaume-Uni,473603.0,4273340.0,4273340.0,0.11082736220380311,3124215.716,-84.84089950720931
251110,Barium sulphate (barytes); natural,2018,826,Royaume-Uni,556515.474,4929000.0,4929000.0,0.11290636518563604,473603.0,17.506745945443765
251110,Barium sulphate (barytes); natural,2019,826,Royaume-Uni,2331774.195,21712000.0,21712000.0,0.10739564273212969,556515.474,318.9953925701623
251110,Barium sulphate (barytes); natural,2020,826,Royaume-Uni,1740531.481,16247570.0,16247570.0,0.10712564900474347,2331774.195,-25.355916334771855
251110,Barium sulphate (barytes); natural,2021,826,Royaume-Uni,2775106.004,27113270.0,27113270.0,0.10235231692820528,1740531.481,59.44014999404658
251110,Barium sulphate (barytes); natural,2023,826,Royaume-Uni,570019.708,4859120.0,4859120.0,0.11730924694183309,2775106.004,-79.45953389966432
251110,Barium sulphate (barytes); natural,2015,842,États-Unis,19884373.229,187324200.0,187324200.0,0.10614951634118816,,
251110,Barium sulphate (barytes); natural,2016,842,États-Unis,7945524.0,78989000.0,78989000.0,0.10059025940320804,19884373.229,-60.04136560657594
251110,Barium sulphate (barytes); natural,2017,842,États-Unis,24771734.255,296004300.0,296004300.0,0.08368707567761684,7945524.0,211.76967378111246
251110,Barium sulphate (barytes); natural,2018,842,États-Unis,37868458.946,439561400.0,439561400.0,0.08615055586318544,24771734.255,52.86963179962469
251110,Barium sulphate (barytes); natural,2019,842,États-Unis,43994313.922,506491600.0,506491600.0,0.08686089546598601,37868458.946,16.176668252424523
251110,Barium sulphate (barytes); natural,2020,842,États-Unis,2410835.169,33066000.0,33066000.0,0.07290979159862095,43994313.922,-94.5201210018315
251110,Barium sulphate (barytes); natural,2021,842,États-Unis,40423598.205,510708000.0,510708000.0,0.07915207555981109,2410835.169,1576.7466612728842
251110,Barium sulphate (barytes); natural,2023,842,États-Unis,39972454.932,391564000.0,391564000.0,0.1020840908050791,40423598.205,-1.1160393755947235
260300,Copper ores and concentrates,2021,036,Australie,1093.288,1455.0,1455.0,0.7514006872852234,,
260300,Copper ores and concentrates,2016,056,Belgique,3559094.0,5104435.0,5104435.0,0.6972552300107652,,
260300,Copper ores and concentrates,2017,056,Belgique,10440.562,19080.0,19080.0,0.5471992662473795,3559094.0,-99.70665113087769
260300,Copper ores and concentrates,2015,124,Canada,18212712.585,21175230.8,21175230.8,0.8600951157047129,,
260300,Copper ores and concentrates,2016,124,Canada,8454806.0,10688898.0,10688898.0,0.7909894920879589,18212712.585,-53.57744783737826
260300,Copper ores and concentrates,2017,124,Canada,8858465.442,9947180.0,9947180.0,0.8905504315796035,8454806.0,4.774319387103616
260300,Copper ores and concentrates,2021,124,Canada,1035.102,485.0,485.0,2.1342309278350515,8858465.442,-99.98831510935187
260300,Copper ores and concentrates,2015,156,Chine,45339312.088,48250990.0,48250990.0,0.939655581947645,,
260300,Copper ores and concentrates,2016,156,Chine,37875892.0,48149331.0,48149331.0,0.7866338163660052,45339312.088,-16.461255683619758
260300,Copper ores and concentrates,2017,156,Chine,61900339.075,67013570.0,67013570.0,0.9236985744081386,37875892.0,63.42938953094491
260300,Copper ores and concentrates,2018,156,Chine,30543889.683,32704720.0,32704720.0,0.9339290990107849,61900339.075,-50.656345119544085
260300,Copper ores and concentrates,2019,156,Chine,21207137.799,27567977.0,27567977.0,0.7692671028780965,30543889.683,-30.568313272806947
260300,Copper ores and concentrates,2020,156,Chine,37385737.762,37178620.0,37178620.0,1.0055708835346766,21207137.799,76.28846530983964
260300,Copper ores and concentrates,2021,156,Chine,70042013.831,52001700.0,52001700.0,1.3469177705921154,37385737.762,87.34955633854798
260300,Copper ores and concentrates,2022,156,Chine,52375323.234,43283130.0,43283130.0,1.2100632101698745,70042013.831,-25.222990646195377
260300,Copper ores and concentrates,2023,156,Chine,67484918.959,58095690.0,58095690.0,1.161616618358436,52375323.234,28.848692078699106
260300,Copper ores and concentrates,2016,276,Allemagne,1123092.0,1363360.0,1363360.0,0.8237677502640535,,
260300,Copper ores and concentrates,2017,276,Allemagne,7713335.888,6960930.0,6960930.0,1.1080898512124098,1123092.0,586.7946604552432
260300,Copper ores and concentrates,2018,276,Allemagne,515.922,154.0,154.0,3.350142857142857,7713335.888,-99.99331129867166
260300,Copper ores and concentrates,2019,276,Allemagne,24466336.876,30651970.0,30651970.0,0.7981978605616539,515.922,4742155.006764588
260300,Copper ores and concentrates,2020,276,Allemagne,19659578.568,22641723.0,22641723.0,0.8682898632758647,24466336.876,-19.64641594024293
260300,Copper ores and concentrates,2021,276,Allemagne,59.521,800.0,800.0,0.07440125,19659578.568,-99.9996972417298
260300,Copper ores and concentrates,2022,276,Allemagne,26795744.795,20145600.0,20145600.0,1.3301040820328014,59.521,45018876.151274346
260300,Copper ores and concentrates,2023,276,Allemagne,7177628.951,6190400.0,6190400.0,1.159477408729646,26795744.795,-73.21354936796038
260300,Copper ores and concentrates,2016,380,Italie,2409.0,3940.0,3940.0,0.6114213197969544,,
260300,Copper ores and concentrates,2016,392,Japon,86932.0,40740.0,40740.0,2.1338242513500245,,
260300,Copper ores and concentrates,2015,410,Corée du Sud,8875.133,14400.0,14400.0,0.6163286805555556,,
260300,Copper ores and concentrates,2018,528,Pays-Bas,804790.849,545300.0,545300.0,1.4758680524481937,,
260300,Copper ores and concentrates,2022,528,Pays-Bas,78831.687,27300.0,27300.0,2.8876075824175826,804790.849,-90.20469888568526
260300,Copper ores and concentrates,2023,528,Pays-Bas,122595.071,61665.0,61665.0,1.9880819103219005,78831.687,55.51496570154586
260300,Copper ores and concentrates,2015,724,Espagne,8211966.257,7634260.0,7634260.0,1.0756728559153081,,
260300,Copper ores and concentrates,2016,724,Espagne,1246731.0,1746640.0,1746640.0,0.7137881876059177,8211966.257,-84.81811832900229
260300,Copper ores and concentrates,2017,724,Espagne,49575294.45,41684030.0,41684030.0,1.1893114569296683,1246731.0,3876.4226966362435
260300,Copper ores and concentrates,2018,724,Espagne,37709356.456,36799140.0,36799140.0,1.0247347208657593,49575294.45,-23.935184098538425
260300,Copper ores and concentrates,2019,724,Espagne,20845004.683,21959070.0,21959070.0,0.9492662796284177,37709356.456,-44.721929404119244
260300,Copper ores and concentrates,2020,724,Espagne,17079648.129,16838900.0,16838900.0,1.0142971410840376,20845004.683,-18.06359178739263
260300,Copper ores and concentrates,2021,724,Espagne,23371020.239,14223400.0,14223400.0,1.643138788123796,17079648.129,36.835490183885625
260300,Copper ores and concentrates,2022,724,Espagne,24848147.464,17291770.0,17291770.0,1.4369927117929513,23371020.239,6.320336938201226
260300,Copper ores and concentrates,2023,724,Espagne,22984199.895,17646050.0,17646050.0,1.3025124543453068,24848147.464,-7.501354262729201
260300,Copper ores and concentrates,2020,842,États-Unis,675.909,60.0,60.0,11.26515,,
271019,"Petroleum oils and oils from bituminous minerals, not contai",2015,056,Belgique,134.407,19.0,19.0,7.074052631578948,,
271019,"Petroleum oils and oils from bituminous minerals, not contai",2016,056,Belgique,1070.0,2649.0,2649.0,0.4039260098150245,134.407,696.0894893867134
271019,"Petroleum oils and oils from bituminous minerals, not contai",2017,056,Belgique,9592.478,1280.85,1280.85,7.489150173712769,1070.0,796.4932710280374
271019,"Petroleum oils and oils from bituminous minerals, not contai",2018,056,Belgique,1011.602,901.52,901.52,1.1221071079953855,9592.478,-89.45421610557771
271019,"Petroleum oils and oils from bituminous minerals, not contai",2019,056,Belgique,2422.566,50.32,50.32,48.14320349761526,1011.602,139.4781742226686
271019,"Petroleum oils and oils from bituminous minerals, not contai",2020,056,Belgique,600.094,103.91,103.91,5.775132326051391,2422.566,-75.22899272919705
271019,"Petroleum oils and oils from bituminous minerals, not contai",2022,056,Belgique,535.103,16.88,16.88,31.700414691943127,600.094,-10.830136611930813
271019,"Petroleum oils and oils from bituminous minerals, not contai",2023,056,Belgique,541.78,34.0,34.0,15.93470588235294,535.103,1.2477971530714689
271019,"Petroleum oils and oils from bituminous minerals, not contai",2017,124,Canada,0.001,0.01,0.01,0.1,,
271019,"Petroleum oils and oils from bituminous minerals, not contai",2023,124,Canada,149.683,49.0,49.0,3.0547551020408164,0.001,14968199.999999996
271019,"Petroleum oils and oils from bituminous minerals, not contai",2016,156,Chine,452008.0,908525.0,908525.0,0.4975185052695303,,
271019,"Petroleum oils and oils from bituminous minerals, not contai",2020,156,Chine,5843.518,300.0,300.0,19.478393333333333,452008.0,-98.70720916443958
271019,"Petroleum oils and oils from bituminous minerals, not contai",2022,156,Chine,12400.769,8500.0,8500.0,1.458914,5843.518,112.21409774043649
271019,"Petroleum oils and oils from bituminous minerals, not contai",2015,251,France,2929.694,229.8,229.8,12.748885987815491,,
271019,"Petroleum oils and oils from bituminous minerals, not contai",2016,251,France,1289748.0,2797164.0,2797164.0,0.461091305336405,2929.694,43923.30072697013
271019,"Petroleum oils and oils from bituminous minerals, not contai",2017,251,France,114501.239,182646.5,182646.5,0.6269008111296959,1289748.0,-91.1222006934688
271019,"Petroleum oils and oils from bituminous minerals, not contai",2018,251,France,436325.177,647799.55,647799.55,0.6735496759761566,114501.239,281.0659000816576
271019,"Petroleum oils and oils from bituminous minerals, not contai",2019,251,France,1514503.859,3018211.85,3018211.85,0.5017884543127746,436325.177,247.1043934281152
271019,"Petroleum oils and oils from bituminous minerals, not contai",2020,251,France,326750.662,638312.6,638312.6,0.5118975592836489,1514503.859,-78.42523410830081
271019,"Petroleum oils and oils from bituminous minerals, not contai",2021,251,France,425962.22,794221.9,794221.9,0.5363264598974166,326750.662,30.36307788719949
271019,"Petroleum oils and oils from bituminous minerals, not contai",2022,251,France,61822.034,24251.66,24251.66,2.549187725706199,425962.22,-85.48649830963882
271019,"Petroleum oils and oils from bituminous minerals, not contai",2023,251,France,42853.043,16245.12,16245.12,2.6379025208801163,61822.034,-30.683220484140012
271019,"Petroleum oils and oils from bituminous minerals, not contai",2015,276,Allemagne,129.079,8.7,8.7,14.83666666666667,,
271019,"Petroleum oils and oils from bituminous minerals, not contai",2017,276,Allemagne,323.38,60.0,60.0,5.389666666666667,129.079,150.52874596177531
271019,"Petroleum oils and oils from bituminous minerals, not contai",2020,276,Allemagne,54.123,26.0,26.0,2.081653846153846,323.38,-83.26334343496815
271019,"Petroleum oils and oils from bituminous minerals, not contai",2021,276,Allemagne,2668.285,240.5,240.5,11.094740124740124,54.123,4830.038985274283
271019,"Petroleum oils and oils from bituminous minerals, not contai",2022,276,Allemagne,17874.724,10110.0,10110.0,1.7680241345202767,2668.285,569.895607103439
271019,"Petroleum oils and oils from bituminous minerals, not contai",2023,276,Allemagne,31.881,2.0,2.0,15.9405,17874.724,-99.82164200129748
271019,"Petroleum oils and oils from bituminous minerals, not contai",2016,380,Italie,133.0,40.0,40.0,3.325,,
271019,"Petroleum oils and oils from bituminous minerals, not contai",2017,380,Italie,399909.786,401830.5,401830.5,0.9952200890674053,133.0,300584.04962406016
271019,"Petroleum oils and oils from bituminous minerals, not contai",2018,380,Italie,60.408,4.0,4.0,15.102,399909.786,-99.98489459320209
271019,"Petroleum oils and oils from bituminous minerals, not contai",2015,392,Japon,18.235,18.0,18.0,1.0130555555555556,,
271019,"Petroleum oils and oils from bituminous minerals, not contai",2016,392,Japon,100.0,8.0,8.0,12.5,18.235,448.39594187003013
271019,"Petroleum oils and oils from bituminous minerals, not contai",2021,392,Japon,0.334,0.03,0.03,11.133333333333335,100.0,-99.666
271019,"Petroleum oils and oils from bituminous minerals, not contai",2015,528,Pays-Bas,52.861,30.0,30.0,1.7620333333333333,,
271019,"Petroleum oils and oils from bituminous minerals, not contai",2016,528,Pays-Bas,442234.0,853479.0,853479.0,0.5181545181545182,52.861,836497.8698851706
271019,"Petroleum oils and oils from bituminous minerals, not contai",2017,528,Pays-Bas,20.83,20.5,20.5,1.0160975609756098,442234.0,-99.99528982393936
271019,"Petroleum oils and oils from bituminous minerals, not contai",2018,528,Pays-Bas,53.696,44.0,44.0,1.2203636363636363,20.83,157.78204512722036
271019,"Petroleum oils and oils from bituminous minerals, not contai",2019,528,Pays-Bas,58.958,59.0,59.0,0.9992881355932203,53.696,9.799612634088202
271019,"Petroleum oils and oils from bituminous minerals, not contai",2020,528,Pays-Bas,20.849,20.0,20.0,1.04245,58.958,-64.63753858679058
271019,"Petroleum oils and oils from bituminous minerals, not contai",2021,528,Pays-Bas,42.833,42.0,42.0,1.0198333333333334,20.849,105.4439061825507
271019,"Petroleum oils and oils from bituminous minerals, not contai",2022,528,Pays-Bas,348.403,505.0,505.0,0.6899069306930693,42.833,713.3985478486215
271019,"Petroleum oils and oils from bituminous minerals, not contai",2023,528,Pays-Bas,10873.789,733.0,733.0,14.834637107776263,348.403,3021.0377063343312
271019,"Petroleum oils and oils from bituminous minerals, not contai",2018,634,Qatar,252691.479,139952.0,139952.0,1.8055581842345947,,
271019,"Petroleum oils and oils from bituminous minerals, not contai",2018,682,Arabie Saoudite,666628.809,967238.0,967238.0,0.6892086632245632,,
271019,"Petroleum oils and oils from bituminous minerals, not contai",2020,682,Arabie Saoudite,422107.228,627166.0,627166.0,0.6730390805624029,666628.809,-36.680320096997185
271019,"Petroleum oils and oils from bituminous minerals, not contai",2021,682,Arabie Saoudite,11961.861,14664.0,14664.0,0.8157297463175124,422107.228,-97.1661558470162
271019,"Petroleum oils and oils from bituminous minerals, not contai",2022,702,Singapour,10030.254,3192.8,3192.8,3.1415228013029317,,
271019,"Petroleum oils and oils from bituminous minerals, not contai",2023,702,Singapour,28433.606,13861.9,13861.9,2.051205534594825,10030.254,183.47842437489618
271019,"Petroleum oils and oils from bituminous minerals, not contai",2015,724,Espagne,90897311.578,158911033.0,158911033.0,0.5720012629834204,,
271019,"Petroleum oils and oils from bituminous minerals, not contai",2016,724,Espagne,24626.0,22619.0,22619.0,1.0887307131172907,90897311.578,-99.97290788960368
271019,"Petroleum oils and oils from bituminous minerals, not contai",2017,724,Espagne,2584.361,22.0,22.0,117.47095454545455,24626.0,-89.50555916511004
271019,"Petroleum oils and oils from bituminous minerals, not contai",2018,724,Espagne,44318.291,33604.0,33604.0,1.3188397512200927,2584.361,1614.8645641998157
271019,"Petroleum oils and oils from bituminous minerals, not contai",2019,724,Espagne,274566.794,337424.58,337424.58,0.8137130792309202,44318.291,519.5338037741573
271019,"Petroleum oils and oils from bituminous minerals, not contai",2020,724,Espagne,94236.22,159238.8,159238.8,0.591791824605561,274566.794,-65.67821671836981
271019,"Petroleum oils and oils from bituminous minerals, not contai",2021,724,Espagne,136754.205,139648.85,139648.85,0.9792719739546726,94236.22,45.11851706275993
271019,"Petroleum oils and oils from bituminous minerals, not contai",2022,724,Espagne,2667526.674,5267642.5,5267642.5,0.5063985784912322,136754.205,1850.5993793755742
271019,"Petroleum oils and oils from bituminous minerals, not contai",2023,724,Espagne,30683.779,25788.62,25788.62,1.1898185711371916,2667526.674,-98.84972925297916
271019,"Petroleum oils and oils from bituminous minerals, not contai",2015,784,Émirats Arabes,67594.641,19865.0,19865.0,3.402700276868865,,
271019,"Petroleum oils and oils from bituminous minerals, not contai",2016,784,Émirats Arabes,53434.0,16283.0,16283.0,3.2815820180556408,67594.641,-20.949354550163232
271019,"Petroleum oils and oils from bituminous minerals, not contai",2017,784,Émirats Arabes,155235.716,102320.0,102320.0,1.5171590695856136,53434.0,190.51861361679826
271019,"Petroleum oils and oils from bituminous minerals, not contai",2018,784,Émirats Arabes,204262.643,350000.0,350000.0,0.5836075514285715,155235.716,31.582246832938903
271019,"Petroleum oils and oils from bituminous minerals, not contai",2019,784,Émirats Arabes,53509.919,35340.0,35340.0,1.5141459818902094,204262.643,-73.8033748050543
271019,"Petroleum oils and oils from bituminous minerals, not contai",2021,784,Émirats Arabes,46.059,0.5,0.5,92.118,53509.919,-99.91392436979768
271019,"Petroleum oils and oils from bituminous minerals, not contai",2022,784,Émirats Arabes,237.189,7.0,7.0,33.884142857142855,46.059,414.9677587442194
271019,"Petroleum oils and oils from bituminous minerals, not contai",2023,784,Émirats Arabes,2506.064,860.0,860.0,2.914027906976744,237.189,956.5683906083334
271019,"Petroleum oils and oils from bituminous minerals, not contai",2015,826,Royaume-Uni,14334.817,4149.0,4149.0,3.4550053024825256,,
271019,"Petroleum oils and oils from bituminous minerals, not contai",2016,826,Royaume-Uni,647091.0,1625673.0,1625673.0,0.3980449942885193,14334.817,4414.121108068558
271019,"Petroleum oils and oils from bituminous minerals, not contai",2018,826,Royaume-Uni,135.733,51.78,51.78,2.6213402858246426,647091.0,-99.97902412489125
271019,"Petroleum oils and oils from bituminous minerals, not contai",2019,826,Royaume-Uni,4.991,254.0,254.0,0.019649606299212596,135.733,-96.32292810149339
271019,"Petroleum oils and oils from bituminous minerals, not contai",2021,826,Royaume-Uni,91.562,9.0,9.0,10.173555555555556,4.991,1734.5421759166502
271019,"Petroleum oils and oils from bituminous minerals, not contai",2015,842,États-Unis,139905.591,273158.0,273158.0,0.5121782667906486,,
271019,"Petroleum oils and oils from bituminous minerals, not contai",2016,842,États-Unis,8944.0,1582.0,1582.0,5.653603034134008,139905.591,-93.6071175311357
271019,"Petroleum oils and oils from bituminous minerals, not contai",2018,842,États-Unis,19.817,18.0,18.0,1.1009444444444445,8944.0,-99.7784324686941
271019,"Petroleum oils and oils from bituminous minerals, not contai",2020,842,États-Unis,17479.379,26496.0,26496.0,0.6596987847222222,19.817,88103.96124539537
280920,Phosphoric acid and polyphosphoric acids,2023,036,Australie,24004.516,23800.0,23800.0,1.0085931092436975,,
280920,Phosphoric acid and polyphosphoric acids,2015,056,Belgique,125800650.835,129994410.0,129994410.0,0.9677389268892408,,
280920,Phosphoric acid and polyphosphoric acids,2016,056,Belgique,85168954.0,114092157.0,114092157.0,0.7464926270085331,125800650.835,-32.29847903433543
280920,Phosphoric acid and polyphosphoric acids,2017,056,Belgique,77686846.167,115218400.0,115218400.0,0.6742572902157988,85168954.0,-8.785017875175507
280920,Phosphoric acid and polyphosphoric acids,2018,056,Belgique,109777816.94,129348420.0,129348420.0,0.8486985534110119,77686846.167,41.30811373654615
280920,Phosphoric acid and polyphosphoric acids,2019,056,Belgique,123116263.948,149845700.0,149845700.0,0.8216202663673365,109777816.94,12.150402858976731
280920,Phosphoric acid and polyphosphoric acids,2020,056,Belgique,112388363.042,146620930.0,146620930.0,0.7665233267992503,123116263.948,-8.713634220196198
280920,Phosphoric acid and polyphosphoric acids,2021,056,Belgique,211885206.841,184102570.0,184102570.0,1.1509084682576673,112388363.042,88.52948926911375
280920,Phosphoric acid and polyphosphoric acids,2022,056,Belgique,329658965.834,232876770.0,232876770.0,1.4155940321312426,211885206.841,55.58375723765283
280920,Phosphoric acid and polyphosphoric acids,2023,056,Belgique,97855659.695,68004060.0,68004060.0,1.43896790419572,329658965.834,-70.31609334591091
280920,Phosphoric acid and polyphosphoric acids,2018,156,Chine,9253382.289,14792200.0,14792200.0,0.6255582191290004,,
280920,Phosphoric acid and polyphosphoric acids,2022,156,Chine,476.239,8680.0,8680.0,0.05486624423963133,9253382.289,-99.9948533521568
280920,Phosphoric acid and polyphosphoric acids,2023,156,Chine,1413.621,14820.0,14820.0,0.09538603238866397,476.239,196.83016300638968
280920,Phosphoric acid and polyphosphoric acids,2015,251,France,85756197.25,105665350.0,105665350.0,0.8115829574217092,,
280920,Phosphoric acid and polyphosphoric acids,2016,251,France,27977038.0,46689465.0,46689465.0,0.5992152191077794,85756197.25,-67.37607438627417
280920,Phosphoric acid and polyphosphoric acids,2017,251,France,43431668.507,79947050.0,79947050.0,0.5432554235209429,27977038.0,55.240410035544144
280920,Phosphoric acid and polyphosphoric acids,2018,251,France,37414069.338,51276220.0,51276220.0,0.7296573214250193,43431668.507,-13.855325793044601
280920,Phosphoric acid and polyphosphoric acids,2019,251,France,18349415.496,28397140.0,28397140.0,0.6461712516119581,37414069.338,-50.95584142363466
280920,Phosphoric acid and polyphosphoric acids,2020,251,France,33133362.338,54187020.0,54187020.0,0.611463083557649,18349415.496,80.56903417562681
280920,Phosphoric acid and polyphosphoric acids,2021,251,France,90297059.098,88288710.0,88288710.0,1.0227475188843511,33133362.338,172.52609673857364
280920,Phosphoric acid and polyphosphoric acids,2022,251,France,62227192.328,40822650.0,40822650.0,1.5243300552021979,90297059.098,-31.086136193578117
280920,Phosphoric acid and polyphosphoric acids,2023,251,France,36111497.32,33389600.0,33389600.0,1.0815193149962863,62227192.328,-41.96830040208784
280920,Phosphoric acid and polyphosphoric acids,2020,276,Allemagne,9768204.532,16115360.0,16115360.0,0.6061424958548862,,
280920,Phosphoric acid and polyphosphoric acids,2015,380,Italie,14865100.15,17422160.0,17422160.0,0.8532294589189859,,
280920,Phosphoric acid and polyphosphoric acids,2016,380,Italie,4750722.0,6565781.0,6565781.0,0.7235577915254865,14865100.15,-68.04110330867836
280920,Phosphoric acid and polyphosphoric acids,2017,380,Italie,5295145.657,8879210.0,8879210.0,0.5963532405473009,4750722.0,11.459808782749226
280920,Phosphoric acid and polyphosphoric acids,2018,380,Italie,4669081.372,5655570.0,5655570.0,0.8255722008568545,5295145.657,-11.823362860138962
280920,Phosphoric acid and polyphosphoric acids,2019,380,Italie,3400279.472,4523280.0,4523280.0,0.7517287172140571,4669081.372,-27.17455102857865
280920,Phosphoric acid and polyphosphoric acids,2020,380,Italie,1492990.802,2269110.0,2269110.0,0.6579631670566873,3400279.472,-56.092114948367986
280920,Phosphoric acid and polyphosphoric acids,2021,380,Italie,5352364.243,4584550.0,4584550.0,1.1674786495948348,1492990.802,258.4994787529843
280920,Phosphoric acid and polyphosphoric acids,2022,392,Japon,31375.913,17000.0,17000.0,1.8456419411764706,,
280920,Phosphoric acid and polyphosphoric acids,2015,528,Pays-Bas,151117024.555,152206000.0,152206000.0,0.9928453842489784,,
280920,Phosphoric acid and polyphosphoric acids,2016,528,Pays-Bas,106498297.0,130628643.0,130628643.0,0.815275230257119,151117024.555,-29.52594367602886
280920,Phosphoric acid and polyphosphoric acids,2017,528,Pays-Bas,112648083.581,143765550.0,143765550.0,0.7835540821914568,106498297.0,5.774539832313
280920,Phosphoric acid and polyphosphoric acids,2018,528,Pays-Bas,127629027.061,143751060.0,143751060.0,0.8878475543832511,112648083.581,13.298888896967256
280920,Phosphoric acid and polyphosphoric acids,2019,528,Pays-Bas,101510538.922,102132060.0,102132060.0,0.9939145349853905,127629027.061,-20.464379256387126
280920,Phosphoric acid and polyphosphoric acids,2020,528,Pays-Bas,67033341.807,61790270.0,61790270.0,1.0848527091239446,101510538.922,-33.96415532922355
280920,Phosphoric acid and polyphosphoric acids,2021,528,Pays-Bas,88741872.047,79826300.0,79826300.0,1.1116871513147923,67033341.807,32.38467552833996
280920,Phosphoric acid and polyphosphoric acids,2022,528,Pays-Bas,65674983.193,37446680.0,37446680.0,1.753826592717966,88741872.047,-25.993241208370243
280920,Phosphoric acid and polyphosphoric acids,2023,528,Pays-Bas,111484317.516,79721080.0,79721080.0,1.3984295937285345,65674983.193,69.7515737284309
280920,Phosphoric acid and polyphosphoric acids,2015,682,Arabie Saoudite,54706873.711,72854910.0,72854910.0,0.7509016717061349,,
280920,Phosphoric acid and polyphosphoric acids,2016,682,Arabie Saoudite,29436187.0,46747485.0,46747485.0,0.6296849338525912,54706873.711,-46.19289130740217
280920,Phosphoric acid and polyphosphoric acids,2017,682,Arabie Saoudite,58862962.605,110193410.0,110193410.0,0.5341786101818611,29436187.0,99.96802780536757
280920,Phosphoric acid and polyphosphoric acids,2018,682,Arabie Saoudite,60652996.534,84876690.0,84876690.0,0.7146013414754981,58862962.605,3.0410190887129325
280920,Phosphoric acid and polyphosphoric acids,2019,682,Arabie Saoudite,22528897.435,33598970.0,33598970.0,0.6705234545880424,60652996.534,-62.856085070139834
280920,Phosphoric acid and polyphosphoric acids,2018,702,Singapour,107065.638,136580.0,136580.0,0.7839042173085372,,
280920,Phosphoric acid and polyphosphoric acids,2015,724,Espagne,67086607.534,79224900.0,79224900.0,0.846786900759736,,
280920,Phosphoric acid and polyphosphoric acids,2016,724,Espagne,38040485.0,68298249.0,68298249.0,0.5569759921663585,67086607.534,-43.29645454091445
280920,Phosphoric acid and polyphosphoric acids,2017,724,Espagne,62573860.864,99094600.0,99094600.0,0.6314558095395713,38040485.0,64.49280513642242
280920,Phosphoric acid and polyphosphoric acids,2018,724,Espagne,71885942.864,94584200.0,94584200.0,0.7600206256858967,62573860.864,14.881744344078696
280920,Phosphoric acid and polyphosphoric acids,2019,724,Espagne,71573989.65,97534340.0,97534340.0,0.7338337415314443,71885942.864,-0.43395579381933763
280920,Phosphoric acid and polyphosphoric acids,2020,724,Espagne,79104413.575,121837550.0,121837550.0,0.6492613613372888,71573989.65,10.521173909438478
280920,Phosphoric acid and polyphosphoric acids,2021,724,Espagne,167080889.037,154063970.0,154063970.0,1.0844903518778595,79104413.575,111.21563448364138
280920,Phosphoric acid and polyphosphoric acids,2022,724,Espagne,179377352.477,122419080.0,122419080.0,1.465272835549818,167080889.037,7.359587030493326
280920,Phosphoric acid and polyphosphoric acids,2023,724,Espagne,135978879.921,129359710.0,129359710.0,1.0511687133575052,179377352.477,-24.193953114323392
280920,Phosphoric acid and polyphosphoric acids,2016,784,Émirats Arabes,554.0,4.0,4.0,138.5,,
280920,Phosphoric acid and polyphosphoric acids,2023,784,Émirats Arabes,88255.683,68000.0,68000.0,1.2978776911764707,554.0,15830.628700361012
280920,Phosphoric acid and polyphosphoric acids,2015,826,Royaume-Uni,8487302.845,9894440.0,9894440.0,0.8577850636316963,,
280920,Phosphoric acid and polyphosphoric acids,2016,826,Royaume-Uni,6043189.0,7302607.0,7302607.0,0.8275385762920009,8487302.845,-28.797297441081245
280920,Phosphoric acid and polyphosphoric acids,2017,826,Royaume-Uni,4330500.536,7275940.0,7275940.0,0.5951809025363046,6043189.0,-28.34080588907611
280920,Phosphoric acid and polyphosphoric acids,2018,826,Royaume-Uni,5015892.54,6689790.0,6689790.0,0.7497832577704233,4330500.536,15.827085074860262
280920,Phosphoric acid and polyphosphoric acids,2019,826,Royaume-Uni,5039462.692,6555420.0,6555420.0,0.7687474932193513,5015892.54,0.4699094291202611
280920,Phosphoric acid and polyphosphoric acids,2020,826,Royaume-Uni,5596895.694,8681820.0,8681820.0,0.6446684789594809,5039462.692,11.06135784842517
280920,Phosphoric acid and polyphosphoric acids,2021,826,Royaume-Uni,4385619.897,4749520.0,4749520.0,0.9233817095201199,5596895.694,-21.641921937164483
280920,Phosphoric acid and polyphosphoric acids,2015,842,États-Unis,3573750.13,2468787.24,2468787.24,1.4475731533673997,,
280920,Phosphoric acid and polyphosphoric acids,2017,842,États-Unis,1157195.989,1186940.0,1186940.0,0.9749405943013126,3573750.13,-67.61956077214609
280920,Phosphoric acid and polyphosphoric acids,2018,842,États-Unis,15826527.777,13716887.0,13716887.0,1.153798801214882,1157195.989,1267.6618245692864
280920,Phosphoric acid and polyphosphoric acids,2019,842,États-Unis,37567487.564,41098980.0,41098980.0,0.9140734773466398,15826527.777,137.37037013636802
280920,Phosphoric acid and polyphosphoric acids,2020,842,États-Unis,42885129.521,54251000.0,54251000.0,0.7904947285948646,37567487.564,14.15490441819101
280920,Phosphoric acid and polyphosphoric acids,2021,842,États-Unis,52366744.441,49367432.0,49367432.0,1.0607548806873326,42885129.521,22.10933026413513
280920,Phosphoric acid and polyphosphoric acids,2022,842,États-Unis,26253233.168,16412340.0,16412340.0,1.599603296543942,52366744.441,-49.86659291455723
280920,Phosphoric acid and polyphosphoric acids,2023,842,États-Unis,10886232.328,9224470.0,9224470.0,1.180147187643301,26253233.168,-58.53374607867651
310311,"Fertilizers, mineral or chemical; phosphatic, superphosphate",2017,056,Belgique,5717622.366,21375510.0,21375510.0,0.26748472275047475,,
310311,"Fertilizers, mineral or chemical; phosphatic, superphosphate",2018,056,Belgique,7848415.243,23826510.0,23826510.0,0.3293984407703856,5717622.366,37.26711455570795
310311,"Fertilizers, mineral or chemical; phosphatic, superphosphate",2019,056,Belgique,10306066.338,33851160.0,33851160.0,0.3044523832565856,7848415.243,31.313978923222475
310311,"Fertilizers, mineral or chemical; phosphatic, superphosphate",2020,056,Belgique,12225080.874,47070270.0,47070270.0,0.2597197949788688,10306066.338,18.620242419014016
310311,"Fertilizers, mineral or chemical; phosphatic, superphosphate",2021,056,Belgique,7385469.714,15734500.0,15734500.0,0.46938064215577235,12225080.874,-39.587559459772294
310311,"Fertilizers, mineral or chemical; phosphatic, superphosphate",2022,056,Belgique,14852807.094,15808100.0,15808100.0,0.9395694039131838,7385469.714,101.10849640131639
310311,"Fertilizers, mineral or chemical; phosphatic, superphosphate",2023,056,Belgique,15972980.592,33000000.0,33000000.0,0.4840297149090909,14852807.094,7.541830247378016
310311,"Fertilizers, mineral or chemical; phosphatic, superphosphate",2017,251,France,15908416.151,59500330.0,59500330.0,0.2673668557972704,,
310311,"Fertilizers, mineral or chemical; phosphatic, superphosphate",2018,251,France,35623142.498,105578760.0,105578760.0,0.3374082296287625,15908416.151,123.92639317372105
310311,"Fertilizers, mineral or chemical; phosphatic, superphosphate",2019,251,France,13463964.363,45308850.0,45308850.0,0.29715970197875247,35623142.498,-62.20444514754444
310311,"Fertilizers, mineral or chemical; phosphatic, superphosphate",2020,251,France,23260052.296,94222490.0,94222490.0,0.24686306099531014,13463964.363,72.75782725569593
310311,"Fertilizers, mineral or chemical; phosphatic, superphosphate",2021,251,France,29083818.343,66794270.0,66794270.0,0.43542385212084805,23260052.296,25.037630925711646
310311,"Fertilizers, mineral or chemical; phosphatic, superphosphate",2022,251,France,19867513.145,20947000.0,20947000.0,0.9484658015467609,29083818.343,-31.688773080987882
310311,"Fertilizers, mineral or chemical; phosphatic, superphosphate",2023,251,France,37437773.975,82952000.0,82952000.0,0.4513185212532549,19867513.145,88.43714209104152
310311,"Fertilizers, mineral or chemical; phosphatic, superphosphate",2020,276,Allemagne,780218.276,3370380.0,3370380.0,0.23149267322972483,,
310311,"Fertilizers, mineral or chemical; phosphatic, superphosphate",2023,380,Italie,2587343.744,6600000.0,6600000.0,0.3920217793939394,,
310311,"Fertilizers, mineral or chemical; phosphatic, superphosphate",2023,392,Japon,10145.165,20400.0,20400.0,0.4973120098039216,,
310311,"Fertilizers, mineral or chemical; phosphatic, superphosphate",2023,410,Corée du Sud,88379.209,200110.0,200110.0,0.44165313577532356,,
310311,"Fertilizers, mineral or chemical; phosphatic, superphosphate",2017,528,Pays-Bas,1781151.259,6457830.0,6457830.0,0.27581265827685153,,
310311,"Fertilizers, mineral or chemical; phosphatic, superphosphate",2019,528,Pays-Bas,1961019.891,6579620.0,6579620.0,0.29804455135706925,1781151.259,10.098447905035558
310311,"Fertilizers, mineral or chemical; phosphatic, superphosphate",2020,528,Pays-Bas,1444524.193,5801950.0,5801950.0,0.24897218917777644,1961019.891,-26.33811622056617
310311,"Fertilizers, mineral or chemical; phosphatic, superphosphate",2022,634,Qatar,169835.178,220000.0,220000.0,0.7719780818181818,,
310311,"Fertilizers, mineral or chemical; phosphatic, superphosphate",2017,724,Espagne,1305399.628,4895970.0,4895970.0,0.26662737475924075,,
310311,"Fertilizers, mineral or chemical; phosphatic, superphosphate",2018,724,Espagne,1916223.157,5772810.0,5772810.0,0.3319394120021272,1305399.628,46.79207163065009
310311,"Fertilizers, mineral or chemical; phosphatic, superphosphate",2019,724,Espagne,2719293.129,9278300.0,9278300.0,0.2930809662330384,1916223.157,41.909000476607865
310311,"Fertilizers, mineral or chemical; phosphatic, superphosphate",2020,724,Espagne,1321986.056,5042450.0,5042450.0,0.2621713762159268,2719293.129,-51.384937434599024
310311,"Fertilizers, mineral or chemical; phosphatic, superphosphate",2021,724,Espagne,555452.368,1175000.0,1175000.0,0.4727254195744681,1321986.056,-57.983492679139125
310311,"Fertilizers, mineral or chemical; phosphatic, superphosphate",2022,724,Espagne,3163126.724,3800000.0,3800000.0,0.8324017694736842,555452.368,469.4685820477049
310311,"Fertilizers, mineral or chemical; phosphatic, superphosphate",2023,724,Espagne,1139928.922,2894620.0,2894620.0,0.3938095231843904,3163126.724,-63.9619584839624
310311,"Fertilizers, mineral or chemical; phosphatic, superphosphate",2017,826,Royaume-Uni,11049805.478,39634830.0,39634830.0,0.2787902831423775,,
310311,"Fertilizers, mineral or chemical; phosphatic, superphosphate",2018,826,Royaume-Uni,16065689.785,45120060.0,45120060.0,0.3560653462118623,11049805.478,45.39341725957576
310311,"Fertilizers, mineral or chemical; phosphatic, superphosphate",2019,826,Royaume-Uni,5849850.518,17770250.0,17770250.0,0.3291934845035945,16065689.785,-63.58792808596485
310311,"Fertilizers, mineral or chemical; phosphatic, superphosphate",2020,826,Royaume-Uni,8821989.909,37292450.0,37292450.0,0.23656235803761888,5849850.518,50.80709980288765
310311,"Fertilizers, mineral or chemical; phosphatic, superphosphate",2021,826,Royaume-Uni,4812106.857,11118850.0,11118850.0,0.4327881801625168,8821989.909,-45.45327180559576
310311,"Fertilizers, mineral or chemical; phosphatic, superphosphate",2022,826,Royaume-Uni,1645260.235,2750000.0,2750000.0,0.5982764490909092,4812106.857,-65.80998128487735
310311,"Fertilizers, mineral or chemical; phosphatic, superphosphate",2023,826,Royaume-Uni,3399726.897,8331400.0,8331400.0,0.40806189800033604,1645260.235,106.63763851315593
310311,"Fertilizers, mineral or chemical; phosphatic, superphosphate",2017,842,États-Unis,40054876.67,146929000.0,146929000.0,0.2726138248405693,,
310311,"Fertilizers, mineral or chemical; phosphatic, superphosphate",2018,842,États-Unis,63001955.026,180786700.0,180786700.0,0.34848777606981046,40054876.67,57.289100014098224
310311,"Fertilizers, mineral or chemical; phosphatic, superphosphate",2019,842,États-Unis,21144484.145,74325100.0,74325100.0,0.2844864540377342,63001955.026,-66.43836824385215
310311,"Fertilizers, mineral or chemical; phosphatic, superphosphate",2020,842,États-Unis,22645094.123,95783400.0,95783400.0,0.23641981933195105,21144484.145,7.096933496742917
310311,"Fertilizers, mineral or chemical; phosphatic, superphosphate",2021,842,États-Unis,39731797.088,66698200.0,66698200.0,0.5956951924939503,22645094.123,75.45432521583342
310311,"Fertilizers, mineral or chemical; phosphatic, superphosphate",2022,842,États-Unis,43772079.399,59451000.0,59451000.0,0.73627154125246,39731797.088,10.16888891799023
310311,"Fertilizers, mineral or chemical; phosphatic, superphosphate",2023,842,États-Unis,67870200.867,151547000.0,151547000.0,0.4478491878229196,43772079.399,55.05363647071915
310520,"Fertilizers, mineral or chemical; containing the three ferti",2016,036,Australie,9522838.0,23733868.0,23733868.0,0.4012341351186414,,
310520,"Fertilizers, mineral or chemical; containing the three ferti",2017,056,Belgique,886785.966,4177290.0,4177290.0,0.21228738392594243,,
310520,"Fertilizers, mineral or chemical; containing the three ferti",2018,056,Belgique,9443.217,8350.0,8350.0,1.1309241916167665,886785.966,-98.93511880407905
310520,"Fertilizers, mineral or chemical; containing the three ferti",2019,056,Belgique,9205.916,15770.0,15770.0,0.5837613189600507,9443.217,-2.5129254151419085
310520,"Fertilizers, mineral or chemical; containing the three ferti",2023,056,Belgique,4119292.221,11000000.0,11000000.0,0.374481111,9205.916,44646.141731034695
310520,"Fertilizers, mineral or chemical; containing the three ferti",2019,156,Chine,31641.423,27000.0,27000.0,1.1719045555555556,,
310520,"Fertilizers, mineral or chemical; containing the three ferti",2016,251,France,13779.0,12000.0,12000.0,1.14825,,
310520,"Fertilizers, mineral or chemical; containing the three ferti",2019,251,France,4033657.171,13973210.0,13973210.0,0.28867076147857224,13779.0,29173.94710066043
310520,"Fertilizers, mineral or chemical; containing the three ferti",2020,251,France,13860018.991,56766400.0,56766400.0,0.2441588508519124,4033657.171,243.60924598765314
310520,"Fertilizers, mineral or chemical; containing the three ferti",2021,251,France,20893804.478,49801350.0,49801350.0,0.4195429336353332,13860018.991,50.74874350148717
310520,"Fertilizers, mineral or chemical; containing the three ferti",2022,251,France,10973926.556,14816000.0,14816000.0,0.7406807880669546,20893804.478,-47.477604820343146
310520,"Fertilizers, mineral or chemical; containing the three ferti",2023,251,France,6958162.332,17896000.0,17896000.0,0.3888110377738042,10973926.556,-36.5936859838412
310520,"Fertilizers, mineral or chemical; containing the three ferti",2017,276,Allemagne,571046.406,2475990.0,2475990.0,0.23063356717918893,,
310520,"Fertilizers, mineral or chemical; containing the three ferti",2019,276,Allemagne,546379.745,2379830.0,2379830.0,0.22958772055146795,571046.406,-4.319554547726191
310520,"Fertilizers, mineral or chemical; containing the three ferti",2020,276,Allemagne,6851601.003,28525910.0,28525910.0,0.24018869171921245,546379.745,1153.999817105226
310520,"Fertilizers, mineral or chemical; containing the three ferti",2023,276,Allemagne,6750831.319,18150000.0,18150000.0,0.3719466291460055,6851601.003,-1.4707465299844085
310520,"Fertilizers, mineral or chemical; containing the three ferti",2016,380,Italie,1554516.0,6672544.0,6672544.0,0.23297201187433159,,
310520,"Fertilizers, mineral or chemical; containing the three ferti",2017,380,Italie,807480.158,3590380.0,3590380.0,0.224901029417499,1554516.0,-48.05584773653021
310520,"Fertilizers, mineral or chemical; containing the three ferti",2019,380,Italie,1321994.011,4986550.0,4986550.0,0.26511195335452364,807480.158,63.718451518904054
310520,"Fertilizers, mineral or chemical; containing the three ferti",2020,380,Italie,3522802.585,11491900.0,11491900.0,0.3065465749788982,1321994.011,166.47644056535745
310520,"Fertilizers, mineral or chemical; containing the three ferti",2021,380,Italie,2536376.629,6343980.0,6343980.0,0.39980842136955036,3522802.585,-28.00117043742886
310520,"Fertilizers, mineral or chemical; containing the three ferti",2022,380,Italie,7159297.926,10007000.0,10007000.0,0.7154289923053863,2536376.629,182.2647805591336
310520,"Fertilizers, mineral or chemical; containing the three ferti",2020,682,Arabie Saoudite,24670.713,10172.7,10172.7,2.425188298091952,,
310520,"Fertilizers, mineral or chemical; containing the three ferti",2015,702,Singapour,1044641.445,3202620.0,3202620.0,0.3261833889128276,,
310520,"Fertilizers, mineral or chemical; containing the three ferti",2015,724,Espagne,12689287.936,37146955.0,37146955.0,0.3415969878553976,,
310520,"Fertilizers, mineral or chemical; containing the three ferti",2016,724,Espagne,9711947.0,36727096.0,36727096.0,0.26443547292712716,12689287.936,-23.463420099036206
310520,"Fertilizers, mineral or chemical; containing the three ferti",2017,724,Espagne,758329.97,3097270.0,3097270.0,0.24483818653201045,9711947.0,-92.19178224510492
310520,"Fertilizers, mineral or chemical; containing the three ferti",2018,724,Espagne,13849725.585,46093400.0,46093400.0,0.30047090440279955,758329.97,1726.3455399237355
310520,"Fertilizers, mineral or chemical; containing the three ferti",2019,724,Espagne,14183564.415,54382670.0,54382670.0,0.26081037240356164,13849725.585,2.410436423098257
310520,"Fertilizers, mineral or chemical; containing the three ferti",2020,724,Espagne,15442399.667,58295970.0,58295970.0,0.26489652144050435,14183564.415,8.875309584865027
310520,"Fertilizers, mineral or chemical; containing the three ferti",2021,724,Espagne,38626654.552,127658770.0,127658770.0,0.30257736739904356,15442399.667,150.1337576085674
310520,"Fertilizers, mineral or chemical; containing the three ferti",2022,724,Espagne,15243635.112,22502340.0,22502340.0,0.6774244417247273,38626654.552,-60.53596852018674
310520,"Fertilizers, mineral or chemical; containing the three ferti",2023,724,Espagne,9327335.722,21101820.0,21101820.0,0.44201569921457007,15243635.112,-38.811604624034906
310520,"Fertilizers, mineral or chemical; containing the three ferti",2015,784,Émirats Arabes,4221835.46,11054900.0,11054900.0,0.3818972093822649,,
310520,"Fertilizers, mineral or chemical; containing the three ferti",2019,826,Royaume-Uni,6935.163,250.0,250.0,27.740651999999997,,
310520,"Fertilizers, mineral or chemical; containing the three ferti",2023,826,Royaume-Uni,3499112.816,6632750.0,6632750.0,0.5275508372846859,6935.163,50354.65861436855
310530,"Fertilizers, mineral or chemical; diammonium hydrogenorthoph",2023,036,Australie,12813427.796,23358000.0,23358000.0,0.548566991865742,,
310530,"Fertilizers, mineral or chemical; diammonium hydrogenorthoph",2016,056,Belgique,6605211.0,18831643.0,18831643.0,0.3507506487883187,,
310530,"Fertilizers, mineral or chemical; diammonium hydrogenorthoph",2017,056,Belgique,11714316.597,36152500.0,36152500.0,0.3240250770209529,6605211.0,77.34961982289437
310530,"Fertilizers, mineral or chemical; diammonium hydrogenorthoph",2018,056,Belgique,13278773.981,32269700.0,32269700.0,0.41149356768113743,11714316.597,13.355088801344623
310530,"Fertilizers, mineral or chemical; diammonium hydrogenorthoph",2019,056,Belgique,25063487.246,71841700.0,71841700.0,0.3488710212314018,13278773.981,88.74850405513502
310530,"Fertilizers, mineral or chemical; diammonium hydrogenorthoph",2020,056,Belgique,16400261.313,49684100.0,49684100.0,0.33009073955249263,25063487.246,-34.56512594584222
310530,"Fertilizers, mineral or chemical; diammonium hydrogenorthoph",2021,056,Belgique,22032208.575,39596600.0,39596600.0,0.5564166765580884,16400261.313,34.34059466806009
310530,"Fertilizers, mineral or chemical; diammonium hydrogenorthoph",2022,056,Belgique,42080236.936,47080000.0,47080000.0,0.8938028236193712,22032208.575,90.9941837776016
310530,"Fertilizers, mineral or chemical; diammonium hydrogenorthoph",2023,056,Belgique,20575175.159,35318000.0,35318000.0,0.5825690910866981,42080236.936,-51.10489707961277
310530,"Fertilizers, mineral or chemical; diammonium hydrogenorthoph",2020,124,Canada,10368558.28,34507500.0,34507500.0,0.30047260102876183,,
310530,"Fertilizers, mineral or chemical; diammonium hydrogenorthoph",2022,124,Canada,12330309.662,15101000.0,15101000.0,0.8165227244553341,10368558.28,18.920194389841452
310530,"Fertilizers, mineral or chemical; diammonium hydrogenorthoph",2023,124,Canada,10471723.291,23511000.0,23511000.0,0.4453967628344179,12330309.662,-15.07331463643497
310530,"Fertilizers, mineral or chemical; diammonium hydrogenorthoph",2015,156,Chine,15832578.418,35205600.0,35205600.0,0.449717613618288,,
310530,"Fertilizers, mineral or chemical; diammonium hydrogenorthoph",2017,156,Chine,23997446.668,65691200.0,65691200.0,0.36530687014394625,15832578.418,51.57004774861809
310530,"Fertilizers, mineral or chemical; diammonium hydrogenorthoph",2019,156,Chine,22099411.837,80474900.0,80474900.0,0.27461247963029467,23997446.668,-7.90931992581937
310530,"Fertilizers, mineral or chemical; diammonium hydrogenorthoph",2015,251,France,54604540.453,117102310.0,117102310.0,0.4662977225043639,,
310530,"Fertilizers, mineral or chemical; diammonium hydrogenorthoph",2016,251,France,38005507.0,104415504.0,104415504.0,0.3639833697493813,54604540.453,-30.398632266280785
310530,"Fertilizers, mineral or chemical; diammonium hydrogenorthoph",2017,251,France,60047658.404,170265560.0,170265560.0,0.35267060704466596,38005507.0,57.9972565660024
310530,"Fertilizers, mineral or chemical; diammonium hydrogenorthoph",2018,251,France,54461598.762,120520430.0,120520430.0,0.4518868606924154,60047658.404,-9.30271019798482
310530,"Fertilizers, mineral or chemical; diammonium hydrogenorthoph",2019,251,France,55186421.115,163317730.0,163317730.0,0.33790832823233585,54461598.762,1.3308870276972795
310530,"Fertilizers, mineral or chemical; diammonium hydrogenorthoph",2020,251,France,84764562.47,277109720.0,277109720.0,0.30588808819120455,55186421.115,53.596773911763016
310530,"Fertilizers, mineral or chemical; diammonium hydrogenorthoph",2021,251,France,148518625.524,258825460.0,258825460.0,0.5738176820935622,84764562.47,75.21310934220173
310530,"Fertilizers, mineral or chemical; diammonium hydrogenorthoph",2022,251,France,96410227.808,106541000.0,106541000.0,0.9049119851324842,148518625.524,-35.08542954269361
310530,"Fertilizers, mineral or chemical; diammonium hydrogenorthoph",2023,251,France,71018395.374,121389000.0,121389000.0,0.5850480304969973,96410227.808,-26.337280816893806
310530,"Fertilizers, mineral or chemical; diammonium hydrogenorthoph",2015,276,Allemagne,4657652.008,9392210.0,9392210.0,0.49590586326327885,,
310530,"Fertilizers, mineral or chemical; diammonium hydrogenorthoph",2016,276,Allemagne,974718.0,2770650.0,2770650.0,0.3518012018840344,4657652.008,-79.07276030227632
310530,"Fertilizers, mineral or chemical; diammonium hydrogenorthoph",2017,276,Allemagne,1372653.438,4028420.0,4028420.0,0.340742384855601,974718.0,40.825699125285475
310530,"Fertilizers, mineral or chemical; diammonium hydrogenorthoph",2018,276,Allemagne,10082689.919,22671620.0,22671620.0,0.4447273692396044,1372653.438,634.5400987514226
310530,"Fertilizers, mineral or chemical; diammonium hydrogenorthoph",2019,276,Allemagne,1492768.252,5018650.0,5018650.0,0.29744418359519,10082689.919,-85.19474203816382
310530,"Fertilizers, mineral or chemical; diammonium hydrogenorthoph",2020,276,Allemagne,9593776.018,31134110.0,31134110.0,0.3081435768679432,1492768.252,542.6835515255852
310530,"Fertilizers, mineral or chemical; diammonium hydrogenorthoph",2021,276,Allemagne,24868108.7,48917400.0,48917400.0,0.508369387988732,9593776.018,159.21085350900466
310530,"Fertilizers, mineral or chemical; diammonium hydrogenorthoph",2022,276,Allemagne,7348251.683,8800000.0,8800000.0,0.8350286003409091,24868108.7,-70.45110357346958
310530,"Fertilizers, mineral or chemical; diammonium hydrogenorthoph",2023,276,Allemagne,28274213.587,43564000.0,43564000.0,0.6490270311954826,7348251.683,284.77470297338476
310530,"Fertilizers, mineral or chemical; diammonium hydrogenorthoph",2015,380,Italie,36307713.207,77917540.0,77917540.0,0.46597612305265285,,
310530,"Fertilizers, mineral or chemical; diammonium hydrogenorthoph",2016,380,Italie,19061611.0,53959315.0,53959315.0,0.3532589507483555,36307713.207,-47.4998304318296
310530,"Fertilizers, mineral or chemical; diammonium hydrogenorthoph",2017,380,Italie,13412489.991,39116710.0,39116710.0,0.34288389772555006,19061611.0,-29.636115273782472
310530,"Fertilizers, mineral or chemical; diammonium hydrogenorthoph",2018,380,Italie,9910106.241,21215590.0,21215590.0,0.4671143362498993,13412489.991,-26.11285266456979
310530,"Fertilizers, mineral or chemical; diammonium hydrogenorthoph",2019,380,Italie,21562656.95,67444810.0,67444810.0,0.3197081725043039,9910106.241,117.58250038522466
310530,"Fertilizers, mineral or chemical; diammonium hydrogenorthoph",2020,380,Italie,56355620.935,180096430.0,180096430.0,0.3129191452323625,21562656.95,161.35749905811122
310530,"Fertilizers, mineral or chemical; diammonium hydrogenorthoph",2021,380,Italie,36988408.614,64944860.0,64944860.0,0.5695355816303246,56355620.935,-34.36607032213867
310530,"Fertilizers, mineral or chemical; diammonium hydrogenorthoph",2022,380,Italie,44974137.361,47250100.0,47250100.0,0.9518315804834275,36988408.614,21.589814339775156
310530,"Fertilizers, mineral or chemical; diammonium hydrogenorthoph",2023,380,Italie,44084999.338,71777660.0,71777660.0,0.6141883050798814,44974137.361,-1.976998504413853
310530,"Fertilizers, mineral or chemical; diammonium hydrogenorthoph",2016,392,Japon,2215976.0,5999390.0,5999390.0,0.3693668856333727,,
310530,"Fertilizers, mineral or chemical; diammonium hydrogenorthoph",2017,392,Japon,2612822.097,6610570.0,6610570.0,0.39524913842527953,2215976.0,17.908411327559506
310530,"Fertilizers, mineral or chemical; diammonium hydrogenorthoph",2018,392,Japon,5689267.494,12990570.0,12990570.0,0.4379536459139206,2612822.097,117.74415872141944
310530,"Fertilizers, mineral or chemical; diammonium hydrogenorthoph",2019,392,Japon,6868911.939,18679330.0,18679330.0,0.3677279612812665,5689267.494,20.734557590130432
310530,"Fertilizers, mineral or chemical; diammonium hydrogenorthoph",2021,392,Japon,20461482.26,20653700.0,20653700.0,0.9906933024107062,6868911.939,197.88534838865402
310530,"Fertilizers, mineral or chemical; diammonium hydrogenorthoph",2022,392,Japon,88009066.65,88630380.0,88630380.0,0.9929898376831963,20461482.26,330.12068007432805
310530,"Fertilizers, mineral or chemical; diammonium hydrogenorthoph",2023,392,Japon,25279966.349,41185000.0,41185000.0,0.6138148925336895,88009066.65,-71.27572497781965
310530,"Fertilizers, mineral or chemical; diammonium hydrogenorthoph",2022,410,Corée du Sud,2474660.629,2999320.0,2999320.0,0.8250738930824321,,
310530,"Fertilizers, mineral or chemical; diammonium hydrogenorthoph",2015,528,Pays-Bas,30391335.357,66306850.0,66306850.0,0.45834382657297096,,
310530,"Fertilizers, mineral or chemical; diammonium hydrogenorthoph",2016,528,Pays-Bas,8841906.0,24937916.0,24937916.0,0.3545567320059944,30391335.357,-70.90649062920016
310530,"Fertilizers, mineral or chemical; diammonium hydrogenorthoph",2017,528,Pays-Bas,12144851.909,35333840.0,35333840.0,0.34371729506331605,8841906.0,37.35558723424565
310530,"Fertilizers, mineral or chemical; diammonium hydrogenorthoph",2018,528,Pays-Bas,17235871.081,40054280.0,40054280.0,0.4303128424977306,12144851.909,41.91915397689844
310530,"Fertilizers, mineral or chemical; diammonium hydrogenorthoph",2019,528,Pays-Bas,2549940.734,6560800.0,6560800.0,0.3886630798073406,17235871.081,-85.20561727332172
310530,"Fertilizers, mineral or chemical; diammonium hydrogenorthoph",2020,528,Pays-Bas,1287399.632,3912550.0,3912550.0,0.3290436242348341,2549940.734,-49.51256651441845
310530,"Fertilizers, mineral or chemical; diammonium hydrogenorthoph",2021,528,Pays-Bas,4280032.527,7342760.0,7342760.0,0.5828915185842926,1287399.632,232.45562765548465
310530,"Fertilizers, mineral or chemical; diammonium hydrogenorthoph",2022,634,Qatar,255944.711,308000.0,308000.0,0.8309893214285715,,
310530,"Fertilizers, mineral or chemical; diammonium hydrogenorthoph",2015,702,Singapour,2594359.981,5337700.0,5337700.0,0.4860445474642637,,
310530,"Fertilizers, mineral or chemical; diammonium hydrogenorthoph",2018,702,Singapour,125953.138,322800.0,322800.0,0.3901893990086741,2594359.981,-95.14511714170634
310530,"Fertilizers, mineral or chemical; diammonium hydrogenorthoph",2015,724,Espagne,73341892.982,151869560.0,151869560.0,0.482926881344754,,
310530,"Fertilizers, mineral or chemical; diammonium hydrogenorthoph",2016,724,Espagne,54730207.0,159251654.0,159251654.0,0.34367119979802535,73341892.982,-25.376609772763548
310530,"Fertilizers, mineral or chemical; diammonium hydrogenorthoph",2017,724,Espagne,78403164.72,226550700.0,226550700.0,0.3460733721855638,54730207.0,43.25391592251789
310530,"Fertilizers, mineral or chemical; diammonium hydrogenorthoph",2018,724,Espagne,80955881.59,189216270.0,189216270.0,0.42784841699923587,78403164.72,3.255884987699773
310530,"Fertilizers, mineral or chemical; diammonium hydrogenorthoph",2019,724,Espagne,84133870.045,268286260.0,268286260.0,0.31359738678007587,80955881.59,3.925580689856333
310530,"Fertilizers, mineral or chemical; diammonium hydrogenorthoph",2020,724,Espagne,99879522.637,325208020.0,325208020.0,0.30712502919515944,84133870.045,18.714998589246214
310530,"Fertilizers, mineral or chemical; diammonium hydrogenorthoph",2021,724,Espagne,88959771.298,153724090.0,153724090.0,0.5786976608415766,99879522.637,-10.932923036373044
310530,"Fertilizers, mineral or chemical; diammonium hydrogenorthoph",2022,724,Espagne,107797771.989,113353860.0,113353860.0,0.9509845715796532,88959771.298,21.175864569048773
310530,"Fertilizers, mineral or chemical; diammonium hydrogenorthoph",2023,724,Espagne,70879553.924,128547920.0,128547920.0,0.5513862373191257,107797771.989,-34.24766336429221
310530,"Fertilizers, mineral or chemical; diammonium hydrogenorthoph",2017,784,Émirats Arabes,17217662.933,48227600.0,48227600.0,0.35700849581982097,,
310530,"Fertilizers, mineral or chemical; diammonium hydrogenorthoph",2022,784,Émirats Arabes,346295.209,396340.0,396340.0,0.8737326764898824,17217662.933,-97.98872117343942
310530,"Fertilizers, mineral or chemical; diammonium hydrogenorthoph",2015,826,Royaume-Uni,9203103.967,18210850.0,18210850.0,0.5053637785715659,,
310530,"Fertilizers, mineral or chemical; diammonium hydrogenorthoph",2016,826,Royaume-Uni,13064444.0,34698914.0,34698914.0,0.3765087287746239,9203103.967,41.95693156184899
310530,"Fertilizers, mineral or chemical; diammonium hydrogenorthoph",2017,826,Royaume-Uni,8616606.29,23970220.0,23970220.0,0.35947130606227223,13064444.0,-34.04536549737594
310530,"Fertilizers, mineral or chemical; diammonium hydrogenorthoph",2018,826,Royaume-Uni,1520037.072,3191210.0,3191210.0,0.47631997643527063,8616606.29,-82.35921404736713
310530,"Fertilizers, mineral or chemical; diammonium hydrogenorthoph",2019,826,Royaume-Uni,4399671.195,11597390.0,11597390.0,0.379367357224341,1520037.072,189.44499289159447
310530,"Fertilizers, mineral or chemical; diammonium hydrogenorthoph",2020,826,Royaume-Uni,12481526.605,38373900.0,38373900.0,0.32526083105965253,4399671.195,183.69225907573758
310530,"Fertilizers, mineral or chemical; diammonium hydrogenorthoph",2021,826,Royaume-Uni,11107910.921,26207870.0,26207870.0,0.4238387522908195,12481526.605,-11.005189729353626
310530,"Fertilizers, mineral or chemical; diammonium hydrogenorthoph",2022,826,Royaume-Uni,10905006.714,12837940.0,12837940.0,0.8494358685271935,11107910.921,-1.8266639734785861
310530,"Fertilizers, mineral or chemical; diammonium hydrogenorthoph",2023,826,Royaume-Uni,51586277.665,85541860.0,85541860.0,0.6030530276638829,10905006.714,373.05131503287214
310530,"Fertilizers, mineral or chemical; diammonium hydrogenorthoph",2015,842,États-Unis,124140168.309,283276100.0,283276100.0,0.4382302930215433,,
310530,"Fertilizers, mineral or chemical; diammonium hydrogenorthoph",2016,842,États-Unis,117688792.0,360628113.0,360628113.0,0.32634391983744204,124140168.309,-5.196848366551058
310530,"Fertilizers, mineral or chemical; diammonium hydrogenorthoph",2017,842,États-Unis,167315303.535,500295200.0,500295200.0,0.33443315773367405,117688792.0,42.16757661596186
310530,"Fertilizers, mineral or chemical; diammonium hydrogenorthoph",2018,842,États-Unis,316623788.809,802418400.0,802418400.0,0.39458689981311496,167315303.535,89.23779362643106
310530,"Fertilizers, mineral or chemical; diammonium hydrogenorthoph",2019,842,États-Unis,207691640.396,643775300.0,643775300.0,0.3226151118192947,316623788.809,-34.40428428411998
310530,"Fertilizers, mineral or chemical; diammonium hydrogenorthoph",2020,842,États-Unis,89690980.936,308138570.0,308138570.0,0.2910735288217895,207691640.396,-56.81531487498069
310530,"Fertilizers, mineral or chemical; diammonium hydrogenorthoph",2022,842,États-Unis,286057.195,220000.0,220000.0,1.3002599772727272,89690980.936,-99.68106358965557
310530,"Fertilizers, mineral or chemical; diammonium hydrogenorthoph",2023,842,États-Unis,1767026.322,2340000.0,2340000.0,0.7551394538461538,286057.195,517.7178385602222
310540,"Fertilizers, mineral or chemical; ammonium dihydrogenorthoph",2016,036,Australie,7254716.0,16396201.0,16396201.0,0.4424632266950131,,
310540,"Fertilizers, mineral or chemical; ammonium dihydrogenorthoph",2020,036,Australie,18095307.481,57651400.0,57651400.0,0.3138745543213174,7254716.0,149.42819927065372
310540,"Fertilizers, mineral or chemical; ammonium dihydrogenorthoph",2021,036,Australie,227279959.819,299800600.0,299800600.0,0.7581037523574002,18095307.481,1156.0160144150248
310540,"Fertilizers, mineral or chemical; ammonium dihydrogenorthoph",2022,036,Australie,55434499.555,79268000.0,79268000.0,0.6993301149896554,227279959.819,-75.60959637658038
310540,"Fertilizers, mineral or chemical; ammonium dihydrogenorthoph",2023,036,Australie,182997819.857,323279000.0,323279000.0,0.5660677614599154,55434499.555,230.1153998430824
310540,"Fertilizers, mineral or chemical; ammonium dihydrogenorthoph",2015,056,Belgique,6753357.931,12449160.0,12449160.0,0.5424749887542614,,
310540,"Fertilizers, mineral or chemical; ammonium dihydrogenorthoph",2016,056,Belgique,1390302.0,3700189.0,3700189.0,0.375738104188732,6753357.931,-79.41317468724583
310540,"Fertilizers, mineral or chemical; ammonium dihydrogenorthoph",2017,056,Belgique,3138862.179,8596030.0,8596030.0,0.3651525389045874,1390302.0,125.76837111649124
310540,"Fertilizers, mineral or chemical; ammonium dihydrogenorthoph",2018,056,Belgique,3557147.472,8240890.0,8240890.0,0.43164603240669397,3138862.179,13.326016535496956
310540,"Fertilizers, mineral or chemical; ammonium dihydrogenorthoph",2019,056,Belgique,2701502.796,7484670.0,7484670.0,0.3609381303384117,3557147.472,-24.054236793250386
310540,"Fertilizers, mineral or chemical; ammonium dihydrogenorthoph",2020,056,Belgique,2637363.603,7971930.0,7971930.0,0.330831254539365,2701502.796,-2.3742042057098045
310540,"Fertilizers, mineral or chemical; ammonium dihydrogenorthoph",2021,056,Belgique,2202395.077,2967330.0,2967330.0,0.7422144072280468,2637363.603,-16.4925505722921
310540,"Fertilizers, mineral or chemical; ammonium dihydrogenorthoph",2022,056,Belgique,7995280.296,7172000.0,7172000.0,1.1147908945900724,2202395.077,263.02661495642275
310540,"Fertilizers, mineral or chemical; ammonium dihydrogenorthoph",2023,056,Belgique,3348346.916,4900000.0,4900000.0,0.6833361053061225,7995280.296,-58.12095646383827
310540,"Fertilizers, mineral or chemical; ammonium dihydrogenorthoph",2020,124,Canada,27750636.346,93539400.0,93539400.0,0.29667323444452287,,
310540,"Fertilizers, mineral or chemical; ammonium dihydrogenorthoph",2021,124,Canada,57428265.844,103591800.0,103591800.0,0.554370769153543,27750636.346,106.94396023202457
310540,"Fertilizers, mineral or chemical; ammonium dihydrogenorthoph",2022,124,Canada,47696041.276,60218000.0,60218000.0,0.7920562170115248,57428265.844,-16.94674987128625
310540,"Fertilizers, mineral or chemical; ammonium dihydrogenorthoph",2023,124,Canada,77182416.853,170784000.0,170784000.0,0.4519300218580195,47696041.276,61.82143169151681
310540,"Fertilizers, mineral or chemical; ammonium dihydrogenorthoph",2015,251,France,11684463.708,23324790.0,23324790.0,0.5009461481968327,,
310540,"Fertilizers, mineral or chemical; ammonium dihydrogenorthoph",2016,251,France,18275692.0,55044308.0,55044308.0,0.33201783552261205,11684463.708,56.41019097425228
310540,"Fertilizers, mineral or chemical; ammonium dihydrogenorthoph",2017,251,France,6263651.538,17349247.0,17349247.0,0.3610330487542197,18275692.0,-65.72687076363512
310540,"Fertilizers, mineral or chemical; ammonium dihydrogenorthoph",2018,251,France,9517052.341,20878510.0,20878510.0,0.455830054012475,6263651.538,51.94096100752789
310540,"Fertilizers, mineral or chemical; ammonium dihydrogenorthoph",2019,251,France,2805463.283,7970800.0,7970800.0,0.3519675920861143,9517052.341,-70.5217205655799
310540,"Fertilizers, mineral or chemical; ammonium dihydrogenorthoph",2020,251,France,7142327.898,22105320.0,22105320.0,0.32310447883134014,2805463.283,154.58639723712258
310540,"Fertilizers, mineral or chemical; ammonium dihydrogenorthoph",2021,251,France,5035178.505,7745970.0,7745970.0,0.6500384722636416,7142327.898,-29.50227745200617
310540,"Fertilizers, mineral or chemical; ammonium dihydrogenorthoph",2022,251,France,20327758.842,22640000.0,22640000.0,0.8978692068021201,5035178.505,303.7147604958645
310540,"Fertilizers, mineral or chemical; ammonium dihydrogenorthoph",2023,251,France,8136288.387,15132000.0,15132000.0,0.5376875751387787,20327758.842,-59.974493744045766
310540,"Fertilizers, mineral or chemical; ammonium dihydrogenorthoph",2015,276,Allemagne,1648065.084,3085480.0,3085480.0,0.5341357208602876,,
310540,"Fertilizers, mineral or chemical; ammonium dihydrogenorthoph",2016,276,Allemagne,4411955.0,12467927.0,12467927.0,0.35386435932773747,1648065.084,167.70514361555396
310540,"Fertilizers, mineral or chemical; ammonium dihydrogenorthoph",2017,276,Allemagne,3590394.504,10020000.0,10020000.0,0.35832280479041917,4411955.0,-18.621234713409358
310540,"Fertilizers, mineral or chemical; ammonium dihydrogenorthoph",2023,276,Allemagne,2211611.378,4200000.0,4200000.0,0.5265741376190476,3590394.504,-38.401995225424955
310540,"Fertilizers, mineral or chemical; ammonium dihydrogenorthoph",2015,380,Italie,15933745.555,31163630.0,31163630.0,0.5112929897768649,,
310540,"Fertilizers, mineral or chemical; ammonium dihydrogenorthoph",2016,380,Italie,14042221.0,35094673.0,35094673.0,0.40012400172527607,15933745.555,-11.871185895813683
310540,"Fertilizers, mineral or chemical; ammonium dihydrogenorthoph",2017,380,Italie,16465132.091,42590910.0,42590910.0,0.3865879383887313,14042221.0,17.254472002683908
310540,"Fertilizers, mineral or chemical; ammonium dihydrogenorthoph",2018,380,Italie,15477167.947,33864500.0,33864500.0,0.4570322298276957,16465132.091,-6.000341439957412
310540,"Fertilizers, mineral or chemical; ammonium dihydrogenorthoph",2019,380,Italie,14344930.288,39204900.0,39204900.0,0.3658963621384062,15477167.947,-7.315535134575224
310540,"Fertilizers, mineral or chemical; ammonium dihydrogenorthoph",2020,380,Italie,14016544.932,42564770.0,42564770.0,0.32929920523475165,14344930.288,-2.2892084479121215
310540,"Fertilizers, mineral or chemical; ammonium dihydrogenorthoph",2021,380,Italie,22361231.816,35267070.0,35267070.0,0.6340541421785252,14016544.932,59.53454952332042
310540,"Fertilizers, mineral or chemical; ammonium dihydrogenorthoph",2022,380,Italie,30785485.749,32847000.0,32847000.0,0.9372388878436387,22361231.816,37.67347882406123
310540,"Fertilizers, mineral or chemical; ammonium dihydrogenorthoph",2023,380,Italie,13268528.745,21831360.0,21831360.0,0.6077738054340178,30785485.749,-56.90005071486976
310540,"Fertilizers, mineral or chemical; ammonium dihydrogenorthoph",2022,392,Japon,33054666.532,35544000.0,35544000.0,0.9299647347512943,,
310540,"Fertilizers, mineral or chemical; ammonium dihydrogenorthoph",2023,392,Japon,6526345.369,11082000.0,11082000.0,0.5889140379895326,33054666.532,-80.25590316368223
310540,"Fertilizers, mineral or chemical; ammonium dihydrogenorthoph",2022,410,Corée du Sud,2679135.435,3265290.0,3265290.0,0.8204892781345609,,
310540,"Fertilizers, mineral or chemical; ammonium dihydrogenorthoph",2022,528,Pays-Bas,625745.074,528000.0,528000.0,1.1851232462121213,,
310540,"Fertilizers, mineral or chemical; ammonium dihydrogenorthoph",2022,634,Qatar,44165.661,24000.0,24000.0,1.840235875,,
310540,"Fertilizers, mineral or chemical; ammonium dihydrogenorthoph",2022,682,Arabie Saoudite,150229.238,120000.0,120000.0,1.2519103166666667,,
310540,"Fertilizers, mineral or chemical; ammonium dihydrogenorthoph",2015,724,Espagne,27025793.642,58958540.0,58958540.0,0.4583864125875573,,
310540,"Fertilizers, mineral or chemical; ammonium dihydrogenorthoph",2016,724,Espagne,14907493.0,43446223.0,43446223.0,0.3431251779930329,27025793.642,-44.83975864881652
310540,"Fertilizers, mineral or chemical; ammonium dihydrogenorthoph",2017,724,Espagne,21342374.962,59589260.0,59589260.0,0.3581580801976732,14907493.0,43.16541998040852
310540,"Fertilizers, mineral or chemical; ammonium dihydrogenorthoph",2018,724,Espagne,14754704.671,34768260.0,34768260.0,0.42437282369034285,21342374.962,-30.866622401346227
310540,"Fertilizers, mineral or chemical; ammonium dihydrogenorthoph",2019,724,Espagne,24452560.029,53984520.0,53984520.0,0.45295503283163396,14754704.671,65.72720751951674
310540,"Fertilizers, mineral or chemical; ammonium dihydrogenorthoph",2020,724,Espagne,17746460.772,59367160.0,59367160.0,0.2989272313514745,24452560.029,-27.42493730327936
310540,"Fertilizers, mineral or chemical; ammonium dihydrogenorthoph",2021,724,Espagne,36446305.257,63616810.0,63616810.0,0.5729036909741309,17746460.772,105.37224703702176
310540,"Fertilizers, mineral or chemical; ammonium dihydrogenorthoph",2022,724,Espagne,51160247.569,52559400.0,52559400.0,0.9733795965897631,36446305.257,40.37156087083474
310540,"Fertilizers, mineral or chemical; ammonium dihydrogenorthoph",2023,724,Espagne,13150137.031,24327500.0,24327500.0,0.5405461733018189,51160247.569,-74.29618178984697
310540,"Fertilizers, mineral or chemical; ammonium dihydrogenorthoph",2022,826,Royaume-Uni,39001.436,22000.0,22000.0,1.7727925454545455,,
310540,"Fertilizers, mineral or chemical; ammonium dihydrogenorthoph",2015,842,États-Unis,101039078.681,226785600.0,226785600.0,0.44552687066991903,,
310540,"Fertilizers, mineral or chemical; ammonium dihydrogenorthoph",2016,842,États-Unis,152150425.0,458172676.0,458172676.0,0.3320809663472817,101039078.681,50.58572087772936
310540,"Fertilizers, mineral or chemical; ammonium dihydrogenorthoph",2017,842,États-Unis,250622738.534,724222700.0,724222700.0,0.3460575573425136,152150425.0,64.72036705385477
310540,"Fertilizers, mineral or chemical; ammonium dihydrogenorthoph",2018,842,États-Unis,406119610.835,983934400.0,983934400.0,0.41275069845611656,250622738.534,62.04419966463056
310540,"Fertilizers, mineral or chemical; ammonium dihydrogenorthoph",2019,842,États-Unis,328865933.9,1068634900.0,1068634900.0,0.307743958109547,406119610.835,-19.02239509590857
310540,"Fertilizers, mineral or chemical; ammonium dihydrogenorthoph",2020,842,États-Unis,121375861.979,414135900.0,414135900.0,0.2930822031584318,328865933.9,-63.09260112787863
310540,"Fertilizers, mineral or chemical; ammonium dihydrogenorthoph",2021,842,États-Unis,252159492.645,457161800.0,457161800.0,0.5515760342290191,121375861.979,107.75093872340756
310540,"Fertilizers, mineral or chemical; ammonium dihydrogenorthoph",2022,842,États-Unis,339974128.79,397764000.0,397764000.0,0.8547131685874036,252159492.645,34.82503681454852
310540,"Fertilizers, mineral or chemical; ammonium dihydrogenorthoph",2023,842,États-Unis,211331112.289,396967000.0,396967000.0,0.5323644340436359,339974128.79,-37.83906056582971
310559,"Fertilizers, mineral or chemical; containing the two fertili",2016,036,Australie,9463295.0,37323682.0,37323682.0,0.2535466624112809,,
310559,"Fertilizers, mineral or chemical; containing the two fertili",2016,251,France,3607521.0,13379320.0,13379320.0,0.26963410696507745,,
310559,"Fertilizers, mineral or chemical; containing the two fertili",2017,251,France,1979011.605,5611630.0,5611630.0,0.35266252497046313,3607521.0,-45.142062790486875
310559,"Fertilizers, mineral or chemical; containing the two fertili",2018,251,France,3089612.92,7317950.0,7317950.0,0.4221965058520487,1979011.605,56.118989509412195
310559,"Fertilizers, mineral or chemical; containing the two fertili",2019,251,France,3348607.014,9523430.0,9523430.0,0.3516177484372752,3089612.92,8.382735983639014
310559,"Fertilizers, mineral or chemical; containing the two fertili",2020,251,France,4831006.91,17107430.0,17107430.0,0.282392323686258,3348607.014,44.269151017193686
310559,"Fertilizers, mineral or chemical; containing the two fertili",2021,251,France,15852783.338,25200170.0,25200170.0,0.6290744601326101,4831006.91,228.14656723395163
310559,"Fertilizers, mineral or chemical; containing the two fertili",2023,251,France,11060198.05,17976000.0,17976000.0,0.615275814975523,15852783.338,-30.231822297803735
310559,"Fertilizers, mineral or chemical; containing the two fertili",2016,380,Italie,1194554.0,3920940.0,3920940.0,0.3046601070151545,,
310559,"Fertilizers, mineral or chemical; containing the two fertili",2016,724,Espagne,56895.0,14483.0,14483.0,3.928398812400746,,
310559,"Fertilizers, mineral or chemical; containing the two fertili",2020,724,Espagne,17034947.611,61529660.0,61529660.0,0.27685749622214717,56895.0,29841.027526144655
310559,"Fertilizers, mineral or chemical; containing the two fertili",2022,724,Espagne,1173846.933,1680000.0,1680000.0,0.6987184125,17034947.611,-93.1091837802776
310559,"Fertilizers, mineral or chemical; containing the two fertili",2015,842,États-Unis,20306472.423,42701600.0,42701600.0,0.47554359609475993,,
310559,"Fertilizers, mineral or chemical; containing the two fertili",2016,842,États-Unis,26767526.0,75650556.0,75650556.0,0.353831186647194,20306472.423,31.81770542126227
310559,"Fertilizers, mineral or chemical; containing the two fertili",2017,842,États-Unis,44109347.205,119847400.0,119847400.0,0.3680459251097646,26767526.0,64.78679129703656
310559,"Fertilizers, mineral or chemical; containing the two fertili",2018,842,États-Unis,53691980.554,121236100.0,121236100.0,0.4428712285697082,44109347.205,21.72472266357586
310559,"Fertilizers, mineral or chemical; containing the two fertili",2019,842,États-Unis,28469720.399,77746900.0,77746900.0,0.366184637573974,53691980.554,-46.975842378608185
310559,"Fertilizers, mineral or chemical; containing the two fertili",2020,842,États-Unis,15241767.405,49762310.0,49762310.0,0.3062913961389654,28469720.399,-46.463234652858176
310559,"Fertilizers, mineral or chemical; containing the two fertili",2022,842,États-Unis,6940525.893,9474000.0,9474000.0,0.7325866469284358,15241767.405,-54.46377241839296
610910,"T-shirts, singlets and other vests; of cotton, knitted or cr",2015,036,Australie,9735.137,249.4,1476.0,39.03423015236568,,
610910,"T-shirts, singlets and other vests; of cotton, knitted or cr",2016,036,Australie,379.0,2.0,90.0,189.5,9735.137,-96.10688580961933
610910,"T-shirts, singlets and other vests; of cotton, knitted or cr",2017,036,Australie,883.521,3.3,190.938,267.7336363636364,379.0,133.11899736147757
610910,"T-shirts, singlets and other vests; of cotton, knitted or cr",2018,036,Australie,386.955,7.05,24.0,54.88723404255319,883.521,-56.203078364860595
610910,"T-shirts, singlets and other vests; of cotton, knitted or cr",2019,036,Australie,520.428,5.75,10.0,90.50921739130435,386.955,34.49315811916115
610910,"T-shirts, singlets and other vests; of cotton, knitted or cr",2020,036,Australie,1449.428,18.8,39.0,77.0972340425532,520.428,178.50692122637523
610910,"T-shirts, singlets and other vests; of cotton, knitted or cr",2021,036,Australie,25130.65,811.32,2019.0,30.97501602327072,1449.428,1633.8322427881894
610910,"T-shirts, singlets and other vests; of cotton, knitted or cr",2022,036,Australie,566.794,13.6,60.0,41.67602941176471,25130.65,-97.74461066466644
610910,"T-shirts, singlets and other vests; of cotton, knitted or cr",2023,036,Australie,27559.79,310.14,4225.331,88.86241697297996,566.794,4762.399743116547
610910,"T-shirts, singlets and other vests; of cotton, knitted or cr",2015,056,Belgique,39905.416,1319.17,5371.0,30.250396840437546,,
610910,"T-shirts, singlets and other vests; of cotton, knitted or cr",2016,056,Belgique,27535.0,1149.0,6555.0,23.96431679721497,39905.416,-30.9993410418275
610910,"T-shirts, singlets and other vests; of cotton, knitted or cr",2017,056,Belgique,17277.528,857.05,3733.842,20.15929992415845,27535.0,-37.252485927002006
610910,"T-shirts, singlets and other vests; of cotton, knitted or cr",2018,056,Belgique,9870.761,364.08,1960.0,27.11151669962646,17277.528,-42.86936765490989
610910,"T-shirts, singlets and other vests; of cotton, knitted or cr",2019,056,Belgique,39859.239,893.98,4897.0,44.5862759793284,9870.761,303.81120564057824
610910,"T-shirts, singlets and other vests; of cotton, knitted or cr",2020,056,Belgique,35837.28,1300.67,6513.0,27.55293810113249,39859.239,-10.090405890589137
610910,"T-shirts, singlets and other vests; of cotton, knitted or cr",2021,056,Belgique,133575.51,18010.91,111164.0,7.416366524512088,35837.28,272.7278130483117
610910,"T-shirts, singlets and other vests; of cotton, knitted or cr",2022,056,Belgique,301514.261,38995.55,249885.0,7.7320171404173035,133575.51,125.72570450975631
610910,"T-shirts, singlets and other vests; of cotton, knitted or cr",2023,056,Belgique,220741.858,19761.23,33843.052,11.170451333241909,301514.261,-26.78891629606866
610910,"T-shirts, singlets and other vests; of cotton, knitted or cr",2015,124,Canada,2.766,0.8,1.0,3.4575,,
610910,"T-shirts, singlets and other vests; of cotton, knitted or cr",2016,124,Canada,15493.0,209.0,3688.0,74.12918660287082,2.766,560022.9211858279
610910,"T-shirts, singlets and other vests; of cotton, knitted or cr",2017,124,Canada,1329.406,92.73,287.298,14.336309716380889,15493.0,-91.41931194733107
610910,"T-shirts, singlets and other vests; of cotton, knitted or cr",2018,124,Canada,7.671,19.44,100.0,0.39459876543209876,1329.406,-99.42297537396401
610910,"T-shirts, singlets and other vests; of cotton, knitted or cr",2019,124,Canada,964.307,121.37,125.0,7.945184147647689,7.671,12470.812149654541
610910,"T-shirts, singlets and other vests; of cotton, knitted or cr",2021,124,Canada,2920.403,66.23,1046.0,44.09486637475464,964.307,202.84992227578977
610910,"T-shirts, singlets and other vests; of cotton, knitted or cr",2022,124,Canada,2114.823,161.45,1006.0,13.098934654691854,2920.403,-27.584549118734643
610910,"T-shirts, singlets and other vests; of cotton, knitted or cr",2023,124,Canada,46.686,2.3,7.158,20.29826086956522,2114.823,-97.7924393672662
610910,"T-shirts, singlets and other vests; of cotton, knitted or cr",2015,156,Chine,5358.109,124.4,755.0,43.07161575562701,,
610910,"T-shirts, singlets and other vests; of cotton, knitted or cr",2016,156,Chine,838.0,3.0,199.0,279.3333333333333,5358.109,-84.3601539274397
610910,"T-shirts, singlets and other vests; of cotton, knitted or cr",2018,156,Chine,12846.924,495.78,2990.0,25.91254992133608,838.0,1433.0458233890215
610910,"T-shirts, singlets and other vests; of cotton, knitted or cr",2019,156,Chine,3720.658,365.56,647.0,10.17796804902068,12846.924,-71.03853031278149
610910,"T-shirts, singlets and other vests; of cotton, knitted or cr",2021,156,Chine,11.125,2.5,10.0,4.45,3720.658,-99.70099374895516
610910,"T-shirts, singlets and other vests; of cotton, knitted or cr",2022,156,Chine,2579.655,622.45,6147.0,4.144356976463973,11.125,23087.91011235955
610910,"T-shirts, singlets and other vests; of cotton, knitted or cr",2023,156,Chine,16156.461,581.0,2477.029,27.808022375215145,2579.655,526.3031684469433
610910,"T-shirts, singlets and other vests; of cotton, knitted or cr",2015,251,France,60743226.437,2561429.91,21710429.0,23.714576846258502,,
610910,"T-shirts, singlets and other vests; of cotton, knitted or cr",2016,251,France,60172642.0,2772888.0,14325382.0,21.700350681311328,60743226.437,-0.9393383764225666
610910,"T-shirts, singlets and other vests; of cotton, knitted or cr",2017,251,France,72137007.767,3037016.23,15589510.824,23.75259211802105,60172642.0,19.883397785658147
610910,"T-shirts, singlets and other vests; of cotton, knitted or cr",2018,251,France,84591215.653,3199127.32,21549912.0,26.441965946200604,72137007.767,17.264658282232396
610910,"T-shirts, singlets and other vests; of cotton, knitted or cr",2019,251,France,81141974.127,2833828.74,22731453.0,28.633337287347857,84591215.653,-4.077541029968242
610910,"T-shirts, singlets and other vests; of cotton, knitted or cr",2020,251,France,71880390.849,2414822.69,22298865.0,29.766322449537697,81141974.127,-11.41404726424841
610910,"T-shirts, singlets and other vests; of cotton, knitted or cr",2021,251,France,88824455.387,3227842.52,25422415.0,27.51821219177694,71880390.849,23.572582644402402
610910,"T-shirts, singlets and other vests; of cotton, knitted or cr",2022,251,France,76828976.906,3173534.26,22139301.0,24.209279185787018,88824455.387,-13.504702537985505
610910,"T-shirts, singlets and other vests; of cotton, knitted or cr",2023,251,France,78127475.679,2551992.35,11978118.717,30.614306378700547,76828976.906,1.6901159240851413
610910,"T-shirts, singlets and other vests; of cotton, knitted or cr",2015,276,Allemagne,2797661.56,127860.5,601648.0,21.880577347969076,,
610910,"T-shirts, singlets and other vests; of cotton, knitted or cr",2016,276,Allemagne,4338274.0,194498.0,1032819.0,22.30497999979434,2797661.56,55.06786317641652
610910,"T-shirts, singlets and other vests; of cotton, knitted or cr",2017,276,Allemagne,2785339.43,126309.42,601939.012,22.05171577860147,4338274.0,-35.79613851038454
610910,"T-shirts, singlets and other vests; of cotton, knitted or cr",2018,276,Allemagne,2126860.686,101675.62,456294.0,20.918099009379045,2785339.43,-23.640879704201794
610910,"T-shirts, singlets and other vests; of cotton, knitted or cr",2019,276,Allemagne,1728111.0,77739.12,369416.0,22.229618755653526,2126860.686,-18.748274798850655
610910,"T-shirts, singlets and other vests; of cotton, knitted or cr",2020,276,Allemagne,1204673.204,50293.69,273741.0,23.952770297824635,1728111.0,-30.289593434680995
610910,"T-shirts, singlets and other vests; of cotton, knitted or cr",2021,276,Allemagne,31907217.195,3986115.81,25964745.0,8.004588606019452,1204673.204,2548.620147692768
610910,"T-shirts, singlets and other vests; of cotton, knitted or cr",2022,276,Allemagne,43877771.411,5742953.3,37650525.0,7.640280029962981,31907217.195,37.516760370678256
610910,"T-shirts, singlets and other vests; of cotton, knitted or cr",2023,276,Allemagne,58357066.765,5656940.98,8947017.264,10.316011245533623,43877771.411,32.99915854516279
610910,"T-shirts, singlets and other vests; of cotton, knitted or cr",2015,380,Italie,204504.81,3446.63,22078.0,59.33471535964115,,
610910,"T-shirts, singlets and other vests; of cotton, knitted or cr",2016,380,Italie,568487.0,7834.0,135341.0,72.56663262701046,204504.81,177.98221469705285
610910,"T-shirts, singlets and other vests; of cotton, knitted or cr",2017,380,Italie,173899.64,3446.11,37581.408,50.46259115350352,568487.0,-69.41009381041255
610910,"T-shirts, singlets and other vests; of cotton, knitted or cr",2018,380,Italie,208125.067,4325.78,19326.0,48.112725797428446,173899.64,19.681137350255582
610910,"T-shirts, singlets and other vests; of cotton, knitted or cr",2019,380,Italie,104509.33,1822.61,7283.0,57.34047876397035,208125.067,-49.78532307211221
610910,"T-shirts, singlets and other vests; of cotton, knitted or cr",2020,380,Italie,115228.107,2177.29,12183.0,52.92271906819946,104509.33,10.256287165940115
610910,"T-shirts, singlets and other vests; of cotton, knitted or cr",2021,380,Italie,2678545.855,325058.65,2252859.0,8.240192516027491,115228.107,2224.559454057507
610910,"T-shirts, singlets and other vests; of cotton, knitted or cr",2022,380,Italie,4257820.805,521878.37,3723114.0,8.158645864169461,2678545.855,58.960161053505644
610910,"T-shirts, singlets and other vests; of cotton, knitted or cr",2023,380,Italie,7684630.635,695037.87,1178169.616,11.056420040824538,4257820.805,80.4827160874376
610910,"T-shirts, singlets and other vests; of cotton, knitted or cr",2019,392,Japon,124.778,4.0,40.0,31.1945,,
610910,"T-shirts, singlets and other vests; of cotton, knitted or cr",2020,392,Japon,52.123,0.6,1.0,86.87166666666667,124.778,-58.2274118835051
610910,"T-shirts, singlets and other vests; of cotton, knitted or cr",2021,392,Japon,7245.938,1169.58,5545.0,6.195333367533645,52.123,13801.613491165132
610910,"T-shirts, singlets and other vests; of cotton, knitted or cr",2022,392,Japon,104272.357,16964.43,83592.0,6.1465287663658605,7245.938,1339.0456694495592
610910,"T-shirts, singlets and other vests; of cotton, knitted or cr",2021,410,Corée du Sud,1651.113,87.0,500.0,18.978310344827587,,
610910,"T-shirts, singlets and other vests; of cotton, knitted or cr",2016,414,Koweït,486.0,9.0,116.0,54.0,,
610910,"T-shirts, singlets and other vests; of cotton, knitted or cr",2017,414,Koweït,187.779,1.3,40.581,144.4453846153846,486.0,-61.36234567901234
610910,"T-shirts, singlets and other vests; of cotton, knitted or cr",2018,414,Koweït,1031.205,10.43,52.0,98.86912751677852,187.779,449.1588516287764
610910,"T-shirts, singlets and other vests; of cotton, knitted or cr",2019,414,Koweït,46.064,17.5,70.0,2.6322285714285716,1031.205,-95.5329929548441
610910,"T-shirts, singlets and other vests; of cotton, knitted or cr",2022,414,Koweït,1763.763,195.55,1656.0,9.01949884939913,46.064,3728.940170197985
610910,"T-shirts, singlets and other vests; of cotton, knitted or cr",2015,528,Pays-Bas,16562.127,198.4,1293.0,83.4784627016129,,
610910,"T-shirts, singlets and other vests; of cotton, knitted or cr",2016,528,Pays-Bas,1684.0,170.0,401.0,9.905882352941177,16562.127,-89.83222384419585
610910,"T-shirts, singlets and other vests; of cotton, knitted or cr",2017,528,Pays-Bas,16723.171,470.95,3614.04,35.509440492621295,1684.0,893.0624109263657
610910,"T-shirts, singlets and other vests; of cotton, knitted or cr",2018,528,Pays-Bas,77539.49,3095.25,22083.0,25.051123495678866,16723.171,363.664995113666
610910,"T-shirts, singlets and other vests; of cotton, knitted or cr",2019,528,Pays-Bas,152442.389,8891.79,20985.0,17.144173332928464,77539.49,96.59967972448618
610910,"T-shirts, singlets and other vests; of cotton, knitted or cr",2020,528,Pays-Bas,13534.062,260.0,1119.0,52.05408461538462,152442.389,-91.12185128507792
610910,"T-shirts, singlets and other vests; of cotton, knitted or cr",2021,528,Pays-Bas,5299.006,110.6,719.0,47.91144665461122,13534.062,-60.846891347180176
610910,"T-shirts, singlets and other vests; of cotton, knitted or cr",2022,528,Pays-Bas,312.184,8.0,50.0,39.023,5299.006,-94.10863093946298
610910,"T-shirts, singlets and other vests; of cotton, knitted or cr",2015,634,Qatar,4.917,8.0,50.0,0.614625,,
610910,"T-shirts, singlets and other vests; of cotton, knitted or cr",2016,634,Qatar,190.0,1.0,45.0,190.0,4.917,3764.144803742119
610910,"T-shirts, singlets and other vests; of cotton, knitted or cr",2017,634,Qatar,3537.693,11.0,764.53,321.60845454545455,190.0,1761.9436842105265
610910,"T-shirts, singlets and other vests; of cotton, knitted or cr",2018,634,Qatar,7.458,2.0,7.0,3.729,3537.693,-99.78918464660444
610910,"T-shirts, singlets and other vests; of cotton, knitted or cr",2019,634,Qatar,4.159,2.6,10.0,1.5996153846153844,7.458,-44.234379190131406
610910,"T-shirts, singlets and other vests; of cotton, knitted or cr",2020,634,Qatar,402.871,57.6,250.0,6.994288194444444,4.159,9586.72757874489
610910,"T-shirts, singlets and other vests; of cotton, knitted or cr",2021,634,Qatar,10.013,1.0,10.0,10.013,402.871,-97.5145890371856
610910,"T-shirts, singlets and other vests; of cotton, knitted or cr",2022,634,Qatar,52.457,12.0,60.0,4.371416666666667,10.013,423.888944372316
610910,"T-shirts, singlets and other vests; of cotton, knitted or cr",2015,682,Arabie Saoudite,12786.138,1659.83,13992.0,7.703281661374961,,
610910,"T-shirts, singlets and other vests; of cotton, knitted or cr",2016,682,Arabie Saoudite,266.0,16.0,63.0,16.625,12786.138,-97.91962201565477
610910,"T-shirts, singlets and other vests; of cotton, knitted or cr",2017,682,Arabie Saoudite,5539.33,332.0,1197.103,16.68472891566265,266.0,1982.454887218045
610910,"T-shirts, singlets and other vests; of cotton, knitted or cr",2018,682,Arabie Saoudite,12482.285,857.5,5002.0,14.556600583090379,5539.33,125.3392558305788
610910,"T-shirts, singlets and other vests; of cotton, knitted or cr",2019,682,Arabie Saoudite,2290.613,92.35,31.0,24.80360584731998,12482.285,-81.64908908905701
610910,"T-shirts, singlets and other vests; of cotton, knitted or cr",2020,682,Arabie Saoudite,53.176,0.2,1.0,265.88,2290.613,-97.67852535543979
610910,"T-shirts, singlets and other vests; of cotton, knitted or cr",2021,682,Arabie Saoudite,5828.138,163.9,807.0,35.559109212934715,53.176,10860.091018504587
610910,"T-shirts, singlets and other vests; of cotton, knitted or cr",2022,682,Arabie Saoudite,34322.769,3079.33,24588.0,11.146180825049605,5828.138,488.91483008810025
610910,"T-shirts, singlets and other vests; of cotton, knitted or cr",2023,682,Arabie Saoudite,7665.159,421.0,1175.184,18.207028503562945,34322.769,-77.66742246233106
610910,"T-shirts, singlets and other vests; of cotton, knitted or cr",2015,702,Singapour,23337.851,876.0,4744.0,26.641382420091322,,
610910,"T-shirts, singlets and other vests; of cotton, knitted or cr",2017,702,Singapour,245.113,1.2,52.971,204.26083333333335,23337.851,-98.949719063679
610910,"T-shirts, singlets and other vests; of cotton, knitted or cr",2018,702,Singapour,867.097,38.12,231.0,22.746511017838404,245.113,253.7539828568864
610910,"T-shirts, singlets and other vests; of cotton, knitted or cr",2020,702,Singapour,247.451,0.3,1.0,824.8366666666667,867.097,-71.46213168768891
610910,"T-shirts, singlets and other vests; of cotton, knitted or cr",2021,702,Singapour,1102.188,51.0,334.0,21.611529411764707,247.451,345.41666835050177
610910,"T-shirts, singlets and other vests; of cotton, knitted or cr",2015,724,Espagne,11703416.099,462969.47,3527465.0,25.279023472109294,,
610910,"T-shirts, singlets and other vests; of cotton, knitted or cr",2016,724,Espagne,18154726.0,907639.0,4322120.0,20.002144024221085,11703416.099,55.12330627594479
610910,"T-shirts, singlets and other vests; of cotton, knitted or cr",2017,724,Espagne,24122401.942,1314894.63,5213086.29,18.34550190687143,18154726.0,32.871198067103855
610910,"T-shirts, singlets and other vests; of cotton, knitted or cr",2018,724,Espagne,26497879.434,1432362.4,8018352.0,18.499424052181208,24122401.942,9.847599329915845
610910,"T-shirts, singlets and other vests; of cotton, knitted or cr",2019,724,Espagne,29903564.273,1569868.88,9546796.0,19.04844707349062,26497879.434,12.852669389951599
610910,"T-shirts, singlets and other vests; of cotton, knitted or cr",2020,724,Espagne,26612050.834,1391847.64,7671059.0,19.119945365571766,29903564.273,-11.0070940338437
610910,"T-shirts, singlets and other vests; of cotton, knitted or cr",2021,724,Espagne,51898923.559,2665694.64,15154028.0,19.469193050183723,26612050.834,95.02038336967654
610910,"T-shirts, singlets and other vests; of cotton, knitted or cr",2022,724,Espagne,48150293.339,2759996.78,17220473.0,17.445778809568033,51898923.559,-7.222944066919734
610910,"T-shirts, singlets and other vests; of cotton, knitted or cr",2023,724,Espagne,58250007.944,3012650.38,8930603.534,19.33513703770698,48150293.339,20.97539579643556
610910,"T-shirts, singlets and other vests; of cotton, knitted or cr",2015,784,Émirats Arabes,126609.515,3774.42,24394.0,33.54409816607585,,
610910,"T-shirts, singlets and other vests; of cotton, knitted or cr",2016,784,Émirats Arabes,16849.0,219.0,4011.0,76.93607305936074,126609.515,-86.69215342938483
610910,"T-shirts, singlets and other vests; of cotton, knitted or cr",2018,784,Émirats Arabes,26169.436,275.89,1633.0,94.85460147160101,16849.0,55.3174431717016
610910,"T-shirts, singlets and other vests; of cotton, knitted or cr",2019,784,Émirats Arabes,1589.568,67.71,260.0,23.476118741692513,26169.436,-93.92586068725363
610910,"T-shirts, singlets and other vests; of cotton, knitted or cr",2020,784,Émirats Arabes,120721.323,13861.2,106483.0,8.709298112717514,1589.568,7494.5994760840695
610910,"T-shirts, singlets and other vests; of cotton, knitted or cr",2021,784,Émirats Arabes,264644.349,18689.91,141572.0,14.159744428945885,120721.323,119.2192252565025
610910,"T-shirts, singlets and other vests; of cotton, knitted or cr",2022,784,Émirats Arabes,212939.309,18226.81,139226.0,11.682752439949722,264644.349,-19.537556798539455
610910,"T-shirts, singlets and other vests; of cotton, knitted or cr",2023,784,Émirats Arabes,210894.973,18001.57,32333.376,11.715365548671588,212939.309,-0.9600557124001985
610910,"T-shirts, singlets and other vests; of cotton, knitted or cr",2015,826,Royaume-Uni,655376.997,24056.42,115259.0,27.24333034591182,,
610910,"T-shirts, singlets and other vests; of cotton, knitted or cr",2016,826,Royaume-Uni,968198.0,32275.0,230500.0,29.998388845855924,655376.997,47.73145905821288
610910,"T-shirts, singlets and other vests; of cotton, knitted or cr",2017,826,Royaume-Uni,1047653.356,40001.01,226408.106,26.190672585517216,968198.0,8.206519327658189
610910,"T-shirts, singlets and other vests; of cotton, knitted or cr",2018,826,Royaume-Uni,1031321.51,43076.5,177916.0,23.94162733741135,1047653.356,-1.558897884158548
610910,"T-shirts, singlets and other vests; of cotton, knitted or cr",2019,826,Royaume-Uni,3516303.484,181185.7,660909.0,19.407179948527947,1031321.51,240.9512407047537
610910,"T-shirts, singlets and other vests; of cotton, knitted or cr",2020,826,Royaume-Uni,5653990.467,326277.89,1292328.0,17.32875760291327,3516303.484,60.79358601232725
610910,"T-shirts, singlets and other vests; of cotton, knitted or cr",2021,826,Royaume-Uni,19733426.977,1819410.38,10782865.0,10.846056059655988,5653990.467,249.01769099498554
610910,"T-shirts, singlets and other vests; of cotton, knitted or cr",2022,826,Royaume-Uni,20262346.958,2122288.97,13791977.0,9.547402471775555,19733426.977,2.6803250221893715
610910,"T-shirts, singlets and other vests; of cotton, knitted or cr",2023,826,Royaume-Uni,18948735.789,1572663.45,2905126.588,12.048818066573622,20262346.958,-6.483015870386913
610910,"T-shirts, singlets and other vests; of cotton, knitted or cr",2015,842,États-Unis,71492.54,2242.4,17685.0,31.88215305030324,,
610910,"T-shirts, singlets and other vests; of cotton, knitted or cr",2016,842,États-Unis,129919.0,3369.0,30930.0,38.56307509646779,71492.54,81.72385538407225
610910,"T-shirts, singlets and other vests; of cotton, knitted or cr",2017,842,États-Unis,19229.901,927.76,4155.769,20.727236569802535,129919.0,-85.19854601713376
610910,"T-shirts, singlets and other vests; of cotton, knitted or cr",2018,842,États-Unis,222520.324,11265.01,70829.0,19.753229158251965,19229.901,1057.1579281661407
610910,"T-shirts, singlets and other vests; of cotton, knitted or cr",2019,842,États-Unis,221768.203,13207.54,31141.0,16.791030199416394,222520.324,-0.3380010358065022
610910,"T-shirts, singlets and other vests; of cotton, knitted or cr",2020,842,États-Unis,1282461.769,24558.38,148770.0,52.22094327883191,221768.203,478.28929109372814
610910,"T-shirts, singlets and other vests; of cotton, knitted or cr",2021,842,États-Unis,2433388.574,43915.17,275793.0,55.41111588546737,1282461.769,89.74355671416508
610910,"T-shirts, singlets and other vests; of cotton, knitted or cr",2022,842,États-Unis,3224176.321,74786.32,427425.0,43.111846137101004,2433388.574,32.49738884489395
610910,"T-shirts, singlets and other vests; of cotton, knitted or cr",2023,842,États-Unis,1929649.997,32252.22,295844.407,59.82998990457091,3224176.321,-40.150605770794016
620342,"Trousers, bib and brace overalls, breeches and shorts; men's",2015,036,Australie,757.026,36.14,99.0,20.947039291643605,,
620342,"Trousers, bib and brace overalls, breeches and shorts; men's",2016,036,Australie,1568.0,6.0,109.0,261.3333333333333,757.026,107.12630741876768
620342,"Trousers, bib and brace overalls, breeches and shorts; men's",2021,036,Australie,1894.201,18.0,59.0,105.2333888888889,1568.0,20.803635204081633
620342,"Trousers, bib and brace overalls, breeches and shorts; men's",2023,036,Australie,176.678,3.0,8.684,58.89266666666666,1894.201,-90.67268996268083
620342,"Trousers, bib and brace overalls, breeches and shorts; men's",2015,056,Belgique,596978.628,21090.4,49682.0,28.305704396313015,,
620342,"Trousers, bib and brace overalls, breeches and shorts; men's",2016,056,Belgique,778541.0,26005.0,53931.0,29.938127283214765,596978.628,30.413546395835123
620342,"Trousers, bib and brace overalls, breeches and shorts; men's",2017,056,Belgique,239671.557,8310.21,14716.757,28.840613775103158,778541.0,-69.2152941206693
620342,"Trousers, bib and brace overalls, breeches and shorts; men's",2018,056,Belgique,660943.568,12624.35,48717.958,52.35466126968913,239671.557,175.77054877646577
620342,"Trousers, bib and brace overalls, breeches and shorts; men's",2019,056,Belgique,1145444.283,14064.91,100244.066,81.43985869799381,660943.568,73.30439971843407
620342,"Trousers, bib and brace overalls, breeches and shorts; men's",2020,056,Belgique,1041980.113,12541.94,86781.775,83.07966016421702,1145444.283,-9.032667196087445
620342,"Trousers, bib and brace overalls, breeches and shorts; men's",2021,056,Belgique,1384376.651,17943.73,120073.279,77.15099653193623,1041980.113,32.86017974126153
620342,"Trousers, bib and brace overalls, breeches and shorts; men's",2022,056,Belgique,1734878.936,17772.59,153356.63,97.6154255513687,1384376.651,25.31841928616867
620342,"Trousers, bib and brace overalls, breeches and shorts; men's",2023,056,Belgique,1968375.245,17984.3,96745.824,109.4496446900908,1734878.936,13.458939650184334
620342,"Trousers, bib and brace overalls, breeches and shorts; men's",2015,124,Canada,430546.983,8717.4,18333.0,49.38938020510703,,
620342,"Trousers, bib and brace overalls, breeches and shorts; men's",2016,124,Canada,777071.0,17295.0,53829.0,44.93038450419196,430546.983,80.48459998150771
620342,"Trousers, bib and brace overalls, breeches and shorts; men's",2017,124,Canada,698356.955,14917.57,42881.809,46.81439101676747,777071.0,-10.129582110257626
620342,"Trousers, bib and brace overalls, breeches and shorts; men's",2018,124,Canada,966884.034,16668.1,38633.0,58.00805334741213,698356.955,38.45126436809097
620342,"Trousers, bib and brace overalls, breeches and shorts; men's",2019,124,Canada,689649.134,12650.0,28354.0,54.51771810276679,966884.034,-28.673024918311974
620342,"Trousers, bib and brace overalls, breeches and shorts; men's",2020,124,Canada,363443.396,6372.8,14370.0,57.03040986693447,689649.134,-47.30024615676527
620342,"Trousers, bib and brace overalls, breeches and shorts; men's",2021,124,Canada,672578.143,12669.4,26872.366,53.08681887066476,363443.396,85.05719195954245
620342,"Trousers, bib and brace overalls, breeches and shorts; men's",2022,124,Canada,1190768.631,25313.0,54546.873,47.04178212776044,672578.143,77.04539515492402
620342,"Trousers, bib and brace overalls, breeches and shorts; men's",2023,124,Canada,52547.799,1075.0,2582.729,48.881673488372094,1190768.631,-95.58706892069614
620342,"Trousers, bib and brace overalls, breeches and shorts; men's",2015,156,Chine,76346.44,1570.76,3876.0,48.604777305253506,,
620342,"Trousers, bib and brace overalls, breeches and shorts; men's",2016,156,Chine,31539.0,1011.0,2185.0,31.19584569732938,76346.44,-58.68962586860632
620342,"Trousers, bib and brace overalls, breeches and shorts; men's",2017,156,Chine,13748.198,482.4,844.192,28.499581260364845,31539.0,-56.40889692127208
620342,"Trousers, bib and brace overalls, breeches and shorts; men's",2018,156,Chine,21893.647,718.4,1400.0,30.47556653674833,13748.198,59.247393731163896
620342,"Trousers, bib and brace overalls, breeches and shorts; men's",2022,156,Chine,13341.259,483.75,1916.0,27.578829974160207,21893.647,-39.063331933688346
620342,"Trousers, bib and brace overalls, breeches and shorts; men's",2023,156,Chine,210691.622,4323.0,10355.513,48.73736340504279,13341.259,1479.2484202577884
620342,"Trousers, bib and brace overalls, breeches and shorts; men's",2015,251,France,73948514.997,2729363.21,5877835.828,27.093687907151057,,
620342,"Trousers, bib and brace overalls, breeches and shorts; men's",2016,251,France,49104839.0,1701261.0,3401581.0,28.863789271605004,73948514.997,-33.59590925931085
620342,"Trousers, bib and brace overalls, breeches and shorts; men's",2017,251,France,48959412.561,1603740.31,3006296.64,30.528267111400346,49104839.0,-0.2961550062306549
620342,"Trousers, bib and brace overalls, breeches and shorts; men's",2018,251,France,49164656.126,1568247.8,3709190.752,31.35005585596868,48959412.561,0.41921165770583124
620342,"Trousers, bib and brace overalls, breeches and shorts; men's",2019,251,France,39741466.482,1266274.23,3122695.802,31.38456547599488,49164656.126,-19.166593212510413
620342,"Trousers, bib and brace overalls, breeches and shorts; men's",2020,251,France,28046077.98,957455.89,2238571.774,29.292292494017662,39741466.482,-29.42867875119093
620342,"Trousers, bib and brace overalls, breeches and shorts; men's",2021,251,France,24181855.652,829214.0,1447050.915,29.162382270439235,28046077.98,-13.778120173364794
620342,"Trousers, bib and brace overalls, breeches and shorts; men's",2022,251,France,25434716.165,859745.45,1644562.863,29.584007876982657,24181855.652,5.180994093380837
620342,"Trousers, bib and brace overalls, breeches and shorts; men's",2023,251,France,31880687.706,957554.59,1566938.728,33.29385921067957,25434716.165,25.343202177621006
620342,"Trousers, bib and brace overalls, breeches and shorts; men's",2015,276,Allemagne,2371396.47,84044.27,146237.0,28.216039832340744,,
620342,"Trousers, bib and brace overalls, breeches and shorts; men's",2016,276,Allemagne,3186873.0,116304.0,220760.0,27.40123297565002,2371396.47,34.388030020134075
620342,"Trousers, bib and brace overalls, breeches and shorts; men's",2017,276,Allemagne,2293458.366,73914.05,140827.184,31.028720060665055,3186873.0,-28.034208893796524
620342,"Trousers, bib and brace overalls, breeches and shorts; men's",2018,276,Allemagne,3152226.41,103203.06,176457.0,30.543923891404,2293458.366,37.44423952625614
620342,"Trousers, bib and brace overalls, breeches and shorts; men's",2019,276,Allemagne,2976382.938,91903.08,174106.624,32.38610651569022,3152226.41,-5.578389656344516
620342,"Trousers, bib and brace overalls, breeches and shorts; men's",2020,276,Allemagne,2242879.635,67969.4,117521.0,32.99837331210809,2976382.938,-24.644117315525353
620342,"Trousers, bib and brace overalls, breeches and shorts; men's",2021,276,Allemagne,3189349.584,103766.57,155754.0,30.735810039784486,2242879.635,42.1988739043502
620342,"Trousers, bib and brace overalls, breeches and shorts; men's",2022,276,Allemagne,4581399.3,164250.38,248936.0,27.892777477896853,3189349.584,43.64682137648038
620342,"Trousers, bib and brace overalls, breeches and shorts; men's",2023,276,Allemagne,7140921.898,182146.2,350976.967,39.20434188580382,4581399.3,55.86770395673655
620342,"Trousers, bib and brace overalls, breeches and shorts; men's",2015,380,Italie,27222849.815,852117.65,1540776.541,31.947290159991404,,
620342,"Trousers, bib and brace overalls, breeches and shorts; men's",2016,380,Italie,26962186.0,799597.0,1867719.0,33.719718808349704,27222849.815,-0.9575184698567949
620342,"Trousers, bib and brace overalls, breeches and shorts; men's",2017,380,Italie,22038346.744,609827.25,1353239.434,36.13867163856649,26962186.0,-18.262017983259966
620342,"Trousers, bib and brace overalls, breeches and shorts; men's",2018,380,Italie,26756408.31,689980.42,1314152.259,38.77850375812113,22038346.744,21.408418792959164
620342,"Trousers, bib and brace overalls, breeches and shorts; men's",2019,380,Italie,28439755.601,809886.23,1489080.275,35.11574162830254,26756408.31,6.291379887377721
620342,"Trousers, bib and brace overalls, breeches and shorts; men's",2020,380,Italie,24609222.715,648534.91,1259849.434,37.94587205028022,28439755.601,-13.46893742597883
620342,"Trousers, bib and brace overalls, breeches and shorts; men's",2021,380,Italie,16739639.575,521068.08,1181081.0,32.12562852631464,24609222.715,-31.978186516241625
620342,"Trousers, bib and brace overalls, breeches and shorts; men's",2022,380,Italie,19915231.31,703084.36,1557667.685,28.32552171975494,16739639.575,18.9704904981504
620342,"Trousers, bib and brace overalls, breeches and shorts; men's",2023,380,Italie,18942177.831,574772.91,931009.78,32.95593355469728,19915231.31,-4.885976285454444
620342,"Trousers, bib and brace overalls, breeches and shorts; men's",2015,392,Japon,118.015,3.47,9.0,34.01008645533141,,
620342,"Trousers, bib and brace overalls, breeches and shorts; men's",2016,392,Japon,5172.0,82.0,358.0,63.073170731707314,118.015,4282.4937507943905
620342,"Trousers, bib and brace overalls, breeches and shorts; men's",2017,392,Japon,4559.187,80.22,279.952,56.83354525056096,5172.0,-11.848665893271464
620342,"Trousers, bib and brace overalls, breeches and shorts; men's",2018,392,Japon,7375.799,116.95,489.0,63.06796921761436,4559.187,61.778821531119476
620342,"Trousers, bib and brace overalls, breeches and shorts; men's",2019,392,Japon,9678.252,166.1,567.0,58.267621914509334,7375.799,31.21631975057889
620342,"Trousers, bib and brace overalls, breeches and shorts; men's",2020,392,Japon,6671.582,117.24,351.0,56.90533947458206,9678.252,-31.06625039314951
620342,"Trousers, bib and brace overalls, breeches and shorts; men's",2021,392,Japon,538.689,10.16,12.0,53.020570866141725,6671.582,-91.92561824167042
620342,"Trousers, bib and brace overalls, breeches and shorts; men's",2023,410,Corée du Sud,5527.356,129.25,271.67,42.76484332688588,,
620342,"Trousers, bib and brace overalls, breeches and shorts; men's",2016,414,Koweït,1576.0,2.0,109.0,788.0,,
620342,"Trousers, bib and brace overalls, breeches and shorts; men's",2018,414,Koweït,152.992,9.6,8.0,15.936666666666666,1576.0,-90.29238578680203
620342,"Trousers, bib and brace overalls, breeches and shorts; men's",2020,414,Koweït,185.325,2.0,8.0,92.6625,152.992,21.13378477306003
620342,"Trousers, bib and brace overalls, breeches and shorts; men's",2015,528,Pays-Bas,713111.66,22898.8,40364.0,31.141879050430592,,
620342,"Trousers, bib and brace overalls, breeches and shorts; men's",2016,528,Pays-Bas,165329.0,5681.0,11453.0,29.102094701637036,713111.66,-76.8158327406959
620342,"Trousers, bib and brace overalls, breeches and shorts; men's",2017,528,Pays-Bas,9565.972,224.1,587.388,42.68617581436858,165329.0,-94.21397818894445
620342,"Trousers, bib and brace overalls, breeches and shorts; men's",2018,528,Pays-Bas,178687.325,6163.1,11540.0,28.993091950479467,9565.972,1767.9473972953297
620342,"Trousers, bib and brace overalls, breeches and shorts; men's",2019,528,Pays-Bas,24527480.42,1808116.0,2610190.0,13.565213968572813,178687.325,13626.48027497194
620342,"Trousers, bib and brace overalls, breeches and shorts; men's",2020,528,Pays-Bas,28049233.271,1970439.0,2948250.535,14.23501730883321,24527480.42,14.358396340328214
620342,"Trousers, bib and brace overalls, breeches and shorts; men's",2021,528,Pays-Bas,38337061.454,2656165.65,3858160.053,14.43323440840371,28049233.271,36.677751878646
620342,"Trousers, bib and brace overalls, breeches and shorts; men's",2022,528,Pays-Bas,20378322.289,1371533.4,2137411.648,14.858057622949614,38337061.454,-46.8443289179803
620342,"Trousers, bib and brace overalls, breeches and shorts; men's",2023,528,Pays-Bas,992694.265,47933.27,48791.014,20.70992162646112,20378322.289,-95.12867521220898
620342,"Trousers, bib and brace overalls, breeches and shorts; men's",2015,682,Arabie Saoudite,352.202,10.0,40.0,35.2202,,
620342,"Trousers, bib and brace overalls, breeches and shorts; men's",2017,682,Arabie Saoudite,132.404,1.9,8.13,69.68631578947368,352.202,-62.40680064281293
620342,"Trousers, bib and brace overalls, breeches and shorts; men's",2015,702,Singapour,123610.085,4562.44,8644.0,27.092977661076095,,
620342,"Trousers, bib and brace overalls, breeches and shorts; men's",2016,702,Singapour,31370.0,699.0,2173.0,44.87839771101574,123610.085,-74.62181180443326
620342,"Trousers, bib and brace overalls, breeches and shorts; men's",2017,702,Singapour,79550.715,1538.15,4884.721,51.71843773364105,31370.0,153.58850812878546
620342,"Trousers, bib and brace overalls, breeches and shorts; men's",2018,702,Singapour,19341.789,357.87,1870.0,54.04696956995557,79550.715,-75.68621601955431
620342,"Trousers, bib and brace overalls, breeches and shorts; men's",2015,724,Espagne,63226371.273,3473460.29,7462770.365,18.20270450623174,,
620342,"Trousers, bib and brace overalls, breeches and shorts; men's",2016,724,Espagne,75559771.0,4474443.0,5234162.0,16.88696693644326,63226371.273,19.50673347003676
620342,"Trousers, bib and brace overalls, breeches and shorts; men's",2017,724,Espagne,77256802.744,4778937.74,4743865.466,16.166103629548434,75559771.0,2.245946118603248
620342,"Trousers, bib and brace overalls, breeches and shorts; men's",2018,724,Espagne,76119606.246,4651893.62,8503641.859,16.36314422985451,77256802.744,-1.4719694028346444
620342,"Trousers, bib and brace overalls, breeches and shorts; men's",2019,724,Espagne,67350767.387,3625270.17,7519533.957,18.57813741561777,76119606.246,-11.519816367232988
620342,"Trousers, bib and brace overalls, breeches and shorts; men's",2020,724,Espagne,36177718.355,1657974.44,3686736.717,21.820431897008014,67350767.387,-46.284623385029164
620342,"Trousers, bib and brace overalls, breeches and shorts; men's",2021,724,Espagne,62220025.053,2571013.97,6331635.224,24.200578362862803,36177718.355,71.98438122176599
620342,"Trousers, bib and brace overalls, breeches and shorts; men's",2022,724,Espagne,72415233.532,3322566.86,7175462.973,21.79496653740777,62220025.053,16.385735091420425
620342,"Trousers, bib and brace overalls, breeches and shorts; men's",2023,724,Espagne,69330334.008,3475458.85,3407592.283,19.948541185576115,72415233.532,-4.260014604022231
620342,"Trousers, bib and brace overalls, breeches and shorts; men's",2015,784,Émirats Arabes,90466.369,3233.18,8879.0,27.98061629726771,,
620342,"Trousers, bib and brace overalls, breeches and shorts; men's",2016,784,Émirats Arabes,63372.0,1131.0,4390.0,56.03183023872679,90466.369,-29.949658972164567
620342,"Trousers, bib and brace overalls, breeches and shorts; men's",2017,784,Émirats Arabes,273.986,1.0,16.824,273.986,63372.0,-99.56765448463044
620342,"Trousers, bib and brace overalls, breeches and shorts; men's",2018,784,Émirats Arabes,262502.261,3782.36,6288.0,69.40171242293171,273.986,95708.64022249314
620342,"Trousers, bib and brace overalls, breeches and shorts; men's",2022,784,Émirats Arabes,36682.557,409.31,1446.0,89.62047592289463,262502.261,-86.02581293575982
620342,"Trousers, bib and brace overalls, breeches and shorts; men's",2023,784,Émirats Arabes,108549.468,3274.63,5335.216,33.14862076020802,36682.557,195.91576181562257
620342,"Trousers, bib and brace overalls, breeches and shorts; men's",2015,826,Royaume-Uni,10698443.462,435941.12,703485.044,24.541028526971715,,
620342,"Trousers, bib and brace overalls, breeches and shorts; men's",2016,826,Royaume-Uni,8740598.0,368939.0,605477.0,23.691173879692847,10698443.462,-18.300283297791005
620342,"Trousers, bib and brace overalls, breeches and shorts; men's",2017,826,Royaume-Uni,9888022.166,377397.56,607162.673,26.200546092560852,8740598.0,13.127524752883032
620342,"Trousers, bib and brace overalls, breeches and shorts; men's",2018,826,Royaume-Uni,10188526.968,345820.46,565461.0,29.46189756383992,9888022.166,3.0390789680193873
620342,"Trousers, bib and brace overalls, breeches and shorts; men's",2019,826,Royaume-Uni,5854291.141,242655.6,400290.445,24.125926378785405,10188526.968,-42.54035780258437
620342,"Trousers, bib and brace overalls, breeches and shorts; men's",2020,826,Royaume-Uni,862869.273,28638.25,51931.351,30.129958115457477,5854291.141,-85.26090943860012
620342,"Trousers, bib and brace overalls, breeches and shorts; men's",2021,826,Royaume-Uni,1616317.995,52246.1,98161.999,30.9366248389832,862869.273,87.31898858565566
620342,"Trousers, bib and brace overalls, breeches and shorts; men's",2022,826,Royaume-Uni,3991323.738,141124.83,294988.555,28.28222176069229,1616317.995,146.93926259232174
620342,"Trousers, bib and brace overalls, breeches and shorts; men's",2023,826,Royaume-Uni,5086653.686,182914.74,250009.496,27.808877983261493,3991323.738,27.442773874034465
620342,"Trousers, bib and brace overalls, breeches and shorts; men's",2015,842,États-Unis,4158708.624,150147.52,222050.491,27.697484607138367,,
620342,"Trousers, bib and brace overalls, breeches and shorts; men's",2016,842,États-Unis,4918026.0,162558.0,340681.0,30.25397704204038,4158708.624,18.258489465166246
620342,"Trousers, bib and brace overalls, breeches and shorts; men's",2017,842,États-Unis,2682025.863,81094.41,164686.726,33.07288212590732,4918026.0,-45.465398861250435
620342,"Trousers, bib and brace overalls, breeches and shorts; men's",2018,842,États-Unis,1584306.835,45687.41,78323.39,34.67709889879947,2682025.863,-40.92872642071163
620342,"Trousers, bib and brace overalls, breeches and shorts; men's",2019,842,États-Unis,676237.476,9895.28,39081.08,68.33939777348392,1584306.835,-57.31650832649472
620342,"Trousers, bib and brace overalls, breeches and shorts; men's",2020,842,États-Unis,489023.63,6398.28,31054.423,76.43048287977395,676237.476,-27.684630421162876
620342,"Trousers, bib and brace overalls, breeches and shorts; men's",2021,842,États-Unis,457237.394,5956.66,36418.7,76.76070045965356,489023.63,-6.499938663495675
620342,"Trousers, bib and brace overalls, breeches and shorts; men's",2022,842,États-Unis,1215660.944,23484.32,73407.914,51.7647921677102,457237.394,165.87084957447726
620342,"Trousers, bib and brace overalls, breeches and shorts; men's",2023,842,États-Unis,2542292.249,64404.12,124953.897,39.474062358122424,1215660.944,109.12839731733621
620419,"Suits; women's or girls', of textile materials n.e.c. in ite",2019,036,Australie,8586.289,1231.1,1260.0,6.974485419543499,,
620419,"Suits; women's or girls', of textile materials n.e.c. in ite",2015,056,Belgique,8648.322,540.0,1350.0,16.01541111111111,,
620419,"Suits; women's or girls', of textile materials n.e.c. in ite",2019,056,Belgique,216048.601,32491.53,24442.0,6.649382192836102,8648.322,2398.1563013033046
620419,"Suits; women's or girls', of textile materials n.e.c. in ite",2015,124,Canada,203480.552,5289.0,36537.0,38.47240536963509,,
620419,"Suits; women's or girls', of textile materials n.e.c. in ite",2016,124,Canada,43576.0,982.0,3427.0,44.37474541751528,203480.552,-78.5846855772241
620419,"Suits; women's or girls', of textile materials n.e.c. in ite",2019,124,Canada,13708.427,2028.3,1565.0,6.758579598678696,43576.0,-68.54133697448137
620419,"Suits; women's or girls', of textile materials n.e.c. in ite",2015,156,Chine,10598.355,296.0,1634.0,35.805253378378374,,
620419,"Suits; women's or girls', of textile materials n.e.c. in ite",2016,156,Chine,18956.0,1519.0,1491.0,12.47926267281106,10598.355,78.85794540756561
620419,"Suits; women's or girls', of textile materials n.e.c. in ite",2019,156,Chine,159046.873,22749.95,17819.0,6.991086705685067,18956.0,739.0318263346697
620419,"Suits; women's or girls', of textile materials n.e.c. in ite",2022,156,Chine,408.536,102.85,755.0,3.9721536217792903,159046.873,-99.74313484302203
620419,"Suits; women's or girls', of textile materials n.e.c. in ite",2015,251,France,8416915.088,157146.91,702027.0,53.560805541769795,,
620419,"Suits; women's or girls', of textile materials n.e.c. in ite",2016,251,France,6946569.0,164937.0,546295.0,42.11649902690118,8416915.088,-17.46894286834701
620419,"Suits; women's or girls', of textile materials n.e.c. in ite",2017,251,France,5093733.087,163071.2,0.0,31.236251937803853,6946569.0,-26.672677015084712
620419,"Suits; women's or girls', of textile materials n.e.c. in ite",2018,251,France,3523999.383,78719.0,383938.0,44.76682100890509,5093733.087,-30.816960315533713
620419,"Suits; women's or girls', of textile materials n.e.c. in ite",2019,251,France,5837460.131,199497.3,725212.0,29.260847795935085,3523999.383,65.64872738514893
620419,"Suits; women's or girls', of textile materials n.e.c. in ite",2020,251,France,2553656.137,68608.4,245319.0,37.22075047661803,5837460.131,-56.253985814160245
620419,"Suits; women's or girls', of textile materials n.e.c. in ite",2021,251,France,2996631.694,66044.76,242275.0,45.372739548148864,2553656.137,17.346719105274744
620419,"Suits; women's or girls', of textile materials n.e.c. in ite",2022,251,France,7525240.251,132207.55,524681.0,56.91989792564797,2996631.694,151.1232950671715
620419,"Suits; women's or girls', of textile materials n.e.c. in ite",2023,251,France,9616435.554,188179.85,0.0,51.102365922812666,7525240.251,27.78908358071503
620419,"Suits; women's or girls', of textile materials n.e.c. in ite",2015,276,Allemagne,602478.983,19380.21,77268.0,31.08732996185284,,
620419,"Suits; women's or girls', of textile materials n.e.c. in ite",2016,276,Allemagne,519633.0,32491.0,40865.0,15.993136560893786,602478.983,-13.750850293146243
620419,"Suits; women's or girls', of textile materials n.e.c. in ite",2017,276,Allemagne,1352972.424,86938.2,0.0,15.562461886719534,519633.0,160.37076629082452
620419,"Suits; women's or girls', of textile materials n.e.c. in ite",2018,276,Allemagne,1554140.463,94178.0,292825.0,16.50216040901272,1352972.424,14.868598607890018
620419,"Suits; women's or girls', of textile materials n.e.c. in ite",2019,276,Allemagne,9023366.906,497191.9,937167.0,18.14866031807839,1554140.463,480.60176160537947
620419,"Suits; women's or girls', of textile materials n.e.c. in ite",2020,276,Allemagne,13745103.803,582856.1,818947.0,23.582328130391016,9023366.906,52.327883219071225
620419,"Suits; women's or girls', of textile materials n.e.c. in ite",2021,276,Allemagne,9004007.201,367800.99,716755.0,24.48064971494503,13745103.803,-34.49298506545444
620419,"Suits; women's or girls', of textile materials n.e.c. in ite",2022,276,Allemagne,7426178.617,301960.1,659398.0,24.59324466047004,9004007.201,-17.52362641185764
620419,"Suits; women's or girls', of textile materials n.e.c. in ite",2023,276,Allemagne,8977398.538,315534.26,0.0,28.451422479448034,7426178.617,20.8885350191948
620419,"Suits; women's or girls', of textile materials n.e.c. in ite",2015,380,Italie,678498.881,10466.0,29529.0,64.82886308045099,,
620419,"Suits; women's or girls', of textile materials n.e.c. in ite",2016,380,Italie,8485.0,89.0,667.0,95.33707865168539,678498.881,-98.74944524779548
620419,"Suits; women's or girls', of textile materials n.e.c. in ite",2017,380,Italie,19957.671,568.35,0.0,35.11510688836104,8485.0,135.21120801414258
620419,"Suits; women's or girls', of textile materials n.e.c. in ite",2019,380,Italie,695027.027,24840.0,61433.0,27.980154066022543,19957.671,3382.505684155231
620419,"Suits; women's or girls', of textile materials n.e.c. in ite",2020,380,Italie,1130362.488,19483.0,47288.0,58.01788677308422,695027.027,62.63576006232056
620419,"Suits; women's or girls', of textile materials n.e.c. in ite",2021,380,Italie,2223351.666,36085.3,83060.0,61.613778075836976,1130362.488,96.69368805168634
620419,"Suits; women's or girls', of textile materials n.e.c. in ite",2022,380,Italie,15535408.576,297054.2,657038.0,52.298228996593885,2223351.666,598.7382524128326
620419,"Suits; women's or girls', of textile materials n.e.c. in ite",2023,380,Italie,27417895.908,373422.8,0.0,73.42319726594091,15535408.576,76.48648102089028
620419,"Suits; women's or girls', of textile materials n.e.c. in ite",2015,392,Japon,42107.851,729.9,5065.514,57.68989039594466,,
620419,"Suits; women's or girls', of textile materials n.e.c. in ite",2016,392,Japon,5789.0,147.0,455.0,39.38095238095238,42107.851,-86.25196997111061
620419,"Suits; women's or girls', of textile materials n.e.c. in ite",2019,392,Japon,25730.896,3449.94,2936.0,7.4583604352539465,5789.0,344.4791155640007
620419,"Suits; women's or girls', of textile materials n.e.c. in ite",2023,392,Japon,6392.189,11.6,0.0,551.050775862069,25730.896,-75.15753435092195
620419,"Suits; women's or girls', of textile materials n.e.c. in ite",2015,410,Corée du Sud,1485.273,30.0,250.0,49.5091,,
620419,"Suits; women's or girls', of textile materials n.e.c. in ite",2016,410,Corée du Sud,639.0,17.0,50.0,37.588235294117645,1485.273,-56.97760613705359
620419,"Suits; women's or girls', of textile materials n.e.c. in ite",2019,410,Corée du Sud,261.514,35.26,33.0,7.416732841747023,639.0,-59.07449139280126
620419,"Suits; women's or girls', of textile materials n.e.c. in ite",2021,410,Corée du Sud,22994.121,392.0,1500.0,58.658471938775506,261.514,8692.692169444084
620419,"Suits; women's or girls', of textile materials n.e.c. in ite",2015,528,Pays-Bas,4721.421,125.8,740.0,37.53116852146264,,
620419,"Suits; women's or girls', of textile materials n.e.c. in ite",2016,528,Pays-Bas,22911.0,487.0,1802.0,47.04517453798768,4721.421,385.2564513946119
620419,"Suits; women's or girls', of textile materials n.e.c. in ite",2017,528,Pays-Bas,27333.882,938.0,0.0,29.140599147121538,22911.0,19.304622233861473
620419,"Suits; women's or girls', of textile materials n.e.c. in ite",2019,528,Pays-Bas,17774.632,2598.49,2146.0,6.840369599267268,27333.882,-34.97216385144269
620419,"Suits; women's or girls', of textile materials n.e.c. in ite",2021,528,Pays-Bas,216068.944,13934.0,20179.0,15.506598535955217,17774.632,1115.6029109350898
620419,"Suits; women's or girls', of textile materials n.e.c. in ite",2023,528,Pays-Bas,289591.884,4434.64,0.0,65.30223062074937,216068.944,34.027537062429495
620419,"Suits; women's or girls', of textile materials n.e.c. in ite",2015,702,Singapour,2267.94,57.4,392.0,39.511149825783974,,
620419,"Suits; women's or girls', of textile materials n.e.c. in ite",2016,702,Singapour,325.0,8.0,26.0,40.625,2267.94,-85.66981489810136
620419,"Suits; women's or girls', of textile materials n.e.c. in ite",2015,724,Espagne,158054385.851,3687575.2,13817590.0,42.86133225188194,,
620419,"Suits; women's or girls', of textile materials n.e.c. in ite",2016,724,Espagne,195374067.0,4675652.0,15364697.0,41.78541666488439,158054385.851,23.611923799559573
620419,"Suits; women's or girls', of textile materials n.e.c. in ite",2017,724,Espagne,185268648.609,4508962.7,0.0,41.088973437061256,195374067.0,-5.1723437742635525
620419,"Suits; women's or girls', of textile materials n.e.c. in ite",2018,724,Espagne,177335073.92,4316439.3,13500087.0,41.08364825609849,185268648.609,-4.282200333712917
620419,"Suits; women's or girls', of textile materials n.e.c. in ite",2019,724,Espagne,197091528.675,5411559.5,16546787.0,36.420467829098065,177335073.92,11.140748594332008
620419,"Suits; women's or girls', of textile materials n.e.c. in ite",2020,724,Espagne,168181196.319,4607872.59,13720407.0,36.49866462974403,197091528.675,-14.668480451878056
620419,"Suits; women's or girls', of textile materials n.e.c. in ite",2021,724,Espagne,242000317.002,6760729.0,20698128.0,35.79500332020408,168181196.319,43.89261243152448
620419,"Suits; women's or girls', of textile materials n.e.c. in ite",2022,724,Espagne,293353278.281,9157802.7,25516395.0,32.03315117074973,242000317.002,21.220204136582023
620419,"Suits; women's or girls', of textile materials n.e.c. in ite",2023,724,Espagne,444594608.743,12258421.3,0.0,36.268504553926526,293353278.281,51.55603896716213
620419,"Suits; women's or girls', of textile materials n.e.c. in ite",2015,784,Émirats Arabes,24048.211,689.0,3513.0,34.903063860667636,,
620419,"Suits; women's or girls', of textile materials n.e.c. in ite",2016,784,Émirats Arabes,7969.0,201.0,627.0,39.646766169154226,24048.211,-66.86239986833115
620419,"Suits; women's or girls', of textile materials n.e.c. in ite",2019,784,Émirats Arabes,148.382,23.19,18.0,6.398533850797757,7969.0,-98.13800978792823
620419,"Suits; women's or girls', of textile materials n.e.c. in ite",2015,826,Royaume-Uni,2574891.757,85781.36,391021.0,30.016914595431924,,
620419,"Suits; women's or girls', of textile materials n.e.c. in ite",2016,826,Royaume-Uni,22388.0,1771.0,1761.0,12.641445511010728,2574891.757,-99.13052655750919
620419,"Suits; women's or girls', of textile materials n.e.c. in ite",2017,826,Royaume-Uni,660364.352,21045.0,0.0,31.37868149204086,22388.0,2849.635304627479
620419,"Suits; women's or girls', of textile materials n.e.c. in ite",2018,826,Royaume-Uni,1738938.452,55761.0,175960.0,31.185567905884042,660364.352,163.3301520188661
620419,"Suits; women's or girls', of textile materials n.e.c. in ite",2019,826,Royaume-Uni,3175426.03,114000.1,376397.0,27.854589864394853,1738938.452,82.60715474707322
620419,"Suits; women's or girls', of textile materials n.e.c. in ite",2020,826,Royaume-Uni,1552712.395,48420.95,175352.0,32.06695438647941,3175426.03,-51.102233831597076
620419,"Suits; women's or girls', of textile materials n.e.c. in ite",2021,826,Royaume-Uni,3095578.314,91772.25,270945.0,33.73109315724524,1552712.395,99.36585319781645
620419,"Suits; women's or girls', of textile materials n.e.c. in ite",2022,826,Royaume-Uni,12073297.634,473372.2,1721707.0,25.504872559056064,3095578.314,290.0175156092013
620419,"Suits; women's or girls', of textile materials n.e.c. in ite",2023,826,Royaume-Uni,13662023.509,546764.31,0.0,24.987043336826424,12073297.634,13.159005295503842
620419,"Suits; women's or girls', of textile materials n.e.c. in ite",2015,842,États-Unis,2806132.787,64052.1,394358.0,43.81016058802132,,
620419,"Suits; women's or girls', of textile materials n.e.c. in ite",2016,842,États-Unis,554755.0,11870.0,43627.0,46.73588879528222,2806132.787,-80.23062192316704
620419,"Suits; women's or girls', of textile materials n.e.c. in ite",2019,842,États-Unis,81866.248,12952.13,9131.0,6.320678374908221,554755.0,-85.24281024956963
620419,"Suits; women's or girls', of textile materials n.e.c. in ite",2020,842,États-Unis,12132.658,548.0,504.0,22.13988686131387,81866.248,-85.17990222295275
620419,"Suits; women's or girls', of textile materials n.e.c. in ite",2021,842,États-Unis,112528.974,3477.0,4806.0,32.363811906816224,12132.658,827.4882222840207
620419,"Suits; women's or girls', of textile materials n.e.c. in ite",2022,842,États-Unis,589547.322,15585.42,40953.0,37.826848554610656,112528.974,423.90713346413344
620419,"Suits; women's or girls', of textile materials n.e.c. in ite",2023,842,États-Unis,426933.076,10926.94,0.0,39.07160431008132,589547.322,-27.58289961327312
620442,"Dresses; women's or girls', of cotton (not knitted or croche",2019,036,Australie,3382.629,52.5,76.0,64.43102857142857,,
620442,"Dresses; women's or girls', of cotton (not knitted or croche",2020,036,Australie,473.42,9.47,16.0,49.99155227032735,3382.629,-86.004377068842
620442,"Dresses; women's or girls', of cotton (not knitted or croche",2022,036,Australie,18759.017,312.1,431.0,60.10578981095802,473.42,3862.447087153057
620442,"Dresses; women's or girls', of cotton (not knitted or croche",2023,036,Australie,6862.113,107.1,0.0,64.0720168067227,18759.017,-63.41965573142772
620442,"Dresses; women's or girls', of cotton (not knitted or croche",2015,056,Belgique,133459.785,2271.32,8453.0,58.75868878009263,,
620442,"Dresses; women's or girls', of cotton (not knitted or croche",2016,056,Belgique,70994.0,1086.0,6821.0,65.3720073664825,133459.785,-46.80494952093621
620442,"Dresses; women's or girls', of cotton (not knitted or croche",2017,056,Belgique,136540.707,944.83,7597.592,144.5135177756845,70994.0,92.32710792461334
620442,"Dresses; women's or girls', of cotton (not knitted or croche",2018,056,Belgique,260464.379,2359.37,8427.0,110.3957323353268,136540.707,90.75950661365772
620442,"Dresses; women's or girls', of cotton (not knitted or croche",2019,056,Belgique,121265.018,1097.0,4466.0,110.54240474020054,260464.379,-53.44276308892126
620442,"Dresses; women's or girls', of cotton (not knitted or croche",2020,056,Belgique,96287.226,760.73,3279.0,126.5721425472901,121265.018,-20.597689599155462
620442,"Dresses; women's or girls', of cotton (not knitted or croche",2021,056,Belgique,55131.541,415.6,1789.0,132.65529595765156,96287.226,-42.742621954858265
620442,"Dresses; women's or girls', of cotton (not knitted or croche",2022,056,Belgique,6668.661,177.94,551.0,37.47702034393616,55131.541,-87.90409105379442
620442,"Dresses; women's or girls', of cotton (not knitted or croche",2023,056,Belgique,30584.764,588.46,0.0,51.97424463854807,6668.661,358.63425956125224
620442,"Dresses; women's or girls', of cotton (not knitted or croche",2016,124,Canada,1637.0,162.0,157.0,10.104938271604938,,
620442,"Dresses; women's or girls', of cotton (not knitted or croche",2017,124,Canada,2326.873,74.37,129.475,31.287790775850475,1637.0,42.14251679902261
620442,"Dresses; women's or girls', of cotton (not knitted or croche",2018,124,Canada,119.645,7.0,51.0,17.092142857142857,2326.873,-94.8581207483176
620442,"Dresses; women's or girls', of cotton (not knitted or croche",2018,156,Chine,1670.916,52.0,200.0,32.132999999999996,,
620442,"Dresses; women's or girls', of cotton (not knitted or croche",2022,156,Chine,3552.623,1148.12,8032.0,3.094295892415427,1670.916,112.61529604121334
620442,"Dresses; women's or girls', of cotton (not knitted or croche",2023,156,Chine,25318.941,112.2,0.0,225.65901069518716,3552.623,612.683023219745
620442,"Dresses; women's or girls', of cotton (not knitted or croche",2015,251,France,4087766.23,102664.16,371129.0,39.81687698998365,,
620442,"Dresses; women's or girls', of cotton (not knitted or croche",2016,251,France,3638310.0,78423.0,349562.0,46.393404995983325,4087766.23,-10.99515492597041
620442,"Dresses; women's or girls', of cotton (not knitted or croche",2017,251,France,3088286.394,53148.83,171842.809,58.10638529578167,3638310.0,-15.117557492352224
620442,"Dresses; women's or girls', of cotton (not knitted or croche",2018,251,France,3299934.403,53482.92,238190.0,61.70071497592129,3088286.394,6.853250702758499
620442,"Dresses; women's or girls', of cotton (not knitted or croche",2019,251,France,2246558.237,50451.34,183535.0,44.529208480884755,3299934.403,-31.921124403029527
620442,"Dresses; women's or girls', of cotton (not knitted or croche",2020,251,France,1585423.498,27880.29,83467.0,56.86538762688623,2246558.237,-29.428782575557165
620442,"Dresses; women's or girls', of cotton (not knitted or croche",2021,251,France,2408198.296,50051.46,101823.0,48.114446531629646,1585423.498,51.89621568230347
620442,"Dresses; women's or girls', of cotton (not knitted or croche",2022,251,France,2796617.847,58948.31,140572.0,47.441866391080595,2408198.296,16.129051816254584
620442,"Dresses; women's or girls', of cotton (not knitted or croche",2023,251,France,2934120.896,47602.66,0.0,61.637750831571175,2796617.847,4.916762193572604
620442,"Dresses; women's or girls', of cotton (not knitted or croche",2015,276,Allemagne,348720.938,10560.0,31024.0,33.02281609848485,,
620442,"Dresses; women's or girls', of cotton (not knitted or croche",2016,276,Allemagne,133458.0,2078.0,12822.0,64.2242540904716,348720.938,-61.72928394681022
620442,"Dresses; women's or girls', of cotton (not knitted or croche",2017,276,Allemagne,236887.867,5230.62,13181.251,45.28867839758958,133458.0,77.49993780814938
620442,"Dresses; women's or girls', of cotton (not knitted or croche",2018,276,Allemagne,730909.819,17066.0,56058.0,42.82842019219501,236887.867,208.5467517844635
620442,"Dresses; women's or girls', of cotton (not knitted or croche",2019,276,Allemagne,7591.126,219.5,298.0,34.58371753986333,730909.819,-98.9614141440341
620442,"Dresses; women's or girls', of cotton (not knitted or croche",2020,276,Allemagne,5920.602,120.0,224.0,49.33835,7591.126,-22.00627416802198
620442,"Dresses; women's or girls', of cotton (not knitted or croche",2021,276,Allemagne,134127.108,3458.09,12519.0,38.786471144475705,5920.602,2165.4302383440063
620442,"Dresses; women's or girls', of cotton (not knitted or croche",2022,276,Allemagne,2433838.927,55720.57,174480.0,43.67936162533872,134127.108,1714.5764590704512
620442,"Dresses; women's or girls', of cotton (not knitted or croche",2023,276,Allemagne,7637115.938,141736.97,0.0,53.88231410619262,2433838.927,213.7888811489126
620442,"Dresses; women's or girls', of cotton (not knitted or croche",2015,380,Italie,985434.184,11795.52,28435.0,83.54308957977265,,
620442,"Dresses; women's or girls', of cotton (not knitted or croche",2016,380,Italie,597884.0,6745.0,57444.0,88.64106745737584,985434.184,-39.32786078385119
620442,"Dresses; women's or girls', of cotton (not knitted or croche",2017,380,Italie,1486299.488,14654.9,82702.783,101.41996792881561,597884.0,148.59328699212554
620442,"Dresses; women's or girls', of cotton (not knitted or croche",2018,380,Italie,3272932.111,35712.61,78445.0,91.64639915704845,1486299.488,120.20677107304503
620442,"Dresses; women's or girls', of cotton (not knitted or croche",2019,380,Italie,5781070.056,57864.58,152780.0,99.90688701101779,3272932.111,76.63275191594708
620442,"Dresses; women's or girls', of cotton (not knitted or croche",2020,380,Italie,6450101.695,61472.05,170814.0,104.92738887022638,5781070.056,11.57279936965359
620442,"Dresses; women's or girls', of cotton (not knitted or croche",2021,380,Italie,6456139.428,64296.9,144679.0,100.41136396933601,6450101.695,0.0936067876988722
620442,"Dresses; women's or girls', of cotton (not knitted or croche",2022,380,Italie,4545909.158,50741.21,120154.0,89.59008186836695,6456139.428,-29.58781004194881
620442,"Dresses; women's or girls', of cotton (not knitted or croche",2023,380,Italie,5540029.718,59701.66,0.0,92.79523748585885,4545909.158,21.868465150706395
620442,"Dresses; women's or girls', of cotton (not knitted or croche",2015,392,Japon,662.608,9.0,14.0,73.6231111111111,,
620442,"Dresses; women's or girls', of cotton (not knitted or croche",2017,414,Koweït,22648.579,784.61,1260.244,28.866034080626044,,
620442,"Dresses; women's or girls', of cotton (not knitted or croche",2018,414,Koweït,36813.578,1461.0,4628.0,25.197520876112254,22648.579,62.542550682760265
620442,"Dresses; women's or girls', of cotton (not knitted or croche",2019,414,Koweït,100648.047,3028.5,9142.0,33.23362951956414,36813.578,173.3992523084825
620442,"Dresses; women's or girls', of cotton (not knitted or croche",2020,414,Koweït,57406.418,1984.95,5391.0,28.92083830826973,100648.047,-42.963207224478
620442,"Dresses; women's or girls', of cotton (not knitted or croche",2021,414,Koweït,96245.702,2592.62,8505.0,37.122949757388284,57406.418,67.65669301993378
620442,"Dresses; women's or girls', of cotton (not knitted or croche",2022,414,Koweït,5962.801,308.0,617.0,19.35974350649351,96245.702,-93.80460542539343
620442,"Dresses; women's or girls', of cotton (not knitted or croche",2015,528,Pays-Bas,848.851,3.0,10.0,282.95033333333333,,
620442,"Dresses; women's or girls', of cotton (not knitted or croche",2019,528,Pays-Bas,17464.032,246.0,611.0,70.99199999999999,848.851,1957.373084322219
620442,"Dresses; women's or girls', of cotton (not knitted or croche",2020,528,Pays-Bas,31760.222,954.16,2923.0,33.28605474972751,17464.032,81.86076388316285
620442,"Dresses; women's or girls', of cotton (not knitted or croche",2021,528,Pays-Bas,73279.503,1199.0,3107.0,61.11718348623853,31760.222,130.72730096156127
620442,"Dresses; women's or girls', of cotton (not knitted or croche",2022,528,Pays-Bas,381986.321,12007.53,47577.0,31.812231241562586,73279.503,421.27307823034766
620442,"Dresses; women's or girls', of cotton (not knitted or croche",2023,528,Pays-Bas,2820953.435,79761.35,0.0,35.36742338237755,381986.321,638.4959303294005
620442,"Dresses; women's or girls', of cotton (not knitted or croche",2019,634,Qatar,11254.459,527.0,1272.0,21.355709677419355,,
620442,"Dresses; women's or girls', of cotton (not knitted or croche",2020,634,Qatar,36550.866,1240.21,4002.0,29.471513695261287,11254.459,224.76786311985316
620442,"Dresses; women's or girls', of cotton (not knitted or croche",2015,682,Arabie Saoudite,147.827,7.0,17.0,21.118142857142857,,
620442,"Dresses; women's or girls', of cotton (not knitted or croche",2017,682,Arabie Saoudite,5963.097,80.0,331.807,74.5387125,147.827,3933.8348204319914
620442,"Dresses; women's or girls', of cotton (not knitted or croche",2021,682,Arabie Saoudite,3045.452,111.36,344.0,27.34780890804598,5963.097,-48.92835048633285
620442,"Dresses; women's or girls', of cotton (not knitted or croche",2015,724,Espagne,17301081.716,506753.7,1778489.0,34.141007191462045,,
620442,"Dresses; women's or girls', of cotton (not knitted or croche",2016,724,Espagne,29163137.0,769192.0,2801940.0,37.913988965043835,17301081.716,68.56250654564565
620442,"Dresses; women's or girls', of cotton (not knitted or croche",2017,724,Espagne,31542093.754,813841.2,1755109.893,38.75706188627462,29163137.0,8.157410343064262
620442,"Dresses; women's or girls', of cotton (not knitted or croche",2018,724,Espagne,37443480.06,1009036.3,3899432.0,37.10815959742975,31542093.754,18.70955793875167
620442,"Dresses; women's or girls', of cotton (not knitted or croche",2019,724,Espagne,52228841.905,1466079.9,5036171.0,35.624826385656064,37443480.06,39.48714655076854
620442,"Dresses; women's or girls', of cotton (not knitted or croche",2020,724,Espagne,45138131.586,1283297.85,4148648.0,35.17354259262571,52228841.905,-13.576235008039086
620442,"Dresses; women's or girls', of cotton (not knitted or croche",2021,724,Espagne,120748322.414,3058063.0,10708269.0,39.48523049198136,45138131.586,167.508463844904
620442,"Dresses; women's or girls', of cotton (not knitted or croche",2022,724,Espagne,154011136.703,4091801.0,14128521.0,37.63896061978576,120748322.414,27.547226846725444
620442,"Dresses; women's or girls', of cotton (not knitted or croche",2023,724,Espagne,145145028.464,3534090.0,0.0,41.06998646440809,154011136.703,-5.756796832230196
620442,"Dresses; women's or girls', of cotton (not knitted or croche",2015,784,Émirats Arabes,26714.937,544.27,2424.0,49.083978540062844,,
620442,"Dresses; women's or girls', of cotton (not knitted or croche",2016,784,Émirats Arabes,403.0,4.0,39.0,100.75,26714.937,-98.49148062748566
620442,"Dresses; women's or girls', of cotton (not knitted or croche",2017,784,Émirats Arabes,49.497,1.3,2.754,38.074615384615385,403.0,-87.71786600496277
620442,"Dresses; women's or girls', of cotton (not knitted or croche",2018,784,Émirats Arabes,1425.405,10.44,39.0,136.5330459770115,49.497,2779.7805927631975
620442,"Dresses; women's or girls', of cotton (not knitted or croche",2019,784,Émirats Arabes,83703.813,2789.31,9218.0,30.008788194929927,1425.405,5772.282824881349
620442,"Dresses; women's or girls', of cotton (not knitted or croche",2020,784,Émirats Arabes,124410.548,4753.55,14519.0,26.172134089259604,83703.813,48.631876543067406
620442,"Dresses; women's or girls', of cotton (not knitted or croche",2021,784,Émirats Arabes,8910.623,305.75,836.0,29.14349304987735,124410.548,-92.83772707118048
620442,"Dresses; women's or girls', of cotton (not knitted or croche",2022,784,Émirats Arabes,36.71,1.1,2.0,33.37272727272727,8910.623,-99.58801982756987
620442,"Dresses; women's or girls', of cotton (not knitted or croche",2023,784,Émirats Arabes,2775.226,372.59,0.0,7.448471510239138,36.71,7459.863797330428
620442,"Dresses; women's or girls', of cotton (not knitted or croche",2015,826,Royaume-Uni,2242144.71,60459.67,316774.0,37.08496440685171,,
620442,"Dresses; women's or girls', of cotton (not knitted or croche",2016,826,Royaume-Uni,1448549.0,41908.0,139174.0,34.564975660971655,2242144.71,-35.394491107578865
620442,"Dresses; women's or girls', of cotton (not knitted or croche",2017,826,Royaume-Uni,1314402.792,50732.61,73137.863,25.90844019260984,1448549.0,-9.260729737136963
620442,"Dresses; women's or girls', of cotton (not knitted or croche",2018,826,Royaume-Uni,1148289.015,50920.91,190228.0,22.550441753692144,1314402.792,-12.637965927266533
620442,"Dresses; women's or girls', of cotton (not knitted or croche",2019,826,Royaume-Uni,293991.35,15101.11,51709.0,19.46819472210983,1148289.015,-74.39744296430459
620442,"Dresses; women's or girls', of cotton (not knitted or croche",2020,826,Royaume-Uni,1155212.0,33419.2,152706.0,34.56731459759659,293991.35,292.94081271438773
620442,"Dresses; women's or girls', of cotton (not knitted or croche",2021,826,Royaume-Uni,1374482.734,57986.51,180228.0,23.70349127754024,1155212.0,18.980995176642896
620442,"Dresses; women's or girls', of cotton (not knitted or croche",2022,826,Royaume-Uni,4685142.48,161027.48,583876.0,29.09529777153564,1374482.734,240.86586641691494
620442,"Dresses; women's or girls', of cotton (not knitted or croche",2023,826,Royaume-Uni,6351380.175,196591.98,0.0,32.30742258661823,4685142.48,35.5642907790501
620442,"Dresses; women's or girls', of cotton (not knitted or croche",2015,842,États-Unis,11361.2,148.8,553.0,76.3521505376344,,
620442,"Dresses; women's or girls', of cotton (not knitted or croche",2016,842,États-Unis,3086.0,48.0,297.0,64.29166666666667,11361.2,-72.8373763334859
620442,"Dresses; women's or girls', of cotton (not knitted or croche",2017,842,États-Unis,4574.024,77.76,254.514,58.82232510288066,3086.0,48.21853532080364
620442,"Dresses; women's or girls', of cotton (not knitted or croche",2018,842,États-Unis,36748.668,634.6,1722.0,57.90839583989914,4574.024,703.4209702441437
620442,"Dresses; women's or girls', of cotton (not knitted or croche",2019,842,États-Unis,72088.255,952.4,2456.0,75.69115392692147,36748.668,96.16562700993681
620442,"Dresses; women's or girls', of cotton (not knitted or croche",2020,842,États-Unis,27505.438,216.22,861.0,127.21042456757006,72088.255,-61.84477207833648
620442,"Dresses; women's or girls', of cotton (not knitted or croche",2021,842,États-Unis,29709.458,304.1,1144.0,97.69634330812232,27505.438,8.013033640838588
620442,"Dresses; women's or girls', of cotton (not knitted or croche",2022,842,États-Unis,452628.42,5741.62,23244.0,78.83287643557044,29709.458,1423.5162485966591
620442,"Dresses; women's or girls', of cotton (not knitted or croche",2023,842,États-Unis,714635.331,17961.93,0.0,39.78611045694978,452628.42,57.88565176707199
620443,"Dresses; women's or girls', of synthetic fibres (not knitted",2021,036,Australie,8276.515,262.0,1255.0,31.589751908396945,,
620443,"Dresses; women's or girls', of synthetic fibres (not knitted",2023,036,Australie,2369.459,20.2,79.767,117.2999504950495,8276.515,-71.37129576881091
620443,"Dresses; women's or girls', of synthetic fibres (not knitted",2015,056,Belgique,81600.275,2126.44,5908.0,38.374125298621166,,
620443,"Dresses; women's or girls', of synthetic fibres (not knitted",2016,056,Belgique,99849.0,2311.0,6633.0,43.20597144093466,81600.275,22.363558211047703
620443,"Dresses; women's or girls', of synthetic fibres (not knitted",2017,056,Belgique,173990.045,3959.23,7600.151,43.94542499425393,99849.0,74.25316728259673
620443,"Dresses; women's or girls', of synthetic fibres (not knitted",2018,056,Belgique,59891.723,1713.66,5101.0,34.94959501884854,173990.045,-65.57750013801076
620443,"Dresses; women's or girls', of synthetic fibres (not knitted",2019,056,Belgique,45853.292,1492.58,4202.0,30.720827024347106,59891.723,-23.439684645572807
620443,"Dresses; women's or girls', of synthetic fibres (not knitted",2020,056,Belgique,34435.822,1281.5,2843.0,26.871495903238394,45853.292,-24.9000006368136
620443,"Dresses; women's or girls', of synthetic fibres (not knitted",2021,056,Belgique,42343.985,1445.62,3570.0,29.291227985224335,34435.822,22.964931692352227
620443,"Dresses; women's or girls', of synthetic fibres (not knitted",2022,056,Belgique,16390.477,459.99,1217.0,35.632246353181586,42343.985,-61.292077257253894
620443,"Dresses; women's or girls', of synthetic fibres (not knitted",2023,056,Belgique,23680.277,869.0,797.186,27.250031070195625,16390.477,44.47582581031656
620443,"Dresses; women's or girls', of synthetic fibres (not knitted",2016,124,Canada,16989.0,492.0,1129.0,34.53048780487805,,
620443,"Dresses; women's or girls', of synthetic fibres (not knitted",2018,124,Canada,147.344,6.59,24.0,22.358725341426403,16989.0,-99.13270940020013
620443,"Dresses; women's or girls', of synthetic fibres (not knitted",2019,124,Canada,2047.81,330.0,858.0,6.205484848484848,147.344,1289.8156694537952
620443,"Dresses; women's or girls', of synthetic fibres (not knitted",2020,124,Canada,80.985,1.21,7.0,66.92975206611571,2047.81,-96.04528740459321
620443,"Dresses; women's or girls', of synthetic fibres (not knitted",2021,124,Canada,36.266,0.85,4.0,42.665882352941175,80.985,-55.21886769154782
620443,"Dresses; women's or girls', of synthetic fibres (not knitted",2022,124,Canada,146.644,3.2,15.0,45.82625,36.266,304.35669773341425
620443,"Dresses; women's or girls', of synthetic fibres (not knitted",2023,124,Canada,8742.007,114.26,294.296,76.50977594958864,146.644,5861.380622459834
620443,"Dresses; women's or girls', of synthetic fibres (not knitted",2018,156,Chine,7110.608,120.0,400.0,59.25506666666667,,
620443,"Dresses; women's or girls', of synthetic fibres (not knitted",2020,156,Chine,2510.92,31.38,157.0,80.01657106437222,7110.608,-64.68768915400764
620443,"Dresses; women's or girls', of synthetic fibres (not knitted",2022,156,Chine,4.33,1.26,8.0,3.4365079365079367,2510.92,-99.8275532474153
620443,"Dresses; women's or girls', of synthetic fibres (not knitted",2015,251,France,10677052.004,285036.16,900136.0,37.45858772444872,,
620443,"Dresses; women's or girls', of synthetic fibres (not knitted",2016,251,France,8002017.0,198478.0,531548.0,40.316896582996606,10677052.004,-25.0540598940404
620443,"Dresses; women's or girls', of synthetic fibres (not knitted",2017,251,France,10815745.062,258726.38,472448.264,41.80379697655879,8002017.0,35.16273537034476
620443,"Dresses; women's or girls', of synthetic fibres (not knitted",2018,251,France,10349451.942,230178.17,923725.0,44.962786618731045,10815745.062,-4.311243629791845
620443,"Dresses; women's or girls', of synthetic fibres (not knitted",2019,251,France,10590869.155,241536.29,934658.0,43.847941669552014,10349451.942,2.3326569788713507
620443,"Dresses; women's or girls', of synthetic fibres (not knitted",2020,251,France,5542612.75,132134.8,474847.0,41.94665409869316,10590869.155,-47.6661200428172
620443,"Dresses; women's or girls', of synthetic fibres (not knitted",2021,251,France,3261679.068,80825.97,252698.0,40.35434487207515,5542612.75,-41.15267988008002
620443,"Dresses; women's or girls', of synthetic fibres (not knitted",2022,251,France,3455804.03,82768.34,320395.0,41.7527285191415,3261679.068,5.951688009545145
620443,"Dresses; women's or girls', of synthetic fibres (not knitted",2023,251,France,1764912.552,38284.8,59414.992,46.09956306419257,3455804.03,-48.92903252965996
620443,"Dresses; women's or girls', of synthetic fibres (not knitted",2015,276,Allemagne,907901.968,27304.0,69062.0,33.25161031350718,,
620443,"Dresses; women's or girls', of synthetic fibres (not knitted",2016,276,Allemagne,92152.0,2962.0,6121.0,31.11141120864281,907901.968,-89.85000547988679
620443,"Dresses; women's or girls', of synthetic fibres (not knitted",2017,276,Allemagne,84387.869,2173.67,3686.191,38.82276012458193,92152.0,-8.425352678183863
620443,"Dresses; women's or girls', of synthetic fibres (not knitted",2018,276,Allemagne,251247.027,5561.0,19225.0,45.18018827549002,84387.869,197.72884417782842
620443,"Dresses; women's or girls', of synthetic fibres (not knitted",2019,276,Allemagne,121446.394,3259.0,10071.0,37.26492605093587,251247.027,-51.662554797116066
620443,"Dresses; women's or girls', of synthetic fibres (not knitted",2020,276,Allemagne,31876.676,1142.0,2830.0,27.913026269702275,121446.394,-73.75247222243586
620443,"Dresses; women's or girls', of synthetic fibres (not knitted",2021,276,Allemagne,46108.96,2361.34,9645.0,19.526607773552303,31876.676,44.647955138107875
620443,"Dresses; women's or girls', of synthetic fibres (not knitted",2022,276,Allemagne,1069067.845,29065.3,90305.0,36.781586462207514,46108.96,2218.5685493665437
620443,"Dresses; women's or girls', of synthetic fibres (not knitted",2023,276,Allemagne,258742.872,9525.38,8710.463,27.16352229517353,1069067.845,-75.79733847480934
620443,"Dresses; women's or girls', of synthetic fibres (not knitted",2015,380,Italie,424075.831,4301.49,12216.0,98.58812434760979,,
620443,"Dresses; women's or girls', of synthetic fibres (not knitted",2016,380,Italie,565909.0,6083.0,37591.0,93.03123458819661,424075.831,33.44523753347311
620443,"Dresses; women's or girls', of synthetic fibres (not knitted",2017,380,Italie,834305.203,15750.18,36443.726,52.97115353602308,565909.0,47.42744911284323
620443,"Dresses; women's or girls', of synthetic fibres (not knitted",2018,380,Italie,471997.119,10190.3,27932.0,46.31827512438299,834305.203,-43.42632440708871
620443,"Dresses; women's or girls', of synthetic fibres (not knitted",2019,380,Italie,99750.693,2786.05,8962.0,35.80362628093537,471997.119,-78.86624960522269
620443,"Dresses; women's or girls', of synthetic fibres (not knitted",2020,380,Italie,182481.878,3813.41,9838.0,47.852677262607486,99750.693,82.93795512779045
620443,"Dresses; women's or girls', of synthetic fibres (not knitted",2021,380,Italie,202930.09,1361.6,3684.0,149.03796269095182,182481.878,11.205612427991344
620443,"Dresses; women's or girls', of synthetic fibres (not knitted",2022,380,Italie,572809.641,4712.65,12468.0,121.54724857564216,202930.09,182.26944609347976
620443,"Dresses; women's or girls', of synthetic fibres (not knitted",2023,380,Italie,629152.346,6550.58,21180.132,96.04528850880381,572809.641,9.836200539788067
620443,"Dresses; women's or girls', of synthetic fibres (not knitted",2015,392,Japon,1175.992,38.5,87.0,30.54524675324675,,
620443,"Dresses; women's or girls', of synthetic fibres (not knitted",2023,392,Japon,197.899,2.2,6.662,89.95409090909091,1175.992,-83.1717392635324
620443,"Dresses; women's or girls', of synthetic fibres (not knitted",2023,410,Corée du Sud,1184.433,98.0,39.873,12.086051020408163,,
620443,"Dresses; women's or girls', of synthetic fibres (not knitted",2018,414,Koweït,1628.365,13.5,41.0,120.61962962962963,,
620443,"Dresses; women's or girls', of synthetic fibres (not knitted",2015,528,Pays-Bas,5671.695,300.0,806.0,18.905649999999998,,
620443,"Dresses; women's or girls', of synthetic fibres (not knitted",2017,528,Pays-Bas,208239.793,6743.25,9096.232,30.881220924628334,5671.695,3571.561905215284
620443,"Dresses; women's or girls', of synthetic fibres (not knitted",2018,528,Pays-Bas,149394.57,3782.0,17811.0,39.501472765732416,208239.793,-28.258394878446698
620443,"Dresses; women's or girls', of synthetic fibres (not knitted",2019,528,Pays-Bas,93933.619,3584.5,11523.0,26.205501185660484,149394.57,-37.12380644089005
620443,"Dresses; women's or girls', of synthetic fibres (not knitted",2020,528,Pays-Bas,5198.357,59.9,178.0,86.78392320534223,93933.619,-94.46592492087417
620443,"Dresses; women's or girls', of synthetic fibres (not knitted",2021,528,Pays-Bas,6052.522,527.0,1195.0,11.484861480075901,5198.357,16.431441703599813
620443,"Dresses; women's or girls', of synthetic fibres (not knitted",2022,528,Pays-Bas,1251455.539,44134.0,149837.0,28.355814995241765,6052.522,20576.596284986656
620443,"Dresses; women's or girls', of synthetic fibres (not knitted",2023,528,Pays-Bas,1453853.159,48943.3,48943.317,29.70484538230973,1251455.539,16.1729772806575
620443,"Dresses; women's or girls', of synthetic fibres (not knitted",2021,682,Arabie Saoudite,4444.464,136.8,342.0,32.48877192982456,,
620443,"Dresses; women's or girls', of synthetic fibres (not knitted",2018,702,Singapour,8884.783,150.0,500.0,59.23188666666666,,
620443,"Dresses; women's or girls', of synthetic fibres (not knitted",2015,724,Espagne,38655785.926,957856.8,3378712.0,40.35653964768011,,
620443,"Dresses; women's or girls', of synthetic fibres (not knitted",2016,724,Espagne,53895455.0,1372641.0,3580099.0,39.2640573900969,38655785.926,39.424031122207126
620443,"Dresses; women's or girls', of synthetic fibres (not knitted",2017,724,Espagne,47120653.521,1270138.2,2058302.115,37.09883973334555,53895455.0,-12.570264930502956
620443,"Dresses; women's or girls', of synthetic fibres (not knitted",2018,724,Espagne,57427885.526,1409979.2,4804794.0,40.72959766073145,47120653.521,21.874127871351437
620443,"Dresses; women's or girls', of synthetic fibres (not knitted",2019,724,Espagne,58438060.919,1500093.6,4829245.0,38.95627640768549,57427885.526,1.7590328875031462
620443,"Dresses; women's or girls', of synthetic fibres (not knitted",2020,724,Espagne,54437611.531,1408288.79,4428605.0,38.65514794802847,58438060.919,-6.845623083806547
620443,"Dresses; women's or girls', of synthetic fibres (not knitted",2021,724,Espagne,116313316.058,3272217.4,8541015.0,35.54571773195754,54437611.531,113.66351826763064
620443,"Dresses; women's or girls', of synthetic fibres (not knitted",2022,724,Espagne,175823240.053,5773352.0,14574690.0,30.454273367187728,116313316.058,51.16346606894536
620443,"Dresses; women's or girls', of synthetic fibres (not knitted",2023,724,Espagne,172381431.294,5274147.0,5803143.83,32.684229562429714,175823240.053,-1.9575391500933026
620443,"Dresses; women's or girls', of synthetic fibres (not knitted",2015,784,Émirats Arabes,26488.945,342.04,1729.0,77.44399777803766,,
620443,"Dresses; women's or girls', of synthetic fibres (not knitted",2016,784,Émirats Arabes,218.0,1.0,14.0,218.0,26488.945,-99.17701516613818
620443,"Dresses; women's or girls', of synthetic fibres (not knitted",2018,784,Émirats Arabes,43.895,0.36,1.0,121.93055555555557,218.0,-79.86467889908256
620443,"Dresses; women's or girls', of synthetic fibres (not knitted",2021,784,Émirats Arabes,295.712,1.45,4.0,203.9393103448276,43.895,573.6803736188631
620443,"Dresses; women's or girls', of synthetic fibres (not knitted",2023,784,Émirats Arabes,2009.194,294.79,67.639,6.815678957902235,295.712,579.4428362731306
620443,"Dresses; women's or girls', of synthetic fibres (not knitted",2015,826,Royaume-Uni,16237515.624,376886.6,1856152.0,43.08329249169379,,
620443,"Dresses; women's or girls', of synthetic fibres (not knitted",2016,826,Royaume-Uni,12690880.0,370631.0,843014.0,34.241280410974795,16237515.624,-21.842230708975357
620443,"Dresses; women's or girls', of synthetic fibres (not knitted",2017,826,Royaume-Uni,13187401.833,443583.2,576045.854,29.729263491042943,12690880.0,3.9124302885221556
620443,"Dresses; women's or girls', of synthetic fibres (not knitted",2018,826,Royaume-Uni,12435645.618,437759.9,1841884.0,28.407457188289744,13187401.833,-5.700563496281837
620443,"Dresses; women's or girls', of synthetic fibres (not knitted",2019,826,Royaume-Uni,9772292.779,341357.7,1318021.0,28.627720361954626,12435645.618,-21.417085375486465
620443,"Dresses; women's or girls', of synthetic fibres (not knitted",2020,826,Royaume-Uni,5439864.809,220401.19,785451.0,24.68164899200408,9772292.779,-44.33379216093582
620443,"Dresses; women's or girls', of synthetic fibres (not knitted",2021,826,Royaume-Uni,6208444.109,265050.9,879857.0,23.423591879899295,5439864.809,14.128647070942305
620443,"Dresses; women's or girls', of synthetic fibres (not knitted",2022,826,Royaume-Uni,8299198.029,290373.22,958521.0,28.58114129464143,6208444.109,33.67597232564536
620443,"Dresses; women's or girls', of synthetic fibres (not knitted",2023,826,Royaume-Uni,5760701.37,233800.55,193931.437,24.639383311972537,8299198.029,-30.587252528855156
620443,"Dresses; women's or girls', of synthetic fibres (not knitted",2015,842,États-Unis,728.274,2.9,25.0,251.1289655172414,,
620443,"Dresses; women's or girls', of synthetic fibres (not knitted",2016,842,États-Unis,39912.0,734.0,2651.0,54.37602179836512,728.274,5380.354921362015
620443,"Dresses; women's or girls', of synthetic fibres (not knitted",2017,842,États-Unis,27589.553,444.8,1205.154,62.02687275179856,39912.0,-30.874040388855484
620443,"Dresses; women's or girls', of synthetic fibres (not knitted",2018,842,États-Unis,44430.551,1190.23,5687.0,37.329382556312645,27589.553,61.0412136796852
620443,"Dresses; women's or girls', of synthetic fibres (not knitted",2019,842,États-Unis,28614.523,420.33,2098.0,68.07632812314135,44430.551,-35.597190770827936
620443,"Dresses; women's or girls', of synthetic fibres (not knitted",2020,842,États-Unis,30210.961,490.13,1851.0,61.63866933262604,28614.523,5.5791179884424364
620443,"Dresses; women's or girls', of synthetic fibres (not knitted",2021,842,États-Unis,52272.137,1627.77,8355.0,32.11272907106041,30210.961,73.02374790394785
620443,"Dresses; women's or girls', of synthetic fibres (not knitted",2022,842,États-Unis,253365.524,9458.04,38375.0,26.788375181327208,52272.137,384.70473667453075
620443,"Dresses; women's or girls', of synthetic fibres (not knitted",2023,842,États-Unis,341320.082,5848.33,11490.388,58.361973760030644,253365.524,34.71449335782559
620462,"Trousers, bib and brace overalls, breeches and shorts; women",2015,036,Australie,33015.55,775.16,3477.889,42.59191650755974,,
620462,"Trousers, bib and brace overalls, breeches and shorts; women",2016,036,Australie,49421.0,1349.0,3716.0,36.635285396590064,33015.55,49.69007028506263
620462,"Trousers, bib and brace overalls, breeches and shorts; women",2017,036,Australie,107869.482,3717.26,7714.027,29.018546456260793,49421.0,118.26648995366342
620462,"Trousers, bib and brace overalls, breeches and shorts; women",2018,036,Australie,51759.552,1427.35,5355.108,36.262691000805695,107869.482,-52.01650083014211
620462,"Trousers, bib and brace overalls, breeches and shorts; women",2019,036,Australie,4031.994,83.5,207.461,48.287353293413176,51759.552,-92.21014509553716
620462,"Trousers, bib and brace overalls, breeches and shorts; women",2020,036,Australie,15821.98,344.67,1638.059,45.904720457248956,4031.994,292.41080219861436
620462,"Trousers, bib and brace overalls, breeches and shorts; women",2022,036,Australie,6450.959,49.8,606.978,129.53732931726907,15821.98,-59.227865286139924
620462,"Trousers, bib and brace overalls, breeches and shorts; women",2023,036,Australie,10273.281,114.0,600.085,90.1165,6450.959,59.25199648610386
620462,"Trousers, bib and brace overalls, breeches and shorts; women",2015,056,Belgique,1277196.923,42701.62,116028.115,29.909800213668706,,
620462,"Trousers, bib and brace overalls, breeches and shorts; women",2016,056,Belgique,1798780.0,63101.0,135269.0,28.506362815169332,1277196.923,40.838109425980825
620462,"Trousers, bib and brace overalls, breeches and shorts; women",2017,056,Belgique,2215467.434,62914.1,158433.828,35.21416397913981,1798780.0,23.165002612882056
620462,"Trousers, bib and brace overalls, breeches and shorts; women",2018,056,Belgique,1241621.207,31702.09,109166.047,39.16527922922432,2215467.434,-43.95669338464309
620462,"Trousers, bib and brace overalls, breeches and shorts; women",2019,056,Belgique,105386.19,3336.84,8674.516,31.582632071061244,1241621.207,-91.51221085739719
620462,"Trousers, bib and brace overalls, breeches and shorts; women",2020,056,Belgique,1700.764,39.41,114.0,43.15564577518396,105386.19,-98.38616046371921
620462,"Trousers, bib and brace overalls, breeches and shorts; women",2021,056,Belgique,1705.2,32.0,66.0,53.2875,1700.764,0.2608239591148536
620462,"Trousers, bib and brace overalls, breeches and shorts; women",2022,056,Belgique,40610.156,1760.64,2705.139,23.065564794620137,1705.2,2281.5479709125034
620462,"Trousers, bib and brace overalls, breeches and shorts; women",2023,056,Belgique,573.463,10.46,33.497,54.82437858508604,40610.156,-98.58788279463884
620462,"Trousers, bib and brace overalls, breeches and shorts; women",2015,124,Canada,3538.958,44.11,135.0,80.23028791657221,,
620462,"Trousers, bib and brace overalls, breeches and shorts; women",2016,124,Canada,8858.0,186.0,666.0,47.623655913978496,3538.958,150.29966447751002
620462,"Trousers, bib and brace overalls, breeches and shorts; women",2017,124,Canada,19530.392,454.2,1396.669,42.99954205195949,8858.0,120.48308873334838
620462,"Trousers, bib and brace overalls, breeches and shorts; women",2018,124,Canada,31.323,3.0,20.0,10.441,19530.392,-99.83961919453537
620462,"Trousers, bib and brace overalls, breeches and shorts; women",2019,124,Canada,60.829,36.0,40.0,1.6896944444444444,31.323,94.19915078376911
620462,"Trousers, bib and brace overalls, breeches and shorts; women",2021,124,Canada,15.906,0.19,1.591,83.71578947368421,60.829,-73.85128803695606
620462,"Trousers, bib and brace overalls, breeches and shorts; women",2023,124,Canada,8697.689,50.0,508.051,173.95378,15.906,54581.81189488243
620462,"Trousers, bib and brace overalls, breeches and shorts; women",2015,156,Chine,52466.49,1621.04,4953.37,32.365944085278585,,
620462,"Trousers, bib and brace overalls, breeches and shorts; women",2016,156,Chine,3250.0,115.0,244.0,28.26086956521739,52466.49,-93.80556999334242
620462,"Trousers, bib and brace overalls, breeches and shorts; women",2017,156,Chine,49651.156,1605.0,3550.683,30.93529968847352,3250.0,1427.727876923077
620462,"Trousers, bib and brace overalls, breeches and shorts; women",2018,156,Chine,124415.652,5081.1,11884.301,24.485967999055323,49651.156,150.57956757341157
620462,"Trousers, bib and brace overalls, breeches and shorts; women",2019,156,Chine,199405.81,6452.0,20646.563,30.906046187228768,124415.652,60.27389383451529
620462,"Trousers, bib and brace overalls, breeches and shorts; women",2020,156,Chine,151147.736,2931.6,5477.907,51.55810342475099,199405.81,-24.200936773106058
620462,"Trousers, bib and brace overalls, breeches and shorts; women",2021,156,Chine,47250.012,1423.0,3055.977,33.20450597329585,151147.736,-68.73918640766145
620462,"Trousers, bib and brace overalls, breeches and shorts; women",2022,156,Chine,132547.586,4531.19,10395.052,29.25226838865729,47250.012,180.5239202902213
620462,"Trousers, bib and brace overalls, breeches and shorts; women",2023,156,Chine,129383.848,4648.0,7557.594,27.836456110154906,132547.586,-2.386869573015092
620462,"Trousers, bib and brace overalls, breeches and shorts; women",2015,251,France,74144478.943,2286304.33,7760633.804,32.42983795731166,,
620462,"Trousers, bib and brace overalls, breeches and shorts; women",2016,251,France,75901057.0,2395999.0,5707779.0,31.67825070043852,74144478.943,2.369128601403214
620462,"Trousers, bib and brace overalls, breeches and shorts; women",2017,251,France,66794760.459,2074424.54,4776666.735,32.199175805642945,75901057.0,-11.997588572448999
620462,"Trousers, bib and brace overalls, breeches and shorts; women",2018,251,France,66513770.636,2052656.96,6329162.454,32.40374399237172,66794760.459,-0.4206764438843617
620462,"Trousers, bib and brace overalls, breeches and shorts; women",2019,251,France,58939269.5,1969000.67,6235769.776,29.933595451747614,66513770.636,-11.387869103755738
620462,"Trousers, bib and brace overalls, breeches and shorts; women",2020,251,France,46581032.797,1501908.57,5525999.878,31.014559559374508,58939269.5,-20.967746644705194
620462,"Trousers, bib and brace overalls, breeches and shorts; women",2021,251,France,54168796.026,1845396.88,5277150.785,29.353466787046916,46581032.797,16.289383840129634
620462,"Trousers, bib and brace overalls, breeches and shorts; women",2022,251,France,49403751.417,1800544.6,3967900.306,27.438226976993516,54168796.026,-8.796659624321105
620462,"Trousers, bib and brace overalls, breeches and shorts; women",2023,251,France,41666031.372,1332711.14,2433804.033,31.26411277090398,49403751.417,-15.662211518490931
620462,"Trousers, bib and brace overalls, breeches and shorts; women",2015,276,Allemagne,13744925.621,537619.42,1144170.273,25.566274412111078,,
620462,"Trousers, bib and brace overalls, breeches and shorts; women",2016,276,Allemagne,13912893.0,555699.0,1046253.0,25.036742912979868,13744925.621,1.2220319238641346
620462,"Trousers, bib and brace overalls, breeches and shorts; women",2017,276,Allemagne,14100918.494,579254.58,1008393.291,24.343214505097226,13912893.0,1.3514478548782116
620462,"Trousers, bib and brace overalls, breeches and shorts; women",2018,276,Allemagne,13404022.847,499582.68,1075886.719,26.8304394519842,14100918.494,-4.942200377206164
620462,"Trousers, bib and brace overalls, breeches and shorts; women",2019,276,Allemagne,7912644.65,327354.46,721387.225,24.171488758699056,13404022.847,-40.96813516122172
620462,"Trousers, bib and brace overalls, breeches and shorts; women",2020,276,Allemagne,5912461.717,264243.76,561344.712,22.375028712125502,7912644.65,-25.278311126988374
620462,"Trousers, bib and brace overalls, breeches and shorts; women",2021,276,Allemagne,7332715.971,318475.9,691917.911,23.02439830140993,5912461.717,24.021369134896332
620462,"Trousers, bib and brace overalls, breeches and shorts; women",2022,276,Allemagne,8472904.811,378479.9,714631.672,22.386670496900894,7332715.971,15.549338669454935
620462,"Trousers, bib and brace overalls, breeches and shorts; women",2023,276,Allemagne,6764451.376,259489.16,395126.401,26.06833894718377,8472904.811,-20.163727471386085
620462,"Trousers, bib and brace overalls, breeches and shorts; women",2015,380,Italie,2251798.818,50026.03,129193.32,45.0125428302026,,
620462,"Trousers, bib and brace overalls, breeches and shorts; women",2016,380,Italie,2098383.0,49927.0,157799.0,42.02902237266409,2251798.818,-6.8130339519522725
620462,"Trousers, bib and brace overalls, breeches and shorts; women",2017,380,Italie,2426291.84,56099.29,173510.429,43.24995628286917,2098383.0,15.626739255893698
620462,"Trousers, bib and brace overalls, breeches and shorts; women",2018,380,Italie,3321963.258,83802.16,195426.381,39.64054456352915,2426291.84,36.91523844056617
620462,"Trousers, bib and brace overalls, breeches and shorts; women",2019,380,Italie,4503768.854,157729.38,298094.113,28.553772632593876,3321963.258,35.57551677171501
620462,"Trousers, bib and brace overalls, breeches and shorts; women",2020,380,Italie,12043624.09,437005.5,871284.597,27.55943366845497,4503768.854,167.4121270522912
620462,"Trousers, bib and brace overalls, breeches and shorts; women",2021,380,Italie,9375745.979,315583.3,684549.629,29.709258946845416,12043624.09,-22.15178829116045
620462,"Trousers, bib and brace overalls, breeches and shorts; women",2022,380,Italie,12104982.567,434512.53,970392.857,27.85876523975039,9375745.979,29.10954066068986
620462,"Trousers, bib and brace overalls, breeches and shorts; women",2023,380,Italie,9450394.106,319997.8,552018.191,29.532684618456756,12104982.567,-21.929717340005148
620462,"Trousers, bib and brace overalls, breeches and shorts; women",2015,392,Japon,56970.645,996.43,2523.745,57.17475888923457,,
620462,"Trousers, bib and brace overalls, breeches and shorts; women",2016,392,Japon,26830.0,358.0,2018.0,74.94413407821229,56970.645,-52.905570930432674
620462,"Trousers, bib and brace overalls, breeches and shorts; women",2017,392,Japon,56869.86,776.58,4066.911,73.23116742640809,26830.0,111.96369735370854
620462,"Trousers, bib and brace overalls, breeches and shorts; women",2018,392,Japon,19487.429,252.35,1209.0,77.22381216564295,56869.86,-65.73329176474145
620462,"Trousers, bib and brace overalls, breeches and shorts; women",2019,392,Japon,26964.35,423.5,1471.973,63.67024793388429,19487.429,38.36791913391961
620462,"Trousers, bib and brace overalls, breeches and shorts; women",2020,392,Japon,20887.352,280.76,1105.0,74.39575438096595,26964.35,-22.537157394856543
620462,"Trousers, bib and brace overalls, breeches and shorts; women",2021,392,Japon,2831.067,26.0,50.0,108.8871923076923,20887.352,-86.4460224541627
620462,"Trousers, bib and brace overalls, breeches and shorts; women",2018,410,Corée du Sud,3622.377,90.0,46.0,40.24863333333333,,
620462,"Trousers, bib and brace overalls, breeches and shorts; women",2017,414,Koweït,8380.869,343.53,599.338,24.39632346519955,,
620462,"Trousers, bib and brace overalls, breeches and shorts; women",2018,414,Koweït,22279.43,864.9,2698.0,25.759544456006477,8380.869,165.83675272814787
620462,"Trousers, bib and brace overalls, breeches and shorts; women",2019,414,Koweït,26312.361,1061.3,3652.0,24.79257608593235,22279.43,18.101589672626275
620462,"Trousers, bib and brace overalls, breeches and shorts; women",2020,414,Koweït,27959.804,1718.19,4098.0,16.27282430930223,26312.361,6.261099108514053
620462,"Trousers, bib and brace overalls, breeches and shorts; women",2021,414,Koweït,21373.792,1034.19,3042.0,20.667181078911998,27959.804,-23.55528672518591
620462,"Trousers, bib and brace overalls, breeches and shorts; women",2022,414,Koweït,13287.916,795.1,2151.0,16.712257577663184,21373.792,-37.83079764227144
620462,"Trousers, bib and brace overalls, breeches and shorts; women",2023,414,Koweït,6506.092,286.11,380.035,22.739827339135296,13287.916,-51.03752913549423
620462,"Trousers, bib and brace overalls, breeches and shorts; women",2015,528,Pays-Bas,399181.837,11580.34,29376.872,34.470649134654074,,
620462,"Trousers, bib and brace overalls, breeches and shorts; women",2016,528,Pays-Bas,318874.0,7259.0,23979.0,43.92808926849428,399181.837,-20.118108980995544
620462,"Trousers, bib and brace overalls, breeches and shorts; women",2017,528,Pays-Bas,236308.456,5944.62,16899.031,39.751650399857354,318874.0,-25.89284294109899
620462,"Trousers, bib and brace overalls, breeches and shorts; women",2018,528,Pays-Bas,920990.209,39551.2,90082.202,23.28602441898097,236308.456,289.7406908705798
620462,"Trousers, bib and brace overalls, breeches and shorts; women",2019,528,Pays-Bas,945906.056,53478.16,98822.217,17.687707580066327,920990.209,2.705332451585264
620462,"Trousers, bib and brace overalls, breeches and shorts; women",2020,528,Pays-Bas,329845.527,19866.98,32388.555,16.602700913777536,945906.056,-65.12914523511625
620462,"Trousers, bib and brace overalls, breeches and shorts; women",2021,528,Pays-Bas,501096.019,22942.68,48050.073,21.841215542386504,329845.527,51.91839148390209
620462,"Trousers, bib and brace overalls, breeches and shorts; women",2022,528,Pays-Bas,339244.633,15799.22,31756.433,21.472239325738865,501096.019,-32.29947552227511
620462,"Trousers, bib and brace overalls, breeches and shorts; women",2023,528,Pays-Bas,402892.706,17790.26,23533.844,22.646813818347795,339244.633,18.761703740792868
620462,"Trousers, bib and brace overalls, breeches and shorts; women",2019,634,Qatar,2185.487,112.4,364.0,19.443834519572953,,
620462,"Trousers, bib and brace overalls, breeches and shorts; women",2020,634,Qatar,16760.509,812.68,2701.0,20.623749815425505,2185.487,666.9004208215375
620462,"Trousers, bib and brace overalls, breeches and shorts; women",2017,682,Arabie Saoudite,952.765,11.4,68.135,83.57587719298245,,
620462,"Trousers, bib and brace overalls, breeches and shorts; women",2022,682,Arabie Saoudite,9699.173,339.0,1424.0,28.611129793510326,952.765,918.0026554291983
620462,"Trousers, bib and brace overalls, breeches and shorts; women",2023,682,Arabie Saoudite,61450.772,3475.36,3589.474,17.681843607568712,9699.173,533.5671298986006
620462,"Trousers, bib and brace overalls, breeches and shorts; women",2016,702,Singapour,4023.0,197.0,302.0,20.421319796954315,,
620462,"Trousers, bib and brace overalls, breeches and shorts; women",2019,702,Singapour,3771.728,167.0,406.391,22.58519760479042,4023.0,-6.245886154610985
620462,"Trousers, bib and brace overalls, breeches and shorts; women",2015,724,Espagne,80760623.618,3512984.4,9531458.982,22.98917798154754,,
620462,"Trousers, bib and brace overalls, breeches and shorts; women",2016,724,Espagne,92071665.0,3950459.0,6923813.0,23.30657399557874,80760623.618,14.0056389800821
620462,"Trousers, bib and brace overalls, breeches and shorts; women",2017,724,Espagne,88038381.998,3672952.4,6295853.264,23.96937733197958,92071665.0,-4.380590925557829
620462,"Trousers, bib and brace overalls, breeches and shorts; women",2018,724,Espagne,89325666.626,3716600.7,9095238.118,24.034238229035473,88038381.998,1.4621856953587014
620462,"Trousers, bib and brace overalls, breeches and shorts; women",2019,724,Espagne,81871675.518,3622039.5,9491604.457,22.603750046900373,89325666.626,-8.344736053534655
620462,"Trousers, bib and brace overalls, breeches and shorts; women",2020,724,Espagne,43060771.803,2031923.9,5410300.643,21.19211836772037,81871675.518,-47.404555323247514
620462,"Trousers, bib and brace overalls, breeches and shorts; women",2021,724,Espagne,46413215.705,2226697.4,5102324.761,20.843970853426246,43060771.803,7.7853781101211785
620462,"Trousers, bib and brace overalls, breeches and shorts; women",2022,724,Espagne,38891233.027,1854012.47,4608514.423,20.976791502917994,46413215.705,-16.206553594151565
620462,"Trousers, bib and brace overalls, breeches and shorts; women",2023,724,Espagne,42813515.979,1695344.46,2500831.118,25.25357942833635,38891233.027,10.085262530187661
620462,"Trousers, bib and brace overalls, breeches and shorts; women",2015,784,Émirats Arabes,260766.069,9266.03,26064.281,28.142156781275258,,
620462,"Trousers, bib and brace overalls, breeches and shorts; women",2016,784,Émirats Arabes,67598.0,1200.0,5083.0,56.33166666666666,260766.069,-74.07714881800823
620462,"Trousers, bib and brace overalls, breeches and shorts; women",2017,784,Émirats Arabes,37.845,0.9,2.706,42.05,67598.0,-99.94401461581704
620462,"Trousers, bib and brace overalls, breeches and shorts; women",2018,784,Émirats Arabes,303553.594,2856.8,6521.478,106.25650868104171,37.845,801996.9586471133
620462,"Trousers, bib and brace overalls, breeches and shorts; women",2019,784,Émirats Arabes,25732.351,1070.36,3795.0,24.040837662094997,303553.594,-91.52296282810606
620462,"Trousers, bib and brace overalls, breeches and shorts; women",2020,784,Émirats Arabes,43880.877,2345.0,7254.0,18.712527505330492,25732.351,70.52805241153443
620462,"Trousers, bib and brace overalls, breeches and shorts; women",2021,784,Émirats Arabes,21498.73,1068.5,2941.0,20.12047730463266,43880.877,-51.00660818606703
620462,"Trousers, bib and brace overalls, breeches and shorts; women",2023,784,Émirats Arabes,16086.086,1557.58,939.623,10.327614632956253,21498.73,-25.17657554655554
620462,"Trousers, bib and brace overalls, breeches and shorts; women",2015,826,Royaume-Uni,13041331.38,479299.14,1051102.058,27.209169163124308,,
620462,"Trousers, bib and brace overalls, breeches and shorts; women",2016,826,Royaume-Uni,13569590.0,530576.0,1020437.0,25.575205060161032,13041331.38,4.050649466741786
620462,"Trousers, bib and brace overalls, breeches and shorts; women",2017,826,Royaume-Uni,13821736.136,587525.34,988428.235,23.525344687260638,13569590.0,1.8581706300632512
620462,"Trousers, bib and brace overalls, breeches and shorts; women",2018,826,Royaume-Uni,11223037.497,450965.23,941496.201,24.886702455974266,13821736.136,-18.80153559169349
620462,"Trousers, bib and brace overalls, breeches and shorts; women",2019,826,Royaume-Uni,9317241.984,364267.42,770381.242,25.578027219672844,11223037.497,-16.981102607110003
620462,"Trousers, bib and brace overalls, breeches and shorts; women",2020,826,Royaume-Uni,714996.601,29322.27,98040.896,24.38408080274822,9317241.984,-92.32609175303351
620462,"Trousers, bib and brace overalls, breeches and shorts; women",2021,826,Royaume-Uni,552610.461,23423.33,56577.535,23.592309932020765,714996.601,-22.711456218517046
620462,"Trousers, bib and brace overalls, breeches and shorts; women",2022,826,Royaume-Uni,1255717.441,63571.8,120157.909,19.75274321318572,552610.461,127.23374413283142
620462,"Trousers, bib and brace overalls, breeches and shorts; women",2023,826,Royaume-Uni,4032107.125,181508.23,235524.197,22.214458953183556,1255717.441,221.0998743307253
620462,"Trousers, bib and brace overalls, breeches and shorts; women",2015,842,États-Unis,278757.79,6112.02,21635.607,45.60812791842958,,
620462,"Trousers, bib and brace overalls, breeches and shorts; women",2016,842,États-Unis,736901.0,15396.0,55415.0,47.8631462717589,278757.79,164.35171551618345
620462,"Trousers, bib and brace overalls, breeches and shorts; women",2017,842,États-Unis,856477.934,18699.72,61248.961,45.8016448374628,736901.0,16.227001184691026
620462,"Trousers, bib and brace overalls, breeches and shorts; women",2018,842,États-Unis,2928699.399,107104.67,284233.223,27.34427358769697,856477.934,241.9468596607184
620462,"Trousers, bib and brace overalls, breeches and shorts; women",2019,842,États-Unis,3787996.006,152023.75,405607.731,24.91713305322359,2928699.399,29.340553260379178
620462,"Trousers, bib and brace overalls, breeches and shorts; women",2020,842,États-Unis,1807823.174,74029.17,198405.457,24.420416627661773,3787996.006,-52.274945086095734
620462,"Trousers, bib and brace overalls, breeches and shorts; women",2021,842,États-Unis,4398927.291,193739.55,434852.082,22.705365481647917,1807823.174,143.3272985027019
620462,"Trousers, bib and brace overalls, breeches and shorts; women",2022,842,États-Unis,7476393.308,306619.92,702422.272,24.383260252628077,4398927.291,69.95946542004347
620462,"Trousers, bib and brace overalls, breeches and shorts; women",2023,842,États-Unis,11756048.43,482458.51,686696.504,24.366962518704458,7476393.308,57.24224162231567
620640,"Blouses, shirts and shirt-blouses; women's or girls', of man",2016,036,Australie,908.0,40.0,102.0,22.7,,
620640,"Blouses, shirts and shirt-blouses; women's or girls', of man",2021,036,Australie,25108.007,510.84,1974.0,49.150432620781466,908.0,2665.1990088105726
620640,"Blouses, shirts and shirt-blouses; women's or girls', of man",2015,056,Belgique,82301.807,1401.56,6056.0,58.72157239076458,,
620640,"Blouses, shirts and shirt-blouses; women's or girls', of man",2016,056,Belgique,270241.0,3710.0,30400.0,72.84123989218328,82301.807,228.35366543045646
620640,"Blouses, shirts and shirt-blouses; women's or girls', of man",2017,056,Belgique,448551.596,9119.88,40574.746,49.18393619214289,270241.0,65.98206637778871
620640,"Blouses, shirts and shirt-blouses; women's or girls', of man",2018,056,Belgique,421608.612,6552.27,32044.0,64.34542715730579,448551.596,-6.006663278041261
620640,"Blouses, shirts and shirt-blouses; women's or girls', of man",2019,056,Belgique,668449.219,16929.72,54715.0,39.48377285625515,421608.612,58.54733512891336
620640,"Blouses, shirts and shirt-blouses; women's or girls', of man",2020,056,Belgique,339083.33,5172.42,28172.0,65.55603179942851,668449.219,-49.273135436186365
620640,"Blouses, shirts and shirt-blouses; women's or girls', of man",2021,056,Belgique,246194.657,4275.08,18463.0,57.588315774207736,339083.33,-27.394054729850627
620640,"Blouses, shirts and shirt-blouses; women's or girls', of man",2022,056,Belgique,218829.303,5540.53,18474.0,39.49609568037715,246194.657,-11.115332206417458
620640,"Blouses, shirts and shirt-blouses; women's or girls', of man",2023,056,Belgique,717762.273,21399.17,55106.006,33.54159404313345,218829.303,228.0009866868698
620640,"Blouses, shirts and shirt-blouses; women's or girls', of man",2015,124,Canada,16184.724,355.68,1212.0,45.50360998650472,,
620640,"Blouses, shirts and shirt-blouses; women's or girls', of man",2016,124,Canada,33695.0,536.0,3790.0,62.86380597014925,16184.724,108.19014275436516
620640,"Blouses, shirts and shirt-blouses; women's or girls', of man",2017,124,Canada,2050.825,5.0,185.512,410.16499999999996,33695.0,-93.9135628431518
620640,"Blouses, shirts and shirt-blouses; women's or girls', of man",2018,124,Canada,5743.48,264.5,2002.0,21.71448015122873,2050.825,180.05705021150024
620640,"Blouses, shirts and shirt-blouses; women's or girls', of man",2019,124,Canada,4755.603,398.64,3238.0,11.929568031306442,5743.48,-17.199972838766733
620640,"Blouses, shirts and shirt-blouses; women's or girls', of man",2020,124,Canada,46.669,0.63,4.0,74.07777777777777,4755.603,-99.01865231391267
620640,"Blouses, shirts and shirt-blouses; women's or girls', of man",2021,124,Canada,57.408,1.16,6.0,49.4896551724138,46.669,23.01099230752749
620640,"Blouses, shirts and shirt-blouses; women's or girls', of man",2022,124,Canada,85.034,1.3,8.0,65.41076923076923,57.408,48.12221293199555
620640,"Blouses, shirts and shirt-blouses; women's or girls', of man",2023,124,Canada,331.543,4.64,25.454,71.4532327586207,85.034,289.89463038314085
620640,"Blouses, shirts and shirt-blouses; women's or girls', of man",2015,156,Chine,32376.804,664.81,6762.0,48.70083783336593,,
620640,"Blouses, shirts and shirt-blouses; women's or girls', of man",2016,156,Chine,15535.0,384.0,1748.0,40.455729166666664,32376.804,-52.018117662262156
620640,"Blouses, shirts and shirt-blouses; women's or girls', of man",2018,156,Chine,8095.481,186.93,906.0,43.307553629700955,15535.0,-47.8887608625684
620640,"Blouses, shirts and shirt-blouses; women's or girls', of man",2019,156,Chine,7663.347,140.41,739.0,54.578356242432875,8095.481,-5.337965711981784
620640,"Blouses, shirts and shirt-blouses; women's or girls', of man",2020,156,Chine,7991.74,36.5,139.0,218.9517808219178,7663.347,4.285242466509739
620640,"Blouses, shirts and shirt-blouses; women's or girls', of man",2015,251,France,26985303.671,499604.98,3403942.0,54.01327999372624,,
620640,"Blouses, shirts and shirt-blouses; women's or girls', of man",2016,251,France,23174717.0,461383.0,2606989.0,50.228805569342605,26985303.671,-14.120970130475433
620640,"Blouses, shirts and shirt-blouses; women's or girls', of man",2017,251,France,25672131.722,478301.74,2322230.533,53.67350685782577,23174717.0,10.776462651086522
620640,"Blouses, shirts and shirt-blouses; women's or girls', of man",2018,251,France,28009396.859,535287.79,3377263.0,52.32586541718054,25672131.722,9.104289282674015
620640,"Blouses, shirts and shirt-blouses; women's or girls', of man",2019,251,France,29359833.743,631340.8,3310030.0,46.50393851149806,28009396.859,4.821370809225677
620640,"Blouses, shirts and shirt-blouses; women's or girls', of man",2020,251,France,19634248.827,420760.0,1760657.0,46.66377228586367,29359833.743,-33.12547680321515
620640,"Blouses, shirts and shirt-blouses; women's or girls', of man",2021,251,France,19781169.567,387280.9,1677581.0,51.077059485763435,19634248.827,0.7482880618175946
620640,"Blouses, shirts and shirt-blouses; women's or girls', of man",2022,251,France,38138086.974,963944.0,3824833.0,39.56462924609728,19781169.567,92.79995980431805
620640,"Blouses, shirts and shirt-blouses; women's or girls', of man",2023,251,France,35775219.231,878577.8,2746632.85,40.71946642744672,38138086.974,-6.195559165332142
620640,"Blouses, shirts and shirt-blouses; women's or girls', of man",2015,276,Allemagne,144161.621,4108.0,33014.0,35.09289703018501,,
620640,"Blouses, shirts and shirt-blouses; women's or girls', of man",2016,276,Allemagne,218545.0,5064.0,24585.0,43.156595576619274,144161.621,51.597213241657414
620640,"Blouses, shirts and shirt-blouses; women's or girls', of man",2017,276,Allemagne,672164.985,15216.52,60802.199,44.173371112448834,218545.0,207.56365279461897
620640,"Blouses, shirts and shirt-blouses; women's or girls', of man",2018,276,Allemagne,1774351.132,42056.11,272725.0,42.190091570523286,672164.985,163.97553749396806
620640,"Blouses, shirts and shirt-blouses; women's or girls', of man",2019,276,Allemagne,1069788.619,31736.81,162466.0,33.70813320557422,1774351.132,-39.708178403551756
620640,"Blouses, shirts and shirt-blouses; women's or girls', of man",2020,276,Allemagne,1541110.193,51455.05,163747.0,29.950611125632953,1069788.619,44.05744888561018
620640,"Blouses, shirts and shirt-blouses; women's or girls', of man",2021,276,Allemagne,2828033.77,94961.94,328147.0,29.78070761823105,1541110.193,83.50626599223331
620640,"Blouses, shirts and shirt-blouses; women's or girls', of man",2022,276,Allemagne,4268946.411,139109.97,547270.0,30.687566182351993,2828033.77,50.95104083569696
620640,"Blouses, shirts and shirt-blouses; women's or girls', of man",2023,276,Allemagne,3827499.319,111436.11,293855.232,34.347029154194274,4268946.411,-10.340890924807633
620640,"Blouses, shirts and shirt-blouses; women's or girls', of man",2015,380,Italie,298386.165,4209.24,18451.0,70.88837058471363,,
620640,"Blouses, shirts and shirt-blouses; women's or girls', of man",2016,380,Italie,172052.0,1445.0,19355.0,119.06712802768166,298386.165,-42.33914967203657
620640,"Blouses, shirts and shirt-blouses; women's or girls', of man",2017,380,Italie,312114.907,5218.91,28233.057,59.80461571477569,172052.0,81.4073111617418
620640,"Blouses, shirts and shirt-blouses; women's or girls', of man",2018,380,Italie,478999.899,6695.08,32815.0,71.54505980511061,312114.907,53.469087267914425
620640,"Blouses, shirts and shirt-blouses; women's or girls', of man",2019,380,Italie,262265.062,5740.33,37545.0,45.68815068123261,478999.899,-45.24736590810847
620640,"Blouses, shirts and shirt-blouses; women's or girls', of man",2020,380,Italie,401415.445,11910.37,22365.0,33.70302056107409,262265.062,53.05715596994007
620640,"Blouses, shirts and shirt-blouses; women's or girls', of man",2021,380,Italie,383377.982,2887.56,13654.0,132.76883666486586,401415.445,-4.493465118164546
620640,"Blouses, shirts and shirt-blouses; women's or girls', of man",2022,380,Italie,471625.444,5111.64,22702.0,92.26499596998224,383377.982,23.018395980810393
620640,"Blouses, shirts and shirt-blouses; women's or girls', of man",2023,380,Italie,2580507.693,39115.11,198117.785,65.9721446008972,471625.444,447.15192444112495
620640,"Blouses, shirts and shirt-blouses; women's or girls', of man",2015,392,Japon,95552.08,2001.3,6735.0,47.74500574626493,,
620640,"Blouses, shirts and shirt-blouses; women's or girls', of man",2017,392,Japon,62.387,0.4,5.643,155.9675,95552.08,-99.93470890429596
620640,"Blouses, shirts and shirt-blouses; women's or girls', of man",2019,392,Japon,6343.936,136.7,244.0,46.407724945135335,62.387,10068.682578101207
620640,"Blouses, shirts and shirt-blouses; women's or girls', of man",2020,392,Japon,3224.11,93.0,225.0,34.667849462365595,6343.936,-49.178081241677084
620640,"Blouses, shirts and shirt-blouses; women's or girls', of man",2023,410,Corée du Sud,380.006,25.0,29.175,15.200239999999999,,
620640,"Blouses, shirts and shirt-blouses; women's or girls', of man",2018,414,Koweït,2465.88,84.5,323.0,29.18201183431953,,
620640,"Blouses, shirts and shirt-blouses; women's or girls', of man",2019,414,Koweït,44699.237,1503.1,5494.0,29.73803273235314,2465.88,1712.7093370318103
620640,"Blouses, shirts and shirt-blouses; women's or girls', of man",2020,414,Koweït,19518.898,789.51,2579.0,24.722800217856648,44699.237,-56.332816150754425
620640,"Blouses, shirts and shirt-blouses; women's or girls', of man",2021,414,Koweït,55957.932,2029.95,6836.0,27.566162713367323,19518.898,186.68591843658388
620640,"Blouses, shirts and shirt-blouses; women's or girls', of man",2022,414,Koweït,26278.902,979.3,3312.0,26.834373532114775,55957.932,-53.03811084369594
620640,"Blouses, shirts and shirt-blouses; women's or girls', of man",2023,414,Koweït,40119.62,1465.11,3080.173,27.383350055627226,26278.902,52.668555177838115
620640,"Blouses, shirts and shirt-blouses; women's or girls', of man",2015,528,Pays-Bas,322068.051,8788.3,55148.0,36.64736649864024,,
620640,"Blouses, shirts and shirt-blouses; women's or girls', of man",2016,528,Pays-Bas,26082.0,448.0,2934.0,58.21875,322068.051,-91.9017114802238
620640,"Blouses, shirts and shirt-blouses; women's or girls', of man",2017,528,Pays-Bas,1126039.404,29350.0,101858.432,38.36590814310051,26082.0,4217.304669887279
620640,"Blouses, shirts and shirt-blouses; women's or girls', of man",2018,528,Pays-Bas,2201041.477,56482.81,324830.0,38.968342350531074,1126039.404,95.4675359655531
620640,"Blouses, shirts and shirt-blouses; women's or girls', of man",2019,528,Pays-Bas,444276.12,16378.35,63492.0,27.125816703147752,2201041.477,-79.8151863723375
620640,"Blouses, shirts and shirt-blouses; women's or girls', of man",2021,528,Pays-Bas,58299.58,2035.67,10357.0,28.639013199585396,444276.12,-86.87762466278853
620640,"Blouses, shirts and shirt-blouses; women's or girls', of man",2022,528,Pays-Bas,190103.468,5282.7,24109.0,35.98604274329415,58299.58,226.08033882919906
620640,"Blouses, shirts and shirt-blouses; women's or girls', of man",2023,528,Pays-Bas,375894.732,3913.91,28859.217,96.04071938291888,190103.468,97.73165421684998
620640,"Blouses, shirts and shirt-blouses; women's or girls', of man",2019,634,Qatar,3600.262,143.5,451.0,25.08893379790941,,
620640,"Blouses, shirts and shirt-blouses; women's or girls', of man",2020,634,Qatar,23500.114,948.46,3331.0,24.777127132404107,3600.262,552.7334399552033
620640,"Blouses, shirts and shirt-blouses; women's or girls', of man",2017,682,Arabie Saoudite,86.62,1.0,7.835,86.62,,
620640,"Blouses, shirts and shirt-blouses; women's or girls', of man",2021,682,Arabie Saoudite,64020.154,2356.43,7828.0,27.16828168033848,86.62,73809.20572616023
620640,"Blouses, shirts and shirt-blouses; women's or girls', of man",2022,682,Arabie Saoudite,40017.576,1006.47,4945.0,39.76032668633938,64020.154,-37.49222159009489
620640,"Blouses, shirts and shirt-blouses; women's or girls', of man",2023,682,Arabie Saoudite,112388.019,3420.99,8628.56,32.852483930090415,40017.576,180.84664348485276
620640,"Blouses, shirts and shirt-blouses; women's or girls', of man",2015,702,Singapour,31574.167,683.11,5670.0,46.221204491223965,,
620640,"Blouses, shirts and shirt-blouses; women's or girls', of man",2016,702,Singapour,5950.0,131.0,669.0,45.41984732824427,31574.167,-81.15548068140642
620640,"Blouses, shirts and shirt-blouses; women's or girls', of man",2017,702,Singapour,636.218,23.0,57.55,27.66165217391304,5950.0,-89.30726050420168
620640,"Blouses, shirts and shirt-blouses; women's or girls', of man",2018,702,Singapour,14721.975,245.8,1485.0,59.89412123677787,636.218,2213.9827857746873
620640,"Blouses, shirts and shirt-blouses; women's or girls', of man",2015,724,Espagne,119904705.631,2641558.0,17130210.0,45.391661145051515,,
620640,"Blouses, shirts and shirt-blouses; women's or girls', of man",2016,724,Espagne,138622948.0,3168580.0,15594085.0,43.74923404174741,119904705.631,15.6109322569911
620640,"Blouses, shirts and shirt-blouses; women's or girls', of man",2017,724,Espagne,149177346.34,3558577.0,13494173.07,41.92050539864671,138622948.0,7.613745409598419
620640,"Blouses, shirts and shirt-blouses; women's or girls', of man",2018,724,Espagne,160565113.247,3722449.0,19496748.0,43.13426812482857,149177346.34,7.6337106044542375
620640,"Blouses, shirts and shirt-blouses; women's or girls', of man",2019,724,Espagne,130590329.103,3402504.0,15887659.0,38.380654101508775,160565113.247,-18.66830442668408
620640,"Blouses, shirts and shirt-blouses; women's or girls', of man",2020,724,Espagne,138405021.992,3746464.63,14243689.0,36.942834288015156,130590329.103,5.984128336820685
620640,"Blouses, shirts and shirt-blouses; women's or girls', of man",2021,724,Espagne,223598554.566,5695074.0,19671345.0,39.26174700557008,138405021.992,61.55378710096539
620640,"Blouses, shirts and shirt-blouses; women's or girls', of man",2022,724,Espagne,374581921.503,11507170.0,32401000.0,32.552045507540086,223598554.566,67.52430364769373
620640,"Blouses, shirts and shirt-blouses; women's or girls', of man",2023,724,Espagne,301346458.142,9008351.0,23135793.402,33.45190014709684,374581921.503,-19.551254120098655
620640,"Blouses, shirts and shirt-blouses; women's or girls', of man",2015,784,Émirats Arabes,64856.262,1027.13,4395.0,63.143187327796866,,
620640,"Blouses, shirts and shirt-blouses; women's or girls', of man",2016,784,Émirats Arabes,1506.0,8.0,169.0,188.25,64856.262,-97.67794203125675
620640,"Blouses, shirts and shirt-blouses; women's or girls', of man",2018,784,Émirats Arabes,13436.036,207.29,1664.0,64.81757923681799,1506.0,792.1670650730412
620640,"Blouses, shirts and shirt-blouses; women's or girls', of man",2019,784,Émirats Arabes,29015.989,1048.44,4185.0,27.675392964785775,13436.036,115.95646960159978
620640,"Blouses, shirts and shirt-blouses; women's or girls', of man",2020,784,Émirats Arabes,72947.786,3280.37,10642.0,22.237670140868254,29015.989,151.4054785449498
620640,"Blouses, shirts and shirt-blouses; women's or girls', of man",2021,784,Émirats Arabes,895486.993,20765.92,106192.0,43.122914515706505,72947.786,1127.5725448336432
620640,"Blouses, shirts and shirt-blouses; women's or girls', of man",2022,784,Émirats Arabes,113918.684,3392.05,15332.0,33.584022641175686,895486.993,-87.27857747901426
620640,"Blouses, shirts and shirt-blouses; women's or girls', of man",2023,784,Émirats Arabes,5473.168,844.4,420.201,6.481724301279015,113918.684,-95.1955484317217
620640,"Blouses, shirts and shirt-blouses; women's or girls', of man",2015,826,Royaume-Uni,11530541.597,321811.9,2330668.0,35.83006593914022,,
620640,"Blouses, shirts and shirt-blouses; women's or girls', of man",2016,826,Royaume-Uni,14555063.0,546761.0,1637340.0,26.620521580727228,11530541.597,26.230523324133507
620640,"Blouses, shirts and shirt-blouses; women's or girls', of man",2017,826,Royaume-Uni,12249977.875,474237.4,1108099.357,25.830897932132725,14555063.0,-15.836998610036934
620640,"Blouses, shirts and shirt-blouses; women's or girls', of man",2018,826,Royaume-Uni,16204556.799,594795.5,3418219.0,27.243912906200535,12249977.875,32.28233523646263
620640,"Blouses, shirts and shirt-blouses; women's or girls', of man",2019,826,Royaume-Uni,19052343.055,791215.4,3696347.0,24.0798435609317,16204556.799,17.57398422754604
620640,"Blouses, shirts and shirt-blouses; women's or girls', of man",2020,826,Royaume-Uni,16569200.519,632707.5,2650453.0,26.187773211159975,19052343.055,-13.033265928666642
620640,"Blouses, shirts and shirt-blouses; women's or girls', of man",2021,826,Royaume-Uni,25108612.156,906171.7,3622286.0,27.70844880280415,16569200.519,51.53786163193455
620640,"Blouses, shirts and shirt-blouses; women's or girls', of man",2022,826,Royaume-Uni,42406052.403,1546899.1,5795839.0,27.413586576525898,25108612.156,68.89046730074475
620640,"Blouses, shirts and shirt-blouses; women's or girls', of man",2023,826,Royaume-Uni,32014720.206,1153135.3,2457921.547,27.76319500929336,42406052.403,-24.504361071498526
620640,"Blouses, shirts and shirt-blouses; women's or girls', of man",2015,842,États-Unis,170410.064,3447.78,12287.0,49.42602602254204,,
620640,"Blouses, shirts and shirt-blouses; women's or girls', of man",2016,842,États-Unis,89009.0,2192.0,10013.0,40.606295620437955,170410.064,-47.76775625176692
620640,"Blouses, shirts and shirt-blouses; women's or girls', of man",2017,842,États-Unis,6907.64,88.86,624.846,77.73621426963764,89009.0,-92.23939152220562
620640,"Blouses, shirts and shirt-blouses; women's or girls', of man",2018,842,États-Unis,39499.996,732.84,4285.0,53.899890835653075,6907.64,471.83055283714845
620640,"Blouses, shirts and shirt-blouses; women's or girls', of man",2019,842,États-Unis,127007.904,2334.29,11905.0,54.409650900273746,39499.996,221.53903002926887
620640,"Blouses, shirts and shirt-blouses; women's or girls', of man",2020,842,États-Unis,360025.068,7469.47,34755.0,48.1995466880515,127007.904,183.46666361803753
620640,"Blouses, shirts and shirt-blouses; women's or girls', of man",2021,842,États-Unis,255133.884,8167.56,30089.0,31.237466758738226,360025.068,-29.13441127382831
620640,"Blouses, shirts and shirt-blouses; women's or girls', of man",2022,842,États-Unis,790552.154,25952.75,86508.0,30.461209467204824,255133.884,209.85776628556323
620640,"Blouses, shirts and shirt-blouses; women's or girls', of man",2023,842,États-Unis,1120564.116,37095.56,86031.009,30.20749965764097,790552.154,41.7444896367963
630790,"Textiles; made up articles (including dress patterns), n.e.c",2015,036,Australie,22611.337,1065.3,1065.3,21.22532338308458,,
630790,"Textiles; made up articles (including dress patterns), n.e.c",2016,036,Australie,20114.0,1629.0,1629.0,12.34745242480049,22611.337,-11.044623323247095
630790,"Textiles; made up articles (including dress patterns), n.e.c",2017,036,Australie,13837.629,2120.0,2120.0,6.527183490566038,20114.0,-31.203992244208013
630790,"Textiles; made up articles (including dress patterns), n.e.c",2018,036,Australie,163.54,15.6,15.6,10.483333333333333,13837.629,-98.81815013251186
630790,"Textiles; made up articles (including dress patterns), n.e.c",2019,036,Australie,76.011,1.62,1.62,46.920370370370364,163.54,-53.52146263910969
630790,"Textiles; made up articles (including dress patterns), n.e.c",2020,036,Australie,292.308,7.53,7.53,38.819123505976094,76.011,284.5601294549473
630790,"Textiles; made up articles (including dress patterns), n.e.c",2022,036,Australie,991.569,69.08,69.08,14.353922987840185,292.308,239.22061660987723
630790,"Textiles; made up articles (including dress patterns), n.e.c",2015,056,Belgique,104059.689,10525.96,10525.96,9.886004601955547,,
630790,"Textiles; made up articles (including dress patterns), n.e.c",2016,056,Belgique,136728.0,9900.0,9900.0,13.81090909090909,104059.689,31.393819560617754
630790,"Textiles; made up articles (including dress patterns), n.e.c",2017,056,Belgique,78295.763,5456.92,5456.92,14.347977063984812,136728.0,-42.73611623076473
630790,"Textiles; made up articles (including dress patterns), n.e.c",2018,056,Belgique,25628.022,2823.65,2823.65,9.076203495475713,78295.763,-67.26767705169436
630790,"Textiles; made up articles (including dress patterns), n.e.c",2019,056,Belgique,722928.09,55172.47,55172.47,13.103058282509373,25628.022,2720.850122572862
630790,"Textiles; made up articles (including dress patterns), n.e.c",2020,056,Belgique,2179502.257,117084.28,117084.28,18.61481538768484,722928.09,201.4825799617221
630790,"Textiles; made up articles (including dress patterns), n.e.c",2021,056,Belgique,1203922.45,58250.68,58250.68,20.667955292539073,2179502.257,-44.76158737008365
630790,"Textiles; made up articles (including dress patterns), n.e.c",2022,056,Belgique,1565.842,371.27,371.27,4.217529022005549,1203922.45,-99.8699383004279
630790,"Textiles; made up articles (including dress patterns), n.e.c",2023,056,Belgique,1886.704,172.75,172.75,10.921586107091171,1565.842,20.491339483804868
630790,"Textiles; made up articles (including dress patterns), n.e.c",2015,124,Canada,8720.033,649.4,649.4,13.427830304896828,,
630790,"Textiles; made up articles (including dress patterns), n.e.c",2016,124,Canada,15477.0,765.0,765.0,20.231372549019607,8720.033,77.48786042438142
630790,"Textiles; made up articles (including dress patterns), n.e.c",2017,124,Canada,10847.159,467.9,467.9,23.182643727292156,15477.0,-29.914330942689155
630790,"Textiles; made up articles (including dress patterns), n.e.c",2018,124,Canada,9577.458,707.0,707.0,13.546616690240453,10847.159,-11.70537833915774
630790,"Textiles; made up articles (including dress patterns), n.e.c",2019,124,Canada,13057.502,1448.1,1448.1,9.016989158207307,9577.458,36.335779285067076
630790,"Textiles; made up articles (including dress patterns), n.e.c",2020,124,Canada,93704.52,2348.89,2348.89,39.893106956903054,13057.502,617.6297579736155
630790,"Textiles; made up articles (including dress patterns), n.e.c",2021,124,Canada,499.973,27.1,27.1,18.44918819188192,93704.52,-99.4664366244019
630790,"Textiles; made up articles (including dress patterns), n.e.c",2022,124,Canada,2435.275,316.65,316.65,7.690746881414812,499.973,387.0813023903291
630790,"Textiles; made up articles (including dress patterns), n.e.c",2023,124,Canada,2586.013,360.0,360.0,7.183369444444444,2435.275,6.189773228896113
630790,"Textiles; made up articles (including dress patterns), n.e.c",2015,156,Chine,3125.566,116.0,116.0,26.94453448275862,,
630790,"Textiles; made up articles (including dress patterns), n.e.c",2016,156,Chine,44.0,17.0,17.0,2.588235294117647,3125.566,-98.59225497077969
630790,"Textiles; made up articles (including dress patterns), n.e.c",2017,156,Chine,137.973,9.0,9.0,15.330333333333336,44.0,213.57500000000002
630790,"Textiles; made up articles (including dress patterns), n.e.c",2018,156,Chine,20.456,1.0,1.0,20.456,137.973,-85.17391083762766
630790,"Textiles; made up articles (including dress patterns), n.e.c",2019,156,Chine,31.195,0.3,0.3,103.98333333333333,20.456,52.498044583496295
630790,"Textiles; made up articles (including dress patterns), n.e.c",2020,156,Chine,1596528.852,18574.07,18574.07,85.95471277969772,31.195,5117799.830100977
630790,"Textiles; made up articles (including dress patterns), n.e.c",2021,156,Chine,764.311,229.0,229.0,3.3376026200873365,1596528.852,-99.9521267029379
630790,"Textiles; made up articles (including dress patterns), n.e.c",2022,156,Chine,1085.756,542.76,542.76,2.000434814651043,764.311,42.056832886089566
630790,"Textiles; made up articles (including dress patterns), n.e.c",2023,156,Chine,3424.789,42.2,42.2,81.1561374407583,1085.756,215.4289729920903
630790,"Textiles; made up articles (including dress patterns), n.e.c",2015,251,France,5844601.58,350326.21,350326.21,16.683312333382077,,
630790,"Textiles; made up articles (including dress patterns), n.e.c",2016,251,France,26799197.0,497647.0,497647.0,53.85182066806391,5844601.58,358.52906538070647
630790,"Textiles; made up articles (including dress patterns), n.e.c",2017,251,France,31818558.292,682216.2,682216.2,46.63999226638125,26799197.0,18.72952123155033
630790,"Textiles; made up articles (including dress patterns), n.e.c",2018,251,France,1796619.594,51192.95,51192.95,35.09505887041087,31818558.292,-94.35354808501265
630790,"Textiles; made up articles (including dress patterns), n.e.c",2019,251,France,2795968.695,100011.98,100011.98,27.956337780733868,1796619.594,55.6238562875208
630790,"Textiles; made up articles (including dress patterns), n.e.c",2020,251,France,38552205.374,455985.45,455985.45,84.54700774772527,2795968.695,1278.8496789303285
630790,"Textiles; made up articles (including dress patterns), n.e.c",2021,251,France,3819756.42,91560.21,91560.21,41.71851964952898,38552205.374,-90.09198985390319
630790,"Textiles; made up articles (including dress patterns), n.e.c",2022,251,France,2770414.112,146266.66,146266.66,18.940844837777796,3819756.42,-27.471445626891565
630790,"Textiles; made up articles (including dress patterns), n.e.c",2023,251,France,2514556.789,183745.74,183745.74,13.684980065388183,2770414.112,-9.235345787900762
630790,"Textiles; made up articles (including dress patterns), n.e.c",2015,276,Allemagne,31966.967,1627.8,1627.8,19.638141663595036,,
630790,"Textiles; made up articles (including dress patterns), n.e.c",2016,276,Allemagne,83521.0,9615.0,9615.0,8.68653146125845,31966.967,161.27283204565512
630790,"Textiles; made up articles (including dress patterns), n.e.c",2017,276,Allemagne,207563.323,34738.76,34738.76,5.974977892129713,83521.0,148.51632882748052
630790,"Textiles; made up articles (including dress patterns), n.e.c",2018,276,Allemagne,295282.752,43316.9,43316.9,6.816802495100064,207563.323,42.26152661855389
630790,"Textiles; made up articles (including dress patterns), n.e.c",2019,276,Allemagne,1351419.474,119860.19,119860.19,11.274965224066472,295282.752,357.66962846512627
630790,"Textiles; made up articles (including dress patterns), n.e.c",2020,276,Allemagne,3528562.281,142802.57,142802.57,24.7093751954184,1351419.474,161.10044652205448
630790,"Textiles; made up articles (including dress patterns), n.e.c",2021,276,Allemagne,2073059.297,113954.95,113954.95,18.191919675275187,3528562.281,-41.2491793566276
630790,"Textiles; made up articles (including dress patterns), n.e.c",2022,276,Allemagne,2944471.483,160803.61,160803.61,18.310978733624204,2073059.297,42.03508251119746
630790,"Textiles; made up articles (including dress patterns), n.e.c",2023,276,Allemagne,3156835.439,190906.84,190906.84,16.535999647786323,2944471.483,7.212294539990957
630790,"Textiles; made up articles (including dress patterns), n.e.c",2015,380,Italie,172666.802,3583.94,3583.94,48.177927643877965,,
630790,"Textiles; made up articles (including dress patterns), n.e.c",2016,380,Italie,127303.0,2774.0,2774.0,45.8914924297044,172666.802,-26.272451608850666
630790,"Textiles; made up articles (including dress patterns), n.e.c",2017,380,Italie,11391.353,158.51,158.51,71.86520093369504,127303.0,-91.05177961242076
630790,"Textiles; made up articles (including dress patterns), n.e.c",2018,380,Italie,67930.649,1132.47,1132.47,59.984502017713496,11391.353,496.33521145381064
630790,"Textiles; made up articles (including dress patterns), n.e.c",2019,380,Italie,112509.967,2101.55,2101.55,53.536659608384284,67930.649,65.62474914673639
630790,"Textiles; made up articles (including dress patterns), n.e.c",2020,380,Italie,396541.268,6618.68,6618.68,59.91243994270761,112509.967,252.4499016162719
630790,"Textiles; made up articles (including dress patterns), n.e.c",2021,380,Italie,5311.129,675.94,675.94,7.857397106252034,396541.268,-98.66063650152044
630790,"Textiles; made up articles (including dress patterns), n.e.c",2022,380,Italie,19606.376,3347.92,3347.92,5.856285693803914,5311.129,269.1564637198607
630790,"Textiles; made up articles (including dress patterns), n.e.c",2023,380,Italie,99188.288,5208.9,5208.9,19.04207951774847,19606.376,405.8981221210896
630790,"Textiles; made up articles (including dress patterns), n.e.c",2015,392,Japon,56063.318,2403.0,2403.0,23.33055264253017,,
630790,"Textiles; made up articles (including dress patterns), n.e.c",2016,392,Japon,39497.0,1949.0,1949.0,20.265264238070806,56063.318,-29.54929995402698
630790,"Textiles; made up articles (including dress patterns), n.e.c",2017,392,Japon,27628.284,1163.84,1163.84,23.738902254605446,39497.0,-30.049664531483405
630790,"Textiles; made up articles (including dress patterns), n.e.c",2018,392,Japon,3742.874,305.75,305.75,12.241615699100572,27628.284,-86.45274530984263
630790,"Textiles; made up articles (including dress patterns), n.e.c",2019,392,Japon,7269.465,705.5,705.5,10.303990077958895,3742.874,94.2214725903143
630790,"Textiles; made up articles (including dress patterns), n.e.c",2020,392,Japon,4297.11,429.4,429.4,10.00724266418258,7269.465,-40.88822217315855
630790,"Textiles; made up articles (including dress patterns), n.e.c",2021,392,Japon,3204.99,560.2,560.2,5.721153159585861,4297.11,-25.415220927553634
630790,"Textiles; made up articles (including dress patterns), n.e.c",2022,392,Japon,590.513,78.0,78.0,7.570679487179488,3204.99,-81.57519992262067
630790,"Textiles; made up articles (including dress patterns), n.e.c",2023,392,Japon,195.432,1.0,1.0,195.432,590.513,-66.9047082790726
630790,"Textiles; made up articles (including dress patterns), n.e.c",2016,410,Corée du Sud,314.0,2.0,2.0,157.0,,
630790,"Textiles; made up articles (including dress patterns), n.e.c",2017,410,Corée du Sud,515.593,283.82,283.82,1.8166196885349868,314.0,64.20159235668788
630790,"Textiles; made up articles (including dress patterns), n.e.c",2018,410,Corée du Sud,112.187,12.0,12.0,9.348916666666666,515.593,-78.24117084599675
630790,"Textiles; made up articles (including dress patterns), n.e.c",2019,410,Corée du Sud,623.89,270.0,270.0,2.3107037037037035,112.187,456.1161275370586
630790,"Textiles; made up articles (including dress patterns), n.e.c",2020,410,Corée du Sud,4006.803,318.64,318.64,12.57470185789606,623.89,542.229078844027
630790,"Textiles; made up articles (including dress patterns), n.e.c",2015,414,Koweït,38619.592,4536.3,4536.3,8.513456341070915,,
630790,"Textiles; made up articles (including dress patterns), n.e.c",2016,414,Koweït,31279.0,3289.0,3289.0,9.510185466707206,38619.592,-19.00743021832027
630790,"Textiles; made up articles (including dress patterns), n.e.c",2017,414,Koweït,85892.206,6511.3,6511.3,13.191253052385854,31279.0,174.60023018638705
630790,"Textiles; made up articles (including dress patterns), n.e.c",2018,414,Koweït,30065.729,5839.9,5839.9,5.148329423449032,85892.206,-64.99597530420863
630790,"Textiles; made up articles (including dress patterns), n.e.c",2019,414,Koweït,71150.934,7793.88,7793.88,9.129077429983525,30065.729,136.6512849231096
630790,"Textiles; made up articles (including dress patterns), n.e.c",2020,414,Koweït,4593.419,864.0,864.0,5.316457175925926,71150.934,-93.54411988463849
630790,"Textiles; made up articles (including dress patterns), n.e.c",2021,414,Koweït,19591.289,1828.75,1828.75,10.712939986329461,4593.419,326.50777122661793
630790,"Textiles; made up articles (including dress patterns), n.e.c",2022,414,Koweït,12258.75,1301.2,1301.2,9.421111281893637,19591.289,-37.42754751869569
630790,"Textiles; made up articles (including dress patterns), n.e.c",2023,414,Koweït,18570.533,2947.22,2947.22,6.301033855633444,12258.75,51.48798205363515
630790,"Textiles; made up articles (including dress patterns), n.e.c",2015,528,Pays-Bas,21950.881,5906.8,5906.8,3.716205221101104,,
630790,"Textiles; made up articles (including dress patterns), n.e.c",2016,528,Pays-Bas,12292.0,1927.0,1927.0,6.378827192527244,21950.881,-44.00224756354882
630790,"Textiles; made up articles (including dress patterns), n.e.c",2017,528,Pays-Bas,4936.705,454.1,454.1,10.87140497687734,12292.0,-59.8380654083957
630790,"Textiles; made up articles (including dress patterns), n.e.c",2018,528,Pays-Bas,692.62,522.62,522.62,1.3252841452680724,4936.705,-85.96999415602107
630790,"Textiles; made up articles (including dress patterns), n.e.c",2019,528,Pays-Bas,617.339,420.85,420.85,1.4668860639182608,692.62,-10.869019086945215
630790,"Textiles; made up articles (including dress patterns), n.e.c",2020,528,Pays-Bas,4657.256,94.0,94.0,49.54527659574468,617.339,654.40819387727
630790,"Textiles; made up articles (including dress patterns), n.e.c",2021,528,Pays-Bas,556115.079,75101.0,75101.0,7.404895793664532,4657.256,11840.831231952892
630790,"Textiles; made up articles (including dress patterns), n.e.c",2022,528,Pays-Bas,22968.011,1683.05,1683.05,13.646659932859986,556115.079,-95.86991760027423
630790,"Textiles; made up articles (including dress patterns), n.e.c",2023,528,Pays-Bas,123109.51,7962.29,7962.29,15.461570729023936,22968.011,436.00422779316847
630790,"Textiles; made up articles (including dress patterns), n.e.c",2015,634,Qatar,1228.918,104.0,104.0,11.816519230769229,,
630790,"Textiles; made up articles (including dress patterns), n.e.c",2016,634,Qatar,5673.0,475.0,475.0,11.943157894736842,1228.918,361.6255925944612
630790,"Textiles; made up articles (including dress patterns), n.e.c",2017,634,Qatar,254.6,30.1,30.1,8.458471760797341,5673.0,-95.51207473999646
630790,"Textiles; made up articles (including dress patterns), n.e.c",2018,634,Qatar,2126.016,135.0,135.0,15.748266666666668,254.6,735.0416339355853
630790,"Textiles; made up articles (including dress patterns), n.e.c",2019,634,Qatar,24181.872,1015.73,1015.73,23.807381882980714,2126.016,1037.4266233179806
630790,"Textiles; made up articles (including dress patterns), n.e.c",2020,634,Qatar,42338.365,2191.8,2191.8,19.31671001003741,24181.872,75.08307462714218
630790,"Textiles; made up articles (including dress patterns), n.e.c",2021,634,Qatar,3327.146,66.4,66.4,50.10762048192771,42338.365,-92.14153404365048
630790,"Textiles; made up articles (including dress patterns), n.e.c",2022,634,Qatar,2775.41,370.0,370.0,7.501108108108108,3327.146,-16.582861106786424
630790,"Textiles; made up articles (including dress patterns), n.e.c",2023,634,Qatar,2393.542,76.3,76.3,31.37014416775885,2775.41,-13.758976151271343
630790,"Textiles; made up articles (including dress patterns), n.e.c",2015,682,Arabie Saoudite,470383.817,38242.04,38242.04,12.3001758535894,,
630790,"Textiles; made up articles (including dress patterns), n.e.c",2016,682,Arabie Saoudite,309710.0,33301.0,33301.0,9.300321311672322,470383.817,-34.15802397810807
630790,"Textiles; made up articles (including dress patterns), n.e.c",2017,682,Arabie Saoudite,309605.647,24012.5,24012.5,12.893519916710046,309710.0,-0.03369377805043518
630790,"Textiles; made up articles (including dress patterns), n.e.c",2018,682,Arabie Saoudite,35384.337,3467.17,3467.17,10.205538522772175,309605.647,-88.57115903961532
630790,"Textiles; made up articles (including dress patterns), n.e.c",2019,682,Arabie Saoudite,126375.407,9489.26,9489.26,13.317730465810822,35384.337,257.1506991921313
630790,"Textiles; made up articles (including dress patterns), n.e.c",2020,682,Arabie Saoudite,176760.819,10307.41,10307.41,17.148907339477134,126375.407,39.86963381253441
630790,"Textiles; made up articles (including dress patterns), n.e.c",2021,682,Arabie Saoudite,123304.435,11188.91,11188.91,11.020236555660917,176760.819,-30.242213349328278
630790,"Textiles; made up articles (including dress patterns), n.e.c",2022,682,Arabie Saoudite,148179.641,7286.22,7286.22,20.33697047302991,123304.435,20.173812888400978
630790,"Textiles; made up articles (including dress patterns), n.e.c",2023,682,Arabie Saoudite,106471.38,6794.64,6794.64,15.669907456465685,148179.641,-28.14709275749966
630790,"Textiles; made up articles (including dress patterns), n.e.c",2016,702,Singapour,22.0,3.0,3.0,7.333333333333333,,
630790,"Textiles; made up articles (including dress patterns), n.e.c",2017,702,Singapour,309.356,220.0,220.0,1.4061636363636363,22.0,1306.1636363636364
630790,"Textiles; made up articles (including dress patterns), n.e.c",2018,702,Singapour,2645.507,31.6,31.6,83.7185759493671,309.356,755.1658930164599
630790,"Textiles; made up articles (including dress patterns), n.e.c",2020,702,Singapour,1484.914,7.0,7.0,212.13057142857141,2645.507,-43.87034318941511
630790,"Textiles; made up articles (including dress patterns), n.e.c",2021,702,Singapour,333.76,197.0,197.0,1.6942131979695432,1484.914,-77.52327744233
630790,"Textiles; made up articles (including dress patterns), n.e.c",2015,724,Espagne,209272090.64,8500525.0,8500525.0,24.61872538931419,,
630790,"Textiles; made up articles (including dress patterns), n.e.c",2016,724,Espagne,259718761.0,9290387.0,9290387.0,27.955645012419826,209272090.64,24.10578028141403
630790,"Textiles; made up articles (including dress patterns), n.e.c",2017,724,Espagne,219498429.802,7994705.0,7994705.0,27.45547581830724,259718761.0,-15.486109298819583
630790,"Textiles; made up articles (including dress patterns), n.e.c",2018,724,Espagne,222922543.312,7413864.05,7413864.05,30.068334381178733,219498429.802,1.5599717561026585
630790,"Textiles; made up articles (including dress patterns), n.e.c",2019,724,Espagne,190570974.171,8199053.0,8199053.0,23.2430469922563,222922543.312,-14.512470861110305
630790,"Textiles; made up articles (including dress patterns), n.e.c",2020,724,Espagne,169203508.07,7818588.8,7818588.8,21.64118262236786,190570974.171,-11.212340281068673
630790,"Textiles; made up articles (including dress patterns), n.e.c",2021,724,Espagne,94745347.488,5140405.0,5140405.0,18.4314946950678,169203508.07,-44.005092702449424
630790,"Textiles; made up articles (including dress patterns), n.e.c",2022,724,Espagne,121469939.262,4634338.2,4634338.2,26.21084910505668,94745347.488,28.20675894126073
630790,"Textiles; made up articles (including dress patterns), n.e.c",2023,724,Espagne,138902531.223,3956141.95,3956141.95,35.110603456228354,121469939.262,14.351363034272557
630790,"Textiles; made up articles (including dress patterns), n.e.c",2015,784,Émirats Arabes,56001.013,5012.64,5012.64,11.171959885409683,,
630790,"Textiles; made up articles (including dress patterns), n.e.c",2016,784,Émirats Arabes,79223.0,5742.0,5742.0,13.797109021246952,56001.013,41.4670838186445
630790,"Textiles; made up articles (including dress patterns), n.e.c",2017,784,Émirats Arabes,88659.396,9624.19,9624.19,9.212141073690356,79223.0,11.911182358658461
630790,"Textiles; made up articles (including dress patterns), n.e.c",2018,784,Émirats Arabes,471388.787,32997.9,32997.9,14.285417769009543,88659.396,431.685087274901
630790,"Textiles; made up articles (including dress patterns), n.e.c",2019,784,Émirats Arabes,33132.833,4099.77,4099.77,8.081632140339579,471388.787,-92.97123013662181
630790,"Textiles; made up articles (including dress patterns), n.e.c",2020,784,Émirats Arabes,9684.759,1112.45,1112.45,8.705792619893028,33132.833,-70.76990367832417
630790,"Textiles; made up articles (including dress patterns), n.e.c",2021,784,Émirats Arabes,96837.348,6829.0,6829.0,14.180311612241908,9684.759,899.8942462068493
630790,"Textiles; made up articles (including dress patterns), n.e.c",2022,784,Émirats Arabes,12461.601,1590.51,1590.51,7.834971801497633,96837.348,-87.13141029017028
630790,"Textiles; made up articles (including dress patterns), n.e.c",2023,784,Émirats Arabes,5906.177,563.82,563.82,10.475288212550103,12461.601,-52.60499032186956
630790,"Textiles; made up articles (including dress patterns), n.e.c",2015,826,Royaume-Uni,27814.468,2532.95,2532.95,10.981056870447503,,
630790,"Textiles; made up articles (including dress patterns), n.e.c",2016,826,Royaume-Uni,23194.0,1012.0,1012.0,22.91897233201581,27814.468,-16.611743212201652
630790,"Textiles; made up articles (including dress patterns), n.e.c",2017,826,Royaume-Uni,27271.287,1557.6,1557.6,17.508530431432973,23194.0,17.57905923945848
630790,"Textiles; made up articles (including dress patterns), n.e.c",2018,826,Royaume-Uni,38010.268,1920.23,1920.23,19.79464335001536,27271.287,39.378343236972995
630790,"Textiles; made up articles (including dress patterns), n.e.c",2019,826,Royaume-Uni,48688.991,2584.96,2584.96,18.83549107142857,38010.268,28.094311252948827
630790,"Textiles; made up articles (including dress patterns), n.e.c",2020,826,Royaume-Uni,977911.86,19774.9,19774.9,49.452177255005076,48688.991,1908.4866001844234
630790,"Textiles; made up articles (including dress patterns), n.e.c",2021,826,Royaume-Uni,13204563.134,247979.2,247979.2,53.248672203152516,977911.86,1250.281520667926
630790,"Textiles; made up articles (including dress patterns), n.e.c",2022,826,Royaume-Uni,65142037.47,950496.0,950496.0,68.53478338677911,13204563.134,393.32974373281525
630790,"Textiles; made up articles (including dress patterns), n.e.c",2023,826,Royaume-Uni,118261071.877,1546109.56,1546109.56,76.48945128895005,65142037.47,81.54340341513424
630790,"Textiles; made up articles (including dress patterns), n.e.c",2015,842,États-Unis,312345.366,13460.6,13460.6,23.20441629645038,,
630790,"Textiles; made up articles (including dress patterns), n.e.c",2016,842,États-Unis,75570.0,4840.0,4840.0,15.613636363636363,312345.366,-75.80562792790082
630790,"Textiles; made up articles (including dress patterns), n.e.c",2017,842,États-Unis,22016.306,2966.87,2966.87,7.420718130555097,75570.0,-70.86634114066429
630790,"Textiles; made up articles (including dress patterns), n.e.c",2018,842,États-Unis,10789.783,2149.68,2149.68,5.019250772207957,22016.306,-50.99185576363266
630790,"Textiles; made up articles (including dress patterns), n.e.c",2019,842,États-Unis,23773.648,4235.59,4235.59,5.6128303258814,10789.783,120.33481118202288
630790,"Textiles; made up articles (including dress patterns), n.e.c",2020,842,États-Unis,3341044.778,94687.08,94687.08,35.28511786402115,23773.648,13953.563752605405
630790,"Textiles; made up articles (including dress patterns), n.e.c",2021,842,États-Unis,51671.781,2880.8,2880.8,17.936608233823936,3341044.778,-98.45342446948791
630790,"Textiles; made up articles (including dress patterns), n.e.c",2022,842,États-Unis,1838.66,901.02,901.02,2.040642827018268,51671.781,-96.44165545600217
630790,"Textiles; made up articles (including dress patterns), n.e.c",2023,842,États-Unis,445.446,11.7,11.7,38.072307692307696,1838.66,-75.77333492869806
740400,Copper; waste and scrap,2015,056,Belgique,1066753.572,234854.0,234854.0,4.542198863975065,,
740400,Copper; waste and scrap,2016,056,Belgique,1397499.0,382177.0,382177.0,3.656680019990737,1066753.572,31.0048577929674
740400,Copper; waste and scrap,2017,056,Belgique,2672926.177,608908.0,608908.0,4.389704482450551,1397499.0,91.26497958138074
740400,Copper; waste and scrap,2018,056,Belgique,3496280.33,784382.0,784382.0,4.457369406743143,2672926.177,30.803475235672394
740400,Copper; waste and scrap,2019,056,Belgique,4101026.514,937135.0,937135.0,4.376132055680345,3496280.33,17.296844844246223
740400,Copper; waste and scrap,2020,056,Belgique,6134101.07,1452825.0,1452825.0,4.222188543011031,4101026.514,49.5747722932181
740400,Copper; waste and scrap,2021,056,Belgique,7490755.5,1180113.0,1180113.0,6.347490028497271,6134101.07,22.116597273477915
740400,Copper; waste and scrap,2022,056,Belgique,5360926.998,823283.0,823283.0,6.511645446341051,7490755.5,-28.432759579457645
740400,Copper; waste and scrap,2023,056,Belgique,7734068.697,1233410.0,1233410.0,6.270476724690087,5360926.998,44.26737577074539
740400,Copper; waste and scrap,2015,156,Chine,50938802.934,11324381.0,11324381.0,4.498153403174973,,
740400,Copper; waste and scrap,2016,156,Chine,13563231.0,3990271.0,3990271.0,3.3990751505348884,50938802.934,-73.37347911851501
740400,Copper; waste and scrap,2017,156,Chine,19713039.46,5651483.0,5651483.0,3.4881179789446417,13563231.0,45.341765984815865
740400,Copper; waste and scrap,2018,156,Chine,25066975.176,5737890.0,5737890.0,4.3686747525658385,19713039.46,27.159361836939162
740400,Copper; waste and scrap,2019,156,Chine,38311099.552,8393505.0,8393505.0,4.564374424272101,25066975.176,52.834952294844065
740400,Copper; waste and scrap,2020,156,Chine,26155436.674,5034950.0,5034950.0,5.194775851597335,38311099.552,-31.728827990178175
740400,Copper; waste and scrap,2021,156,Chine,41599372.087,5449854.0,5449854.0,7.633116793037024,26155436.674,59.04675041557289
740400,Copper; waste and scrap,2022,156,Chine,50132181.06,6533379.0,6533379.0,7.6732393850104215,41599372.087,20.511869638692332
740400,Copper; waste and scrap,2023,156,Chine,53258944.223,7316815.0,7316815.0,7.278979203792907,50132181.06,6.237037960223139
740400,Copper; waste and scrap,2015,251,France,5707670.28,1663837.2,1663837.2,3.4304259334987823,,
740400,Copper; waste and scrap,2016,251,France,2136473.0,679548.0,679548.0,3.143961868771595,5707670.28,-62.56838788522311
740400,Copper; waste and scrap,2017,251,France,2519355.585,697694.24,697694.24,3.6109737483284943,2136473.0,17.921246137910472
740400,Copper; waste and scrap,2018,251,France,1982245.846,420711.39,420711.39,4.711652437078064,2519355.585,-21.31933031597047
740400,Copper; waste and scrap,2019,251,France,2568443.496,585711.05,585711.05,4.385171657594644,1982245.846,29.57239896266631
740400,Copper; waste and scrap,2020,251,France,1100170.658,396216.2,396216.2,2.776692770260277,2568443.496,-57.16586096936274
740400,Copper; waste and scrap,2021,251,France,10656917.908,1593279.74,1593279.74,6.688667181571015,1100170.658,868.66043740643
740400,Copper; waste and scrap,2022,251,France,5146017.702,800006.8,800006.8,6.432467451526661,10656917.908,-51.71195136881972
740400,Copper; waste and scrap,2023,251,France,4343043.301,718864.02,718864.02,6.041536619123043,5146017.702,-15.60380176476897
740400,Copper; waste and scrap,2015,276,Allemagne,2019515.349,489780.0,489780.0,4.123311178488301,,
740400,Copper; waste and scrap,2016,276,Allemagne,4711157.0,1194448.0,1194448.0,3.9442127242039837,2019515.349,133.281564427466
740400,Copper; waste and scrap,2017,276,Allemagne,3277749.663,801232.0,801232.0,4.090887112596602,4711157.0,-30.42580276989283
740400,Copper; waste and scrap,2018,276,Allemagne,2692773.209,592762.0,592762.0,4.542756129778899,3277749.663,-17.84689235432927
740400,Copper; waste and scrap,2019,276,Allemagne,3579800.716,745890.0,745890.0,4.799368158843797,2692773.209,32.941040264189596
740400,Copper; waste and scrap,2020,276,Allemagne,2116155.721,436201.0,436201.0,4.85133165902875,3579800.716,-40.88621437663292
740400,Copper; waste and scrap,2021,276,Allemagne,7443128.377,926033.0,926033.0,8.037649173409587,2116155.721,251.72876471882293
740400,Copper; waste and scrap,2022,276,Allemagne,3820201.701,507759.0,507759.0,7.523651379886915,7443128.377,-48.67478421029524
740400,Copper; waste and scrap,2023,276,Allemagne,3968384.751,580436.5,580436.5,6.836897319517295,3820201.701,3.878932621835411
740400,Copper; waste and scrap,2015,380,Italie,3908107.164,820345.0,820345.0,4.763979988907106,,
740400,Copper; waste and scrap,2016,380,Italie,658849.0,173758.0,173758.0,3.7917621059174254,3908107.164,-83.14148071298897
740400,Copper; waste and scrap,2017,380,Italie,3303154.662,829148.0,829148.0,3.9837938003830438,658849.0,401.35230712955473
740400,Copper; waste and scrap,2018,380,Italie,1196785.311,330440.0,330440.0,3.6217930970826777,3303154.662,-63.76841433530186
740400,Copper; waste and scrap,2019,380,Italie,3114585.28,756127.0,756127.0,4.11912982871925,1196785.311,160.24594815569222
740400,Copper; waste and scrap,2020,380,Italie,1903886.838,497940.0,497940.0,3.8235266056151342,3114585.28,-38.87189892581782
740400,Copper; waste and scrap,2021,380,Italie,4737010.564,1017485.0,1017485.0,4.655607270868858,1903886.838,148.80735921133567
740400,Copper; waste and scrap,2022,380,Italie,16497606.26,2563598.0,2563598.0,6.435332786185666,4737010.564,248.2704131035161
740400,Copper; waste and scrap,2023,380,Italie,7512783.726,1307231.0,1307231.0,5.747097281199727,16497606.26,-54.461370894664576
740400,Copper; waste and scrap,2015,392,Japon,1424417.641,288440.0,288440.0,4.938349885591458,,
740400,Copper; waste and scrap,2016,392,Japon,77663.0,20190.0,20190.0,3.846607231302625,1424417.641,-94.54773671958476
740400,Copper; waste and scrap,2017,392,Japon,106027.369,22600.0,22600.0,4.691476504424779,77663.0,36.52237101322381
740400,Copper; waste and scrap,2018,392,Japon,707815.651,134270.0,134270.0,5.271584501377821,106027.369,567.578246707225
740400,Copper; waste and scrap,2020,392,Japon,317821.15,60590.0,60590.0,5.24543901633933,707815.651,-55.098315564090285
740400,Copper; waste and scrap,2021,392,Japon,2155322.626,329915.0,329915.0,6.532963417850053,317821.15,578.155820026452
740400,Copper; waste and scrap,2023,392,Japon,2057325.904,275380.0,275380.0,7.470861732878205,2155322.626,-4.546731000633038
740400,Copper; waste and scrap,2015,410,Corée du Sud,33144515.527,6910145.0,6910145.0,4.796500728566477,,
740400,Copper; waste and scrap,2016,410,Corée du Sud,36840391.0,9166712.0,9166712.0,4.018931870009661,33144515.527,11.150790452765218
740400,Copper; waste and scrap,2017,410,Corée du Sud,50479179.461,10278190.0,10278190.0,4.911290748760239,36840391.0,37.02129128054044
740400,Copper; waste and scrap,2018,410,Corée du Sud,28243849.373,5302790.0,5302790.0,5.326224378676131,50479179.461,-44.04851728063235
740400,Copper; waste and scrap,2019,410,Corée du Sud,18886999.058,3770460.0,3770460.0,5.009202871267696,28243849.373,-33.12880688262266
740400,Copper; waste and scrap,2020,410,Corée du Sud,6642600.806,1341010.0,1341010.0,4.953431224226516,18886999.058,-64.8297710737356
740400,Copper; waste and scrap,2021,410,Corée du Sud,8136416.44,1087851.0,1087851.0,7.479348219563158,6642600.806,22.488414969189414
740400,Copper; waste and scrap,2022,410,Corée du Sud,1493705.347,212760.0,212760.0,7.020611708027825,8136416.44,-81.64172940243458
740400,Copper; waste and scrap,2023,410,Corée du Sud,2939991.109,398484.0,398484.0,7.37794016572811,1493705.347,96.82537221311829
740400,Copper; waste and scrap,2015,528,Pays-Bas,615418.396,155788.0,155788.0,3.950358153387937,,
740400,Copper; waste and scrap,2016,528,Pays-Bas,10344452.0,2350350.0,2350350.0,4.401238964409556,615418.396,1580.8811805489156
740400,Copper; waste and scrap,2017,528,Pays-Bas,5765396.588,1354150.0,1354150.0,4.257576035151202,10344452.0,-44.265809459988795
740400,Copper; waste and scrap,2018,528,Pays-Bas,672539.463,183050.0,183050.0,3.6740751871073476,5765396.588,-88.3348967805647
740400,Copper; waste and scrap,2019,528,Pays-Bas,1861588.95,456390.0,456390.0,4.078943337934661,672539.463,176.79995783384982
740400,Copper; waste and scrap,2020,528,Pays-Bas,467689.514,197240.0,197240.0,2.3711697120259583,1861588.95,-74.87686451942037
740400,Copper; waste and scrap,2021,528,Pays-Bas,404673.447,176700.0,176700.0,2.290172308998302,467689.514,-13.47391059958638
740400,Copper; waste and scrap,2022,528,Pays-Bas,484314.88,162973.0,162973.0,2.971749185447896,404673.447,19.680419753362276
740400,Copper; waste and scrap,2023,528,Pays-Bas,158504.031,76965.0,76965.0,2.0594300136425647,484314.88,-67.27252505642612
740400,Copper; waste and scrap,2015,724,Espagne,12522716.068,3246049.58,3246049.58,3.8578326545462067,,
740400,Copper; waste and scrap,2016,724,Espagne,14655576.0,4315838.0,4315838.0,3.39576601346019,12522716.068,17.031927581990114
740400,Copper; waste and scrap,2017,724,Espagne,23505965.968,5685522.82,5685522.82,4.134354343863138,14655576.0,60.38923320379901
740400,Copper; waste and scrap,2018,724,Espagne,26308363.992,6030342.52,6030342.52,4.362664957213741,23505965.968,11.922071306557081
740400,Copper; waste and scrap,2019,724,Espagne,29724626.538,7249865.87,7249865.87,4.1000243412779165,26308363.992,12.985461760521625
740400,Copper; waste and scrap,2020,724,Espagne,25251206.209,6438399.5,6438399.5,3.921969459801306,29724626.538,-15.04954258476948
740400,Copper; waste and scrap,2021,724,Espagne,36396942.951,6907111.0,6907111.0,5.269488640185455,25251206.209,44.13942308240092
740400,Copper; waste and scrap,2022,724,Espagne,39696143.114,7089189.0,7089189.0,5.5995323462246525,36396942.951,9.064497992157216
740400,Copper; waste and scrap,2023,724,Espagne,44843686.137,7304324.0,7304324.0,6.1393341994413175,39696143.114,12.967363121946654
740400,Copper; waste and scrap,2015,784,Émirats Arabes,275912.425,81960.0,81960.0,3.366427830649097,,
740400,Copper; waste and scrap,2016,784,Émirats Arabes,718889.0,225261.0,225261.0,3.191360244338789,275912.425,160.54970159462735
740400,Copper; waste and scrap,2017,784,Émirats Arabes,196740.168,55570.0,55570.0,3.5404025193449704,718889.0,-72.63274747561863
740400,Copper; waste and scrap,2018,784,Émirats Arabes,2129697.824,434260.0,434260.0,4.904199843411781,196740.168,982.4926326178596
740400,Copper; waste and scrap,2019,784,Émirats Arabes,2696050.619,553345.0,553345.0,4.872277907995915,2129697.824,26.593105773863996
740400,Copper; waste and scrap,2023,784,Émirats Arabes,81341.652,18750.0,18750.0,4.33822144,2696050.619,-96.98293305671795
740400,Copper; waste and scrap,2015,826,Royaume-Uni,1742372.982,450770.0,450770.0,3.865325957805533,,
740400,Copper; waste and scrap,2016,826,Royaume-Uni,1564673.0,467435.0,467435.0,3.3473595259233906,1742372.982,-10.198733786380537
740400,Copper; waste and scrap,2017,826,Royaume-Uni,457250.899,90180.0,90180.0,5.070424695054336,1564673.0,-70.77658405302579
740400,Copper; waste and scrap,2018,826,Royaume-Uni,1659870.626,304706.0,304706.0,5.447449758127506,457250.899,263.01090487303776
740400,Copper; waste and scrap,2019,826,Royaume-Uni,522376.194,103200.0,103200.0,5.0617848255813955,1659870.626,-68.52910185784565
740400,Copper; waste and scrap,2016,842,États-Unis,288321.0,58920.0,58920.0,4.893431771894094,,
740400,Copper; waste and scrap,2017,842,États-Unis,1457343.074,301700.0,301700.0,4.830437765992708,288321.0,405.4585250467361
740400,Copper; waste and scrap,2018,842,États-Unis,74382.209,19020.0,19020.0,3.9107365404837013,1457343.074,-94.89603990117155
740400,Copper; waste and scrap,2019,842,États-Unis,2761721.865,574910.0,574910.0,4.803746438572994,74382.209,3612.879601357363
740400,Copper; waste and scrap,2020,842,États-Unis,2212287.514,442855.0,442855.0,4.995512106671484,2761721.865,-19.89463015675549
740400,Copper; waste and scrap,2021,842,États-Unis,1209253.035,229650.0,229650.0,5.265634813847158,2212287.514,-45.33924603617322
740400,Copper; waste and scrap,2022,842,États-Unis,74426.363,12280.0,12280.0,6.060778745928339,1209253.035,-93.84526142619937
851220,"Lighting or visual signalling equipment; electrical, of a ki",2015,056,Belgique,568.872,10.0,52.758,56.88719999999999,,
851220,"Lighting or visual signalling equipment; electrical, of a ki",2017,056,Belgique,3066.853,192.88,0.0,15.90031625881377,568.872,439.1112587717449
851220,"Lighting or visual signalling equipment; electrical, of a ki",2018,056,Belgique,622.197,65.0,0.0,9.572261538461538,3066.853,-79.7122000956681
851220,"Lighting or visual signalling equipment; electrical, of a ki",2019,056,Belgique,1515.429,80.0,0.0,18.9428625,622.197,143.56096220328934
851220,"Lighting or visual signalling equipment; electrical, of a ki",2020,056,Belgique,1234.094,45.97,0.0,26.845638459865132,1515.429,-18.564710058999793
851220,"Lighting or visual signalling equipment; electrical, of a ki",2021,056,Belgique,1623.856,16.67,0.0,97.4118776244751,1234.094,31.582845391031793
851220,"Lighting or visual signalling equipment; electrical, of a ki",2022,056,Belgique,3690.902,63.73,0.0,57.91467126941786,1623.856,127.29244465026457
851220,"Lighting or visual signalling equipment; electrical, of a ki",2023,056,Belgique,4336.211,42.07,0.0,103.0713334917994,3690.902,17.483774968828765
851220,"Lighting or visual signalling equipment; electrical, of a ki",2016,124,Canada,6071.0,81.0,810.0,74.95061728395062,,
851220,"Lighting or visual signalling equipment; electrical, of a ki",2020,124,Canada,11.267,0.29,0.0,38.851724137931036,6071.0,-99.81441278207875
851220,"Lighting or visual signalling equipment; electrical, of a ki",2015,156,Chine,42798.952,1512.0,3969.23,28.306185185185182,,
851220,"Lighting or visual signalling equipment; electrical, of a ki",2016,156,Chine,554387.0,14540.0,73950.0,38.12840440165062,42798.952,1195.3284463600885
851220,"Lighting or visual signalling equipment; electrical, of a ki",2017,156,Chine,131775.696,3858.54,0.0,34.1516988290908,554387.0,-76.23037769644671
851220,"Lighting or visual signalling equipment; electrical, of a ki",2018,156,Chine,226863.505,6119.46,0.0,37.072471263804324,131775.696,72.15883648225999
851220,"Lighting or visual signalling equipment; electrical, of a ki",2019,156,Chine,25563.635,954.2,0.0,26.790646614965414,226863.505,-88.7317111670297
851220,"Lighting or visual signalling equipment; electrical, of a ki",2020,156,Chine,17542.348,806.4,0.0,21.753903769841273,25563.635,-31.377724646749172
851220,"Lighting or visual signalling equipment; electrical, of a ki",2021,156,Chine,17339.616,912.7,0.0,18.998154924947958,17542.348,-1.1556719773202535
851220,"Lighting or visual signalling equipment; electrical, of a ki",2022,156,Chine,65070.502,3287.34,0.0,19.794271964567095,17339.616,275.2707211047811
851220,"Lighting or visual signalling equipment; electrical, of a ki",2023,156,Chine,59674.873,3591.25,0.0,16.61674152453881,65070.502,-8.291973834780006
851220,"Lighting or visual signalling equipment; electrical, of a ki",2015,251,France,740237.015,65880.0,68650.536,11.236141697024895,,
851220,"Lighting or visual signalling equipment; electrical, of a ki",2016,251,France,1978101.0,105344.0,263859.0,18.77753835054678,740237.015,167.225356192165
851220,"Lighting or visual signalling equipment; electrical, of a ki",2017,251,France,2313400.17,114381.62,0.0,20.225278939046326,1978101.0,16.95055864184892
851220,"Lighting or visual signalling equipment; electrical, of a ki",2018,251,France,1086059.57,41194.58,0.0,26.36413746662789,2313400.17,-53.053536345162456
851220,"Lighting or visual signalling equipment; electrical, of a ki",2019,251,France,5816450.589,363913.19,0.0,15.983071646839731,1086059.57,435.5553921411511
851220,"Lighting or visual signalling equipment; electrical, of a ki",2020,251,France,5072119.942,316853.47,0.0,16.007777797099713,5816450.589,-12.79699080411117
851220,"Lighting or visual signalling equipment; electrical, of a ki",2021,251,France,15733511.352,767515.33,0.0,20.49927960657151,5072119.942,210.19596405277596
851220,"Lighting or visual signalling equipment; electrical, of a ki",2022,251,France,15058017.176,677568.83,0.0,22.22359782400262,15733511.352,-4.2933466083153276
851220,"Lighting or visual signalling equipment; electrical, of a ki",2023,251,France,21963357.006,453583.8,0.0,48.4218285705971,15058017.176,45.85822787482255
851220,"Lighting or visual signalling equipment; electrical, of a ki",2015,276,Allemagne,12898.007,72.63,1196.178,177.58511634310892,,
851220,"Lighting or visual signalling equipment; electrical, of a ki",2016,276,Allemagne,759.0,17.0,101.0,44.64705882352941,12898.007,-94.11536991722829
851220,"Lighting or visual signalling equipment; electrical, of a ki",2017,276,Allemagne,1169.779,10.0,0.0,116.9779,759.0,54.12108036890646
851220,"Lighting or visual signalling equipment; electrical, of a ki",2018,276,Allemagne,4421.963,265.64,0.0,16.646450082818852,1169.779,278.0169587588766
851220,"Lighting or visual signalling equipment; electrical, of a ki",2019,276,Allemagne,9820.136,283.63,0.0,34.62305115819906,4421.963,122.07639457860687
851220,"Lighting or visual signalling equipment; electrical, of a ki",2020,276,Allemagne,52678.849,1487.24,0.0,35.4205434227159,9820.136,436.43706156411685
851220,"Lighting or visual signalling equipment; electrical, of a ki",2021,276,Allemagne,5132639.317,202885.95,0.0,25.298150596431146,52678.849,9643.263974882973
851220,"Lighting or visual signalling equipment; electrical, of a ki",2022,276,Allemagne,10244021.071,471236.7,0.0,21.738589271591113,5132639.317,99.5858356356818
851220,"Lighting or visual signalling equipment; electrical, of a ki",2023,276,Allemagne,3497787.128,141391.62,0.0,24.738291618697065,10244021.071,-65.8553305996026
851220,"Lighting or visual signalling equipment; electrical, of a ki",2015,380,Italie,132336.749,6930.0,12273.081,19.096211976911977,,
851220,"Lighting or visual signalling equipment; electrical, of a ki",2016,380,Italie,175347.0,9198.0,23390.0,19.063600782778867,132336.749,32.50061024243537
851220,"Lighting or visual signalling equipment; electrical, of a ki",2017,380,Italie,1248206.491,10080.0,0.0,123.83000902777778,175347.0,611.8493564189863
851220,"Lighting or visual signalling equipment; electrical, of a ki",2018,380,Italie,119360.412,5796.0,0.0,20.593583850931676,1248206.491,-90.43744661955935
851220,"Lighting or visual signalling equipment; electrical, of a ki",2019,380,Italie,27040.129,1405.0,0.0,19.245643416370108,119360.412,-77.34581462403129
851220,"Lighting or visual signalling equipment; electrical, of a ki",2020,380,Italie,19731.195,1025.0,0.0,19.249946341463414,27040.129,-27.02995240888089
851220,"Lighting or visual signalling equipment; electrical, of a ki",2021,380,Italie,78031.575,1350.54,0.0,57.77805544448887,19731.195,295.47313277274895
851220,"Lighting or visual signalling equipment; electrical, of a ki",2022,380,Italie,81834.66,4072.23,0.0,20.095785355935202,78031.575,4.8737770575565165
851220,"Lighting or visual signalling equipment; electrical, of a ki",2023,380,Italie,14275.207,857.0,0.0,16.657184364060676,81834.66,-82.55603799172626
851220,"Lighting or visual signalling equipment; electrical, of a ki",2017,528,Pays-Bas,934.565,115.19,0.0,8.113247677749806,,
851220,"Lighting or visual signalling equipment; electrical, of a ki",2021,528,Pays-Bas,130.167,0.4,0.0,325.41749999999996,934.565,-86.07191581109927
851220,"Lighting or visual signalling equipment; electrical, of a ki",2023,528,Pays-Bas,286.633,4.31,0.0,66.50417633410673,130.167,120.20404557222643
851220,"Lighting or visual signalling equipment; electrical, of a ki",2023,682,Arabie Saoudite,25107.343,1168.2,0.0,21.49233264851909,,
851220,"Lighting or visual signalling equipment; electrical, of a ki",2015,724,Espagne,10738455.67,675900.9,995898.23,15.887618539936845,,
851220,"Lighting or visual signalling equipment; electrical, of a ki",2016,724,Espagne,8831517.0,615990.0,1178038.0,14.33711099206156,10738455.67,-17.75803456848465
851220,"Lighting or visual signalling equipment; electrical, of a ki",2017,724,Espagne,17483971.737,768198.39,0.0,22.759708904102233,8831517.0,97.97246313402329
851220,"Lighting or visual signalling equipment; electrical, of a ki",2018,724,Espagne,41477995.522,2408144.6,0.0,17.224046895688904,17483971.737,137.2344004321585
851220,"Lighting or visual signalling equipment; electrical, of a ki",2019,724,Espagne,76415528.309,5020196.85,0.0,15.221619906996278,41477995.522,84.231487918622
851220,"Lighting or visual signalling equipment; electrical, of a ki",2020,724,Espagne,128409335.197,6582527.09,0.0,19.507604517431616,76415528.309,68.04089173833052
851220,"Lighting or visual signalling equipment; electrical, of a ki",2021,724,Espagne,157052157.459,6588325.79,0.0,23.837946462419854,128409335.197,22.30587224679376
851220,"Lighting or visual signalling equipment; electrical, of a ki",2022,724,Espagne,180712251.262,8790730.8,0.0,20.55713630338902,157052157.459,15.065118611424808
851220,"Lighting or visual signalling equipment; electrical, of a ki",2023,724,Espagne,240204879.332,10423924.0,0.0,23.043613837936654,180712251.262,32.92119247839288
851220,"Lighting or visual signalling equipment; electrical, of a ki",2019,784,Émirats Arabes,112.092,1.45,0.0,77.3048275862069,,
851220,"Lighting or visual signalling equipment; electrical, of a ki",2017,826,Royaume-Uni,2271.189,1.53,0.0,1484.4372549019606,,
851220,"Lighting or visual signalling equipment; electrical, of a ki",2018,826,Royaume-Uni,2919.529,73.6,0.0,39.667513586956524,2271.189,28.54628126501142
851220,"Lighting or visual signalling equipment; electrical, of a ki",2022,826,Royaume-Uni,8456.931,287.14,0.0,29.452291565090203,2919.529,189.66764844603358
851220,"Lighting or visual signalling equipment; electrical, of a ki",2023,826,Royaume-Uni,391120.111,30394.67,0.0,12.868049266532585,8456.931,4524.846897769416
851220,"Lighting or visual signalling equipment; electrical, of a ki",2015,842,États-Unis,4193801.66,110131.16,388938.576,38.08006435235949,,
851220,"Lighting or visual signalling equipment; electrical, of a ki",2016,842,États-Unis,3329804.0,99122.0,444163.0,33.5929864207744,4193801.66,-20.601776861331114
851220,"Lighting or visual signalling equipment; electrical, of a ki",2017,842,États-Unis,851380.882,24372.45,0.0,34.93210087619423,3329804.0,-74.43150161390881
851220,"Lighting or visual signalling equipment; electrical, of a ki",2018,842,États-Unis,765502.016,15432.97,0.0,49.60173032151297,851380.882,-10.087008977493111
851220,"Lighting or visual signalling equipment; electrical, of a ki",2019,842,États-Unis,267324.161,6424.72,0.0,41.60868660424112,765502.016,-65.07858171336285
851220,"Lighting or visual signalling equipment; electrical, of a ki",2020,842,États-Unis,13268.614,344.16,0.0,38.553620409112035,267324.161,-95.03650775509213
851220,"Lighting or visual signalling equipment; electrical, of a ki",2022,842,États-Unis,76789.103,1112.64,0.0,69.01522774662065,13268.614,478.727386296715
851220,"Lighting or visual signalling equipment; electrical, of a ki",2023,842,États-Unis,70044.033,1892.88,0.0,37.00394795232661,76789.103,-8.78388955787126
851713,Telephone sets; smartphones for cellular or other wireless n,2022,156,Chine,1564435.227,5422.0,6263.389,288.5347154186647,,
851713,Telephone sets; smartphones for cellular or other wireless n,2023,156,Chine,1004.794,393.0,3.327,2.556727735368957,1564435.227,-99.93577273237916
851713,Telephone sets; smartphones for cellular or other wireless n,2022,251,France,32381.36,24.52,129.642,1320.610114192496,,
851713,Telephone sets; smartphones for cellular or other wireless n,2023,251,France,3331098.901,2784.74,11029.105,1196.1974550586413,32381.36,10187.087697984274
851713,Telephone sets; smartphones for cellular or other wireless n,2022,276,Allemagne,10963.657,10.7,43.894,1024.6408411214952,,
851713,Telephone sets; smartphones for cellular or other wireless n,2023,276,Allemagne,18542.995,10.16,61.395,1825.097933070866,10963.657,69.13147684207924
851713,Telephone sets; smartphones for cellular or other wireless n,2023,380,Italie,1178.709,0.4,3.903,2946.7725,,
851713,Telephone sets; smartphones for cellular or other wireless n,2022,724,Espagne,38283.043,156.46,153.27,244.68262175635942,,
851713,Telephone sets; smartphones for cellular or other wireless n,2023,724,Espagne,333.615,38.0,1.105,8.779342105263158,38283.043,-99.12855673463575
851713,Telephone sets; smartphones for cellular or other wireless n,2022,784,Émirats Arabes,65584579.573,136439.93,262575.099,480.6846468845301,,
851713,Telephone sets; smartphones for cellular or other wireless n,2023,784,Émirats Arabes,116045450.564,155800.74,384220.775,744.8324736069932,65584579.573,76.94014556399449
853690,"Electrical apparatus; n.e.c. in heading no. 8536, for switch",2015,056,Belgique,200131.935,10381.8,10381.8,19.27719037161186,,
853690,"Electrical apparatus; n.e.c. in heading no. 8536, for switch",2016,056,Belgique,56499.0,769.0,769.0,73.47074122236671,200131.935,-71.76912320365064
853690,"Electrical apparatus; n.e.c. in heading no. 8536, for switch",2017,056,Belgique,94164.594,4597.785,4597.785,20.480425683236604,56499.0,66.66594806987733
853690,"Electrical apparatus; n.e.c. in heading no. 8536, for switch",2018,056,Belgique,5726.978,383.0,383.0,14.952945169712795,94164.594,-93.91811958537197
853690,"Electrical apparatus; n.e.c. in heading no. 8536, for switch",2019,056,Belgique,280049.337,7059.02,7059.02,39.672551855640016,5726.978,4790.001969625167
853690,"Electrical apparatus; n.e.c. in heading no. 8536, for switch",2020,056,Belgique,3005.84,115.77,115.77,25.9638939276151,280049.337,-98.92667483801254
853690,"Electrical apparatus; n.e.c. in heading no. 8536, for switch",2021,056,Belgique,1423114.309,4287.05,4287.05,331.95654564327447,3005.84,47244.978741383435
853690,"Electrical apparatus; n.e.c. in heading no. 8536, for switch",2022,056,Belgique,4455166.365,15200.84,15200.84,293.08685342388975,1423114.309,213.05752017422802
853690,"Electrical apparatus; n.e.c. in heading no. 8536, for switch",2023,056,Belgique,7908091.311,53231.32,53231.32,148.5608718889556,4455166.365,77.50383853510708
853690,"Electrical apparatus; n.e.c. in heading no. 8536, for switch",2016,124,Canada,500.0,3.0,3.0,166.66666666666666,,
853690,"Electrical apparatus; n.e.c. in heading no. 8536, for switch",2017,124,Canada,1839.016,0.65,0.65,2829.2553846153846,500.0,267.8032
853690,"Electrical apparatus; n.e.c. in heading no. 8536, for switch",2020,124,Canada,530.702,2.95,2.95,179.89898305084745,1839.016,-71.14206727945815
853690,"Electrical apparatus; n.e.c. in heading no. 8536, for switch",2022,124,Canada,9147.437,73.5,73.5,124.45492517006802,530.702,1623.648488228799
853690,"Electrical apparatus; n.e.c. in heading no. 8536, for switch",2015,156,Chine,1033.353,132.42,132.42,7.803602174898053,,
853690,"Electrical apparatus; n.e.c. in heading no. 8536, for switch",2016,156,Chine,293457.0,1135.0,1135.0,258.55242290748896,1033.353,28298.524028091077
853690,"Electrical apparatus; n.e.c. in heading no. 8536, for switch",2017,156,Chine,18876.615,1451.86,1451.86,13.001677158954722,293457.0,-93.56750222349442
853690,"Electrical apparatus; n.e.c. in heading no. 8536, for switch",2018,156,Chine,6082.301,16.9,16.9,359.89946745562133,18876.615,-67.77864569468626
853690,"Electrical apparatus; n.e.c. in heading no. 8536, for switch",2019,156,Chine,29785.87,535.0,535.0,55.67452336448598,6082.301,389.71384349442746
853690,"Electrical apparatus; n.e.c. in heading no. 8536, for switch",2020,156,Chine,110184.669,2640.0,2640.0,41.736617045454544,29785.87,269.9226143134312
853690,"Electrical apparatus; n.e.c. in heading no. 8536, for switch",2021,156,Chine,3135358.204,12183.24,12183.24,257.3501140911613,110184.669,2745.548507297327
853690,"Electrical apparatus; n.e.c. in heading no. 8536, for switch",2022,156,Chine,9586171.251,45593.2,45593.2,210.25440747743087,3135358.204,205.74405306450276
853690,"Electrical apparatus; n.e.c. in heading no. 8536, for switch",2023,156,Chine,9199328.876,52633.19,52633.19,174.78189857008476,9586171.251,-4.035421075537805
853690,"Electrical apparatus; n.e.c. in heading no. 8536, for switch",2015,251,France,100304734.898,991863.16,991863.16,101.12759394955248,,
853690,"Electrical apparatus; n.e.c. in heading no. 8536, for switch",2016,251,France,113750741.0,995214.0,995214.0,114.2977701278318,100304734.898,13.40515591379934
853690,"Electrical apparatus; n.e.c. in heading no. 8536, for switch",2017,251,France,128743558.869,998667.14,998667.14,128.91538502908986,113750741.0,13.180413364516019
853690,"Electrical apparatus; n.e.c. in heading no. 8536, for switch",2018,251,France,147114432.863,1066585.72,1066585.72,137.9302479907569,128743558.869,14.269353865456566
853690,"Electrical apparatus; n.e.c. in heading no. 8536, for switch",2019,251,France,149122215.351,1076049.09,1076049.09,138.5830969393785,147114432.863,1.3647760107057263
853690,"Electrical apparatus; n.e.c. in heading no. 8536, for switch",2020,251,France,97861096.592,908580.03,908580.03,107.70773444360205,149122215.351,-34.375239556589825
853690,"Electrical apparatus; n.e.c. in heading no. 8536, for switch",2021,251,France,111416388.008,899249.16,899249.16,123.89935177476285,97861096.592,13.851562968392217
853690,"Electrical apparatus; n.e.c. in heading no. 8536, for switch",2022,251,France,128510457.372,819120.26,819120.26,156.88838824716652,111416388.008,15.342509005742128
853690,"Electrical apparatus; n.e.c. in heading no. 8536, for switch",2023,251,France,155182607.136,801114.15,801114.15,193.708483536335,128510457.372,20.754847745029792
853690,"Electrical apparatus; n.e.c. in heading no. 8536, for switch",2015,276,Allemagne,54851.016,10136.81,10136.81,5.41107271419707,,
853690,"Electrical apparatus; n.e.c. in heading no. 8536, for switch",2016,276,Allemagne,1148425.0,3824.0,3824.0,300.32034518828453,54851.016,1993.7169149246022
853690,"Electrical apparatus; n.e.c. in heading no. 8536, for switch",2017,276,Allemagne,486045.168,94653.62,94653.62,5.13498763174615,1148425.0,-57.67723900124082
853690,"Electrical apparatus; n.e.c. in heading no. 8536, for switch",2018,276,Allemagne,2196589.397,160830.962,160830.962,13.657752025384266,486045.168,351.93112525706664
853690,"Electrical apparatus; n.e.c. in heading no. 8536, for switch",2019,276,Allemagne,716260.061,147472.59,147472.59,4.85690297430865,2196589.397,-67.3921734313097
853690,"Electrical apparatus; n.e.c. in heading no. 8536, for switch",2020,276,Allemagne,399611.628,69108.54,69108.54,5.782376939232114,716260.061,-44.20858431753324
853690,"Electrical apparatus; n.e.c. in heading no. 8536, for switch",2021,276,Allemagne,350090.243,64279.98,64279.98,5.446334037440584,399611.628,-12.39237838194238
853690,"Electrical apparatus; n.e.c. in heading no. 8536, for switch",2022,276,Allemagne,323352.031,61920.2,61920.2,5.222076656729145,350090.243,-7.637519906545924
853690,"Electrical apparatus; n.e.c. in heading no. 8536, for switch",2023,276,Allemagne,795596.607,29981.0,29981.0,26.5366934725326,323352.031,146.04657794773522
853690,"Electrical apparatus; n.e.c. in heading no. 8536, for switch",2015,380,Italie,64560.87,3430.74,3430.74,18.818351142902117,,
853690,"Electrical apparatus; n.e.c. in heading no. 8536, for switch",2016,380,Italie,46121.0,2712.0,2712.0,17.00626843657817,64560.87,-28.561991187541313
853690,"Electrical apparatus; n.e.c. in heading no. 8536, for switch",2017,380,Italie,42184.219,3398.25,3398.25,12.413512543220774,46121.0,-8.53576678736368
853690,"Electrical apparatus; n.e.c. in heading no. 8536, for switch",2018,380,Italie,379797.346,14972.24,14972.24,25.366768499569872,42184.219,800.3303960658844
853690,"Electrical apparatus; n.e.c. in heading no. 8536, for switch",2019,380,Italie,194571.493,9233.41,9233.41,21.072549903015243,379797.346,-48.769654382998255
853690,"Electrical apparatus; n.e.c. in heading no. 8536, for switch",2020,380,Italie,879117.212,34280.12,34280.12,25.645103109324005,194571.493,351.8222060412519
853690,"Electrical apparatus; n.e.c. in heading no. 8536, for switch",2021,380,Italie,1015276.492,42663.94,42663.94,23.79706356234328,879117.212,15.488182706630923
853690,"Electrical apparatus; n.e.c. in heading no. 8536, for switch",2022,380,Italie,619820.541,27096.67,27096.67,22.87441744686709,1015276.492,-38.95056707370311
853690,"Electrical apparatus; n.e.c. in heading no. 8536, for switch",2023,380,Italie,732426.052,31371.74,31371.74,23.34668246007394,619820.541,18.167437758407566
853690,"Electrical apparatus; n.e.c. in heading no. 8536, for switch",2016,392,Japon,3683.0,6.0,6.0,613.8333333333334,,
853690,"Electrical apparatus; n.e.c. in heading no. 8536, for switch",2020,392,Japon,2.001,3.7,3.7,0.5408108108108107,3683.0,-99.94566929133858
853690,"Electrical apparatus; n.e.c. in heading no. 8536, for switch",2023,392,Japon,4311.337,5.614,5.614,767.9617028856431,2.001,215359.12043978015
853690,"Electrical apparatus; n.e.c. in heading no. 8536, for switch",2017,410,Corée du Sud,701.62,19.0,19.0,36.927368421052634,,
853690,"Electrical apparatus; n.e.c. in heading no. 8536, for switch",2020,410,Corée du Sud,42903.395,201.48,201.48,212.9412100456621,701.62,6014.904791767623
853690,"Electrical apparatus; n.e.c. in heading no. 8536, for switch",2021,410,Corée du Sud,86930.561,1097.18,1097.18,79.23090194863194,42903.395,102.61930553514473
853690,"Electrical apparatus; n.e.c. in heading no. 8536, for switch",2022,410,Corée du Sud,52951.873,747.33,747.33,70.8547402084755,86930.561,-39.087160613170326
853690,"Electrical apparatus; n.e.c. in heading no. 8536, for switch",2023,410,Corée du Sud,38340.503,968.46,968.46,39.58914462135761,52951.873,-27.593679264187692
853690,"Electrical apparatus; n.e.c. in heading no. 8536, for switch",2015,528,Pays-Bas,655.846,30.1,30.1,21.78890365448505,,
853690,"Electrical apparatus; n.e.c. in heading no. 8536, for switch",2016,528,Pays-Bas,144.0,37.0,37.0,3.891891891891892,655.846,-78.04362609515039
853690,"Electrical apparatus; n.e.c. in heading no. 8536, for switch",2017,528,Pays-Bas,19358.164,80.22,80.22,241.31343804537522,144.0,13343.169444444444
853690,"Electrical apparatus; n.e.c. in heading no. 8536, for switch",2018,528,Pays-Bas,34840.587,74.72,74.72,466.28194593147754,19358.164,79.97877794609033
853690,"Electrical apparatus; n.e.c. in heading no. 8536, for switch",2020,528,Pays-Bas,476.263,11.43,11.43,41.66780402449694,34840.587,-98.63302245740005
853690,"Electrical apparatus; n.e.c. in heading no. 8536, for switch",2021,528,Pays-Bas,51552.74,876.87,876.87,58.79177072998278,476.263,10724.426839792299
853690,"Electrical apparatus; n.e.c. in heading no. 8536, for switch",2023,528,Pays-Bas,188.621,1.95,1.95,96.72871794871796,51552.74,-99.63412032027784
853690,"Electrical apparatus; n.e.c. in heading no. 8536, for switch",2018,634,Qatar,430.956,2.16,2.16,199.51666666666665,,
853690,"Electrical apparatus; n.e.c. in heading no. 8536, for switch",2016,682,Arabie Saoudite,10599.0,1281.0,1281.0,8.274004683840749,,
853690,"Electrical apparatus; n.e.c. in heading no. 8536, for switch",2018,682,Arabie Saoudite,19748.986,227.13,227.13,86.95014308986043,10599.0,86.32876686479858
853690,"Electrical apparatus; n.e.c. in heading no. 8536, for switch",2017,702,Singapour,77.855,1.0,1.0,77.855,,
853690,"Electrical apparatus; n.e.c. in heading no. 8536, for switch",2018,702,Singapour,4.688,1.0,1.0,4.688,77.855,-93.978549868345
853690,"Electrical apparatus; n.e.c. in heading no. 8536, for switch",2015,724,Espagne,243112637.134,3309245.87,3309245.87,73.46466436294139,,
853690,"Electrical apparatus; n.e.c. in heading no. 8536, for switch",2016,724,Espagne,251570839.0,3790149.0,3790149.0,66.37492061657734,243112637.134,3.47912883744417
853690,"Electrical apparatus; n.e.c. in heading no. 8536, for switch",2017,724,Espagne,303533533.083,4600259.12,4600259.12,65.9818338848269,251570839.0,20.65529307353465
853690,"Electrical apparatus; n.e.c. in heading no. 8536, for switch",2018,724,Espagne,364047149.117,5466604.38,5466604.38,66.59474946621252,303533533.083,19.936385749330956
853690,"Electrical apparatus; n.e.c. in heading no. 8536, for switch",2019,724,Espagne,328499559.864,5468982.49,5468982.49,60.06593739597071,364047149.117,-9.76455641507453
853690,"Electrical apparatus; n.e.c. in heading no. 8536, for switch",2020,724,Espagne,344662037.441,4400201.29,4400201.29,78.32869787668281,328499559.864,4.920091090438991
853690,"Electrical apparatus; n.e.c. in heading no. 8536, for switch",2021,724,Espagne,250395018.987,3870174.94,3870174.94,64.69863064820527,344662037.441,-27.350566123818275
853690,"Electrical apparatus; n.e.c. in heading no. 8536, for switch",2022,724,Espagne,181236239.477,3380060.2,3380060.2,53.61923420091748,250395018.987,-27.619870311234333
853690,"Electrical apparatus; n.e.c. in heading no. 8536, for switch",2023,724,Espagne,265069953.425,4219490.52,4219490.52,62.82036946607479,181236239.477,46.25659536410709
853690,"Electrical apparatus; n.e.c. in heading no. 8536, for switch",2015,784,Émirats Arabes,9881.236,268.32,268.32,36.82631186642815,,
853690,"Electrical apparatus; n.e.c. in heading no. 8536, for switch",2016,784,Émirats Arabes,3363.0,205.0,205.0,16.40487804878049,9881.236,-65.96579618177321
853690,"Electrical apparatus; n.e.c. in heading no. 8536, for switch",2017,784,Émirats Arabes,7271.518,668.12,668.12,10.883550859127103,3363.0,116.22117157300029
853690,"Electrical apparatus; n.e.c. in heading no. 8536, for switch",2018,784,Émirats Arabes,6133.537,344.57,344.57,17.800554314072613,7271.518,-15.649840927300184
853690,"Electrical apparatus; n.e.c. in heading no. 8536, for switch",2019,784,Émirats Arabes,1489.122,84.42,84.42,17.63944562899787,6133.537,-75.72164315630604
853690,"Electrical apparatus; n.e.c. in heading no. 8536, for switch",2021,784,Émirats Arabes,4033.494,130.78,130.78,30.841825967273284,1489.122,170.86390503934535
853690,"Electrical apparatus; n.e.c. in heading no. 8536, for switch",2022,784,Émirats Arabes,681.353,0.16,0.16,4258.456249999999,4033.494,-83.10762331616212
853690,"Electrical apparatus; n.e.c. in heading no. 8536, for switch",2023,784,Émirats Arabes,5362.029,620.25,620.25,8.64494800483676,681.353,686.967841926285
853690,"Electrical apparatus; n.e.c. in heading no. 8536, for switch",2015,826,Royaume-Uni,8674.446,319.42,319.42,27.15686556884353,,
853690,"Electrical apparatus; n.e.c. in heading no. 8536, for switch",2016,826,Royaume-Uni,1934.0,273.0,273.0,7.084249084249084,8674.446,-77.7046280534803
853690,"Electrical apparatus; n.e.c. in heading no. 8536, for switch",2017,826,Royaume-Uni,25590.102,396.8,396.8,64.49118447580645,1934.0,1223.1697001034127
853690,"Electrical apparatus; n.e.c. in heading no. 8536, for switch",2018,826,Royaume-Uni,1091.859,812.67,812.67,1.3435453505112775,25590.102,-95.73327609245167
853690,"Electrical apparatus; n.e.c. in heading no. 8536, for switch",2019,826,Royaume-Uni,53.476,49.47,49.47,1.0809783707297351,1091.859,-95.10229800734344
853690,"Electrical apparatus; n.e.c. in heading no. 8536, for switch",2020,826,Royaume-Uni,724.635,455.35,455.35,1.591380256945207,53.476,1255.0658239210113
853690,"Electrical apparatus; n.e.c. in heading no. 8536, for switch",2021,826,Royaume-Uni,721.59,172.0,172.0,4.195290697674419,724.635,-0.420211554782747
853690,"Electrical apparatus; n.e.c. in heading no. 8536, for switch",2022,826,Royaume-Uni,4954709.344,44545.83,44545.83,111.2272314602736,721.59,686537.7505231502
853690,"Electrical apparatus; n.e.c. in heading no. 8536, for switch",2023,826,Royaume-Uni,5846744.058,40674.77,40674.77,143.7437521588936,4954709.344,18.003774834546597
853690,"Electrical apparatus; n.e.c. in heading no. 8536, for switch",2015,842,États-Unis,16925373.869,18961.06,18961.06,892.6385903003312,,
853690,"Electrical apparatus; n.e.c. in heading no. 8536, for switch",2016,842,États-Unis,21487321.0,22906.0,22906.0,938.0651794289706,16925373.869,26.953301984989086
853690,"Electrical apparatus; n.e.c. in heading no. 8536, for switch",2017,842,États-Unis,6671390.697,8228.0,8228.0,810.8155927321342,21487321.0,-68.95196615250454
853690,"Electrical apparatus; n.e.c. in heading no. 8536, for switch",2019,842,États-Unis,1316.408,56.0,56.0,23.50728571428571,6671390.697,-99.98026786228257
853690,"Electrical apparatus; n.e.c. in heading no. 8536, for switch",2020,842,États-Unis,7949.691,34.0,34.0,233.81444117647058,1316.408,503.8926381486591
853690,"Electrical apparatus; n.e.c. in heading no. 8536, for switch",2021,842,États-Unis,135645.704,3922.7,3922.7,34.57967828281541,7949.691,1606.3015908417067
853690,"Electrical apparatus; n.e.c. in heading no. 8536, for switch",2022,842,États-Unis,376319.537,1877.0,1877.0,200.48989717634524,135645.704,177.42827520730035
853690,"Electrical apparatus; n.e.c. in heading no. 8536, for switch",2023,842,États-Unis,757428.157,3368.2,3368.2,224.87624161273084,376319.537,101.27261078129992
853710,"Boards, panels, consoles, desks and other bases; for electri",2015,056,Belgique,14007086.165,401236.0,401236.0,34.909843994556816,,
853710,"Boards, panels, consoles, desks and other bases; for electri",2016,056,Belgique,16366665.0,409291.0,409291.0,39.98784483411558,14007086.165,16.84560805298652
853710,"Boards, panels, consoles, desks and other bases; for electri",2017,056,Belgique,14059424.551,275664.0,275664.0,51.00203345739742,16366665.0,-14.097193588308915
853710,"Boards, panels, consoles, desks and other bases; for electri",2018,056,Belgique,7641729.99,157270.66,157270.66,48.589673305879174,14059424.551,-45.64692201818126
853710,"Boards, panels, consoles, desks and other bases; for electri",2019,056,Belgique,9057021.97,157798.28,157798.28,57.39620210055522,7641729.99,18.520570366292155
853710,"Boards, panels, consoles, desks and other bases; for electri",2020,056,Belgique,2653838.334,69874.52,69874.52,37.98005816712587,9057021.97,-70.69855474801284
853710,"Boards, panels, consoles, desks and other bases; for electri",2021,056,Belgique,1409315.189,16133.51,16133.51,87.35329069743658,2653838.334,-46.89521321082854
853710,"Boards, panels, consoles, desks and other bases; for electri",2022,056,Belgique,2431084.598,63421.84,63421.84,38.33197835319821,1409315.189,72.50112799288082
853710,"Boards, panels, consoles, desks and other bases; for electri",2023,056,Belgique,5959896.234,118158.27,118158.27,50.43994156312546,2431084.598,145.1537983870687
853710,"Boards, panels, consoles, desks and other bases; for electri",2016,124,Canada,1169.0,14.0,14.0,83.5,,
853710,"Boards, panels, consoles, desks and other bases; for electri",2018,124,Canada,7697.871,9.0,9.0,855.319,1169.0,558.5005132591959
853710,"Boards, panels, consoles, desks and other bases; for electri",2019,124,Canada,66.028,0.88,0.88,75.03181818181818,7697.871,-99.14225634594293
853710,"Boards, panels, consoles, desks and other bases; for electri",2020,124,Canada,1591077.641,6324.0,6324.0,251.59355487033525,66.028,2409601.4009208214
853710,"Boards, panels, consoles, desks and other bases; for electri",2021,124,Canada,1678627.43,8916.73,8916.73,188.25594472413093,1591077.641,5.502546622738938
853710,"Boards, panels, consoles, desks and other bases; for electri",2022,124,Canada,5098929.963,18537.47,18537.47,275.06072635586196,1678627.43,203.75590627635586
853710,"Boards, panels, consoles, desks and other bases; for electri",2023,124,Canada,7564424.319,15562.04,15562.04,486.08179383936806,5098929.963,48.35317162405981
853710,"Boards, panels, consoles, desks and other bases; for electri",2017,156,Chine,487.648,46.73,46.73,10.435437620372353,,
853710,"Boards, panels, consoles, desks and other bases; for electri",2019,156,Chine,1324.103,8.0,8.0,165.512875,487.648,171.52843854583634
853710,"Boards, panels, consoles, desks and other bases; for electri",2020,156,Chine,362828.518,2174.0,2174.0,166.8944425022999,1324.103,27301.83490257178
853710,"Boards, panels, consoles, desks and other bases; for electri",2021,156,Chine,2787357.892,5276.25,5276.25,528.2838932954277,362828.518,668.2301014717923
853710,"Boards, panels, consoles, desks and other bases; for electri",2022,156,Chine,149679.051,1155.82,1155.82,129.5003123323701,2787357.892,-94.63007418496225
853710,"Boards, panels, consoles, desks and other bases; for electri",2023,156,Chine,57021.978,84.98,84.98,671.0046834549306,149679.051,-61.90383515993831
853710,"Boards, panels, consoles, desks and other bases; for electri",2015,251,France,3994195.952,249527.67,249527.67,16.00702620274537,,
853710,"Boards, panels, consoles, desks and other bases; for electri",2016,251,France,6859479.0,304380.0,304380.0,22.535905775675143,3994195.952,71.7361662380454
853710,"Boards, panels, consoles, desks and other bases; for electri",2017,251,France,9627320.656,385959.1,385959.1,24.94388824100792,6859479.0,40.35061053470678
853710,"Boards, panels, consoles, desks and other bases; for electri",2018,251,France,18625844.37,584218.49,584218.49,31.881641353049268,9627320.656,93.4686195207582
853710,"Boards, panels, consoles, desks and other bases; for electri",2019,251,France,22171029.889,591497.87,591497.87,37.48285668213818,18625844.37,19.033690224052897
853710,"Boards, panels, consoles, desks and other bases; for electri",2020,251,France,18266067.166,8921622.35,8921622.35,2.04739300201381,22171029.889,-17.61290631310464
853710,"Boards, panels, consoles, desks and other bases; for electri",2021,251,France,18939167.829,495301.42,495301.42,38.23766107716792,18266067.166,3.6849785828713664
853710,"Boards, panels, consoles, desks and other bases; for electri",2022,251,France,20284317.115,484489.16,484489.16,41.86743231778395,18939167.829,7.102473023868986
853710,"Boards, panels, consoles, desks and other bases; for electri",2023,251,France,29280567.272,602047.3,602047.3,48.634994745429466,20284317.115,44.350766683426514
853710,"Boards, panels, consoles, desks and other bases; for electri",2015,276,Allemagne,184174.233,2322.39,2322.39,79.30374872437447,,
853710,"Boards, panels, consoles, desks and other bases; for electri",2016,276,Allemagne,38343.0,210.0,210.0,182.5857142857143,184174.233,-79.18112681918974
853710,"Boards, panels, consoles, desks and other bases; for electri",2017,276,Allemagne,95160.484,415.65,415.65,228.94378443401902,38343.0,148.1821558041885
853710,"Boards, panels, consoles, desks and other bases; for electri",2018,276,Allemagne,79026.769,308.3,308.3,256.33074602659747,95160.484,-16.954217046647216
853710,"Boards, panels, consoles, desks and other bases; for electri",2019,276,Allemagne,112684.659,918.13,918.13,122.73279274176859,79026.769,42.59049234317045
853710,"Boards, panels, consoles, desks and other bases; for electri",2020,276,Allemagne,1259115.974,12767.51,12767.51,98.61875761209507,112684.659,1017.3801164895037
853710,"Boards, panels, consoles, desks and other bases; for electri",2021,276,Allemagne,5395797.777,91510.33,91510.33,58.963810719511116,1259115.974,328.5385848817767
853710,"Boards, panels, consoles, desks and other bases; for electri",2022,276,Allemagne,7863744.092,135053.74,135053.74,58.22677766643116,5395797.777,45.73830260132821
853710,"Boards, panels, consoles, desks and other bases; for electri",2023,276,Allemagne,12465128.186,158375.87,158375.87,78.70598081639584,7863744.092,58.513909407111974
853710,"Boards, panels, consoles, desks and other bases; for electri",2015,380,Italie,5005.619,452.0,452.0,11.07437831858407,,
853710,"Boards, panels, consoles, desks and other bases; for electri",2016,380,Italie,7281.0,636.0,636.0,11.44811320754717,5005.619,45.45653594490513
853710,"Boards, panels, consoles, desks and other bases; for electri",2017,380,Italie,2106.199,2214.2,2214.2,0.9512234667148407,7281.0,-71.07266858947946
853710,"Boards, panels, consoles, desks and other bases; for electri",2018,380,Italie,900.906,12.4,12.4,72.65370967741934,2106.199,-57.225979121630964
853710,"Boards, panels, consoles, desks and other bases; for electri",2019,380,Italie,7642.447,506.75,506.75,15.081296497286631,900.906,748.3068155834238
853710,"Boards, panels, consoles, desks and other bases; for electri",2020,380,Italie,1390.777,74.0,74.0,18.794283783783783,7642.447,-81.80194118454469
853710,"Boards, panels, consoles, desks and other bases; for electri",2021,380,Italie,7388330.597,66835.39,66835.39,110.54518567184242,1390.777,531137.6173175139
853710,"Boards, panels, consoles, desks and other bases; for electri",2022,380,Italie,6206569.136,46807.7,46807.7,132.59718242938663,7388330.597,-15.994972686791375
853710,"Boards, panels, consoles, desks and other bases; for electri",2023,380,Italie,8364290.182,62472.6,62472.6,133.88733912147086,6206569.136,34.76511738964701
853710,"Boards, panels, consoles, desks and other bases; for electri",2017,392,Japon,355.553,2.0,2.0,177.7765,,
853710,"Boards, panels, consoles, desks and other bases; for electri",2023,392,Japon,1254.512,3.29,3.29,381.31063829787234,355.553,252.83403599463367
853710,"Boards, panels, consoles, desks and other bases; for electri",2017,410,Corée du Sud,5065.087,120.0,120.0,42.20905833333334,,
853710,"Boards, panels, consoles, desks and other bases; for electri",2021,410,Corée du Sud,59.521,3.0,3.0,19.840333333333334,5065.087,-98.8248770455473
853710,"Boards, panels, consoles, desks and other bases; for electri",2023,410,Corée du Sud,473.379,0.98,0.98,483.03979591836736,59.521,695.3142588330169
853710,"Boards, panels, consoles, desks and other bases; for electri",2015,528,Pays-Bas,165883.238,268090.9,268090.9,0.61875743637699,,
853710,"Boards, panels, consoles, desks and other bases; for electri",2016,528,Pays-Bas,6814.0,95.0,95.0,71.72631578947369,165883.238,-95.892291420065
853710,"Boards, panels, consoles, desks and other bases; for electri",2017,528,Pays-Bas,20979.274,191.78,191.78,109.3923975388466,6814.0,207.88485471088936
853710,"Boards, panels, consoles, desks and other bases; for electri",2018,528,Pays-Bas,2809.899,23.45,23.45,119.82511727078891,20979.274,-86.6063096368349
853710,"Boards, panels, consoles, desks and other bases; for electri",2019,528,Pays-Bas,3937.475,93.25,93.25,42.22493297587131,2809.899,40.12870213484542
853710,"Boards, panels, consoles, desks and other bases; for electri",2020,528,Pays-Bas,4806.964,528.29,528.29,9.099100872626778,3937.475,22.082400523177924
853710,"Boards, panels, consoles, desks and other bases; for electri",2021,528,Pays-Bas,2258.445,3.45,3.45,654.6217391304348,4806.964,-53.01722667363433
853710,"Boards, panels, consoles, desks and other bases; for electri",2023,528,Pays-Bas,3211.887,19.94,19.94,161.07758274824474,2258.445,42.21674647821842
853710,"Boards, panels, consoles, desks and other bases; for electri",2018,634,Qatar,106.54,6.58,6.58,16.19148936170213,,
853710,"Boards, panels, consoles, desks and other bases; for electri",2016,682,Arabie Saoudite,870071.0,39363.0,39363.0,22.103777659223127,,
853710,"Boards, panels, consoles, desks and other bases; for electri",2017,702,Singapour,1749.203,320.0,320.0,5.466259375,,
853710,"Boards, panels, consoles, desks and other bases; for electri",2020,702,Singapour,36081.973,25.0,25.0,1443.27892,1749.203,1962.76647135867
853710,"Boards, panels, consoles, desks and other bases; for electri",2021,702,Singapour,277451.203,280.06,280.06,990.6848639577232,36081.973,668.9468727222871
853710,"Boards, panels, consoles, desks and other bases; for electri",2022,702,Singapour,324327.542,349.6,349.6,927.7103604118993,277451.203,16.895345377183332
853710,"Boards, panels, consoles, desks and other bases; for electri",2023,702,Singapour,48815.73,62.08,62.08,786.335856958763,324327.542,-84.94863257712477
853710,"Boards, panels, consoles, desks and other bases; for electri",2015,724,Espagne,56013.613,34156.85,34156.85,1.6398939890534403,,
853710,"Boards, panels, consoles, desks and other bases; for electri",2016,724,Espagne,458189.0,73772.0,73772.0,6.210879466464241,56013.613,717.995796843171
853710,"Boards, panels, consoles, desks and other bases; for electri",2017,724,Espagne,9526133.476,117452.9,117452.9,81.10598781298717,458189.0,1979.0838444397398
853710,"Boards, panels, consoles, desks and other bases; for electri",2018,724,Espagne,22057610.779,321382.2,321382.2,68.63357951684941,9526133.476,131.54841189840158
853710,"Boards, panels, consoles, desks and other bases; for electri",2019,724,Espagne,21392542.577,432969.72,432969.72,49.408865305869426,22057610.779,-3.0151416155786888
853710,"Boards, panels, consoles, desks and other bases; for electri",2020,724,Espagne,22362215.732,335307.06,335307.06,66.69175332007623,21392542.577,4.532762533998818
853710,"Boards, panels, consoles, desks and other bases; for electri",2021,724,Espagne,26144436.568,382792.43,382792.43,68.29925181122313,22362215.732,16.913444004512026
853710,"Boards, panels, consoles, desks and other bases; for electri",2022,724,Espagne,33249508.12,469704.2,469704.2,70.78818567089671,26144436.568,27.17622746820405
853710,"Boards, panels, consoles, desks and other bases; for electri",2023,724,Espagne,56398527.349,636422.8,636422.8,88.618018318954,33249508.12,69.62214041017819
853710,"Boards, panels, consoles, desks and other bases; for electri",2015,784,Émirats Arabes,818.22,111.9,111.9,7.312064343163539,,
853710,"Boards, panels, consoles, desks and other bases; for electri",2017,784,Émirats Arabes,413.609,2.84,2.84,145.6369718309859,818.22,-49.45014788198773
853710,"Boards, panels, consoles, desks and other bases; for electri",2018,784,Émirats Arabes,1188.992,4.0,4.0,297.248,413.609,187.4676324741483
853710,"Boards, panels, consoles, desks and other bases; for electri",2022,784,Émirats Arabes,952.3,0.43,0.43,2214.6511627906975,1188.992,-19.9069463882011
853710,"Boards, panels, consoles, desks and other bases; for electri",2023,784,Émirats Arabes,106312.666,1345.99,1345.99,78.98473688511801,952.3,11063.778851202353
853710,"Boards, panels, consoles, desks and other bases; for electri",2016,826,Royaume-Uni,51.0,12.0,12.0,4.25,,
853710,"Boards, panels, consoles, desks and other bases; for electri",2017,826,Royaume-Uni,6459.252,1044.0,1044.0,6.187022988505747,51.0,12565.2
853710,"Boards, panels, consoles, desks and other bases; for electri",2018,826,Royaume-Uni,556.887,30.0,30.0,18.5629,6459.252,-91.37845992074625
853710,"Boards, panels, consoles, desks and other bases; for electri",2019,826,Royaume-Uni,13914.207,35.15,35.15,395.85226173541963,556.887,2398.5691890814473
853710,"Boards, panels, consoles, desks and other bases; for electri",2020,826,Royaume-Uni,2047.732,9.05,9.05,226.26872928176795,13914.207,-85.28315699198667
853710,"Boards, panels, consoles, desks and other bases; for electri",2021,826,Royaume-Uni,136657.52,172.96,172.96,790.1105457909342,2047.732,6573.6037723686495
853710,"Boards, panels, consoles, desks and other bases; for electri",2022,826,Royaume-Uni,326987.802,499.84,499.84,654.1849431818183,136657.52,139.27538125966288
853710,"Boards, panels, consoles, desks and other bases; for electri",2023,826,Royaume-Uni,164662.196,390.56,390.56,421.6053768947153,326987.802,-49.64270991368663
853710,"Boards, panels, consoles, desks and other bases; for electri",2015,842,États-Unis,34769.407,2225.98,2225.98,15.619820034321961,,
853710,"Boards, panels, consoles, desks and other bases; for electri",2016,842,États-Unis,12626.0,2.0,2.0,6313.0,34769.407,-63.68646724403438
853710,"Boards, panels, consoles, desks and other bases; for electri",2017,842,États-Unis,10657.111,11.61,11.61,917.9251507321276,12626.0,-15.593925233644853
853710,"Boards, panels, consoles, desks and other bases; for electri",2018,842,États-Unis,11208.913,274.76,274.76,40.79528679574902,10657.111,5.177782233853055
853710,"Boards, panels, consoles, desks and other bases; for electri",2019,842,États-Unis,138587.434,2054.0,2054.0,67.47197370983447,11208.913,1136.4038689567847
853710,"Boards, panels, consoles, desks and other bases; for electri",2020,842,États-Unis,4760334.941,69542.11,69542.11,68.45255257569838,138587.434,3334.896515220853
853710,"Boards, panels, consoles, desks and other bases; for electri",2021,842,États-Unis,9258807.998,72624.35,72624.35,127.48903085535359,4760334.941,94.49908699187056
853710,"Boards, panels, consoles, desks and other bases; for electri",2022,842,États-Unis,10464071.548,88753.47,88753.47,117.90042178632565,9258807.998,13.017480762754237
853710,"Boards, panels, consoles, desks and other bases; for electri",2023,842,États-Unis,17186034.658,93160.97,93160.97,184.47676809290414,10464071.548,64.2385048608041
853890,Electrical apparatus; parts suitable for use solely or princ,2022,036,Australie,156.584,9.44,9.44,16.587288135593223,,
853890,Electrical apparatus; parts suitable for use solely or princ,2015,056,Belgique,27339.128,415.0,415.0,65.87741686746988,,
853890,Electrical apparatus; parts suitable for use solely or princ,2016,056,Belgique,7480.0,50.0,50.0,149.6,27339.128,-72.63994667276879
853890,Electrical apparatus; parts suitable for use solely or princ,2017,056,Belgique,38845.07,724.0,724.0,53.65341160220994,7480.0,419.3191176470588
853890,Electrical apparatus; parts suitable for use solely or princ,2018,056,Belgique,2415.806,6.0,6.0,402.63433333333336,38845.07,-93.78091994685556
853890,Electrical apparatus; parts suitable for use solely or princ,2019,056,Belgique,304322.617,22721.6,22721.6,13.393538175128514,2415.806,12497.146335425943
853890,Electrical apparatus; parts suitable for use solely or princ,2020,056,Belgique,452305.146,37188.2,37188.2,12.162598512431364,304322.617,48.62685871290334
853890,Electrical apparatus; parts suitable for use solely or princ,2021,056,Belgique,488220.003,36758.87,36758.87,13.281692364319142,452305.146,7.9404042420512315
853890,Electrical apparatus; parts suitable for use solely or princ,2022,056,Belgique,62918.745,5453.98,5453.98,11.53629917968163,488220.003,-87.11262451079868
853890,Electrical apparatus; parts suitable for use solely or princ,2023,056,Belgique,44093.789,756.0,756.0,58.325117724867724,62918.745,-29.91947153427807
853890,Electrical apparatus; parts suitable for use solely or princ,2018,124,Canada,2788.066,16.0,16.0,174.254125,,
853890,Electrical apparatus; parts suitable for use solely or princ,2019,124,Canada,15745.667,101.6,101.6,154.97703740157482,2788.066,464.75230500282277
853890,Electrical apparatus; parts suitable for use solely or princ,2020,124,Canada,100.138,2.11,2.11,47.458767772511855,15745.667,-99.36402821169786
853890,Electrical apparatus; parts suitable for use solely or princ,2022,124,Canada,534621.043,681.38,681.38,784.6151090434118,100.138,533784.2826898878
853890,Electrical apparatus; parts suitable for use solely or princ,2023,124,Canada,22411.651,38.3,38.3,585.1606005221932,534621.043,-95.8079369876206
853890,Electrical apparatus; parts suitable for use solely or princ,2015,156,Chine,3817.473,104.0,104.0,36.70647115384615,,
853890,Electrical apparatus; parts suitable for use solely or princ,2016,156,Chine,155612.0,1282.0,1282.0,121.38221528861155,3817.473,3976.3091186237593
853890,Electrical apparatus; parts suitable for use solely or princ,2017,156,Chine,200191.789,1405.47,1405.47,142.43761090596027,155612.0,28.648040639539364
853890,Electrical apparatus; parts suitable for use solely or princ,2018,156,Chine,503.51,749.0,749.0,0.6722429906542056,200191.789,-99.74848618791253
853890,Electrical apparatus; parts suitable for use solely or princ,2020,156,Chine,582638.502,21838.24,21838.24,26.679737103356313,503.51,115615.37844332783
853890,Electrical apparatus; parts suitable for use solely or princ,2021,156,Chine,524065.401,20211.23,20211.23,25.929416517450942,582638.502,-10.053077645733746
853890,Electrical apparatus; parts suitable for use solely or princ,2022,156,Chine,348471.374,12082.58,12082.58,28.840808337292202,524065.401,-33.50612856046949
853890,Electrical apparatus; parts suitable for use solely or princ,2023,156,Chine,1273081.956,50574.64,50574.64,25.1723384684498,348471.374,265.3332959280609
853890,Electrical apparatus; parts suitable for use solely or princ,2015,251,France,91230892.562,1022322.6,1022322.6,89.23884942189481,,
853890,Electrical apparatus; parts suitable for use solely or princ,2016,251,France,93831221.0,1020507.0,1020507.0,91.94569072039683,91230892.562,2.8502718377251703
853890,Electrical apparatus; parts suitable for use solely or princ,2017,251,France,97711118.923,1224334.8,1224334.8,79.80751582246947,93831221.0,4.134975418256566
853890,Electrical apparatus; parts suitable for use solely or princ,2018,251,France,108800079.043,1206341.18,1206341.18,90.1901392796688,97711118.923,11.3487187970271
853890,Electrical apparatus; parts suitable for use solely or princ,2019,251,France,121636499.066,1086228.76,1086228.76,111.98055469089218,108800079.043,11.798171596848555
853890,Electrical apparatus; parts suitable for use solely or princ,2020,251,France,100715276.262,1099661.98,1099661.98,91.58748605821582,121636499.066,-17.19979032991417
853890,Electrical apparatus; parts suitable for use solely or princ,2021,251,France,134067373.902,1159716.18,1159716.18,115.60360734296214,100715276.262,33.11523224464787
853890,Electrical apparatus; parts suitable for use solely or princ,2022,251,France,166672803.797,1694952.81,1694952.81,98.33477534811131,134067373.902,24.320182417262664
853890,Electrical apparatus; parts suitable for use solely or princ,2023,251,France,143639297.823,1367123.52,1367123.52,105.0668031978559,166672803.797,-13.819594708476709
853890,Electrical apparatus; parts suitable for use solely or princ,2015,276,Allemagne,539699.633,3982.0,3982.0,135.53481491712708,,
853890,Electrical apparatus; parts suitable for use solely or princ,2016,276,Allemagne,154866.0,10139.0,10139.0,15.274287405069533,539699.633,-71.30515002592192
853890,Electrical apparatus; parts suitable for use solely or princ,2017,276,Allemagne,55700.771,1665.3,1665.3,33.44788986969315,154866.0,-64.03292459287383
853890,Electrical apparatus; parts suitable for use solely or princ,2018,276,Allemagne,651538.611,35787.5,35787.5,18.205759301432064,55700.771,1069.71201529688
853890,Electrical apparatus; parts suitable for use solely or princ,2019,276,Allemagne,3172420.971,58024.92,58024.92,54.67342257430084,651538.611,386.91219790195976
853890,Electrical apparatus; parts suitable for use solely or princ,2020,276,Allemagne,1891504.645,105990.57,105990.57,17.845971061387818,3172420.971,-40.37661892003676
853890,Electrical apparatus; parts suitable for use solely or princ,2021,276,Allemagne,208193.584,9679.05,9679.05,21.50971262675573,1891504.645,-88.99322903856786
853890,Electrical apparatus; parts suitable for use solely or princ,2022,276,Allemagne,903744.218,11946.9,11946.9,75.64675505779742,208193.584,334.0884097561815
853890,Electrical apparatus; parts suitable for use solely or princ,2023,276,Allemagne,2016145.97,51615.94,51615.94,39.06052994481937,903744.218,123.08811827994455
853890,Electrical apparatus; parts suitable for use solely or princ,2016,380,Italie,672.0,8.0,8.0,84.0,,
853890,Electrical apparatus; parts suitable for use solely or princ,2017,380,Italie,76632.658,773.16,773.16,99.1161700036215,672.0,11303.669345238095
853890,Electrical apparatus; parts suitable for use solely or princ,2018,380,Italie,53632.021,1146.81,1146.81,46.76626555401506,76632.658,-30.014144883242857
853890,Electrical apparatus; parts suitable for use solely or princ,2019,380,Italie,2126.611,121.7,121.7,17.474207066557106,53632.021,-96.03481099472273
853890,Electrical apparatus; parts suitable for use solely or princ,2020,380,Italie,335264.676,2694.3,2694.3,124.43479790669188,2126.611,15665.20934011909
853890,Electrical apparatus; parts suitable for use solely or princ,2021,380,Italie,159.982,174.0,174.0,0.9194367816091954,335264.676,-99.95228188012267
853890,Electrical apparatus; parts suitable for use solely or princ,2022,380,Italie,3206.091,147.16,147.16,21.786429736341397,159.982,1904.0323286369717
853890,Electrical apparatus; parts suitable for use solely or princ,2023,380,Italie,1110.11,65.51,65.51,16.94565715157991,3206.091,-65.37496908228742
853890,Electrical apparatus; parts suitable for use solely or princ,2020,392,Japon,1550.725,84.05,84.05,18.45002974419988,,
853890,Electrical apparatus; parts suitable for use solely or princ,2021,392,Japon,44399.365,2456.77,2456.77,18.07225137070218,1550.725,2763.1359525383286
853890,Electrical apparatus; parts suitable for use solely or princ,2022,392,Japon,18158.651,779.54,779.54,23.294059317033124,44399.365,-59.101552465896745
853890,Electrical apparatus; parts suitable for use solely or princ,2023,392,Japon,4096.704,304.01,304.01,13.475556725107726,18158.651,-77.439381372548
853890,Electrical apparatus; parts suitable for use solely or princ,2018,410,Corée du Sud,659.06,18.18,18.18,36.25192519251925,,
853890,Electrical apparatus; parts suitable for use solely or princ,2019,410,Corée du Sud,1966.71,23.68,23.68,83.05363175675676,659.06,198.41137377477017
853890,Electrical apparatus; parts suitable for use solely or princ,2020,410,Corée du Sud,256269.777,2037.24,2037.24,125.79262973434646,1966.71,12930.379517061487
853890,Electrical apparatus; parts suitable for use solely or princ,2021,410,Corée du Sud,106061.372,2523.62,2523.62,42.0274732328956,256269.777,-58.61339045064218
853890,Electrical apparatus; parts suitable for use solely or princ,2022,410,Corée du Sud,18860.149,923.82,923.82,20.415393691411747,106061.372,-82.21770221867392
853890,Electrical apparatus; parts suitable for use solely or princ,2023,410,Corée du Sud,5954.223,271.12,271.12,21.961577899085274,18860.149,-68.42960784668244
853890,Electrical apparatus; parts suitable for use solely or princ,2017,414,Koweït,313.996,0.3,0.3,1046.6533333333334,,
853890,Electrical apparatus; parts suitable for use solely or princ,2015,528,Pays-Bas,9643.361,308.0,308.0,31.30961363636364,,
853890,Electrical apparatus; parts suitable for use solely or princ,2016,528,Pays-Bas,1419.0,0.0,0.0,0.0,9643.361,-85.28521331929811
853890,Electrical apparatus; parts suitable for use solely or princ,2017,528,Pays-Bas,1229.381,0.5,0.5,2458.762,1419.0,-13.362861169837908
853890,Electrical apparatus; parts suitable for use solely or princ,2018,528,Pays-Bas,1431.265,205.0,205.0,6.981780487804879,1229.381,16.42159753567039
853890,Electrical apparatus; parts suitable for use solely or princ,2019,528,Pays-Bas,1485.555,69.0,69.0,21.529782608695655,1431.265,3.7931480194094007
853890,Electrical apparatus; parts suitable for use solely or princ,2021,528,Pays-Bas,1316.796,1.13,1.13,1165.3061946902656,1485.555,-11.359996768884356
853890,Electrical apparatus; parts suitable for use solely or princ,2018,682,Arabie Saoudite,5453.169,67.0,67.0,81.39058208955224,,
853890,Electrical apparatus; parts suitable for use solely or princ,2020,702,Singapour,4610.899,75.45,75.45,61.111981444665346,,
853890,Electrical apparatus; parts suitable for use solely or princ,2021,702,Singapour,51212.638,842.36,842.36,60.79661664846384,4610.899,1010.6866144758321
853890,Electrical apparatus; parts suitable for use solely or princ,2022,702,Singapour,53955.58,1259.31,1259.31,42.84535181964727,51212.638,5.355986543790232
853890,Electrical apparatus; parts suitable for use solely or princ,2023,702,Singapour,48836.211,1046.99,1046.99,46.644391063907015,53955.58,-9.48811781839802
853890,Electrical apparatus; parts suitable for use solely or princ,2015,724,Espagne,1537497.735,145322.4,145322.4,10.579908775247313,,
853890,Electrical apparatus; parts suitable for use solely or princ,2016,724,Espagne,1491862.0,159366.0,159366.0,9.361231379340637,1537497.735,-2.968182258818098
853890,Electrical apparatus; parts suitable for use solely or princ,2017,724,Espagne,6492053.958,176948.86,176948.86,36.68887133830645,1491862.0,335.1645097200679
853890,Electrical apparatus; parts suitable for use solely or princ,2018,724,Espagne,7873373.902,267919.57,267919.57,29.387080242029352,6492053.958,21.2770866190635
853890,Electrical apparatus; parts suitable for use solely or princ,2019,724,Espagne,5726443.361,245493.78,245493.78,23.32622586608915,7873373.902,-27.268240626228046
853890,Electrical apparatus; parts suitable for use solely or princ,2020,724,Espagne,2728351.947,154020.19,154020.19,17.714248677397425,5726443.361,-52.35520942053721
853890,Electrical apparatus; parts suitable for use solely or princ,2021,724,Espagne,1042943.508,55814.25,55814.25,18.685971915774196,2728351.947,-61.773864653100055
853890,Electrical apparatus; parts suitable for use solely or princ,2022,724,Espagne,3582748.139,242856.54,242856.54,14.752528958042472,1042943.508,243.52274226918146
853890,Electrical apparatus; parts suitable for use solely or princ,2023,724,Espagne,18209181.569,1200334.7,1200334.7,15.170086784127793,3582748.139,408.24620828865915
853890,Electrical apparatus; parts suitable for use solely or princ,2015,784,Émirats Arabes,2681.984,1.0,1.0,2681.984,,
853890,Electrical apparatus; parts suitable for use solely or princ,2018,784,Émirats Arabes,600.569,22.0,22.0,27.29859090909091,2681.984,-77.60728624779269
853890,Electrical apparatus; parts suitable for use solely or princ,2020,784,Émirats Arabes,25741.384,1185.83,1185.83,21.707482522789945,600.569,4186.165952621597
853890,Electrical apparatus; parts suitable for use solely or princ,2021,784,Émirats Arabes,133646.445,7222.18,7222.18,18.505000567695628,25741.384,419.18904204995357
853890,Electrical apparatus; parts suitable for use solely or princ,2022,784,Émirats Arabes,15086.912,683.22,683.22,22.082070197008285,133646.445,-88.711325617378
853890,Electrical apparatus; parts suitable for use solely or princ,2023,784,Émirats Arabes,27363.324,1520.77,1520.77,17.9930719306667,15086.912,81.3712706748737
853890,Electrical apparatus; parts suitable for use solely or princ,2016,826,Royaume-Uni,9312.0,28.0,28.0,332.57142857142856,,
853890,Electrical apparatus; parts suitable for use solely or princ,2017,826,Royaume-Uni,12064.269,3019.7,3019.7,3.995187932576084,9312.0,29.55615335051547
853890,Electrical apparatus; parts suitable for use solely or princ,2018,826,Royaume-Uni,734.81,3.16,3.16,232.53481012658224,12064.269,-93.90920411340298
853890,Electrical apparatus; parts suitable for use solely or princ,2019,826,Royaume-Uni,3250.118,38.2,38.2,85.0816230366492,734.81,342.3072631020264
853890,Electrical apparatus; parts suitable for use solely or princ,2020,826,Royaume-Uni,185497.029,1053.8,1053.8,176.02678781552478,3250.118,5607.393670014444
853890,Electrical apparatus; parts suitable for use solely or princ,2021,826,Royaume-Uni,5400806.926,14720.67,14720.67,366.88594513700804,185497.029,2811.532845089395
853890,Electrical apparatus; parts suitable for use solely or princ,2022,826,Royaume-Uni,4501279.733,10802.38,10802.38,416.693333598707,5400806.926,-16.655422149412345
853890,Electrical apparatus; parts suitable for use solely or princ,2023,826,Royaume-Uni,2543391.943,7780.66,7780.66,326.88640076805825,4501279.733,-43.49624787027205
853890,Electrical apparatus; parts suitable for use solely or princ,2015,842,États-Unis,221513.306,161.2,161.2,1374.1520223325065,,
853890,Electrical apparatus; parts suitable for use solely or princ,2016,842,États-Unis,266674.0,243.0,243.0,1097.4238683127571,221513.306,20.387350455597456
853890,Electrical apparatus; parts suitable for use solely or princ,2017,842,États-Unis,458403.331,271.3,271.3,1689.6547401400662,266674.0,71.89652197064581
853890,Electrical apparatus; parts suitable for use solely or princ,2018,842,États-Unis,3257.818,50.8,50.8,64.1302755905512,458403.331,-99.28931188329432
853890,Electrical apparatus; parts suitable for use solely or princ,2019,842,États-Unis,215.97,0.45,0.45,479.93333333333334,3257.818,-93.37071622785558
853890,Electrical apparatus; parts suitable for use solely or princ,2020,842,États-Unis,1052524.499,6316.48,6316.48,166.63149396499318,215.97,487247.54780756595
853890,Electrical apparatus; parts suitable for use solely or princ,2021,842,États-Unis,630497.084,18534.9,18534.9,34.01675131778428,1052524.499,-40.09668329820036
853890,Electrical apparatus; parts suitable for use solely or princ,2022,842,États-Unis,1115348.094,11919.59,11919.59,93.57268949687028,630497.084,76.89980212501665
853890,Electrical apparatus; parts suitable for use solely or princ,2023,842,États-Unis,1893587.952,1205.6,1205.6,1570.6602123424022,1115348.094,69.77551332956328
854129,"Electrical apparatus; transistors, (other than photosensitiv",2023,036,Australie,35709.649,38.55,0.0,926.3203372243839,,
854129,"Electrical apparatus; transistors, (other than photosensitiv",2022,124,Canada,3703.165,1.4,0.0,2645.1178571428572,,
854129,"Electrical apparatus; transistors, (other than photosensitiv",2015,156,Chine,27142.05,620.85,0.0,43.71756462913747,,
854129,"Electrical apparatus; transistors, (other than photosensitiv",2016,156,Chine,9593.0,59.0,0.0,162.59322033898306,27142.05,-64.65631741154408
854129,"Electrical apparatus; transistors, (other than photosensitiv",2017,156,Chine,10239.147,39.29,0.0,260.6044031560194,9593.0,6.735609298446793
854129,"Electrical apparatus; transistors, (other than photosensitiv",2018,156,Chine,10921.044,42.2,0.0,258.79251184834123,10239.147,6.659705149266819
854129,"Electrical apparatus; transistors, (other than photosensitiv",2019,156,Chine,10304.058,67.39,0.0,152.90188455260426,10921.044,-5.64951482660448
854129,"Electrical apparatus; transistors, (other than photosensitiv",2020,156,Chine,6781.148,23.87,0.0,284.08663594470045,10304.058,-34.189539693972996
854129,"Electrical apparatus; transistors, (other than photosensitiv",2021,156,Chine,270898.912,477.3,0.0,567.5652880787765,6781.148,3894.882754365485
854129,"Electrical apparatus; transistors, (other than photosensitiv",2022,156,Chine,544067.871,623.64,0.0,872.4069511256495,270898.912,100.83796829719272
854129,"Electrical apparatus; transistors, (other than photosensitiv",2023,156,Chine,518477.656,388.54,0.0,1334.4254285273073,544067.871,-4.70349681795491
854129,"Electrical apparatus; transistors, (other than photosensitiv",2015,251,France,14764703.256,118123.69,0.0,124.99358304841306,,
854129,"Electrical apparatus; transistors, (other than photosensitiv",2016,251,France,15294767.0,161726.0,0.0,94.57209725090586,14764703.256,3.5900738051379153
854129,"Electrical apparatus; transistors, (other than photosensitiv",2017,251,France,16079070.439,91016.88,0.0,176.66031222999513,15294767.0,5.127920150728673
854129,"Electrical apparatus; transistors, (other than photosensitiv",2018,251,France,17235200.25,104210.98,0.0,165.38756520666058,16079070.439,7.190277668016133
854129,"Electrical apparatus; transistors, (other than photosensitiv",2019,251,France,16947731.429,339890.85,0.0,49.86227616601036,17235200.25,-1.6679169190389802
854129,"Electrical apparatus; transistors, (other than photosensitiv",2020,251,France,14383076.915,103968.88,0.0,138.34021213847834,16947731.429,-15.132730446810777
854129,"Electrical apparatus; transistors, (other than photosensitiv",2021,251,France,13480296.361,66372.52,0.0,203.10056573111882,14383076.915,-6.276685853348226
854129,"Electrical apparatus; transistors, (other than photosensitiv",2022,251,France,12623825.908,63433.59,0.0,199.00853645521246,13480296.361,-6.353498692193921
854129,"Electrical apparatus; transistors, (other than photosensitiv",2023,251,France,32680311.518,37416.56,0.0,873.4183879544245,12623825.908,158.8780275977171
854129,"Electrical apparatus; transistors, (other than photosensitiv",2020,276,Allemagne,109926.462,937.04,0.0,117.31245411081704,,
854129,"Electrical apparatus; transistors, (other than photosensitiv",2021,276,Allemagne,735025.732,4398.01,0.0,167.1268896614605,109926.462,568.6522231562406
854129,"Electrical apparatus; transistors, (other than photosensitiv",2022,276,Allemagne,8168928.46,29619.56,0.0,275.7950644776627,735025.732,1011.379929213145
854129,"Electrical apparatus; transistors, (other than photosensitiv",2023,276,Allemagne,45642504.131,77054.97,0.0,592.336926884794,8168928.46,458.7330621695761
854129,"Electrical apparatus; transistors, (other than photosensitiv",2015,380,Italie,76360458.527,340135.3,0.0,224.50024601092565,,
854129,"Electrical apparatus; transistors, (other than photosensitiv",2016,380,Italie,79025826.0,488938.0,0.0,161.6274987830768,76360458.527,3.4905074228405373
854129,"Electrical apparatus; transistors, (other than photosensitiv",2017,380,Italie,84345820.751,323747.8,0.0,260.5294020561684,79025826.0,6.731969813260797
854129,"Electrical apparatus; transistors, (other than photosensitiv",2018,380,Italie,89963011.826,347709.3,0.0,258.73053100966814,84345820.751,6.6597147611885745
854129,"Electrical apparatus; transistors, (other than photosensitiv",2019,380,Italie,84880531.422,555164.4,0.0,152.8926051850587,89963011.826,-5.649522287926696
854129,"Electrical apparatus; transistors, (other than photosensitiv",2020,380,Italie,55860277.722,196579.39,0.0,284.16141550749546,84880531.422,-34.189528757448734
854129,"Electrical apparatus; transistors, (other than photosensitiv",2021,380,Italie,33021500.276,97999.13,0.0,336.9570758026117,55860277.722,-40.88554224463725
854129,"Electrical apparatus; transistors, (other than photosensitiv",2022,380,Italie,8681769.316,11293.28,0.0,768.7553408752815,33021500.276,-73.70873750908919
854129,"Electrical apparatus; transistors, (other than photosensitiv",2023,380,Italie,1904690.989,1686.79,0.0,1129.1808636522626,8681769.316,-78.06102742801787
854129,"Electrical apparatus; transistors, (other than photosensitiv",2015,392,Japon,12571515.33,55997.74,0.0,224.5004053735026,,
854129,"Electrical apparatus; transistors, (other than photosensitiv",2016,392,Japon,13010325.0,80496.0,0.0,161.62697525342875,12571515.33,3.4905073770450548
854129,"Electrical apparatus; transistors, (other than photosensitiv",2017,392,Japon,13886176.164,53299.84,0.0,260.52941554796416,13010325.0,6.731969908514975
854129,"Electrical apparatus; transistors, (other than photosensitiv",2018,392,Japon,14810955.889,57244.71,0.0,258.7305602386666,13886176.164,6.659714770128705
854129,"Electrical apparatus; transistors, (other than photosensitiv",2019,392,Japon,13974207.634,91398.82,0.0,152.8926482201849,14810955.889,-5.649522294651139
854129,"Electrical apparatus; transistors, (other than photosensitiv",2020,392,Japon,9196491.896,32363.62,0.0,284.16141012655567,13974207.634,-34.189528759938845
854129,"Electrical apparatus; transistors, (other than photosensitiv",2021,392,Japon,9541179.73,23459.94,0.0,406.7009433954222,9196491.896,3.748036076125095
854129,"Electrical apparatus; transistors, (other than photosensitiv",2022,392,Japon,16361623.043,28013.61,0.0,584.0597853329149,9541179.73,71.48427664091386
854129,"Electrical apparatus; transistors, (other than photosensitiv",2023,392,Japon,7187731.208,10714.7,0.0,670.8289740263376,16361623.043,-56.06957091536754
854129,"Electrical apparatus; transistors, (other than photosensitiv",2021,410,Corée du Sud,5409.738,13.62,0.0,397.19074889867846,,
854129,"Electrical apparatus; transistors, (other than photosensitiv",2022,410,Corée du Sud,808.315,2.75,0.0,293.9327272727273,5409.738,-85.05814884195871
854129,"Electrical apparatus; transistors, (other than photosensitiv",2023,410,Corée du Sud,48278.595,150.0,0.0,321.8573,808.315,5872.745155044753
854129,"Electrical apparatus; transistors, (other than photosensitiv",2015,528,Pays-Bas,6639311.837,29573.44,0.0,224.50252107972562,,
854129,"Electrical apparatus; transistors, (other than photosensitiv",2016,528,Pays-Bas,6871058.0,42512.0,0.0,161.62631727512232,6639311.837,3.490514810714406
854129,"Electrical apparatus; transistors, (other than photosensitiv",2017,528,Pays-Bas,7333615.038,28148.88,0.0,260.5295499501223,6871058.0,6.731962355724544
854129,"Electrical apparatus; transistors, (other than photosensitiv",2018,528,Pays-Bas,7822012.881,30232.28,0.0,258.73049869212645,7333615.038,6.659714758264632
854129,"Electrical apparatus; transistors, (other than photosensitiv",2019,528,Pays-Bas,7380106.522,48269.9,0.0,152.89251732446098,7822012.881,-5.649522261378646
854129,"Electrical apparatus; transistors, (other than photosensitiv",2020,528,Pays-Bas,4856882.881,17091.97,0.0,284.16167832028725,7380106.522,-34.18952874837651
854129,"Electrical apparatus; transistors, (other than photosensitiv",2021,528,Pays-Bas,2783720.724,8324.94,0.0,334.38327771731684,4856882.881,-42.6850349863316
854129,"Electrical apparatus; transistors, (other than photosensitiv",2015,702,Singapour,234085738.64,1042696.0,0.0,224.50046671321266,,
854129,"Electrical apparatus; transistors, (other than photosensitiv",2016,702,Singapour,242256519.0,1498857.0,0.0,161.6275061596937,234085738.64,3.4905075411560382
854129,"Electrical apparatus; transistors, (other than photosensitiv",2017,702,Singapour,258565154.351,992460.7,0.0,260.5293633803334,242256519.0,6.731969656923871
854129,"Electrical apparatus; transistors, (other than photosensitiv",2018,702,Singapour,275784856.071,1065915.4,0.0,258.7305297127708,258565154.351,6.65971474896589
854129,"Electrical apparatus; transistors, (other than photosensitiv",2019,702,Singapour,260204329.181,1701877.6,0.0,152.8925048317223,275784856.071,-5.649522280508696
854129,"Electrical apparatus; transistors, (other than photosensitiv",2020,702,Singapour,171241695.231,602621.1,0.0,284.16146602068864,260204329.181,-34.189528756117255
854129,"Electrical apparatus; transistors, (other than photosensitiv",2021,702,Singapour,142728198.007,427453.24,0.0,333.9036522614731,171241695.231,-16.651024848554634
854129,"Electrical apparatus; transistors, (other than photosensitiv",2022,702,Singapour,82075810.343,121334.1,0.0,676.4447121048411,142728198.007,-42.49502796989377
854129,"Electrical apparatus; transistors, (other than photosensitiv",2023,702,Singapour,72596794.714,94578.08,0.0,767.5858371622685,82075810.343,-11.54909782722411
854129,"Electrical apparatus; transistors, (other than photosensitiv",2015,724,Espagne,8009471.375,35676.82,0.0,224.50070872347928,,
854129,"Electrical apparatus; transistors, (other than photosensitiv",2016,724,Espagne,8289043.0,51285.0,0.0,161.62704494491567,8009471.375,3.490512818019779
854129,"Electrical apparatus; transistors, (other than photosensitiv",2017,724,Espagne,8847058.377,33958.0,0.0,260.5294297956299,8289043.0,6.731963834667046
854129,"Electrical apparatus; transistors, (other than photosensitiv",2018,724,Espagne,9436247.231,36471.33,0.0,258.73054892706136,8847058.377,6.659714776289198
854129,"Electrical apparatus; transistors, (other than photosensitiv",2019,724,Espagne,8903144.343,58231.34,0.0,152.89265785400096,9436247.231,-5.6495222618653775
854129,"Electrical apparatus; transistors, (other than photosensitiv",2020,724,Espagne,5859201.244,20619.25,0.0,284.16170539665603,8903144.343,-34.189528797129604
854129,"Electrical apparatus; transistors, (other than photosensitiv",2021,724,Espagne,3358199.145,10042.97,0.0,334.3830704462923,5859201.244,-42.685034953545966
854129,"Electrical apparatus; transistors, (other than photosensitiv",2023,724,Espagne,25735.105,14.5,0.0,1774.8348275862068,3358199.145,-99.23366352354903
854129,"Electrical apparatus; transistors, (other than photosensitiv",2023,784,Émirats Arabes,9783.617,4.3,0.0,2275.2597674418607,,
854129,"Electrical apparatus; transistors, (other than photosensitiv",2015,826,Royaume-Uni,5113347.05,22776.9,0.0,224.49705842322703,,
854129,"Electrical apparatus; transistors, (other than photosensitiv",2016,826,Royaume-Uni,5291829.0,32741.0,0.0,161.62698146055405,5113347.05,3.490511171151588
854129,"Electrical apparatus; transistors, (other than photosensitiv",2017,826,Royaume-Uni,5648073.149,21679.22,0.0,260.52935248592894,5291829.0,6.731966376842491
854129,"Electrical apparatus; transistors, (other than photosensitiv",2018,826,Royaume-Uni,6024218.712,23283.75,0.0,258.73060447737157,5648073.149,6.659714792585454
854129,"Electrical apparatus; transistors, (other than photosensitiv",2019,826,Royaume-Uni,5683879.132,37175.62,0.0,152.89265201225965,6024218.712,-5.649522307715312
854129,"Electrical apparatus; transistors, (other than photosensitiv",2020,826,Royaume-Uni,3740587.638,13163.58,0.0,284.16187982296606,5683879.132,-34.189528821247286
854129,"Electrical apparatus; transistors, (other than photosensitiv",2021,826,Royaume-Uni,2143916.5,6411.56,0.0,334.38297387843204,3740587.638,-42.68503488007303
854129,"Electrical apparatus; transistors, (other than photosensitiv",2022,826,Royaume-Uni,11913.92,8.52,0.0,1398.3474178403756,2143916.5,-99.44429179028195
854129,"Electrical apparatus; transistors, (other than photosensitiv",2023,826,Royaume-Uni,11189.277,2.27,0.0,4929.196916299559,11913.92,-6.082322191184765
854129,"Electrical apparatus; transistors, (other than photosensitiv",2015,842,États-Unis,40071126.549,178490.2,0.0,224.500429429739,,
854129,"Electrical apparatus; transistors, (other than photosensitiv",2016,842,États-Unis,41469812.0,256577.0,0.0,161.62716065742447,40071126.549,3.4905069346868727
854129,"Electrical apparatus; transistors, (other than photosensitiv",2017,842,États-Unis,44261547.419,169891.04,0.0,260.5290274225174,41469812.0,6.731970279971368
854129,"Electrical apparatus; transistors, (other than photosensitiv",2018,842,États-Unis,47209240.228,182465.0,0.0,258.7303878990491,44261547.419,6.659714765721576
854129,"Electrical apparatus; transistors, (other than photosensitiv",2019,842,États-Unis,44542143.679,291329.62,0.0,152.89260212881888,47209240.228,-5.649522288685629
854129,"Electrical apparatus; transistors, (other than photosensitiv",2020,842,États-Unis,29313394.656,103157.58,0.0,284.16132538200293,44542143.679,-34.189528758984714
854129,"Electrical apparatus; transistors, (other than photosensitiv",2021,842,États-Unis,75727775.81,192372.05,0.0,393.6526944012917,29313394.656,158.33847187841715
854129,"Electrical apparatus; transistors, (other than photosensitiv",2022,842,États-Unis,179734697.456,230535.9,0.0,779.6386482799426,75727775.81,137.3431617837978
854129,"Electrical apparatus; transistors, (other than photosensitiv",2023,842,États-Unis,208415018.565,293913.6,0.0,709.1030104255128,179734697.456,15.957030843207717
854420,Insulated electric conductors; co-axial cable and other co-a,2023,036,Australie,3827.99,156.85,156.85,24.40541919030921,,
854420,Insulated electric conductors; co-axial cable and other co-a,2015,056,Belgique,10304.842,206.95,206.95,49.79387291616333,,
854420,Insulated electric conductors; co-axial cable and other co-a,2016,056,Belgique,133387.0,5687.0,5687.0,23.45472129417971,10304.842,1194.4109186729888
854420,Insulated electric conductors; co-axial cable and other co-a,2017,056,Belgique,14913.026,1503.27,1503.27,9.92039088121229,133387.0,-88.81973055845023
854420,Insulated electric conductors; co-axial cable and other co-a,2019,056,Belgique,977.636,0.05,0.05,19552.719999999998,14913.026,-93.44441564039384
854420,Insulated electric conductors; co-axial cable and other co-a,2021,056,Belgique,2680218.067,147663.3,147663.3,18.150874773894394,977.636,274052.963577446
854420,Insulated electric conductors; co-axial cable and other co-a,2022,056,Belgique,7654238.995,361568.93,361568.93,21.169515298230962,2680218.067,185.58269527551846
854420,Insulated electric conductors; co-axial cable and other co-a,2023,056,Belgique,7270961.586,345562.64,345562.64,21.04093656073469,7654238.995,-5.007387530626746
854420,Insulated electric conductors; co-axial cable and other co-a,2020,124,Canada,187.009,9.38,9.38,19.936993603411512,,
854420,Insulated electric conductors; co-axial cable and other co-a,2017,156,Chine,40706.107,12111.99,12111.99,3.36081081638938,,
854420,Insulated electric conductors; co-axial cable and other co-a,2021,156,Chine,242590.771,1564.15,1564.15,155.0943138445801,40706.107,495.9566976031384
854420,Insulated electric conductors; co-axial cable and other co-a,2022,156,Chine,84200.642,1660.8,1660.8,50.698845134874766,242590.771,-65.29107778795097
854420,Insulated electric conductors; co-axial cable and other co-a,2023,156,Chine,38413.419,1498.59,1498.59,25.633041058595083,84200.642,-54.37871008156922
854420,Insulated electric conductors; co-axial cable and other co-a,2015,251,France,21406.596,927.31,927.31,23.084616794815112,,
854420,Insulated electric conductors; co-axial cable and other co-a,2016,251,France,86421.0,5615.0,5615.0,15.391095280498664,21406.596,303.7120147453616
854420,Insulated electric conductors; co-axial cable and other co-a,2017,251,France,45.269,16.7,16.7,2.7107185628742516,86421.0,-99.94761805579662
854420,Insulated electric conductors; co-axial cable and other co-a,2018,251,France,29858.187,1527.45,1527.45,19.547734459393105,45.269,65857.24888996886
854420,Insulated electric conductors; co-axial cable and other co-a,2019,251,France,3367.201,108.91,108.91,30.917280323202647,29858.187,-88.72268768361589
854420,Insulated electric conductors; co-axial cable and other co-a,2020,251,France,7306.53,381.2,381.2,19.16718258132214,3367.201,116.99120426728311
854420,Insulated electric conductors; co-axial cable and other co-a,2021,251,France,13532828.583,762755.86,762755.86,17.742018505108568,7306.53,185115.5343644658
854420,Insulated electric conductors; co-axial cable and other co-a,2022,251,France,28674762.82,1516298.68,1516298.68,18.911025379247842,13532828.583,111.89038672980286
854420,Insulated electric conductors; co-axial cable and other co-a,2023,251,France,42069828.572,2024750.7,2024750.7,20.777781961996606,28674762.82,46.71378046292764
854420,Insulated electric conductors; co-axial cable and other co-a,2015,276,Allemagne,11.269,10.0,10.0,1.1269,,
854420,Insulated electric conductors; co-axial cable and other co-a,2017,276,Allemagne,33654.865,1559.4,1559.4,21.581932153392327,11.269,298549.9689413435
854420,Insulated electric conductors; co-axial cable and other co-a,2018,276,Allemagne,8779340.349,181858.02,181858.02,48.27579421023059,33654.865,25986.39300439921
854420,Insulated electric conductors; co-axial cable and other co-a,2019,276,Allemagne,14964586.066,575447.3,575447.3,26.005137335773405,8779340.349,70.45228310011382
854420,Insulated electric conductors; co-axial cable and other co-a,2020,276,Allemagne,15300440.156,470184.29,470184.29,32.54136831326287,14964586.066,2.2443259607632626
854420,Insulated electric conductors; co-axial cable and other co-a,2021,276,Allemagne,3439434.88,152882.06,152882.06,22.497308578913707,15300440.156,-77.52068015735325
854420,Insulated electric conductors; co-axial cable and other co-a,2022,276,Allemagne,25546266.763,1129022.27,1129022.27,22.626893589087484,3439434.88,642.7460514385434
854420,Insulated electric conductors; co-axial cable and other co-a,2023,276,Allemagne,45906939.515,1916116.49,1916116.49,23.958323909106383,25546266.763,79.7011670663732
854420,Insulated electric conductors; co-axial cable and other co-a,2021,380,Italie,27060507.015,1337091.6,1337091.6,20.23833446788537,,
854420,Insulated electric conductors; co-axial cable and other co-a,2022,380,Italie,76979530.129,3894599.32,3894599.32,19.765712414544353,27060507.015,184.47186923116118
854420,Insulated electric conductors; co-axial cable and other co-a,2023,380,Italie,76026623.027,3916351.0,3916351.0,19.41261726208912,76979530.129,-1.2378707695450268
854420,Insulated electric conductors; co-axial cable and other co-a,2021,392,Japon,37638.937,92.7,92.7,406.0295253505933,,
854420,Insulated electric conductors; co-axial cable and other co-a,2022,392,Japon,8800.019,35.85,35.85,245.46775453277544,37638.937,-76.61990560466678
854420,Insulated electric conductors; co-axial cable and other co-a,2023,392,Japon,74.817,0.68,0.68,110.02499999999998,8800.019,-99.14980865382223
854420,Insulated electric conductors; co-axial cable and other co-a,2023,410,Corée du Sud,12.042,0.3,0.3,40.14,,
854420,Insulated electric conductors; co-axial cable and other co-a,2018,528,Pays-Bas,2306.495,1.0,1.0,2306.495,,
854420,Insulated electric conductors; co-axial cable and other co-a,2019,528,Pays-Bas,168.034,19.0,19.0,8.843894736842104,2306.495,-92.71474683448263
854420,Insulated electric conductors; co-axial cable and other co-a,2021,528,Pays-Bas,230.628,62.2,62.2,3.707845659163987,168.034,37.250794482069104
854420,Insulated electric conductors; co-axial cable and other co-a,2023,528,Pays-Bas,180256.643,7137.39,7137.39,25.255260396307335,230.628,78059.04530239175
854420,Insulated electric conductors; co-axial cable and other co-a,2016,634,Qatar,85.0,4.0,4.0,21.25,,
854420,Insulated electric conductors; co-axial cable and other co-a,2022,702,Singapour,5788.108,153.4,153.4,37.73212516297262,,
854420,Insulated electric conductors; co-axial cable and other co-a,2023,702,Singapour,7447.58,143.78,143.78,51.79844206426485,5788.108,28.670370352453684
854420,Insulated electric conductors; co-axial cable and other co-a,2016,724,Espagne,1335.0,96.0,96.0,13.90625,,
854420,Insulated electric conductors; co-axial cable and other co-a,2017,724,Espagne,118056.372,1879.0,1879.0,62.82936242682278,1335.0,8743.17393258427
854420,Insulated electric conductors; co-axial cable and other co-a,2018,724,Espagne,237832.527,3700.5,3700.5,64.27037616538306,118056.372,101.4567472901844
854420,Insulated electric conductors; co-axial cable and other co-a,2019,724,Espagne,498044.996,12559.48,12559.48,39.6549057763538,237832.527,109.4099584620736
854420,Insulated electric conductors; co-axial cable and other co-a,2020,724,Espagne,49284.144,854.5,854.5,57.67600234055003,498044.996,-90.10447963621343
854420,Insulated electric conductors; co-axial cable and other co-a,2021,724,Espagne,36533564.758,1828290.3,1828290.3,19.982365359593057,49284.144,74028.43521843455
854420,Insulated electric conductors; co-axial cable and other co-a,2022,724,Espagne,107937148.761,4700784.02,4700784.02,22.961520525463328,36533564.758,195.44652835270963
854420,Insulated electric conductors; co-axial cable and other co-a,2023,724,Espagne,211988814.829,7538372.7,7538372.7,28.12129663329063,107937148.761,96.40023593581904
854420,Insulated electric conductors; co-axial cable and other co-a,2016,784,Émirats Arabes,182.0,1.0,1.0,182.0,,
854420,Insulated electric conductors; co-axial cable and other co-a,2021,784,Émirats Arabes,6819.058,121.64,121.64,56.05933903321276,182.0,3646.7351648351646
854420,Insulated electric conductors; co-axial cable and other co-a,2023,784,Émirats Arabes,3002.44,68.0,68.0,44.15352941176471,6819.058,-55.96987149837999
854420,Insulated electric conductors; co-axial cable and other co-a,2018,826,Royaume-Uni,162.155,8.0,8.0,20.269375,,
854420,Insulated electric conductors; co-axial cable and other co-a,2021,826,Royaume-Uni,34150414.769,1719694.62,1719694.62,19.858418100418316,162.155,21060252.606456786
854420,Insulated electric conductors; co-axial cable and other co-a,2022,826,Royaume-Uni,73295089.057,3756324.31,3756324.31,19.512449673707753,34150414.769,114.6243012062434
854420,Insulated electric conductors; co-axial cable and other co-a,2023,826,Royaume-Uni,62455309.402,2887543.8,2887543.8,21.62921629171478,73295089.057,-14.78923048523774
854420,Insulated electric conductors; co-axial cable and other co-a,2021,842,États-Unis,32214.997,458.82,458.82,70.21271304651061,,
854420,Insulated electric conductors; co-axial cable and other co-a,2022,842,États-Unis,5073.645,55.51,55.51,91.40055845793552,32214.997,-84.2506736846817
854420,Insulated electric conductors; co-axial cable and other co-a,2023,842,États-Unis,982223.511,41833.41,41833.41,23.479403448105234,5073.645,19259.326697078726
854430,Insulated electric conductors; ignition wiring sets and othe,2015,056,Belgique,6834504.95,477502.0,477502.0,14.313039421824412,,
854430,Insulated electric conductors; ignition wiring sets and othe,2016,056,Belgique,6830621.0,518278.0,518278.0,13.179453883822967,6834504.95,-0.05682854908167395
854430,Insulated electric conductors; ignition wiring sets and othe,2017,056,Belgique,4714314.318,289911.23,289911.23,16.26123388873208,6830621.0,-30.98263952867536
854430,Insulated electric conductors; ignition wiring sets and othe,2018,056,Belgique,13342041.511,793649.14,793649.14,16.811007331274876,4714314.318,183.01128459037974
854430,Insulated electric conductors; ignition wiring sets and othe,2019,056,Belgique,3731299.082,197555.7,197555.7,18.887326875407794,13342041.511,-72.03352216432779
854430,Insulated electric conductors; ignition wiring sets and othe,2020,056,Belgique,3784232.253,201353.18,201353.18,18.794002920639247,3731299.082,1.4186257878751325
854430,Insulated electric conductors; ignition wiring sets and othe,2021,056,Belgique,15020086.368,598916.09,598916.09,25.07878251859956,3784232.253,296.9123817940252
854430,Insulated electric conductors; ignition wiring sets and othe,2022,056,Belgique,31524644.169,1259306.9,1259306.9,25.033329182108034,15020086.368,109.8832416580682
854430,Insulated electric conductors; ignition wiring sets and othe,2023,056,Belgique,41504910.454,1530746.28,1530746.28,27.114167119844318,31524644.169,31.658616768192342
854430,Insulated electric conductors; ignition wiring sets and othe,2020,124,Canada,55267.15,756.0,756.0,73.10469576719576,,
854430,Insulated electric conductors; ignition wiring sets and othe,2021,124,Canada,1021342.727,22030.5,22030.5,46.36039704046662,55267.15,1748.0104854330282
854430,Insulated electric conductors; ignition wiring sets and othe,2022,124,Canada,1471127.104,37674.0,37674.0,39.04886935286935,1021342.727,44.03853526437263
854430,Insulated electric conductors; ignition wiring sets and othe,2023,124,Canada,2069544.914,40425.0,40425.0,51.194679381570815,1471127.104,40.677505592338
854430,Insulated electric conductors; ignition wiring sets and othe,2015,156,Chine,127387.68,15279.0,15279.0,8.337435696053406,,
854430,Insulated electric conductors; ignition wiring sets and othe,2016,156,Chine,377.0,19.0,19.0,19.842105263157894,127387.68,-99.70405301360384
854430,Insulated electric conductors; ignition wiring sets and othe,2017,156,Chine,235498.156,9060.16,9060.16,25.99271491894183,377.0,62366.35437665782
854430,Insulated electric conductors; ignition wiring sets and othe,2018,156,Chine,574596.995,8025.48,8025.48,71.5965892382761,235498.156,143.99214191723863
854430,Insulated electric conductors; ignition wiring sets and othe,2019,156,Chine,607037.72,6921.13,6921.13,87.70789163041295,574596.995,5.645822251472091
854430,Insulated electric conductors; ignition wiring sets and othe,2020,156,Chine,820584.755,9357.18,9357.18,87.69573258182487,607037.72,35.17854458862952
854430,Insulated electric conductors; ignition wiring sets and othe,2021,156,Chine,2187943.686,34121.41,34121.41,64.1223116512477,820584.755,166.63226103926343
854430,Insulated electric conductors; ignition wiring sets and othe,2022,156,Chine,1006273.277,15878.09,15878.09,63.37495737837485,2187943.686,-54.00826431508074
854430,Insulated electric conductors; ignition wiring sets and othe,2023,156,Chine,148471.288,1441.5,1441.5,102.99777176552203,1006273.277,-85.24543070023314
854430,Insulated electric conductors; ignition wiring sets and othe,2015,251,France,224498394.151,5107824.59,5107824.59,43.95186056124923,,
854430,Insulated electric conductors; ignition wiring sets and othe,2016,251,France,418862560.0,16738273.0,16738273.0,25.024239955938107,224498394.151,86.57708514309844
854430,Insulated electric conductors; ignition wiring sets and othe,2017,251,France,593816706.979,26049830.1,26049830.1,22.795415735897638,418862560.0,41.76886732941707
854430,Insulated electric conductors; ignition wiring sets and othe,2018,251,France,629492113.041,24836489.2,24836489.2,25.34545474490815,593816706.979,6.00781447249878
854430,Insulated electric conductors; ignition wiring sets and othe,2019,251,France,746080622.699,28932758.6,28932758.6,25.786708865673113,629492113.041,18.52104374982159
854430,Insulated electric conductors; ignition wiring sets and othe,2020,251,France,518354916.465,21715362.2,21715362.2,23.870424618798207,746080622.699,-30.522935364570387
854430,Insulated electric conductors; ignition wiring sets and othe,2021,251,France,377349339.532,13024048.0,13024048.0,28.973276168208226,518354916.465,-27.20251558422729
854430,Insulated electric conductors; ignition wiring sets and othe,2022,251,France,323894537.352,10707698.3,10707698.3,30.248754520100736,377349339.532,-14.165866103355649
854430,Insulated electric conductors; ignition wiring sets and othe,2023,251,France,407868268.379,12206020.5,12206020.5,33.415335356761034,323894537.352,25.92625726680274
854430,Insulated electric conductors; ignition wiring sets and othe,2015,276,Allemagne,7765089.42,203790.94,203790.94,38.10321214475972,,
854430,Insulated electric conductors; ignition wiring sets and othe,2016,276,Allemagne,14893616.0,430213.0,430213.0,34.61916771459719,7765089.42,91.80224714012373
854430,Insulated electric conductors; ignition wiring sets and othe,2017,276,Allemagne,28771504.891,818571.69,818571.69,35.14842406900244,14893616.0,93.18011751477948
854430,Insulated electric conductors; ignition wiring sets and othe,2018,276,Allemagne,69280916.551,2584859.68,2584859.68,26.802583168073554,28771504.891,140.79698581450194
854430,Insulated electric conductors; ignition wiring sets and othe,2019,276,Allemagne,43504615.715,1149702.25,1149702.25,37.839897864860234,69280916.551,-37.20548474127821
854430,Insulated electric conductors; ignition wiring sets and othe,2020,276,Allemagne,55760352.801,1641489.43,1641489.43,33.96936451853973,43504615.715,28.17111905156842
854430,Insulated electric conductors; ignition wiring sets and othe,2021,276,Allemagne,65985913.413,1848805.0,1848805.0,35.69111583590482,55760352.801,18.338407306161482
854430,Insulated electric conductors; ignition wiring sets and othe,2022,276,Allemagne,112748138.76,3962973.98,3962973.98,28.45038582867506,65985913.413,70.86698194858555
854430,Insulated electric conductors; ignition wiring sets and othe,2023,276,Allemagne,206405824.23,7924461.81,7924461.81,26.046667796358527,112748138.76,83.0680546038665
854430,Insulated electric conductors; ignition wiring sets and othe,2015,380,Italie,480669.707,27407.82,27407.82,17.537684755664625,,
854430,Insulated electric conductors; ignition wiring sets and othe,2016,380,Italie,20154.0,673.0,673.0,29.946508172362556,480669.707,-95.80710003012526
854430,Insulated electric conductors; ignition wiring sets and othe,2017,380,Italie,148248.393,9129.01,9129.01,16.23926285544654,20154.0,635.5780142899673
854430,Insulated electric conductors; ignition wiring sets and othe,2018,380,Italie,16303231.951,872178.75,872178.75,18.692535160940345,148248.393,10897.240254064676
854430,Insulated electric conductors; ignition wiring sets and othe,2019,380,Italie,64920.766,2751.0,2751.0,23.598969829153038,16303231.951,-99.6017920483796
854430,Insulated electric conductors; ignition wiring sets and othe,2020,380,Italie,1516450.798,36096.0,36096.0,42.011602338209215,64920.766,2235.8485911888342
854430,Insulated electric conductors; ignition wiring sets and othe,2021,380,Italie,14109033.23,662477.8,662477.8,21.29736759480846,1516450.798,830.3983517703289
854430,Insulated electric conductors; ignition wiring sets and othe,2022,380,Italie,1705017.436,51483.25,51483.25,33.117906037400516,14109033.23,-87.91541980087887
854430,Insulated electric conductors; ignition wiring sets and othe,2023,380,Italie,2294604.622,67621.72,67621.72,33.93295263711127,1705017.436,34.579539983073815
854430,Insulated electric conductors; ignition wiring sets and othe,2017,392,Japon,12770490.804,34536.0,34536.0,369.77330333564976,,
854430,Insulated electric conductors; ignition wiring sets and othe,2018,392,Japon,13997203.388,68180.0,68180.0,205.29779096509242,12770490.804,9.605837417116085
854430,Insulated electric conductors; ignition wiring sets and othe,2019,392,Japon,11988802.917,69196.0,69196.0,173.2586120151454,13997203.388,-14.348583894421587
854430,Insulated electric conductors; ignition wiring sets and othe,2020,392,Japon,6455759.752,42681.5,42681.5,151.2542846900882,11988802.917,-46.15175679595333
854430,Insulated electric conductors; ignition wiring sets and othe,2021,392,Japon,3394280.318,20489.9,20489.9,165.65626567235563,6455759.752,-47.42244989912382
854430,Insulated electric conductors; ignition wiring sets and othe,2022,392,Japon,1692700.709,10471.0,10471.0,161.65607000286505,3394280.318,-50.130792085039566
854430,Insulated electric conductors; ignition wiring sets and othe,2023,392,Japon,2370507.372,13566.9,13566.9,174.72726798310595,1692700.709,40.042912453225654
854430,Insulated electric conductors; ignition wiring sets and othe,2016,410,Corée du Sud,382.0,118.0,118.0,3.23728813559322,,
854430,Insulated electric conductors; ignition wiring sets and othe,2017,410,Corée du Sud,1611.642,80.0,80.0,20.145525,382.0,321.89581151832465
854430,Insulated electric conductors; ignition wiring sets and othe,2018,410,Corée du Sud,12391.193,301.0,301.0,41.16675415282392,1611.642,668.8551799965501
854430,Insulated electric conductors; ignition wiring sets and othe,2020,410,Corée du Sud,278076.277,2636.06,2636.06,105.48935798122956,12391.193,2144.144506505548
854430,Insulated electric conductors; ignition wiring sets and othe,2021,410,Corée du Sud,403500.835,2770.35,2770.35,145.64976807984553,278076.277,45.10437184830406
854430,Insulated electric conductors; ignition wiring sets and othe,2022,410,Corée du Sud,11341.29,160.72,160.72,70.56551767048283,403500.835,-97.18927719195428
854430,Insulated electric conductors; ignition wiring sets and othe,2023,410,Corée du Sud,23379.333,123.2,123.2,189.7673133116883,11341.29,106.14350748459829
854430,Insulated electric conductors; ignition wiring sets and othe,2016,528,Pays-Bas,22.0,1.0,1.0,22.0,,
854430,Insulated electric conductors; ignition wiring sets and othe,2017,528,Pays-Bas,1294.14,69.17,69.17,18.709556165967907,22.0,5782.454545454546
854430,Insulated electric conductors; ignition wiring sets and othe,2019,528,Pays-Bas,8696.405,112.0,112.0,77.64647321428572,1294.14,571.9833248334801
854430,Insulated electric conductors; ignition wiring sets and othe,2022,528,Pays-Bas,25659.946,181.3,181.3,141.5330722559294,8696.405,195.06383384858452
854430,Insulated electric conductors; ignition wiring sets and othe,2023,528,Pays-Bas,6073.43,137.7,137.7,44.10624546114743,25659.946,-76.3310881480421
854430,Insulated electric conductors; ignition wiring sets and othe,2015,724,Espagne,914014563.403,53345165.0,53345165.0,17.133971999205553,,
854430,Insulated electric conductors; ignition wiring sets and othe,2016,724,Espagne,841135473.0,52926391.0,52926391.0,15.892552979854607,914014563.403,-7.973515228429323
854430,Insulated electric conductors; ignition wiring sets and othe,2017,724,Espagne,840139815.673,50391263.0,50391263.0,16.672330988667618,841135473.0,-0.11837062624988376
854430,Insulated electric conductors; ignition wiring sets and othe,2018,724,Espagne,953734702.281,52992372.0,52992372.0,17.99758467654552,840139815.673,13.520950261951823
854430,Insulated electric conductors; ignition wiring sets and othe,2019,724,Espagne,1093073773.619,61876948.2,61876948.2,17.66528255540243,953734702.281,14.609835523940735
854430,Insulated electric conductors; ignition wiring sets and othe,2020,724,Espagne,946216057.028,48926181.29,48926181.29,19.339667067402964,1093073773.619,-13.435297793741455
854430,Insulated electric conductors; ignition wiring sets and othe,2021,724,Espagne,753167805.157,44046949.4,44046949.4,17.099204721700886,946216057.028,-20.402132307641388
854430,Insulated electric conductors; ignition wiring sets and othe,2022,724,Espagne,711832092.58,44910306.84,44910306.84,15.850083035861083,753167805.157,-5.488247412325777
854430,Insulated electric conductors; ignition wiring sets and othe,2023,724,Espagne,936187321.799,52892001.3,52892001.3,17.69997918000883,711832092.58,31.517998634458248
854430,Insulated electric conductors; ignition wiring sets and othe,2015,784,Émirats Arabes,35059.147,735.3,735.3,47.680058479532164,,
854430,Insulated electric conductors; ignition wiring sets and othe,2021,784,Émirats Arabes,38926.584,603.22,603.22,64.53132190577236,35059.147,11.031178254279848
854430,Insulated electric conductors; ignition wiring sets and othe,2015,826,Royaume-Uni,52976137.161,3180529.18,3180529.18,16.656390859146274,,
854430,Insulated electric conductors; ignition wiring sets and othe,2016,826,Royaume-Uni,53952706.0,3615580.0,3615580.0,14.922282455373688,52976137.161,1.843412697366188
854430,Insulated electric conductors; ignition wiring sets and othe,2017,826,Royaume-Uni,61696244.108,4531806.08,4531806.08,13.61405210613072,53952706.0,14.352455478322074
854430,Insulated electric conductors; ignition wiring sets and othe,2018,826,Royaume-Uni,73558263.778,4688285.76,4688285.76,15.689799543703582,61696244.108,19.226485893104595
854430,Insulated electric conductors; ignition wiring sets and othe,2019,826,Royaume-Uni,83184317.045,4513909.3,4513909.3,18.428442291696026,73558263.778,13.086297545101916
854430,Insulated electric conductors; ignition wiring sets and othe,2020,826,Royaume-Uni,72053783.66,4687575.62,4687575.62,15.371225874751861,83184317.045,-13.380567131396596
854430,Insulated electric conductors; ignition wiring sets and othe,2021,826,Royaume-Uni,161007819.869,7129366.5,7129366.5,22.583748481579672,72053783.66,123.45505217151008
854430,Insulated electric conductors; ignition wiring sets and othe,2022,826,Royaume-Uni,203521573.366,9811146.0,9811146.0,20.743914458718685,161007819.869,26.40477557648459
854430,Insulated electric conductors; ignition wiring sets and othe,2023,826,Royaume-Uni,301460718.064,13459176.8,13459176.8,22.398154251454667,203521573.366,48.12224231476071
854430,Insulated electric conductors; ignition wiring sets and othe,2015,842,États-Unis,341699.606,3795.84,3795.84,90.01949660681167,,
854430,Insulated electric conductors; ignition wiring sets and othe,2016,842,États-Unis,474690.0,3555.0,3555.0,133.52742616033754,341699.606,38.92026553873169
854430,Insulated electric conductors; ignition wiring sets and othe,2017,842,États-Unis,27936067.475,80538.69,80538.69,346.86518336714937,474690.0,5785.1181771261245
854430,Insulated electric conductors; ignition wiring sets and othe,2018,842,États-Unis,34758609.324,116450.5,116450.5,298.48398524695045,27936067.475,24.421983713725975
854430,Insulated electric conductors; ignition wiring sets and othe,2019,842,États-Unis,38337442.545,124754.77,124754.77,307.3024185367822,34758609.324,10.296249736691568
854430,Insulated electric conductors; ignition wiring sets and othe,2020,842,États-Unis,4431094.053,18517.94,18517.94,239.28655417395242,38337442.545,-88.4418632051451
854430,Insulated electric conductors; ignition wiring sets and othe,2021,842,États-Unis,8385539.039,60619.26,60619.26,138.3312669768651,4431094.053,89.24308395852503
854430,Insulated electric conductors; ignition wiring sets and othe,2022,842,États-Unis,25839715.327,112856.94,112856.94,228.959914445669,8385539.039,208.1461454871655
854430,Insulated electric conductors; ignition wiring sets and othe,2023,842,États-Unis,28339924.372,84930.69,84930.69,333.6829639792165,25839715.327,9.675838194655054
854442,Insulated electric conductors; for a voltage not exceeding 1,2023,036,Australie,42.837,1.0,1.0,42.837,,
854442,Insulated electric conductors; for a voltage not exceeding 1,2015,056,Belgique,67833.295,814.5,814.5,83.28213014119092,,
854442,Insulated electric conductors; for a voltage not exceeding 1,2016,056,Belgique,718.0,9.0,9.0,79.77777777777777,67833.295,-98.94152274336666
854442,Insulated electric conductors; for a voltage not exceeding 1,2017,056,Belgique,7179316.004,200312.74,200312.74,35.84053617358536,718.0,999804.7359331476
854442,Insulated electric conductors; for a voltage not exceeding 1,2018,056,Belgique,2052381.221,60530.3,60530.3,33.90667518581603,7179316.004,-71.41257997479839
854442,Insulated electric conductors; for a voltage not exceeding 1,2019,056,Belgique,6715.762,127.31,127.31,52.75125284738041,2052381.221,-99.67278194073867
854442,Insulated electric conductors; for a voltage not exceeding 1,2020,056,Belgique,2569195.614,108355.17,108355.17,23.710872439220022,6715.762,38156.20404654007
854442,Insulated electric conductors; for a voltage not exceeding 1,2021,056,Belgique,116129.365,1785.58,1785.58,65.03733520760761,2569195.614,-95.47993292658641
854442,Insulated electric conductors; for a voltage not exceeding 1,2022,056,Belgique,55422.412,770.58,770.58,71.9229826883646,116129.365,-52.275281966796264
854442,Insulated electric conductors; for a voltage not exceeding 1,2023,056,Belgique,251370.91,8365.93,8365.93,30.04697744303383,55422.412,353.55461974480653
854442,Insulated electric conductors; for a voltage not exceeding 1,2016,124,Canada,880.0,11.0,11.0,80.0,,
854442,Insulated electric conductors; for a voltage not exceeding 1,2018,124,Canada,1407633.219,34218.5,34218.5,41.13661379078569,880.0,159858.3203409091
854442,Insulated electric conductors; for a voltage not exceeding 1,2019,124,Canada,1159525.709,33626.31,33626.31,34.48269254045419,1407633.219,-17.62586351693651
854442,Insulated electric conductors; for a voltage not exceeding 1,2020,124,Canada,1331420.068,32461.44,32461.44,41.01543455866406,1159525.709,14.824540557039079
854442,Insulated electric conductors; for a voltage not exceeding 1,2021,124,Canada,1105832.18,25831.0,25831.0,42.81027370214083,1331420.068,-16.943404521374543
854442,Insulated electric conductors; for a voltage not exceeding 1,2022,124,Canada,45478.65,1156.05,1156.05,39.339691189827434,1105832.18,-95.88738229701364
854442,Insulated electric conductors; for a voltage not exceeding 1,2023,124,Canada,186671.04,5014.0,5014.0,37.22996410051855,45478.65,310.45862179286325
854442,Insulated electric conductors; for a voltage not exceeding 1,2015,156,Chine,74.374,9.65,9.65,7.707150259067356,,
854442,Insulated electric conductors; for a voltage not exceeding 1,2017,156,Chine,104.665,19.0,19.0,5.508684210526316,74.374,40.72794256057226
854442,Insulated electric conductors; for a voltage not exceeding 1,2018,156,Chine,16796.856,75.6,75.6,222.18063492063493,104.665,15948.20713705632
854442,Insulated electric conductors; for a voltage not exceeding 1,2019,156,Chine,22761.594,578.1,578.1,39.37310845874416,16796.856,35.511038494346806
854442,Insulated electric conductors; for a voltage not exceeding 1,2020,156,Chine,115803.27,1508.7,1508.7,76.75698946112547,22761.594,408.76608202395664
854442,Insulated electric conductors; for a voltage not exceeding 1,2021,156,Chine,338741.978,8316.45,8316.45,40.73155949954608,115803.27,192.51503692425956
854442,Insulated electric conductors; for a voltage not exceeding 1,2022,156,Chine,22681.105,894.12,894.12,25.366958573793227,338741.978,-93.3043122869171
854442,Insulated electric conductors; for a voltage not exceeding 1,2023,156,Chine,48569.96,1917.4,1917.4,25.331156774799204,22681.105,114.1428294609103
854442,Insulated electric conductors; for a voltage not exceeding 1,2015,251,France,602619593.231,35745720.1,35745720.1,16.85851037677095,,
854442,Insulated electric conductors; for a voltage not exceeding 1,2016,251,France,478043225.0,27889656.0,27889656.0,17.140520664722434,602619593.231,-20.672472257842195
854442,Insulated electric conductors; for a voltage not exceeding 1,2017,251,France,396222868.651,20436415.7,20436415.7,19.388080300744715,478043225.0,-17.115681609963197
854442,Insulated electric conductors; for a voltage not exceeding 1,2018,251,France,535511696.949,25608433.7,25608433.7,20.911536536067022,396222868.651,35.154161790870276
854442,Insulated electric conductors; for a voltage not exceeding 1,2019,251,France,483560435.168,22508069.2,22508069.2,21.48387011214627,535511696.949,-9.701237541025673
854442,Insulated electric conductors; for a voltage not exceeding 1,2020,251,France,264405877.748,11871778.12,11871778.12,22.27180082674928,483560435.168,-45.32102742108351
854442,Insulated electric conductors; for a voltage not exceeding 1,2021,251,France,332981855.05,13632273.99,13632273.99,24.425994906958294,264405877.748,25.935874756671794
854442,Insulated electric conductors; for a voltage not exceeding 1,2022,251,France,327331634.956,14359122.66,14359122.66,22.79607485127507,332981855.05,-1.6968552515126127
854442,Insulated electric conductors; for a voltage not exceeding 1,2023,251,France,403096556.787,17330812.03,17330812.03,23.258953826816157,327331634.956,23.146226560468065
854442,Insulated electric conductors; for a voltage not exceeding 1,2015,276,Allemagne,25595.728,902.96,902.96,28.34646938956321,,
854442,Insulated electric conductors; for a voltage not exceeding 1,2016,276,Allemagne,721149.0,12018.0,12018.0,60.00574138791812,25595.728,2717.4584446279473
854442,Insulated electric conductors; for a voltage not exceeding 1,2017,276,Allemagne,4910918.053,86809.74,86809.74,56.5710489744584,721149.0,580.9852129032973
854442,Insulated electric conductors; for a voltage not exceeding 1,2018,276,Allemagne,8542557.92,140552.12,140552.12,60.77857751274047,4910918.053,73.9503251287504
854442,Insulated electric conductors; for a voltage not exceeding 1,2019,276,Allemagne,44616386.876,1997140.05,1997140.05,22.34013927866501,8542557.92,422.2836917680507
854442,Insulated electric conductors; for a voltage not exceeding 1,2020,276,Allemagne,83749918.435,3276251.87,3276251.87,25.562722818071983,44616386.876,87.71111759399474
854442,Insulated electric conductors; for a voltage not exceeding 1,2021,276,Allemagne,63628373.867,2171921.92,2171921.92,29.295884571670054,83749918.435,-24.02574825624068
854442,Insulated electric conductors; for a voltage not exceeding 1,2022,276,Allemagne,88264055.721,4581014.98,4581014.98,19.26735802138765,63628373.867,38.71807553261544
854442,Insulated electric conductors; for a voltage not exceeding 1,2023,276,Allemagne,126365679.722,6015500.16,6015500.16,21.00667880657159,88264055.721,43.16776935952057
854442,Insulated electric conductors; for a voltage not exceeding 1,2015,380,Italie,148239717.498,7500477.9,7500477.9,19.764036302006836,,
854442,Insulated electric conductors; for a voltage not exceeding 1,2016,380,Italie,199196010.0,10500274.0,10500274.0,18.9705535303174,148239717.498,34.37425095112414
854442,Insulated electric conductors; for a voltage not exceeding 1,2017,380,Italie,238896181.426,11934714.1,11934714.1,20.016916988903823,199196010.0,19.93020413712102
854442,Insulated electric conductors; for a voltage not exceeding 1,2018,380,Italie,203679600.516,9374506.88,9374506.88,21.726966881910272,238896181.426,-14.74137455851659
854442,Insulated electric conductors; for a voltage not exceeding 1,2019,380,Italie,197789215.429,9966448.3,9966448.3,19.845506591249762,203679600.516,-2.8919857816282857
854442,Insulated electric conductors; for a voltage not exceeding 1,2020,380,Italie,187936487.92,8674516.14,8674516.14,21.66535687833765,197789215.429,-4.981428076161624
854442,Insulated electric conductors; for a voltage not exceeding 1,2021,380,Italie,201089579.157,8219321.88,8219321.88,24.465470764237793,187936487.92,6.998689494824959
854442,Insulated electric conductors; for a voltage not exceeding 1,2022,380,Italie,196612396.891,8519118.7,8519118.7,23.07895966879767,201089579.157,-2.2264616022217925
854442,Insulated electric conductors; for a voltage not exceeding 1,2023,380,Italie,274175874.48,11663899.95,11663899.95,23.506363708135204,196612396.891,39.44994253439698
854442,Insulated electric conductors; for a voltage not exceeding 1,2020,392,Japon,5612.283,608.8,608.8,9.218598883048621,,
854442,Insulated electric conductors; for a voltage not exceeding 1,2021,392,Japon,4154.538,176.76,176.76,23.503835709436522,5612.283,-25.974189113414287
854442,Insulated electric conductors; for a voltage not exceeding 1,2022,392,Japon,18659.023,431.41,431.41,43.25125286850096,4154.538,349.1238977715453
854442,Insulated electric conductors; for a voltage not exceeding 1,2023,392,Japon,14789.23,831.47,831.47,17.78684739076575,18659.023,-20.739526394281206
854442,Insulated electric conductors; for a voltage not exceeding 1,2017,410,Corée du Sud,144.263,74.0,74.0,1.9495,,
854442,Insulated electric conductors; for a voltage not exceeding 1,2019,410,Corée du Sud,9.982,4.0,4.0,2.4955,144.263,-93.0806929011597
854442,Insulated electric conductors; for a voltage not exceeding 1,2015,528,Pays-Bas,21966.555,241.8,241.8,90.84596774193548,,
854442,Insulated electric conductors; for a voltage not exceeding 1,2016,528,Pays-Bas,20119.0,183.0,183.0,109.93989071038251,21966.555,-8.41076354485262
854442,Insulated electric conductors; for a voltage not exceeding 1,2017,528,Pays-Bas,6983.198,181.92,181.92,38.3860927880387,20119.0,-65.2905313385357
854442,Insulated electric conductors; for a voltage not exceeding 1,2018,528,Pays-Bas,5612.223,40.9,40.9,137.2181662591687,6983.198,-19.63248070583134
854442,Insulated electric conductors; for a voltage not exceeding 1,2019,528,Pays-Bas,3232.791,357.9,357.9,9.032665549036045,5612.223,-42.39731742662399
854442,Insulated electric conductors; for a voltage not exceeding 1,2020,528,Pays-Bas,13.478,0.35,0.35,38.50857142857143,3232.791,-99.58308470915689
854442,Insulated electric conductors; for a voltage not exceeding 1,2021,528,Pays-Bas,5110.65,76.72,76.72,66.6143117831074,13.478,37818.459712123455
854442,Insulated electric conductors; for a voltage not exceeding 1,2022,528,Pays-Bas,1123.943,10.5,10.5,107.04219047619047,5110.65,-78.00782679306937
854442,Insulated electric conductors; for a voltage not exceeding 1,2023,528,Pays-Bas,3724.846,16.88,16.88,220.66623222748817,1123.943,231.40879920067127
854442,Insulated electric conductors; for a voltage not exceeding 1,2020,634,Qatar,363.278,17.5,17.5,20.75874285714286,,
854442,Insulated electric conductors; for a voltage not exceeding 1,2016,682,Arabie Saoudite,888.0,1.0,1.0,888.0,,
854442,Insulated electric conductors; for a voltage not exceeding 1,2022,682,Arabie Saoudite,13205.146,264.96,264.96,49.83826237922706,888.0,1387.0659909909912
854442,Insulated electric conductors; for a voltage not exceeding 1,2023,682,Arabie Saoudite,24.676,75.0,75.0,0.3290133333333333,13205.146,-99.81313345569977
854442,Insulated electric conductors; for a voltage not exceeding 1,2016,702,Singapour,13241.0,94.0,94.0,140.86170212765958,,
854442,Insulated electric conductors; for a voltage not exceeding 1,2017,702,Singapour,20.521,0.5,0.5,41.042,13241.0,-99.84501925836416
854442,Insulated electric conductors; for a voltage not exceeding 1,2021,702,Singapour,7961.186,202.0,202.0,39.411811881188115,20.521,38695.31211929243
854442,Insulated electric conductors; for a voltage not exceeding 1,2022,702,Singapour,13754.618,270.98,270.98,50.75879400693778,7961.186,72.7709665368954
854442,Insulated electric conductors; for a voltage not exceeding 1,2023,702,Singapour,34429.208,319.0,319.0,107.92855172413793,13754.618,150.31017219089614
854442,Insulated electric conductors; for a voltage not exceeding 1,2015,724,Espagne,33505171.788,1421765.0,1421765.0,23.565899982064547,,
854442,Insulated electric conductors; for a voltage not exceeding 1,2016,724,Espagne,11456471.0,517485.0,517485.0,22.138749915456486,33505171.788,-65.80685790095492
854442,Insulated electric conductors; for a voltage not exceeding 1,2017,724,Espagne,2431470.858,106481.98,106481.98,22.834575934820148,11456471.0,-78.77644120951382
854442,Insulated electric conductors; for a voltage not exceeding 1,2018,724,Espagne,2294791.03,40352.52,40352.52,56.86859284128971,2431470.858,-5.621281766561078
854442,Insulated electric conductors; for a voltage not exceeding 1,2019,724,Espagne,51462172.908,2817476.97,2817476.97,18.26533932875412,2294791.03,2142.564670823208
854442,Insulated electric conductors; for a voltage not exceeding 1,2020,724,Espagne,93756040.031,4869818.69,4869818.69,19.252470368871165,51462172.908,82.18437880306692
854442,Insulated electric conductors; for a voltage not exceeding 1,2021,724,Espagne,87092286.259,3856829.74,3856829.74,22.581314740380527,93756040.031,-7.107546105612673
854442,Insulated electric conductors; for a voltage not exceeding 1,2022,724,Espagne,133381542.418,6254911.42,6254911.42,21.324289580107276,87092286.259,53.149662441220535
854442,Insulated electric conductors; for a voltage not exceeding 1,2023,724,Espagne,165800280.337,7467941.03,7467941.03,22.2016054587137,133381542.418,24.305265429757895
854442,Insulated electric conductors; for a voltage not exceeding 1,2015,784,Émirats Arabes,40551.638,7703.33,7703.33,5.264169910934622,,
854442,Insulated electric conductors; for a voltage not exceeding 1,2016,784,Émirats Arabes,196.0,9.0,9.0,21.77777777777778,40551.638,-99.51666563999215
854442,Insulated electric conductors; for a voltage not exceeding 1,2017,784,Émirats Arabes,185.098,31.14,31.14,5.944059087989724,196.0,-5.562244897959177
854442,Insulated electric conductors; for a voltage not exceeding 1,2018,784,Émirats Arabes,100.148,7.7,7.7,13.006233766233766,185.098,-45.89460718106085
854442,Insulated electric conductors; for a voltage not exceeding 1,2019,784,Émirats Arabes,319.016,50.91,50.91,6.266273816538991,100.148,218.54455405999124
854442,Insulated electric conductors; for a voltage not exceeding 1,2020,784,Émirats Arabes,1904.737,7.0,7.0,272.10528571428574,319.016,497.0662913458886
854442,Insulated electric conductors; for a voltage not exceeding 1,2021,784,Émirats Arabes,2979.59,43.0,43.0,69.29279069767442,1904.737,56.4305203290533
854442,Insulated electric conductors; for a voltage not exceeding 1,2022,784,Émirats Arabes,44.19,2.0,2.0,22.095,2979.59,-98.51691004467057
854442,Insulated electric conductors; for a voltage not exceeding 1,2023,784,Émirats Arabes,9283.293,1076.15,1076.15,8.626393160804719,44.19,20907.678207739307
854442,Insulated electric conductors; for a voltage not exceeding 1,2015,826,Royaume-Uni,20975.409,305.62,305.62,68.63231791113147,,
854442,Insulated electric conductors; for a voltage not exceeding 1,2016,826,Royaume-Uni,34235.0,1177.0,1177.0,29.086661002548855,20975.409,63.214934211771514
854442,Insulated electric conductors; for a voltage not exceeding 1,2017,826,Royaume-Uni,5524.069,204.9,204.9,26.959829184968278,34235.0,-83.86426464144881
854442,Insulated electric conductors; for a voltage not exceeding 1,2018,826,Royaume-Uni,4841.199,119.75,119.75,40.427549060542795,5524.069,-12.361721042948608
854442,Insulated electric conductors; for a voltage not exceeding 1,2019,826,Royaume-Uni,397683.315,7924.55,7924.55,50.183709485081174,4841.199,8114.562446203927
854442,Insulated electric conductors; for a voltage not exceeding 1,2020,826,Royaume-Uni,3100.081,29.69,29.69,104.41498821151903,397683.315,-99.22046490685685
854442,Insulated electric conductors; for a voltage not exceeding 1,2021,826,Royaume-Uni,29464677.189,1424361.16,1424361.16,20.68624027139297,3100.081,950348.6234069368
854442,Insulated electric conductors; for a voltage not exceeding 1,2022,826,Royaume-Uni,74281388.277,3818550.62,3818550.62,19.452770349028395,29464677.189,152.10318036245567
854442,Insulated electric conductors; for a voltage not exceeding 1,2023,826,Royaume-Uni,97288958.015,5072440.98,5072440.98,19.179909317545178,74281388.277,30.97353222883143
854442,Insulated electric conductors; for a voltage not exceeding 1,2015,842,États-Unis,181595.41,6538.8,6538.8,27.771978038783875,,
854442,Insulated electric conductors; for a voltage not exceeding 1,2016,842,États-Unis,21679817.0,57091.0,57091.0,379.74141283214516,181595.41,11838.526970477944
854442,Insulated electric conductors; for a voltage not exceeding 1,2017,842,États-Unis,5711305.61,14124.0,14124.0,404.3688480600397,21679817.0,-73.65611706962287
854442,Insulated electric conductors; for a voltage not exceeding 1,2018,842,États-Unis,309743.034,6950.5,6950.5,44.56413696856341,5711305.61,-94.57666853866712
854442,Insulated electric conductors; for a voltage not exceeding 1,2019,842,États-Unis,15381.909,224.0,224.0,68.66923660714285,309743.034,-95.03397742271744
854442,Insulated electric conductors; for a voltage not exceeding 1,2020,842,États-Unis,116308.175,1185.0,1185.0,98.15035864978903,15381.909,656.1361531913886
854442,Insulated electric conductors; for a voltage not exceeding 1,2021,842,États-Unis,81897.869,945.8,945.8,86.59110699936562,116308.175,-29.58545777199238
854442,Insulated electric conductors; for a voltage not exceeding 1,2022,842,États-Unis,1331.22,10.22,10.22,130.25636007827788,81897.869,-98.37453646077165
854442,Insulated electric conductors; for a voltage not exceeding 1,2023,842,États-Unis,59396.778,1412.5,1412.5,42.05081628318584,1331.22,4361.830351106503
854449,Insulated electric conductors; for a voltage not exceeding 1,2018,036,Australie,58143.626,1369.26,1369.26,42.46353943005711,,
854449,Insulated electric conductors; for a voltage not exceeding 1,2023,036,Australie,137403.943,6681.0,6681.0,20.566373746445144,58143.626,136.31815291327035
854449,Insulated electric conductors; for a voltage not exceeding 1,2015,056,Belgique,24633.377,326.65,326.65,75.41214449716823,,
854449,Insulated electric conductors; for a voltage not exceeding 1,2016,056,Belgique,12133.0,4567.0,4567.0,2.6566673965403984,24633.377,-50.745689476517974
854449,Insulated electric conductors; for a voltage not exceeding 1,2017,056,Belgique,73459.902,348.08,348.08,211.04315674557574,12133.0,505.4553861369818
854449,Insulated electric conductors; for a voltage not exceeding 1,2018,056,Belgique,42628.665,3685.55,3685.55,11.566432418499273,73459.902,-41.97015808706088
854449,Insulated electric conductors; for a voltage not exceeding 1,2019,056,Belgique,8210.603,1851.0,1851.0,4.4357660723933,42628.665,-80.7392443558812
854449,Insulated electric conductors; for a voltage not exceeding 1,2020,056,Belgique,289.359,4.5,4.5,64.30199999999999,8210.603,-96.47578868446081
854449,Insulated electric conductors; for a voltage not exceeding 1,2021,056,Belgique,5623.306,126.57,126.57,44.42842695741487,289.359,1843.3665446728803
854449,Insulated electric conductors; for a voltage not exceeding 1,2022,056,Belgique,131348.254,23546.0,23546.0,5.5783680455279026,5623.306,2235.783505290304
854449,Insulated electric conductors; for a voltage not exceeding 1,2023,056,Belgique,38207.945,801.11,801.11,47.693756163323386,131348.254,-70.91096087200367
854449,Insulated electric conductors; for a voltage not exceeding 1,2020,124,Canada,2.948,2.12,2.12,1.3905660377358489,,
854449,Insulated electric conductors; for a voltage not exceeding 1,2021,124,Canada,1965.92,40.0,40.0,49.148,2.948,66586.56716417911
854449,Insulated electric conductors; for a voltage not exceeding 1,2022,124,Canada,97.435,2.3,2.3,42.36304347826088,1965.92,-95.04379628876049
854449,Insulated electric conductors; for a voltage not exceeding 1,2015,156,Chine,1049852.771,32947.42,32947.42,31.864491089135356,,
854449,Insulated electric conductors; for a voltage not exceeding 1,2016,156,Chine,164.0,1.0,1.0,164.0,1049852.771,-99.98437876200072
854449,Insulated electric conductors; for a voltage not exceeding 1,2017,156,Chine,292253.708,7936.16,7936.16,36.82558164149916,164.0,178103.48048780486
854449,Insulated electric conductors; for a voltage not exceeding 1,2018,156,Chine,923279.399,38198.54,38198.54,24.170541570436985,292253.708,215.91708632829395
854449,Insulated electric conductors; for a voltage not exceeding 1,2019,156,Chine,1372675.419,105210.92,105210.92,13.046891130692517,923279.399,48.67389226779444
854449,Insulated electric conductors; for a voltage not exceeding 1,2020,156,Chine,505145.417,44191.92,44191.92,11.43071894138114,1372675.419,-63.199937144062744
854449,Insulated electric conductors; for a voltage not exceeding 1,2021,156,Chine,110672.161,13226.69,13226.69,8.367336121130833,505145.417,-78.09102937976374
854449,Insulated electric conductors; for a voltage not exceeding 1,2022,156,Chine,847707.993,69448.23,69448.23,12.206329707754971,110672.161,665.9631702682666
854449,Insulated electric conductors; for a voltage not exceeding 1,2023,156,Chine,774089.384,24616.52,24616.52,31.445930781442705,847707.993,-8.684430205673435
854449,Insulated electric conductors; for a voltage not exceeding 1,2015,251,France,11225831.879,1646245.93,1646245.93,6.819049131377352,,
854449,Insulated electric conductors; for a voltage not exceeding 1,2016,251,France,15723322.0,2634005.0,2634005.0,5.969359207746378,11225831.879,40.06375803127239
854449,Insulated electric conductors; for a voltage not exceeding 1,2017,251,France,35252725.978,5212280.51,5212280.51,6.763397693268048,15723322.0,124.20660200179073
854449,Insulated electric conductors; for a voltage not exceeding 1,2018,251,France,27556929.356,5701793.85,5701793.85,4.833028005037397,35252725.978,-21.830358953808794
854449,Insulated electric conductors; for a voltage not exceeding 1,2019,251,France,27043150.218,5295502.29,5295502.29,5.106814941628511,27556929.356,-1.8644281130260787
854449,Insulated electric conductors; for a voltage not exceeding 1,2020,251,France,87328671.564,11869253.63,11869253.63,7.357553750749195,27043150.218,222.92344220265355
854449,Insulated electric conductors; for a voltage not exceeding 1,2021,251,France,122735405.988,14615886.83,14615886.83,8.397397121061315,87328671.564,40.544226529372665
854449,Insulated electric conductors; for a voltage not exceeding 1,2022,251,France,169788314.257,17010814.83,17010814.83,9.98119819384337,122735405.988,38.33686611473825
854449,Insulated electric conductors; for a voltage not exceeding 1,2023,251,France,186174120.012,18690398.71,18690398.71,9.960949624493056,169788314.257,9.650726451172387
854449,Insulated electric conductors; for a voltage not exceeding 1,2015,276,Allemagne,24200.967,983.2,983.2,24.614490439381612,,
854449,Insulated electric conductors; for a voltage not exceeding 1,2016,276,Allemagne,2613782.0,127265.0,127265.0,20.53810552783562,24200.967,10700.320499589954
854449,Insulated electric conductors; for a voltage not exceeding 1,2017,276,Allemagne,3200831.791,154761.21,154761.21,20.68239057448569,2613782.0,22.459783983515084
854449,Insulated electric conductors; for a voltage not exceeding 1,2018,276,Allemagne,1473253.983,73660.45,73660.45,20.000610680494077,3200831.791,-53.97277710305022
854449,Insulated electric conductors; for a voltage not exceeding 1,2019,276,Allemagne,1310107.786,36121.01,36121.01,36.269965485461235,1473253.983,-11.073867702552135
854449,Insulated electric conductors; for a voltage not exceeding 1,2020,276,Allemagne,5375588.485,326918.22,326918.22,16.443220830579587,1310107.786,310.31650543904175
854449,Insulated electric conductors; for a voltage not exceeding 1,2021,276,Allemagne,4312344.817,325466.23,325466.23,13.249745809265681,5375588.485,-19.779112016607435
854449,Insulated electric conductors; for a voltage not exceeding 1,2022,276,Allemagne,2408308.253,240206.54,240206.54,10.025989521351084,4312344.817,-44.15316132638472
854449,Insulated electric conductors; for a voltage not exceeding 1,2023,276,Allemagne,30975387.596,1262951.17,1262951.17,24.526195732492177,2408308.253,1186.1886578437102
854449,Insulated electric conductors; for a voltage not exceeding 1,2015,380,Italie,171.891,15.0,15.0,11.459399999999999,,
854449,Insulated electric conductors; for a voltage not exceeding 1,2016,380,Italie,65851.0,847.0,847.0,77.7461629279811,171.891,38209.7428021246
854449,Insulated electric conductors; for a voltage not exceeding 1,2017,380,Italie,39595.786,9309.0,9309.0,4.253495112256956,65851.0,-39.87063825910009
854449,Insulated electric conductors; for a voltage not exceeding 1,2018,380,Italie,332559.379,13610.27,13610.27,24.43444391624854,39595.786,739.8857873411075
854449,Insulated electric conductors; for a voltage not exceeding 1,2019,380,Italie,1113961.953,34492.8,34492.8,32.29549218967436,332559.379,234.9663318321267
854449,Insulated electric conductors; for a voltage not exceeding 1,2020,380,Italie,597246.176,31110.0,31110.0,19.197884153005464,1113961.953,-46.38540621683154
854449,Insulated electric conductors; for a voltage not exceeding 1,2021,380,Italie,229527.347,9801.0,9801.0,23.418768186919703,597246.176,-61.56905540404832
854449,Insulated electric conductors; for a voltage not exceeding 1,2022,380,Italie,751830.76,28405.6,28405.6,26.467695102374183,229527.347,227.55607112907552
854449,Insulated electric conductors; for a voltage not exceeding 1,2023,380,Italie,6657344.587,233792.49,233792.49,28.475442419044345,751830.76,785.4844655464749
854449,Insulated electric conductors; for a voltage not exceeding 1,2015,392,Japon,542.339,90.0,90.0,6.0259888888888895,,
854449,Insulated electric conductors; for a voltage not exceeding 1,2016,392,Japon,2187.0,137.0,137.0,15.963503649635037,542.339,303.253315730567
854449,Insulated electric conductors; for a voltage not exceeding 1,2018,392,Japon,62.326,3.0,3.0,20.775333333333332,2187.0,-97.15016003657979
854449,Insulated electric conductors; for a voltage not exceeding 1,2019,392,Japon,5886.508,1839.35,1839.35,3.2003196781471717,62.326,9344.706863909123
854449,Insulated electric conductors; for a voltage not exceeding 1,2021,392,Japon,517.885,25.2,25.2,20.550992063492064,5886.508,-91.20216943559747
854449,Insulated electric conductors; for a voltage not exceeding 1,2022,392,Japon,158.75,7.0,7.0,22.678571428571427,517.885,-69.34647653436573
854449,Insulated electric conductors; for a voltage not exceeding 1,2023,392,Japon,7294.333,357.13,357.13,20.424867695237026,158.75,4494.855433070866
854449,Insulated electric conductors; for a voltage not exceeding 1,2017,410,Corée du Sud,13035.75,598.56,598.56,21.77851844426624,,
854449,Insulated electric conductors; for a voltage not exceeding 1,2018,410,Corée du Sud,13983.547,853.91,853.91,16.375902612687522,13035.75,7.270751586981958
854449,Insulated electric conductors; for a voltage not exceeding 1,2020,410,Corée du Sud,139657.818,931.61,931.61,149.91017485857816,13983.547,898.7295641084482
854449,Insulated electric conductors; for a voltage not exceeding 1,2021,410,Corée du Sud,1169618.083,8376.36,8376.36,139.6332157404887,139657.818,737.4884412127935
854449,Insulated electric conductors; for a voltage not exceeding 1,2022,410,Corée du Sud,595614.437,7372.28,7372.28,80.79107643768279,1169618.083,-49.07616035891949
854449,Insulated electric conductors; for a voltage not exceeding 1,2023,410,Corée du Sud,451506.688,3693.33,3693.33,122.24921358232274,595614.437,-24.194804566162656
854449,Insulated electric conductors; for a voltage not exceeding 1,2015,528,Pays-Bas,830.411,16.8,16.8,49.429226190476186,,
854449,Insulated electric conductors; for a voltage not exceeding 1,2016,528,Pays-Bas,43.0,2.0,2.0,21.5,830.411,-94.8218412328353
854449,Insulated electric conductors; for a voltage not exceeding 1,2017,528,Pays-Bas,185.614,1.3,1.3,142.78,43.0,331.66046511627906
854449,Insulated electric conductors; for a voltage not exceeding 1,2018,528,Pays-Bas,8136.498,431.4,431.4,18.86068150208623,185.614,4283.558352279461
854449,Insulated electric conductors; for a voltage not exceeding 1,2019,528,Pays-Bas,5407.88,554.0,554.0,9.761516245487364,8136.498,-33.53553334616441
854449,Insulated electric conductors; for a voltage not exceeding 1,2020,528,Pays-Bas,40273.154,708.5,708.5,56.842842625264645,5407.88,644.7124196542824
854449,Insulated electric conductors; for a voltage not exceeding 1,2022,528,Pays-Bas,35605.658,3622.09,3622.09,9.830141713761945,40273.154,-11.589596384728146
854449,Insulated electric conductors; for a voltage not exceeding 1,2023,528,Pays-Bas,4315.088,29.6,29.6,145.77999999999997,35605.658,-87.88089241322264
854449,Insulated electric conductors; for a voltage not exceeding 1,2015,634,Qatar,240.234,16.0,16.0,15.014625,,
854449,Insulated electric conductors; for a voltage not exceeding 1,2016,634,Qatar,559.0,13.0,13.0,43.0,240.234,132.6897941174022
854449,Insulated electric conductors; for a voltage not exceeding 1,2015,682,Arabie Saoudite,1029831.32,150503.0,150503.0,6.842596625980877,,
854449,Insulated electric conductors; for a voltage not exceeding 1,2016,682,Arabie Saoudite,5840.0,310.0,310.0,18.838709677419356,1029831.32,-99.43291683923539
854449,Insulated electric conductors; for a voltage not exceeding 1,2017,682,Arabie Saoudite,7289.235,2568.0,2568.0,2.83848714953271,5840.0,24.81566780821917
854449,Insulated electric conductors; for a voltage not exceeding 1,2020,682,Arabie Saoudite,2303.689,280.0,280.0,8.227460714285714,7289.235,-68.39601137842311
854449,Insulated electric conductors; for a voltage not exceeding 1,2015,724,Espagne,111488533.453,7921153.6,7921153.6,14.074784947106695,,
854449,Insulated electric conductors; for a voltage not exceeding 1,2016,724,Espagne,126136785.0,9326852.0,9326852.0,13.524047020366572,111488533.453,13.138796514150256
854449,Insulated electric conductors; for a voltage not exceeding 1,2017,724,Espagne,249186097.337,19957186.68,19957186.68,12.4860332937969,126136785.0,97.55228210152971
854449,Insulated electric conductors; for a voltage not exceeding 1,2018,724,Espagne,252823290.345,16595187.9,16595187.9,15.234735024904419,249186097.337,1.45962918753089
854449,Insulated electric conductors; for a voltage not exceeding 1,2019,724,Espagne,215827574.636,17618897.8,17618897.8,12.249777317852425,252823290.345,-14.633033079553718
854449,Insulated electric conductors; for a voltage not exceeding 1,2020,724,Espagne,297197589.316,23517628.2,23517628.2,12.637226287810774,215827574.636,37.70139882136612
854449,Insulated electric conductors; for a voltage not exceeding 1,2021,724,Espagne,220664620.118,13545149.69,13545149.69,16.291043300976618,297197589.316,-25.75154440994644
854449,Insulated electric conductors; for a voltage not exceeding 1,2022,724,Espagne,285763692.532,17548553.33,17548553.33,16.284173809556986,220664620.118,29.5013638249704
854449,Insulated electric conductors; for a voltage not exceeding 1,2023,724,Espagne,326209626.899,18107576.41,18107576.41,18.015090452350602,285763692.532,14.153629528170667
854449,Insulated electric conductors; for a voltage not exceeding 1,2015,784,Émirats Arabes,255822.542,18252.34,18252.34,14.015876430090607,,
854449,Insulated electric conductors; for a voltage not exceeding 1,2016,784,Émirats Arabes,84217.0,20131.0,20131.0,4.183448412895534,255822.542,-67.07991432592362
854449,Insulated electric conductors; for a voltage not exceeding 1,2017,784,Émirats Arabes,168464.814,33866.49,33866.49,4.974380693127632,84217.0,100.03658881223507
854449,Insulated electric conductors; for a voltage not exceeding 1,2018,784,Émirats Arabes,222038.286,44471.04,44471.04,4.992873699378292,168464.814,31.800986050416423
854449,Insulated electric conductors; for a voltage not exceeding 1,2019,784,Émirats Arabes,146244.854,28649.4,28649.4,5.10463932927042,222038.286,-34.135298630435294
854449,Insulated electric conductors; for a voltage not exceeding 1,2020,784,Émirats Arabes,22985.101,3887.11,3887.11,5.913159390909955,146244.854,-84.28313860534196
854449,Insulated electric conductors; for a voltage not exceeding 1,2021,784,Émirats Arabes,202705.695,26515.76,26515.76,7.6447250616237294,22985.101,781.9003884298791
854449,Insulated electric conductors; for a voltage not exceeding 1,2022,784,Émirats Arabes,188930.043,25207.8,25207.8,7.494904077309404,202705.695,-6.795887999101358
854449,Insulated electric conductors; for a voltage not exceeding 1,2023,784,Émirats Arabes,278962.384,40001.63,40001.63,6.973775418651691,188930.043,47.6537979721944
854449,Insulated electric conductors; for a voltage not exceeding 1,2015,826,Royaume-Uni,12441644.216,824762.2,824762.2,15.085129042043878,,
854449,Insulated electric conductors; for a voltage not exceeding 1,2016,826,Royaume-Uni,56129028.0,4168558.0,4168558.0,13.464854753130458,12441644.216,351.1383465524425
854449,Insulated electric conductors; for a voltage not exceeding 1,2017,826,Royaume-Uni,23528732.682,1566292.78,1566292.78,15.021925008171205,56129028.0,-58.08099031752341
854449,Insulated electric conductors; for a voltage not exceeding 1,2018,826,Royaume-Uni,114353595.256,8309862.8,8309862.8,13.761189325051191,23528732.682,386.0168067763506
854449,Insulated electric conductors; for a voltage not exceeding 1,2019,826,Royaume-Uni,96339222.755,7026837.01,7026837.01,13.710183204462856,114353595.256,-15.753219180098151
854449,Insulated electric conductors; for a voltage not exceeding 1,2020,826,Royaume-Uni,7765906.475,697908.07,697908.07,11.127406042174007,96339222.755,-91.93899820559125
854449,Insulated electric conductors; for a voltage not exceeding 1,2021,826,Royaume-Uni,19786952.199,874052.9,874052.9,22.63816320385185,7765906.475,154.7925636588355
854449,Insulated electric conductors; for a voltage not exceeding 1,2022,826,Royaume-Uni,4789977.449,240021.6,240021.6,19.95644329093715,19786952.199,-75.79224227750407
854449,Insulated electric conductors; for a voltage not exceeding 1,2023,826,Royaume-Uni,8898863.814,248072.39,248072.39,35.87204450281629,4789977.449,85.78091251468852
854449,Insulated electric conductors; for a voltage not exceeding 1,2015,842,États-Unis,6582790.618,196414.3,196414.3,33.514823605002285,,
854449,Insulated electric conductors; for a voltage not exceeding 1,2016,842,États-Unis,8581579.0,325352.0,325352.0,26.37629090953798,6582790.618,30.36384563918087
854449,Insulated electric conductors; for a voltage not exceeding 1,2017,842,États-Unis,1623341.95,15643.76,15643.76,103.769295233371,8581579.0,-81.08341192221151
854449,Insulated electric conductors; for a voltage not exceeding 1,2018,842,États-Unis,2677.895,42.57,42.57,62.905684754521964,1623341.95,-99.83503814461272
854449,Insulated electric conductors; for a voltage not exceeding 1,2019,842,États-Unis,6866.64,118.53,118.53,57.93166287015946,2677.895,156.41931442420264
854449,Insulated electric conductors; for a voltage not exceeding 1,2020,842,États-Unis,167200.536,53795.13,53795.13,3.1080980006926278,6866.64,2334.968718325119
854449,Insulated electric conductors; for a voltage not exceeding 1,2021,842,États-Unis,495261.576,9386.43,9386.43,52.76357209290433,167200.536,196.20812698830107
854449,Insulated electric conductors; for a voltage not exceeding 1,2022,842,États-Unis,588271.607,13639.14,13639.14,43.13113634730635,495261.576,18.779981227536204
854449,Insulated electric conductors; for a voltage not exceeding 1,2023,842,États-Unis,438897.605,4046.32,4046.32,108.46833789715099,588271.607,-25.392012842802387
870322,Vehicles; with only spark-ignition internal combustion pisto,2016,036,Australie,9741.0,1074.0,1.0,9.069832402234637,,
870322,Vehicles; with only spark-ignition internal combustion pisto,2017,036,Australie,9753.876,1152.28,0.724,8.464848821467005,9741.0,0.13218355404989432
870322,Vehicles; with only spark-ignition internal combustion pisto,2019,036,Australie,46685.263,5869.39,5.0,7.954022990464085,9753.876,378.63293525568713
870322,Vehicles; with only spark-ignition internal combustion pisto,2015,056,Belgique,48376166.204,5460170.0,5084.0,8.85982784492058,,
870322,Vehicles; with only spark-ignition internal combustion pisto,2016,056,Belgique,60578932.0,7029831.0,6370.0,8.617409437012071,48376166.204,25.224747543121772
870322,Vehicles; with only spark-ignition internal combustion pisto,2017,056,Belgique,65829485.466,7938346.0,4883.75,8.292594636968456,60578932.0,8.66729288987795
870322,Vehicles; with only spark-ignition internal combustion pisto,2018,056,Belgique,106719900.46,12140771.0,10559.0,8.790207842648543,65829485.466,62.11565334977336
870322,Vehicles; with only spark-ignition internal combustion pisto,2019,056,Belgique,107099046.459,13094936.0,11308.0,8.178661312968616,106719900.46,0.3552720695631849
870322,Vehicles; with only spark-ignition internal combustion pisto,2020,056,Belgique,53158637.862,6225790.0,5291.0,8.538456623496778,107099046.459,-50.364975581411585
870322,Vehicles; with only spark-ignition internal combustion pisto,2021,056,Belgique,66125655.942,6425265.0,5487.0,10.291506411330895,53158637.862,24.39305934373717
870322,Vehicles; with only spark-ignition internal combustion pisto,2022,056,Belgique,104291999.411,9566221.0,8420.0,10.9021106046996,66125655.942,57.717905290007835
870322,Vehicles; with only spark-ignition internal combustion pisto,2023,056,Belgique,124696970.709,10935126.0,7201.375,11.403341004849876,104291999.411,19.56523166996435
870322,Vehicles; with only spark-ignition internal combustion pisto,2022,124,Canada,8857.692,1625.0,1.0,5.450887384615384,,
870322,Vehicles; with only spark-ignition internal combustion pisto,2023,124,Canada,36997.059,1610.0,2.137,22.979539751552796,8857.692,317.68283430943416
870322,Vehicles; with only spark-ignition internal combustion pisto,2015,251,France,307239780.54,34209990.7,31971.0,8.980995734091211,,
870322,Vehicles; with only spark-ignition internal combustion pisto,2016,251,France,446082921.0,51380135.0,46904.0,8.682011462212001,307239780.54,45.19048289123608
870322,Vehicles; with only spark-ignition internal combustion pisto,2017,251,France,477211019.208,57676555.4,35403.271,8.273916774301679,446082921.0,6.97809683863687
870322,Vehicles; with only spark-ignition internal combustion pisto,2018,251,France,369656628.274,41651810.0,36246.0,8.874923521306757,477211019.208,-22.538119742604
870322,Vehicles; with only spark-ignition internal combustion pisto,2019,251,France,369138776.074,43952078.0,37881.0,8.39866492942609,369656628.274,-0.14009006207137217
870322,Vehicles; with only spark-ignition internal combustion pisto,2020,251,France,587276594.619,66614964.0,56476.0,8.815986069121045,369138776.074,59.093715611515876
870322,Vehicles; with only spark-ignition internal combustion pisto,2021,251,France,1187441568.706,116582089.0,99367.0,10.185454548734327,587276594.619,102.19460124685568
870322,Vehicles; with only spark-ignition internal combustion pisto,2022,251,France,1233482268.869,114217601.0,99380.0,10.799406204206653,1187441568.706,3.8773023765011154
870322,Vehicles; with only spark-ignition internal combustion pisto,2023,251,France,1345816050.779,125491047.0,77722.224,10.724398934841942,1233482268.869,9.107044725742249
870322,Vehicles; with only spark-ignition internal combustion pisto,2015,276,Allemagne,154794180.967,17614259.0,16435.0,8.788004137273104,,
870322,Vehicles; with only spark-ignition internal combustion pisto,2016,276,Allemagne,188967970.0,21868708.0,19869.0,8.64102122539658,154794180.967,22.07692099245344
870322,Vehicles; with only spark-ignition internal combustion pisto,2017,276,Allemagne,255307505.742,30806501.0,18940.721,8.287455486814293,188967970.0,35.1062329462501
870322,Vehicles; with only spark-ignition internal combustion pisto,2018,276,Allemagne,372332021.787,42283970.0,36782.0,8.805512391267897,255307505.742,45.836692385870805
870322,Vehicles; with only spark-ignition internal combustion pisto,2019,276,Allemagne,360640072.341,43789412.0,38033.0,8.235782484153933,372332021.787,-3.140194439867059
870322,Vehicles; with only spark-ignition internal combustion pisto,2020,276,Allemagne,205385688.707,25071776.0,21153.0,8.191908252012142,360640072.341,-43.049676267589206
870322,Vehicles; with only spark-ignition internal combustion pisto,2021,276,Allemagne,240100489.391,21629344.0,18628.0,11.100682914424034,205385688.707,16.902249081981367
870322,Vehicles; with only spark-ignition internal combustion pisto,2022,276,Allemagne,238479691.692,20790283.0,18188.0,11.470728498116163,240100489.391,-0.6750497273500166
870322,Vehicles; with only spark-ignition internal combustion pisto,2023,276,Allemagne,338058813.234,28258380.0,19523.235,11.963134943829052,238479691.692,41.75580773167382
870322,Vehicles; with only spark-ignition internal combustion pisto,2015,380,Italie,53543304.324,6208328.0,5782.0,8.624432266465304,,
870322,Vehicles; with only spark-ignition internal combustion pisto,2016,380,Italie,78807107.0,9349486.0,8286.0,8.429030964910798,53543304.324,47.18386919702277
870322,Vehicles; with only spark-ignition internal combustion pisto,2017,380,Italie,133407165.27,16098044.0,9897.194,8.287166147017613,78807107.0,69.2831653749198
870322,Vehicles; with only spark-ignition internal combustion pisto,2018,380,Italie,183373861.125,20740148.0,18088.0,8.841492410034876,133407165.27,37.45428197493999
870322,Vehicles; with only spark-ignition internal combustion pisto,2019,380,Italie,248749996.357,30181737.0,26278.0,8.241738915059793,183373861.125,35.651828908938775
870322,Vehicles; with only spark-ignition internal combustion pisto,2020,380,Italie,247525345.144,28712738.0,24280.0,8.620750314511977,248749996.357,-0.4923221028885603
870322,Vehicles; with only spark-ignition internal combustion pisto,2021,380,Italie,283396476.502,27031583.0,23074.0,10.483902348671181,247525345.144,14.49190236948529
870322,Vehicles; with only spark-ignition internal combustion pisto,2022,380,Italie,570358081.664,50570510.0,44189.0,11.278472011929482,283396476.502,101.25800034778305
870322,Vehicles; with only spark-ignition internal combustion pisto,2023,380,Italie,747423899.106,66890910.0,43164.478,11.173773822272711,570358081.664,31.04467581583424
870322,Vehicles; with only spark-ignition internal combustion pisto,2018,410,Corée du Sud,12784.86,2010.0,1.0,6.360626865671642,,
870322,Vehicles; with only spark-ignition internal combustion pisto,2015,414,Koweït,5839388.985,704450.92,661.0,8.289277250145403,,
870322,Vehicles; with only spark-ignition internal combustion pisto,2016,414,Koweït,219469.0,23423.0,23.0,9.369807454211672,5839388.985,-96.24157594974811
870322,Vehicles; with only spark-ignition internal combustion pisto,2017,414,Koweït,1356282.007,161594.07,100.62,8.393142192655954,219469.0,517.9834085907349
870322,Vehicles; with only spark-ignition internal combustion pisto,2018,414,Koweït,4123822.218,464782.72,405.0,8.872580757735571,1356282.007,204.05344881936492
870322,Vehicles; with only spark-ignition internal combustion pisto,2019,414,Koweït,5923780.477,709830.4,626.0,8.34534626440344,4123822.218,43.647814184214674
870322,Vehicles; with only spark-ignition internal combustion pisto,2020,414,Koweït,3471239.963,428970.3,360.0,8.092028662590394,5923780.477,-41.40161039934498
870322,Vehicles; with only spark-ignition internal combustion pisto,2021,414,Koweït,7386326.85,708285.9,610.0,10.428453891288813,3471239.963,112.78640856670732
870322,Vehicles; with only spark-ignition internal combustion pisto,2023,414,Koweït,8021546.011,649102.0,463.252,12.357912948966419,7386326.85,8.599933010004836
870322,Vehicles; with only spark-ignition internal combustion pisto,2015,528,Pays-Bas,14101966.628,1600110.84,1496.0,8.813118613708035,,
870322,Vehicles; with only spark-ignition internal combustion pisto,2016,528,Pays-Bas,11421960.0,1317132.0,1201.0,8.67184154663314,14101966.628,-19.00448851352934
870322,Vehicles; with only spark-ignition internal combustion pisto,2017,528,Pays-Bas,14465243.771,1741200.9,1073.146,8.307624795622377,11421960.0,26.644146635078393
870322,Vehicles; with only spark-ignition internal combustion pisto,2018,528,Pays-Bas,20063398.964,2271172.69,1974.0,8.833938102698832,14465243.771,38.70073177904692
870322,Vehicles; with only spark-ignition internal combustion pisto,2019,528,Pays-Bas,14009921.471,1687346.89,1473.0,8.302929026644902,20063398.964,-30.171744597522228
870322,Vehicles; with only spark-ignition internal combustion pisto,2020,528,Pays-Bas,21891018.118,2430915.74,2058.0,9.00525582100184,14009921.471,56.253681816229786
870322,Vehicles; with only spark-ignition internal combustion pisto,2021,528,Pays-Bas,22447323.997,2046882.4,1761.0,10.966591923893626,21891018.118,2.5412517407884985
870322,Vehicles; with only spark-ignition internal combustion pisto,2022,528,Pays-Bas,53924580.024,5536652.0,4729.0,9.739564636534858,22447323.997,140.2272094045901
870322,Vehicles; with only spark-ignition internal combustion pisto,2023,528,Pays-Bas,55349584.659,5094659.0,3196.494,10.86423736289318,53924580.024,2.6425882860205574
870322,Vehicles; with only spark-ignition internal combustion pisto,2015,634,Qatar,461828.957,53455.63,50.0,8.639482071392667,,
870322,Vehicles; with only spark-ignition internal combustion pisto,2016,634,Qatar,1024215.0,121420.0,108.0,8.435307198155163,461828.957,121.77366414033672
870322,Vehicles; with only spark-ignition internal combustion pisto,2017,634,Qatar,1227517.394,148139.72,91.067,8.286213812203776,1024215.0,19.849581777263573
870322,Vehicles; with only spark-ignition internal combustion pisto,2018,634,Qatar,403773.606,45781.8,40.0,8.819522299254288,1227517.394,-67.10648598760304
870322,Vehicles; with only spark-ignition internal combustion pisto,2019,634,Qatar,2319601.018,279658.58,245.0,8.29440318977519,403773.606,474.4805959406866
870322,Vehicles; with only spark-ignition internal combustion pisto,2020,634,Qatar,1662281.91,207690.24,175.0,8.003659247540954,2319601.018,-28.337593530061135
870322,Vehicles; with only spark-ignition internal combustion pisto,2021,634,Qatar,499490.274,59998.9,49.0,8.324990524826289,1662281.91,-69.9515304236211
870322,Vehicles; with only spark-ignition internal combustion pisto,2023,634,Qatar,1890726.864,153198.0,109.191,12.341720283554617,499490.274,278.5312672574682
870322,Vehicles; with only spark-ignition internal combustion pisto,2015,682,Arabie Saoudite,13393208.371,1616032.32,1521.0,8.28771071298871,,
870322,Vehicles; with only spark-ignition internal combustion pisto,2016,682,Arabie Saoudite,16222438.0,1859264.0,1706.0,8.725193409865408,13393208.371,21.124360576111588
870322,Vehicles; with only spark-ignition internal combustion pisto,2017,682,Arabie Saoudite,12288488.6,1478755.05,911.657,8.310023083268591,16222438.0,-24.250050454808335
870322,Vehicles; with only spark-ignition internal combustion pisto,2018,682,Arabie Saoudite,20521281.062,2313274.5,2020.0,8.87109638825829,12288488.6,66.99597265362641
870322,Vehicles; with only spark-ignition internal combustion pisto,2019,682,Arabie Saoudite,28738744.447,3576700.22,3056.0,8.034988307462905,20521281.062,40.04361794067807
870322,Vehicles; with only spark-ignition internal combustion pisto,2020,682,Arabie Saoudite,27368316.193,3386268.55,2851.0,8.082145815930636,28738744.447,-4.768573855156911
870322,Vehicles; with only spark-ignition internal combustion pisto,2021,682,Arabie Saoudite,29325149.685,2939393.22,2522.0,9.976599757211115,27368316.193,7.149995923024663
870322,Vehicles; with only spark-ignition internal combustion pisto,2023,682,Arabie Saoudite,905165.294,84113.0,52.274,10.761300797736379,29325149.685,-96.91334808612078
870322,Vehicles; with only spark-ignition internal combustion pisto,2015,724,Espagne,139254526.097,15498479.0,14423.0,8.985044667738041,,
870322,Vehicles; with only spark-ignition internal combustion pisto,2016,724,Espagne,188124676.0,21506566.0,19781.0,8.747313541362205,139254526.097,35.09411957566011
870322,Vehicles; with only spark-ignition internal combustion pisto,2017,724,Espagne,198062515.131,23835529.0,14693.837,8.309549795643303,188124676.0,5.282581393522247
870322,Vehicles; with only spark-ignition internal combustion pisto,2018,724,Espagne,295798143.592,33614450.0,29261.0,8.799731769878727,198062515.131,49.345848403650194
870322,Vehicles; with only spark-ignition internal combustion pisto,2019,724,Espagne,276818903.69,32991510.0,29109.0,8.390610302165618,295798143.592,-6.416280937915025
870322,Vehicles; with only spark-ignition internal combustion pisto,2020,724,Espagne,144972589.26,17205168.0,14552.0,8.426107159197748,276818903.69,-47.62908626271064
870322,Vehicles; with only spark-ignition internal combustion pisto,2021,724,Espagne,185922052.798,18643696.0,15898.0,9.972381699315415,144972589.26,28.24634901468133
870322,Vehicles; with only spark-ignition internal combustion pisto,2022,724,Espagne,271516088.295,23705799.0,20758.0,11.453572532822033,185922052.798,46.03759167289097
870322,Vehicles; with only spark-ignition internal combustion pisto,2023,724,Espagne,431193976.497,38039800.0,24901.884,11.335337633136872,271516088.295,58.809733598
870322,Vehicles; with only spark-ignition internal combustion pisto,2015,784,Émirats Arabes,3942196.389,507897.24,473.0,7.761799195837331,,
870322,Vehicles; with only spark-ignition internal combustion pisto,2016,784,Émirats Arabes,1911664.0,231109.0,201.0,8.271698635708692,3942196.389,-51.50764164529805
870322,Vehicles; with only spark-ignition internal combustion pisto,2017,784,Émirats Arabes,2222020.839,265840.15,164.847,8.358484747319018,1911664.0,16.23490524485475
870322,Vehicles; with only spark-ignition internal combustion pisto,2018,784,Émirats Arabes,2708004.88,304579.49,266.0,8.890962684322572,2222020.839,21.87126387251671
870322,Vehicles; with only spark-ignition internal combustion pisto,2019,784,Émirats Arabes,4313654.713,532093.16,456.0,8.106953889427935,2708004.88,59.29272302493046
870322,Vehicles; with only spark-ignition internal combustion pisto,2020,784,Émirats Arabes,2470202.601,303583.44,256.0,8.136816029886214,4313654.713,-42.73527286373698
870322,Vehicles; with only spark-ignition internal combustion pisto,2021,784,Émirats Arabes,4954321.588,563290.67,475.0,8.795319808865289,2470202.601,100.5633702269752
870322,Vehicles; with only spark-ignition internal combustion pisto,2023,784,Émirats Arabes,6502005.559,527520.0,375.497,12.325609567409767,4954321.588,31.23906963869055
870322,Vehicles; with only spark-ignition internal combustion pisto,2015,826,Royaume-Uni,103363791.371,11084294.0,10326.0,9.325248082647393,,
870322,Vehicles; with only spark-ignition internal combustion pisto,2016,826,Royaume-Uni,102748531.0,11688003.0,10804.0,8.790939820942894,103363791.371,-0.5952378128155869
870322,Vehicles; with only spark-ignition internal combustion pisto,2017,826,Royaume-Uni,112715704.104,13604068.0,8362.139,8.285441097765757,102748531.0,9.700550467237338
870322,Vehicles; with only spark-ignition internal combustion pisto,2018,826,Royaume-Uni,179895205.014,20350691.0,17754.0,8.839759053586928,112715704.104,59.600835077972036
870322,Vehicles; with only spark-ignition internal combustion pisto,2019,826,Royaume-Uni,96733972.742,11776421.0,10151.0,8.214208097859274,179895205.014,-46.22759804272056
870322,Vehicles; with only spark-ignition internal combustion pisto,2020,826,Royaume-Uni,58060810.068,7081342.9,5992.0,8.199124218091459,96733972.742,-39.97888392028054
870322,Vehicles; with only spark-ignition internal combustion pisto,2021,826,Royaume-Uni,123394517.962,10818989.28,9406.0,11.405364657316678,58060810.068,112.52634577003332
870322,Vehicles; with only spark-ignition internal combustion pisto,2022,826,Royaume-Uni,184444200.012,15388710.0,13629.0,11.985683011246556,123394517.962,49.475197973382066
870322,Vehicles; with only spark-ignition internal combustion pisto,2023,826,Royaume-Uni,251421218.073,22479030.0,14519.827,11.18470049966569,184444200.012,36.31288924056298
870322,Vehicles; with only spark-ignition internal combustion pisto,2018,842,États-Unis,8523.24,3600.0,1.0,2.367566666666667,,
870322,Vehicles; with only spark-ignition internal combustion pisto,2019,842,États-Unis,4939.131,1800.0,1.0,2.743961666666667,8523.24,-42.05101581088881
870322,Vehicles; with only spark-ignition internal combustion pisto,2020,842,États-Unis,12635.772,2500.0,1.0,5.0543088,4939.131,155.82986156876584
870323,Vehicles; with only spark-ignition internal combustion recip,2016,056,Belgique,57550.0,6118.0,4.0,9.406668846028113,,
870323,Vehicles; with only spark-ignition internal combustion recip,2017,056,Belgique,92394.355,7540.0,4.809,12.25389323607427,57550.0,60.54622936576889
870323,Vehicles; with only spark-ignition internal combustion recip,2019,056,Belgique,22875.974,740.0,1.0,30.913478378378375,92394.355,-75.24093977386389
870323,Vehicles; with only spark-ignition internal combustion recip,2022,056,Belgique,21255037.048,2279665.0,2099.0,9.323754607804217,22875.974,92814.23852816061
870323,Vehicles; with only spark-ignition internal combustion recip,2023,056,Belgique,32052086.063,2944334.0,1190.206,10.886022463144467,21255037.048,50.797601484378276
870323,Vehicles; with only spark-ignition internal combustion recip,2015,124,Canada,16391.04,1500.0,1.0,10.92736,,
870323,Vehicles; with only spark-ignition internal combustion recip,2016,124,Canada,39628.0,4054.0,2.0,9.77503700049334,16391.04,141.76623325914645
870323,Vehicles; with only spark-ignition internal combustion recip,2017,124,Canada,11755.532,1500.0,0.612,7.8370213333333325,39628.0,-70.3352881800747
870323,Vehicles; with only spark-ignition internal combustion recip,2019,124,Canada,16429.525,1660.0,1.0,9.897304216867472,11755.532,39.75994450952966
870323,Vehicles; with only spark-ignition internal combustion recip,2022,124,Canada,70508.803,8140.0,5.0,8.662015110565111,16429.525,329.1591083734922
870323,Vehicles; with only spark-ignition internal combustion recip,2023,124,Canada,89339.637,6757.0,3.317,13.221790291549505,70508.803,26.707068052197684
870323,Vehicles; with only spark-ignition internal combustion recip,2022,156,Chine,86026.987,3460.0,2.0,24.863291040462425,,
870323,Vehicles; with only spark-ignition internal combustion recip,2023,156,Chine,185217.149,12155.0,6.878,15.237939037433156,86026.987,115.30121588473163
870323,Vehicles; with only spark-ignition internal combustion recip,2015,251,France,12260647.181,1461258.0,1539.0,8.390473948474533,,
870323,Vehicles; with only spark-ignition internal combustion recip,2016,251,France,22043278.0,2680656.0,1386.0,8.223090915059597,12260647.181,79.78886166922643
870323,Vehicles; with only spark-ignition internal combustion recip,2017,251,France,108242868.677,14263583.93,5633.359,7.588756739415071,22043278.0,391.04706059144195
870323,Vehicles; with only spark-ignition internal combustion recip,2018,251,France,305261806.698,36743058.0,35458.0,8.30801308639036,108242868.677,182.01562876988277
870323,Vehicles; with only spark-ignition internal combustion recip,2019,251,France,240871535.591,29605546.0,27875.0,8.136027472386424,305261806.698,-21.093458039676175
870323,Vehicles; with only spark-ignition internal combustion recip,2020,251,France,224469934.174,26635532.0,25282.0,8.42746201480038,240871535.591,-6.809273406572176
870323,Vehicles; with only spark-ignition internal combustion recip,2021,251,France,336079829.177,31819699.0,29076.0,10.562005290402023,224469934.174,49.72153416166841
870323,Vehicles; with only spark-ignition internal combustion recip,2022,251,France,311456889.941,31850500.0,29045.0,9.778712734211393,336079829.177,-7.326515041470123
870323,Vehicles; with only spark-ignition internal combustion recip,2023,251,France,366313633.905,34235913.0,13602.511,10.699689355589845,311456889.941,17.61294925098354
870323,Vehicles; with only spark-ignition internal combustion recip,2015,276,Allemagne,8195.52,1500.0,1.0,5.46368,,
870323,Vehicles; with only spark-ignition internal combustion recip,2017,276,Allemagne,96202.632,4120.0,5.007,23.350153398058254,8195.52,1073.844148998477
870323,Vehicles; with only spark-ignition internal combustion recip,2018,276,Allemagne,5327.025,1048.0,1.0,5.0830391221374045,96202.632,-94.46270347364302
870323,Vehicles; with only spark-ignition internal combustion recip,2019,276,Allemagne,10398.17,1830.0,1.0,5.682060109289617,5327.025,95.19656844110926
870323,Vehicles; with only spark-ignition internal combustion recip,2020,276,Allemagne,31589.43,1740.0,1.0,18.154844827586206,10398.17,203.79797599000594
870323,Vehicles; with only spark-ignition internal combustion recip,2021,276,Allemagne,13350.415,1830.0,1.0,7.295308743169399,31589.43,-57.737714798905834
870323,Vehicles; with only spark-ignition internal combustion recip,2023,276,Allemagne,5465455.859,526160.0,202.952,10.387440814581117,13350.415,40838.47164301634
870323,Vehicles; with only spark-ignition internal combustion recip,2017,380,Italie,4381.72,1200.0,0.228,3.6514333333333338,,
870323,Vehicles; with only spark-ignition internal combustion recip,2019,380,Italie,50051621.138,5745277.0,5400.0,8.711785548024926,4381.72,1142182.5086495713
870323,Vehicles; with only spark-ignition internal combustion recip,2021,380,Italie,50234885.91,4403945.0,4048.0,11.406792298723076,50051621.138,0.36615152083627983
870323,Vehicles; with only spark-ignition internal combustion recip,2022,380,Italie,68957617.056,6986713.0,6377.0,9.869822483906237,50234885.91,37.27037656568652
870323,Vehicles; with only spark-ignition internal combustion recip,2023,380,Italie,139786891.3,12659738.0,5190.778,11.041847098257485,68957617.056,102.71421384309156
870323,Vehicles; with only spark-ignition internal combustion recip,2020,392,Japon,7370.867,2060.0,1.0,3.578090776699029,,
870323,Vehicles; with only spark-ignition internal combustion recip,2015,410,Corée du Sud,24657.861,2500.0,1.0,9.8631444,,
870323,Vehicles; with only spark-ignition internal combustion recip,2016,410,Corée du Sud,45917.0,4400.0,3.0,10.435681818181818,24657.861,86.21647676576649
870323,Vehicles; with only spark-ignition internal combustion recip,2017,410,Corée du Sud,11343.057,1500.0,0.59,7.562038,45917.0,-75.29660692118387
870323,Vehicles; with only spark-ignition internal combustion recip,2018,410,Corée du Sud,50074.035,1900.0,1.0,26.354755263157898,11343.057,341.4509686409934
870323,Vehicles; with only spark-ignition internal combustion recip,2017,414,Koweït,18706280.155,2469960.0,973.544,7.573515423326694,,
870323,Vehicles; with only spark-ignition internal combustion recip,2022,414,Koweït,856243.56,78988.0,54.0,10.8401726844584,18706280.155,-95.42269466240654
870323,Vehicles; with only spark-ignition internal combustion recip,2023,414,Koweït,587729.948,130364.0,21.824,4.508376146788991,856243.56,-31.359489816192028
870323,Vehicles; with only spark-ignition internal combustion recip,2015,528,Pays-Bas,10029.268,1500.0,1.0,6.686178666666667,,
870323,Vehicles; with only spark-ignition internal combustion recip,2016,528,Pays-Bas,8163.0,1500.0,1.0,5.442,10029.268,-18.608217469111406
870323,Vehicles; with only spark-ignition internal combustion recip,2019,528,Pays-Bas,31194.51,2950.0,2.0,10.574410169491525,8163.0,282.14516721793456
870323,Vehicles; with only spark-ignition internal combustion recip,2020,528,Pays-Bas,6299.459,1420.0,1.0,4.436238732394366,31194.51,-79.80587289237754
870323,Vehicles; with only spark-ignition internal combustion recip,2022,528,Pays-Bas,9841.88,1400.0,1.0,7.029914285714285,6299.459,56.23373372221327
870323,Vehicles; with only spark-ignition internal combustion recip,2023,528,Pays-Bas,29610.834,2575.0,1.1,11.499353009708738,9841.88,200.86562729884938
870323,Vehicles; with only spark-ignition internal combustion recip,2019,634,Qatar,110414.528,3220.0,1.0,34.29022608695652,,
870323,Vehicles; with only spark-ignition internal combustion recip,2021,634,Qatar,486547.637,55370.0,49.0,8.78720673649991,110414.528,340.6554516086868
870323,Vehicles; with only spark-ignition internal combustion recip,2022,634,Qatar,83412.197,3271.0,2.0,25.500518801589728,486547.637,-82.85631443730556
870323,Vehicles; with only spark-ignition internal combustion recip,2023,634,Qatar,23226.146,4045.0,0.862,5.741939678615575,83412.197,-72.15497632798234
870323,Vehicles; with only spark-ignition internal combustion recip,2015,682,Arabie Saoudite,10244.4,1500.0,1.0,6.8296,,
870323,Vehicles; with only spark-ignition internal combustion recip,2020,682,Arabie Saoudite,8560538.412,1004330.0,908.0,8.523631089382972,10244.4,83463.10190933585
870323,Vehicles; with only spark-ignition internal combustion recip,2022,682,Arabie Saoudite,137786.32,8526.0,12.163,16.16072249589491,8560538.412,-98.39044796753842
870323,Vehicles; with only spark-ignition internal combustion recip,2023,682,Arabie Saoudite,103637.919,20720.0,3.848,5.0018300675675675,137786.32,-24.783593175287656
870323,Vehicles; with only spark-ignition internal combustion recip,2020,724,Espagne,52649.05,2395.0,1.0,21.982901878914408,,
870323,Vehicles; with only spark-ignition internal combustion recip,2021,724,Espagne,66477512.194,5882337.0,5302.0,11.301207699252865,52649.05,126165.35938255295
870323,Vehicles; with only spark-ignition internal combustion recip,2022,724,Espagne,98966844.265,10154513.0,9156.0,9.746094595082994,66477512.194,48.87266535514601
870323,Vehicles; with only spark-ignition internal combustion recip,2023,724,Espagne,82010635.297,8163074.0,3045.343,10.04653826450673,98966844.265,-17.133221831947026
870323,Vehicles; with only spark-ignition internal combustion recip,2015,784,Émirats Arabes,26635.44,2581.0,2.0,10.319814025571484,,
870323,Vehicles; with only spark-ignition internal combustion recip,2016,784,Émirats Arabes,12643652.0,1566726.0,795.0,8.070110536239266,26635.44,47369.28152867007
870323,Vehicles; with only spark-ignition internal combustion recip,2017,784,Émirats Arabes,5055742.706,656521.0,263.12,7.700808817996683,12643652.0,-60.01358858975239
870323,Vehicles; with only spark-ignition internal combustion recip,2018,784,Émirats Arabes,12784.86,3300.0,2.0,3.8742,5055742.706,-99.74712202057222
870323,Vehicles; with only spark-ignition internal combustion recip,2019,784,Émirats Arabes,15597.255,2500.0,1.0,6.2389019999999995,12784.86,21.997855275693272
870323,Vehicles; with only spark-ignition internal combustion recip,2021,784,Émirats Arabes,209972.8,23806.0,21.0,8.82016298412165,15597.255,1246.2163694829635
870323,Vehicles; with only spark-ignition internal combustion recip,2022,784,Émirats Arabes,533364.054,22190.0,11.0,24.036234970707525,209972.8,154.01578394915913
870323,Vehicles; with only spark-ignition internal combustion recip,2023,784,Émirats Arabes,178018.163,17815.0,6.61,9.992599663205164,533364.054,-66.62351696464344
870323,Vehicles; with only spark-ignition internal combustion recip,2015,842,États-Unis,35855.4,4500.0,3.0,7.967866666666667,,
870323,Vehicles; with only spark-ignition internal combustion recip,2016,842,États-Unis,104544.0,18929.0,7.0,5.522954197263458,35855.4,191.57114409545005
870323,Vehicles; with only spark-ignition internal combustion recip,2017,842,États-Unis,122195.659,11905.0,6.36,10.264230071398572,104544.0,16.88443047903275
870323,Vehicles; with only spark-ignition internal combustion recip,2019,842,États-Unis,38473.229,3612.0,2.0,10.651503045404208,122195.659,-68.51506075187172
870323,Vehicles; with only spark-ignition internal combustion recip,2020,842,États-Unis,116880.891,15124.0,8.0,7.7281731684739485,38473.229,203.79797599000597
870323,Vehicles; with only spark-ignition internal combustion recip,2022,842,États-Unis,45958.529,8215.0,4.501,5.594464881314669,116880.891,-60.679176376230735
870323,Vehicles; with only spark-ignition internal combustion recip,2023,842,États-Unis,72428.495,11579.0,2.69,6.255159772001036,45958.529,57.595329041101365
870331,Vehicles; with only compression-ignition internal combustion,2017,056,Belgique,68596.622,5000.0,5.593,13.719324400000001,,
870331,Vehicles; with only compression-ignition internal combustion,2020,056,Belgique,45305976.132,5505034.0,4594.0,8.22991758670337,68596.622,65946.94926814326
870331,Vehicles; with only compression-ignition internal combustion,2021,056,Belgique,23117078.3,2459927.0,1959.0,9.397465168681835,45305976.132,-48.97565338257394
870331,Vehicles; with only compression-ignition internal combustion,2022,056,Belgique,31853925.487,3158953.0,2472.0,10.083697189226937,23117078.3,37.793907489598276
870331,Vehicles; with only compression-ignition internal combustion,2023,056,Belgique,22165732.162,2113760.0,1564.337,10.486399667890394,31853925.487,-30.414440847969825
870331,Vehicles; with only compression-ignition internal combustion,2015,251,France,34121373.438,3837354.0,3598.0,8.891901408626882,,
870331,Vehicles; with only compression-ignition internal combustion,2016,251,France,27405101.0,3471728.0,2459.0,7.893792658871893,34121373.438,-19.68347625339219
870331,Vehicles; with only compression-ignition internal combustion,2017,251,France,134827400.087,14869334.0,10992.126,9.06748076860739,27405101.0,391.9792125086494
870331,Vehicles; with only compression-ignition internal combustion,2018,251,France,140615987.358,15939248.0,14739.0,8.821996329939783,134827400.087,4.293331524055792
870331,Vehicles; with only compression-ignition internal combustion,2019,251,France,156678749.93,20527002.0,19175.0,7.632812133501035,140615987.358,11.42314104804111
870331,Vehicles; with only compression-ignition internal combustion,2020,251,France,326441967.355,37881298.24,33135.0,8.61749682618586,156678749.93,108.35114366233188
870331,Vehicles; with only compression-ignition internal combustion,2021,251,France,472222907.572,48737995.0,40561.0,9.689009725820688,326441967.355,44.65753634503303
870331,Vehicles; with only compression-ignition internal combustion,2022,251,France,384289618.353,38952873.0,31209.0,9.865501277736303,472222907.572,-18.62114010332987
870331,Vehicles; with only compression-ignition internal combustion,2023,251,France,292965173.957,28949258.0,20675.896,10.119954506502378,384289618.353,-23.764483877394614
870331,Vehicles; with only compression-ignition internal combustion,2020,276,Allemagne,23759656.978,2952082.6,2458.0,8.048439084326434,,
870331,Vehicles; with only compression-ignition internal combustion,2021,276,Allemagne,40802201.236,4129373.3,3217.0,9.880966982568518,23759656.978,71.72891542070815
870331,Vehicles; with only compression-ignition internal combustion,2022,276,Allemagne,34678138.905,3360972.0,2542.0,10.317889855970238,40802201.236,-15.009146922192784
870331,Vehicles; with only compression-ignition internal combustion,2023,276,Allemagne,21854738.752,2085652.0,1542.389,10.478612324587228,34678138.905,-36.97834012410362
870331,Vehicles; with only compression-ignition internal combustion,2019,380,Italie,17937992.768,2636822.0,2345.0,6.802883458951722,,
870331,Vehicles; with only compression-ignition internal combustion,2020,380,Italie,63118224.019,7597298.0,6308.0,8.307983182836846,17937992.768,251.86893447519984
870331,Vehicles; with only compression-ignition internal combustion,2021,380,Italie,42625847.732,4665586.1,3762.0,9.136225721351494,63118224.019,-32.46665540023962
870331,Vehicles; with only compression-ignition internal combustion,2022,380,Italie,84686656.18,8489156.0,6692.0,9.975862874943045,42625847.732,98.6744210049439
870331,Vehicles; with only compression-ignition internal combustion,2023,380,Italie,61961851.594,5960861.0,4372.932,10.394782162174222,84686656.18,-26.833984964170547
870331,Vehicles; with only compression-ignition internal combustion,2017,414,Koweït,46511424.933,5470510.0,3791.955,8.50221001935834,,
870331,Vehicles; with only compression-ignition internal combustion,2018,528,Pays-Bas,8523.24,1300.0,1.0,6.556338461538461,,
870331,Vehicles; with only compression-ignition internal combustion,2020,528,Pays-Bas,3367937.483,398017.77,330.0,8.461776676453415,8523.24,39414.75592615015
870331,Vehicles; with only compression-ignition internal combustion,2021,528,Pays-Bas,16047929.489,1625145.6,1254.0,9.874764137440977,3367937.483,376.491311670823
870331,Vehicles; with only compression-ignition internal combustion,2022,528,Pays-Bas,17548616.198,1692068.0,1269.0,10.371105769980876,16047929.489,9.351279303841904
870331,Vehicles; with only compression-ignition internal combustion,2023,528,Pays-Bas,13859274.162,1330472.0,978.113,10.416810095965943,17548616.198,-21.02354963134056
870331,Vehicles; with only compression-ignition internal combustion,2020,682,Arabie Saoudite,686274.681,87549.0,77.0,7.8387495117020185,,
870331,Vehicles; with only compression-ignition internal combustion,2022,682,Arabie Saoudite,8603290.917,833126.0,624.0,10.326518338162535,686274.681,1153.6220780378753
870331,Vehicles; with only compression-ignition internal combustion,2023,682,Arabie Saoudite,40677935.816,3820414.0,2870.828,10.647520351459292,8603290.917,372.8183227608971
870331,Vehicles; with only compression-ignition internal combustion,2019,724,Espagne,17860.833,2072.0,2.0,8.620093146718146,,
870331,Vehicles; with only compression-ignition internal combustion,2020,724,Espagne,117286098.774,14737063.0,12225.0,7.958580266230795,17860.833,656566.4543249467
870331,Vehicles; with only compression-ignition internal combustion,2021,724,Espagne,100631781.773,11094778.0,8844.0,9.070193362408874,117286098.774,-14.199736520430614
870331,Vehicles; with only compression-ignition internal combustion,2022,724,Espagne,188145387.488,18583338.0,14249.0,10.124412927752807,100631781.773,86.96418186493875
870331,Vehicles; with only compression-ignition internal combustion,2023,724,Espagne,183257925.864,17400083.0,12933.352,10.532014465908007,188145387.488,-2.597704726783024
870331,Vehicles; with only compression-ignition internal combustion,2015,784,Émirats Arabes,37904.382,3465.0,3.0,10.939215584415583,,
870331,Vehicles; with only compression-ignition internal combustion,2016,784,Émirats Arabes,33617482.0,4449797.0,3017.0,7.554834973370696,37904.382,88590.22584248967
870331,Vehicles; with only compression-ignition internal combustion,2017,784,Émirats Arabes,21572756.969,2631267.0,1758.77,8.198619512577022,33617482.0,-35.828754310034284
870331,Vehicles; with only compression-ignition internal combustion,2022,784,Émirats Arabes,1453565.563,140909.0,105.0,10.315633231376278,21572756.969,-93.26203152852104
870331,Vehicles; with only compression-ignition internal combustion,2020,826,Royaume-Uni,1587643.745,203003.24,169.0,7.820780323506168,,
870331,Vehicles; with only compression-ignition internal combustion,2023,826,Royaume-Uni,6340427.134,674720.0,447.473,9.397123449727294,1587643.745,299.3608234824746
870870,Vehicle parts; road wheels and parts and accessories thereof,2017,056,Belgique,313.275,5.0,5.0,62.654999999999994,,
870870,Vehicle parts; road wheels and parts and accessories thereof,2019,056,Belgique,6607.101,2525.5,2525.5,2.6161556127499503,313.275,2009.041896097678
870870,Vehicle parts; road wheels and parts and accessories thereof,2021,056,Belgique,4615.016,35.82,35.82,128.83908431044108,6607.101,-30.150666684223538
870870,Vehicle parts; road wheels and parts and accessories thereof,2023,056,Belgique,690.919,280.0,280.0,2.467567857142857,4615.016,-85.02889264089225
870870,Vehicle parts; road wheels and parts and accessories thereof,2016,124,Canada,43.0,1.0,1.0,43.0,,
870870,Vehicle parts; road wheels and parts and accessories thereof,2020,124,Canada,67.707,111.82,111.82,0.6054999105705599,43.0,57.4581395348837
870870,Vehicle parts; road wheels and parts and accessories thereof,2022,124,Canada,47803.881,7430.0,7430.0,6.433900538358008,67.707,70504.04537197041
870870,Vehicle parts; road wheels and parts and accessories thereof,2017,156,Chine,10.312,20.0,20.0,0.5156,,
870870,Vehicle parts; road wheels and parts and accessories thereof,2019,156,Chine,9252.916,2664.0,2664.0,3.4733168168168165,10.312,89629.59658650117
870870,Vehicle parts; road wheels and parts and accessories thereof,2020,156,Chine,3033.322,895.0,895.0,3.389186592178771,9252.916,-67.21766413960745
870870,Vehicle parts; road wheels and parts and accessories thereof,2021,156,Chine,1864.385,435.0,435.0,4.2859425287356325,3033.322,-38.53652859801894
870870,Vehicle parts; road wheels and parts and accessories thereof,2022,156,Chine,1016.666,202.0,202.0,5.033,1864.385,-45.46909570716349
870870,Vehicle parts; road wheels and parts and accessories thereof,2023,156,Chine,80866.497,6624.0,6624.0,12.20810643115942,1016.666,7854.086887925829
870870,Vehicle parts; road wheels and parts and accessories thereof,2015,251,France,28171.28,10395.1,10395.1,2.710053775336456,,
870870,Vehicle parts; road wheels and parts and accessories thereof,2016,251,France,21467.0,2321.0,2321.0,9.249030590262818,28171.28,-23.798279666383632
870870,Vehicle parts; road wheels and parts and accessories thereof,2017,251,France,15003.977,1698.0,1698.0,8.836264428739694,21467.0,-30.10678250337727
870870,Vehicle parts; road wheels and parts and accessories thereof,2018,251,France,20578.404,1291.0,1291.0,15.939894655305963,15003.977,37.15299616894905
870870,Vehicle parts; road wheels and parts and accessories thereof,2019,251,France,9299389.761,1933485.54,1933485.54,4.809650534547054,20578.404,45090.04370309768
870870,Vehicle parts; road wheels and parts and accessories thereof,2020,251,France,73787121.086,14488753.0,14488753.0,5.092717163858063,9299389.761,693.4619688213324
870870,Vehicle parts; road wheels and parts and accessories thereof,2021,251,France,63620354.037,11792678.9,11792678.9,5.3949025981704635,73787121.086,-13.778511614717257
870870,Vehicle parts; road wheels and parts and accessories thereof,2022,251,France,68545061.211,12674640.0,12674640.0,5.408047976983961,63620354.037,7.740772978308025
870870,Vehicle parts; road wheels and parts and accessories thereof,2023,251,France,75858585.234,12864455.0,12864455.0,5.896758567230403,68545061.211,10.66965860674779
870870,Vehicle parts; road wheels and parts and accessories thereof,2015,276,Allemagne,848.339,43.0,43.0,19.728813953488373,,
870870,Vehicle parts; road wheels and parts and accessories thereof,2016,276,Allemagne,659.0,115.0,115.0,5.730434782608696,848.339,-22.318790012011714
870870,Vehicle parts; road wheels and parts and accessories thereof,2018,276,Allemagne,12027.996,646.2,646.2,18.61342618384401,659.0,1725.1890743550834
870870,Vehicle parts; road wheels and parts and accessories thereof,2019,276,Allemagne,4835.253,970.4,970.4,4.982742168178071,12027.996,-59.80001157300019
870870,Vehicle parts; road wheels and parts and accessories thereof,2020,276,Allemagne,1121.214,300.0,300.0,3.73738,4835.253,-76.81167872704903
870870,Vehicle parts; road wheels and parts and accessories thereof,2021,276,Allemagne,1602710.126,325738.8,325738.8,4.920230951916075,1121.214,142844.1771151627
870870,Vehicle parts; road wheels and parts and accessories thereof,2022,276,Allemagne,9921232.063,1732049.6,1732049.6,5.728029995792268,1602710.126,519.0284757082767
870870,Vehicle parts; road wheels and parts and accessories thereof,2023,276,Allemagne,37136806.237,7381765.0,7381765.0,5.030884380226139,9921232.063,274.31647603020093
870870,Vehicle parts; road wheels and parts and accessories thereof,2017,380,Italie,1451.189,192.8,192.8,7.526913900414938,,
870870,Vehicle parts; road wheels and parts and accessories thereof,2019,380,Italie,133.513,75.0,75.0,1.7801733333333334,1451.189,-90.79975110064919
870870,Vehicle parts; road wheels and parts and accessories thereof,2020,380,Italie,67.812,21.9,21.9,3.096438356164384,133.513,-49.20944027922375
870870,Vehicle parts; road wheels and parts and accessories thereof,2023,380,Italie,851.509,112.0,112.0,7.602758928571428,67.812,1155.6907332035628
870870,Vehicle parts; road wheels and parts and accessories thereof,2019,392,Japon,22.252,15.0,15.0,1.4834666666666665,,
870870,Vehicle parts; road wheels and parts and accessories thereof,2019,410,Corée du Sud,2711.427,1766.9,1766.9,1.534567321297187,,
870870,Vehicle parts; road wheels and parts and accessories thereof,2020,410,Corée du Sud,323565.267,21200.0,21200.0,15.262512594339622,2711.427,11833.394002493887
870870,Vehicle parts; road wheels and parts and accessories thereof,2022,410,Corée du Sud,2555181.364,881361.0,881361.0,2.8991314160712807,323565.267,689.6958124371242
870870,Vehicle parts; road wheels and parts and accessories thereof,2023,410,Corée du Sud,8368.219,1474.0,1474.0,5.677217774762551,2555181.364,-99.67249999871241
870870,Vehicle parts; road wheels and parts and accessories thereof,2016,528,Pays-Bas,1200.0,560.0,560.0,2.142857142857143,,
870870,Vehicle parts; road wheels and parts and accessories thereof,2021,528,Pays-Bas,438251.352,98743.0,98743.0,4.438302988566278,1200.0,36420.946
870870,Vehicle parts; road wheels and parts and accessories thereof,2022,528,Pays-Bas,5416533.525,1041747.0,1041747.0,5.199471200780996,438251.352,1135.9422281941984
870870,Vehicle parts; road wheels and parts and accessories thereof,2023,528,Pays-Bas,11476557.369,2397199.0,2397199.0,4.78748629921838,5416533.525,111.88011328703075
870870,Vehicle parts; road wheels and parts and accessories thereof,2015,724,Espagne,96.502,4.71,4.71,20.488747346072184,,
870870,Vehicle parts; road wheels and parts and accessories thereof,2016,724,Espagne,684.0,36.0,36.0,19.0,96.502,608.7936001326399
870870,Vehicle parts; road wheels and parts and accessories thereof,2017,724,Espagne,1016.132,780.0,780.0,1.3027333333333333,684.0,48.55730994152046
870870,Vehicle parts; road wheels and parts and accessories thereof,2018,724,Espagne,23.865,20.0,20.0,1.19325,1016.132,-97.65138781181972
870870,Vehicle parts; road wheels and parts and accessories thereof,2019,724,Espagne,20959.903,999.33,999.33,20.973955550218644,23.865,87726.9557930023
870870,Vehicle parts; road wheels and parts and accessories thereof,2020,724,Espagne,8638795.749,1721154.6,1721154.6,5.019186393250205,20959.903,41115.819314621825
870870,Vehicle parts; road wheels and parts and accessories thereof,2021,724,Espagne,38246612.307,7480690.0,7480690.0,5.112711836341299,8638795.749,342.73083214668327
870870,Vehicle parts; road wheels and parts and accessories thereof,2022,724,Espagne,86225297.202,16183581.0,16183581.0,5.327949185164891,38246612.307,125.44558066968672
870870,Vehicle parts; road wheels and parts and accessories thereof,2023,724,Espagne,131920473.819,20722404.6,20722404.6,6.366079437470302,86225297.202,52.9950932032741
870870,Vehicle parts; road wheels and parts and accessories thereof,2016,784,Émirats Arabes,8934.0,12000.0,12000.0,0.7445,,
870870,Vehicle parts; road wheels and parts and accessories thereof,2017,784,Émirats Arabes,11628.902,26740.0,26740.0,0.43488788332086764,8934.0,30.164562346093575
870870,Vehicle parts; road wheels and parts and accessories thereof,2022,784,Émirats Arabes,4984.026,25310.0,25310.0,0.19691924140655867,11628.902,-57.14104392658912
870870,Vehicle parts; road wheels and parts and accessories thereof,2023,784,Émirats Arabes,959.786,1650.0,1650.0,0.5816884848484848,4984.026,-80.7427569599356
870870,Vehicle parts; road wheels and parts and accessories thereof,2019,826,Royaume-Uni,78.194,38.0,38.0,2.057736842105263,,
870870,Vehicle parts; road wheels and parts and accessories thereof,2020,826,Royaume-Uni,39724.656,7618.0,7618.0,5.214578104489368,78.194,50702.690743535306
870870,Vehicle parts; road wheels and parts and accessories thereof,2021,826,Royaume-Uni,17101134.359,2346039.0,2346039.0,7.289364907829751,39724.656,42949.1691583182
870870,Vehicle parts; road wheels and parts and accessories thereof,2022,826,Royaume-Uni,35718325.644,6597071.0,6597071.0,5.414270309353954,17101134.359,108.86524188497546
870870,Vehicle parts; road wheels and parts and accessories thereof,2023,826,Royaume-Uni,42024960.292,8662564.0,8662564.0,4.851330425033512,35718325.644,17.65657973684832
870870,Vehicle parts; road wheels and parts and accessories thereof,2019,842,États-Unis,33605171.718,6761503.0,6761503.0,4.970074215451802,,
870870,Vehicle parts; road wheels and parts and accessories thereof,2020,842,États-Unis,67818797.919,13218107.0,13218107.0,5.130749654167575,33605171.718,101.81059774997098
870870,Vehicle parts; road wheels and parts and accessories thereof,2021,842,États-Unis,137550170.805,23915929.0,23915929.0,5.751404045604919,67818797.919,102.82012513593106
870870,Vehicle parts; road wheels and parts and accessories thereof,2022,842,États-Unis,179020304.612,27032910.0,27032910.0,6.622309792471472,137550170.805,30.149096554587867
870870,Vehicle parts; road wheels and parts and accessories thereof,2023,842,États-Unis,147579152.057,23617320.0,23617320.0,6.248767940519924,179020304.612,-17.562897473079392
870894,"Vehicle parts; steering wheels, steering columns and steerin",2015,056,Belgique,5467.846,1028.63,1028.63,5.315658691657835,,
870894,"Vehicle parts; steering wheels, steering columns and steerin",2016,056,Belgique,5774.0,314.0,314.0,18.388535031847134,5467.846,5.59917013024874
870894,"Vehicle parts; steering wheels, steering columns and steerin",2017,056,Belgique,10925.942,2443.77,2443.77,4.4709371176501875,5774.0,89.22656737097331
870894,"Vehicle parts; steering wheels, steering columns and steerin",2018,056,Belgique,3929.533,316.324,316.324,12.42249402511349,10925.942,-64.03483562332659
870894,"Vehicle parts; steering wheels, steering columns and steerin",2019,056,Belgique,4643.199,474.61,474.61,9.783188301974251,3929.533,18.161598337512363
870894,"Vehicle parts; steering wheels, steering columns and steerin",2020,056,Belgique,3645.526,1850.04,1850.04,1.970511988929969,4643.199,-21.486759451834818
870894,"Vehicle parts; steering wheels, steering columns and steerin",2021,056,Belgique,5233.029,534.5,534.5,9.790512628624883,3645.526,43.54661028339945
870894,"Vehicle parts; steering wheels, steering columns and steerin",2022,056,Belgique,1359.046,242.78,242.78,5.597849905264026,5233.029,-74.02945789140476
870894,"Vehicle parts; steering wheels, steering columns and steerin",2023,056,Belgique,5930.655,445.74,445.74,13.3051891237044,1359.046,336.38368384881744
870894,"Vehicle parts; steering wheels, steering columns and steerin",2016,124,Canada,432.0,40.0,40.0,10.8,,
870894,"Vehicle parts; steering wheels, steering columns and steerin",2017,124,Canada,127.455,31.2,31.2,4.085096153846154,432.0,-70.49652777777779
870894,"Vehicle parts; steering wheels, steering columns and steerin",2019,124,Canada,600.494,52.8,52.8,11.372992424242426,127.455,371.14197167627793
870894,"Vehicle parts; steering wheels, steering columns and steerin",2020,124,Canada,221.653,54.6,54.6,4.059578754578754,600.494,-63.08822402888289
870894,"Vehicle parts; steering wheels, steering columns and steerin",2017,156,Chine,1410.354,185.16,185.16,7.616947504860661,,
870894,"Vehicle parts; steering wheels, steering columns and steerin",2015,251,France,3575803.825,103850.9,103850.9,34.43209278879625,,
870894,"Vehicle parts; steering wheels, steering columns and steerin",2016,251,France,2914042.0,88175.0,88175.0,33.04839240147434,3575803.825,-18.506659128594677
870894,"Vehicle parts; steering wheels, steering columns and steerin",2017,251,France,2634179.05,76525.5,76525.5,34.42223899223134,2914042.0,-9.603943594498645
870894,"Vehicle parts; steering wheels, steering columns and steerin",2018,251,France,71917.075,372.3,372.3,193.1696884233145,2634179.05,-97.26984864601363
870894,"Vehicle parts; steering wheels, steering columns and steerin",2019,251,France,50778.215,286.05,286.05,177.51517217269705,71917.075,-29.393381196329248
870894,"Vehicle parts; steering wheels, steering columns and steerin",2020,251,France,48104.961,14573.83,14573.83,3.3007768719684534,50778.215,-5.264568673790509
870894,"Vehicle parts; steering wheels, steering columns and steerin",2021,251,France,70176.124,9592.63,9592.63,7.315629186156456,48104.961,45.88126160210377
870894,"Vehicle parts; steering wheels, steering columns and steerin",2022,251,France,155383.405,20888.06,20888.06,7.4388624410309045,70176.124,121.41918952377593
870894,"Vehicle parts; steering wheels, steering columns and steerin",2023,251,France,374910.513,77048.56,77048.56,4.865899025238109,155383.405,141.28092250263146
870894,"Vehicle parts; steering wheels, steering columns and steerin",2015,276,Allemagne,14815.144,847.36,847.36,17.48388406344411,,
870894,"Vehicle parts; steering wheels, steering columns and steerin",2016,276,Allemagne,128120.0,4015.0,4015.0,31.910336239103362,14815.144,764.7907843487718
870894,"Vehicle parts; steering wheels, steering columns and steerin",2017,276,Allemagne,505048.066,14200.0,14200.0,35.56676521126761,128120.0,294.19923977521074
870894,"Vehicle parts; steering wheels, steering columns and steerin",2018,276,Allemagne,484698.555,11088.71,11088.71,43.7109956884074,505048.066,-4.029222636405462
870894,"Vehicle parts; steering wheels, steering columns and steerin",2019,276,Allemagne,800496.815,20493.65,20493.65,39.06072441951531,484698.555,65.15353857409374
870894,"Vehicle parts; steering wheels, steering columns and steerin",2020,276,Allemagne,9197856.498,357998.03,357998.03,25.692477966987692,800496.815,1049.0185002172684
870894,"Vehicle parts; steering wheels, steering columns and steerin",2021,276,Allemagne,9799019.806,374236.15,374236.15,26.184054656398104,9197856.498,6.535906579220042
870894,"Vehicle parts; steering wheels, steering columns and steerin",2022,276,Allemagne,13079330.841,525618.0,525618.0,24.883719433124437,9799019.806,33.475909835302566
870894,"Vehicle parts; steering wheels, steering columns and steerin",2023,276,Allemagne,14944511.347,380402.83,380402.83,39.28601516187458,13079330.841,14.2605193543479
870894,"Vehicle parts; steering wheels, steering columns and steerin",2015,380,Italie,547.051,160.03,160.03,3.4184277947884776,,
870894,"Vehicle parts; steering wheels, steering columns and steerin",2016,380,Italie,681.0,136.0,136.0,5.007352941176471,547.051,24.48565124641029
870894,"Vehicle parts; steering wheels, steering columns and steerin",2017,380,Italie,3805.905,853.54,853.54,4.458965016285119,681.0,458.8700440528634
870894,"Vehicle parts; steering wheels, steering columns and steerin",2018,380,Italie,401.977,135.0,135.0,2.9776074074074073,3805.905,-89.4380705771689
870894,"Vehicle parts; steering wheels, steering columns and steerin",2019,380,Italie,1362.784,1330.0,1330.0,1.0246496240601504,401.977,239.0203917139538
870894,"Vehicle parts; steering wheels, steering columns and steerin",2021,380,Italie,1007035.169,119448.0,119448.0,8.430741150961088,1362.784,73795.43530009157
870894,"Vehicle parts; steering wheels, steering columns and steerin",2022,380,Italie,469931.07,34914.27,34914.27,13.459570255944062,1007035.169,-53.335187839899554
870894,"Vehicle parts; steering wheels, steering columns and steerin",2023,380,Italie,478229.084,58968.0,58968.0,8.109976326142993,469931.07,1.7657938641937352
870894,"Vehicle parts; steering wheels, steering columns and steerin",2016,528,Pays-Bas,159.0,50.0,50.0,3.18,,
870894,"Vehicle parts; steering wheels, steering columns and steerin",2017,528,Pays-Bas,408.556,16.76,16.76,24.37684964200477,159.0,156.95345911949684
870894,"Vehicle parts; steering wheels, steering columns and steerin",2015,724,Espagne,25108166.431,695156.5,695156.5,36.118724964810085,,
870894,"Vehicle parts; steering wheels, steering columns and steerin",2016,724,Espagne,27492254.0,796406.0,796406.0,34.52040039879157,25108166.431,9.495267508090377
870894,"Vehicle parts; steering wheels, steering columns and steerin",2017,724,Espagne,27527855.685,896130.5,896130.5,30.71857914109608,27492254.0,0.1294971485422718
870894,"Vehicle parts; steering wheels, steering columns and steerin",2018,724,Espagne,33857191.201,1333373.6,1333373.6,25.392126558527927,27527855.685,22.992475652394788
870894,"Vehicle parts; steering wheels, steering columns and steerin",2019,724,Espagne,36567791.383,1565069.63,1565069.63,23.364961329548006,33857191.201,8.00598066717343
870894,"Vehicle parts; steering wheels, steering columns and steerin",2020,724,Espagne,45948911.596,2148974.32,2148974.32,21.381787194181086,36567791.383,25.65405199002855
870894,"Vehicle parts; steering wheels, steering columns and steerin",2021,724,Espagne,104019052.874,4719585.4,4719585.4,22.03987089077782,45948911.596,126.3797971725084
870894,"Vehicle parts; steering wheels, steering columns and steerin",2022,724,Espagne,117311504.183,7171484.4,7171484.4,16.35805052898114,104019052.874,12.778862085104127
870894,"Vehicle parts; steering wheels, steering columns and steerin",2023,724,Espagne,187007113.158,12830707.6,12830707.6,14.574964919160031,117311504.183,59.41071974175557
870894,"Vehicle parts; steering wheels, steering columns and steerin",2022,826,Royaume-Uni,7255.729,700.0,700.0,10.365327142857144,,
870894,"Vehicle parts; steering wheels, steering columns and steerin",2023,826,Royaume-Uni,450463.103,100442.0,100442.0,4.4848081778538855,7255.729,6108.378275980263
870894,"Vehicle parts; steering wheels, steering columns and steerin",2019,842,États-Unis,1197.453,26.6,26.6,45.01703007518797,,
870894,"Vehicle parts; steering wheels, steering columns and steerin",2020,842,États-Unis,3862.966,87.4,87.4,44.19869565217391,1197.453,222.5985487530617
870894,"Vehicle parts; steering wheels, steering columns and steerin",2021,842,États-Unis,4487.931,93.1,93.1,48.20548872180451,3862.966,16.178371748547608
870899,Vehicle parts and accessories; n.e.c. in heading no. 8708,2015,056,Belgique,9294.232,1002.6,1002.6,9.27012966287652,,
870899,Vehicle parts and accessories; n.e.c. in heading no. 8708,2016,056,Belgique,15858.0,379.0,379.0,41.84168865435356,9294.232,70.62195133497852
870899,Vehicle parts and accessories; n.e.c. in heading no. 8708,2017,056,Belgique,73212.936,13112.66,13112.66,5.583377895865523,15858.0,361.67824441922056
870899,Vehicle parts and accessories; n.e.c. in heading no. 8708,2018,056,Belgique,12375.851,6355.19,6355.19,1.9473612905357671,73212.936,-83.09608700844888
870899,Vehicle parts and accessories; n.e.c. in heading no. 8708,2019,056,Belgique,4230.911,1196.83,1196.83,3.535097716467669,12375.851,-65.81317115081622
870899,Vehicle parts and accessories; n.e.c. in heading no. 8708,2020,056,Belgique,41235.368,8046.48,8046.48,5.1246468020799165,4230.911,874.6214940470268
870899,Vehicle parts and accessories; n.e.c. in heading no. 8708,2021,056,Belgique,54841.746,7925.71,7925.71,6.919474217451811,41235.368,32.99686327523498
870899,Vehicle parts and accessories; n.e.c. in heading no. 8708,2022,056,Belgique,31417.072,4356.81,4356.81,7.211026416116378,54841.746,-42.71321704454851
870899,Vehicle parts and accessories; n.e.c. in heading no. 8708,2023,056,Belgique,36733.227,1305.41,1305.41,28.139225990301895,31417.072,16.921229960576845
870899,Vehicle parts and accessories; n.e.c. in heading no. 8708,2016,124,Canada,42.0,3.0,3.0,14.0,,
870899,Vehicle parts and accessories; n.e.c. in heading no. 8708,2019,124,Canada,180.096,1.6,1.6,112.56,42.0,328.8
870899,Vehicle parts and accessories; n.e.c. in heading no. 8708,2023,124,Canada,67161.714,303.0,303.0,221.65582178217824,180.096,37192.17417377399
870899,Vehicle parts and accessories; n.e.c. in heading no. 8708,2015,156,Chine,15645.657,168.5,168.5,92.85256379821958,,
870899,Vehicle parts and accessories; n.e.c. in heading no. 8708,2017,156,Chine,7334.833,991.11,991.11,7.400624552269677,15645.657,-53.11904766926695
870899,Vehicle parts and accessories; n.e.c. in heading no. 8708,2020,156,Chine,74125.44,5165.42,5165.42,14.350321948650835,7334.833,910.5947879113268
870899,Vehicle parts and accessories; n.e.c. in heading no. 8708,2021,156,Chine,164272.313,6502.64,6502.64,25.262403116272772,74125.44,121.6139465748871
870899,Vehicle parts and accessories; n.e.c. in heading no. 8708,2022,156,Chine,67789.522,3960.0,3960.0,17.11856616161616,164272.313,-58.73344645728583
870899,Vehicle parts and accessories; n.e.c. in heading no. 8708,2023,156,Chine,36894.31,622.7,622.7,59.24893207001766,67789.522,-45.5752026102205
870899,Vehicle parts and accessories; n.e.c. in heading no. 8708,2015,251,France,474082.548,21760.94,21760.94,21.785940680871324,,
870899,Vehicle parts and accessories; n.e.c. in heading no. 8708,2016,251,France,455883.0,18613.0,18613.0,24.49272014183635,474082.548,-3.838898537138306
870899,Vehicle parts and accessories; n.e.c. in heading no. 8708,2017,251,France,535911.269,45182.2,45182.2,11.8611149744811,455883.0,17.55456312255556
870899,Vehicle parts and accessories; n.e.c. in heading no. 8708,2018,251,France,860069.626,58124.36,58124.36,14.797059718162918,535911.269,60.487318657223476
870899,Vehicle parts and accessories; n.e.c. in heading no. 8708,2019,251,France,4030546.606,436259.4,436259.4,9.23887624197897,860069.626,368.6302694754157
870899,Vehicle parts and accessories; n.e.c. in heading no. 8708,2020,251,France,4278824.312,526798.93,526798.93,8.122310180090912,4030546.606,6.159901627992731
870899,Vehicle parts and accessories; n.e.c. in heading no. 8708,2021,251,France,19726775.459,2761005.78,2761005.78,7.144778762107481,4278824.312,361.0326113104501
870899,Vehicle parts and accessories; n.e.c. in heading no. 8708,2022,251,France,25514561.574,3395909.02,3395909.02,7.513323067176871,19726775.459,29.339747527563738
870899,Vehicle parts and accessories; n.e.c. in heading no. 8708,2023,251,France,33249544.641,3391439.95,3391439.95,9.803960893071393,25514561.574,30.315955242131793
870899,Vehicle parts and accessories; n.e.c. in heading no. 8708,2015,276,Allemagne,7665.782,111.35,111.35,68.84402334979794,,
870899,Vehicle parts and accessories; n.e.c. in heading no. 8708,2016,276,Allemagne,31258.0,1043.0,1043.0,29.969319271332694,7665.782,307.76009544753555
870899,Vehicle parts and accessories; n.e.c. in heading no. 8708,2017,276,Allemagne,1445.415,26.8,26.8,53.933395522388054,31258.0,-95.37585578092008
870899,Vehicle parts and accessories; n.e.c. in heading no. 8708,2018,276,Allemagne,42911.637,1815.57,1815.57,23.635352533914972,1445.415,2868.8108259565597
870899,Vehicle parts and accessories; n.e.c. in heading no. 8708,2019,276,Allemagne,1244.037,92.0,92.0,13.522141304347826,42911.637,-97.1009332503442
870899,Vehicle parts and accessories; n.e.c. in heading no. 8708,2020,276,Allemagne,90505.718,10253.42,10253.42,8.826880982150346,1244.037,7175.1628769883855
870899,Vehicle parts and accessories; n.e.c. in heading no. 8708,2021,276,Allemagne,296464.443,12123.13,12123.13,24.454447242585047,90505.718,227.56432361544276
870899,Vehicle parts and accessories; n.e.c. in heading no. 8708,2022,276,Allemagne,20617205.732,44129.9,44129.9,467.19357469652095,296464.443,6854.360368943131
870899,Vehicle parts and accessories; n.e.c. in heading no. 8708,2023,276,Allemagne,59001915.735,406489.97,406489.97,145.14974560134905,20617205.732,186.17804227186338
870899,Vehicle parts and accessories; n.e.c. in heading no. 8708,2015,380,Italie,1988355.959,576866.41,576866.41,3.4468222183364774,,
870899,Vehicle parts and accessories; n.e.c. in heading no. 8708,2016,380,Italie,1784155.0,555097.0,555097.0,3.2141319445069962,1988355.959,-10.269839164145358
870899,Vehicle parts and accessories; n.e.c. in heading no. 8708,2017,380,Italie,2116039.766,564982.3,564982.3,3.745320456941748,1784155.0,18.601789979009663
870899,Vehicle parts and accessories; n.e.c. in heading no. 8708,2018,380,Italie,4145428.205,626347.35,626347.35,6.618417408487479,2116039.766,95.90502369604336
870899,Vehicle parts and accessories; n.e.c. in heading no. 8708,2019,380,Italie,3458569.099,512531.7,512531.7,6.7480101211300685,4145428.205,-16.56907494312762
870899,Vehicle parts and accessories; n.e.c. in heading no. 8708,2020,380,Italie,2626973.095,369858.65,369858.65,7.10264068448852,3458569.099,-24.044510321926047
870899,Vehicle parts and accessories; n.e.c. in heading no. 8708,2021,380,Italie,5408672.339,763189.59,763189.59,7.086931491033571,2626973.095,105.88990230979122
870899,Vehicle parts and accessories; n.e.c. in heading no. 8708,2022,380,Italie,10706307.049,1337129.74,1337129.74,8.006932108921607,5408672.339,97.94704463423776
870899,Vehicle parts and accessories; n.e.c. in heading no. 8708,2023,380,Italie,12521745.872,1290267.6,1290267.6,9.704766570903585,10706307.049,16.95672293622072
870899,Vehicle parts and accessories; n.e.c. in heading no. 8708,2020,410,Corée du Sud,24329.652,500.0,500.0,48.659304,,
870899,Vehicle parts and accessories; n.e.c. in heading no. 8708,2022,410,Corée du Sud,240.437,4.0,4.0,60.10925,24329.652,-99.01175323017361
870899,Vehicle parts and accessories; n.e.c. in heading no. 8708,2023,410,Corée du Sud,4180.063,68.56,68.56,60.96941365227538,240.437,1638.5273481202976
870899,Vehicle parts and accessories; n.e.c. in heading no. 8708,2017,528,Pays-Bas,357.1,9.88,9.88,36.14372469635627,,
870899,Vehicle parts and accessories; n.e.c. in heading no. 8708,2019,528,Pays-Bas,157.324,90.0,90.0,1.7480444444444445,357.1,-55.943993279193506
870899,Vehicle parts and accessories; n.e.c. in heading no. 8708,2020,528,Pays-Bas,2546.74,9.0,9.0,282.9711111111111,157.324,1518.7867076860489
870899,Vehicle parts and accessories; n.e.c. in heading no. 8708,2022,528,Pays-Bas,1440.261,919.5,919.5,1.566352365415987,2546.74,-43.44687718416485
870899,Vehicle parts and accessories; n.e.c. in heading no. 8708,2019,634,Qatar,369.967,30.0,30.0,12.332233333333333,,
870899,Vehicle parts and accessories; n.e.c. in heading no. 8708,2015,724,Espagne,7438974.032,2059619.4,2059619.4,3.6118197527174196,,
870899,Vehicle parts and accessories; n.e.c. in heading no. 8708,2016,724,Espagne,7553256.0,1854028.0,1854028.0,4.073970835391914,7438974.032,1.536259805564547
870899,Vehicle parts and accessories; n.e.c. in heading no. 8708,2017,724,Espagne,8550550.48,1566348.4,1566348.4,5.45890714990356,7553256.0,13.20350429007041
870899,Vehicle parts and accessories; n.e.c. in heading no. 8708,2018,724,Espagne,10986598.809,1285750.6,1285750.6,8.544891061299134,8550550.48,28.48995903477784
870899,Vehicle parts and accessories; n.e.c. in heading no. 8708,2019,724,Espagne,63216969.259,6777610.4,6777610.4,9.32732416413313,10986598.809,475.40072553858926
870899,Vehicle parts and accessories; n.e.c. in heading no. 8708,2020,724,Espagne,116259331.916,14806638.14,14806638.14,7.851838534631737,63216969.259,83.90526037350092
870899,Vehicle parts and accessories; n.e.c. in heading no. 8708,2021,724,Espagne,81567464.463,10290602.93,10290602.93,7.926402856844074,116259331.916,-29.840071228059056
870899,Vehicle parts and accessories; n.e.c. in heading no. 8708,2022,724,Espagne,67868263.026,9239748.5,9239748.5,7.345250038569772,81567464.463,-16.79493352795603
870899,Vehicle parts and accessories; n.e.c. in heading no. 8708,2023,724,Espagne,98177844.261,7569614.3,7569614.3,12.969992970579757,67868263.026,44.659432676785265
870899,Vehicle parts and accessories; n.e.c. in heading no. 8708,2019,784,Émirats Arabes,6801.339,112.92,112.92,60.23148246546227,,
870899,Vehicle parts and accessories; n.e.c. in heading no. 8708,2022,784,Émirats Arabes,6676.928,2400.0,2400.0,2.7820533333333333,6801.339,-1.8292133357857927
870899,Vehicle parts and accessories; n.e.c. in heading no. 8708,2023,784,Émirats Arabes,185.66,45.0,45.0,4.1257777777777775,6676.928,-97.21937993041111
870899,Vehicle parts and accessories; n.e.c. in heading no. 8708,2019,826,Royaume-Uni,122.698,19.7,19.7,6.2283248730964464,,
870899,Vehicle parts and accessories; n.e.c. in heading no. 8708,2020,826,Royaume-Uni,401116.956,48017.2,48017.2,8.353609873128796,122.698,326814.01326835
870899,Vehicle parts and accessories; n.e.c. in heading no. 8708,2021,826,Royaume-Uni,409699.455,32501.0,32501.0,12.605749207716686,401116.956,2.1396500127010363
870899,Vehicle parts and accessories; n.e.c. in heading no. 8708,2022,826,Royaume-Uni,1360756.63,242377.0,242377.0,5.614215168931045,409699.455,232.13532832256263
870899,Vehicle parts and accessories; n.e.c. in heading no. 8708,2023,826,Royaume-Uni,3195921.101,521870.6,521870.6,6.123972304628772,1360756.63,134.8635333123455
870899,Vehicle parts and accessories; n.e.c. in heading no. 8708,2015,842,États-Unis,2776.95,140.0,140.0,19.83535714285714,,
870899,Vehicle parts and accessories; n.e.c. in heading no. 8708,2019,842,États-Unis,217.218,390.0,390.0,0.5569692307692308,2776.95,-92.17782099065522
870899,Vehicle parts and accessories; n.e.c. in heading no. 8708,2020,842,États-Unis,667.801,77.0,77.0,8.67274025974026,217.218,207.43354602288952
870899,Vehicle parts and accessories; n.e.c. in heading no. 8708,2021,842,États-Unis,6781.455,1618.0,1618.0,4.191257725587144,667.801,915.4903930961467
870899,Vehicle parts and accessories; n.e.c. in heading no. 8708,2022,842,États-Unis,1378852.914,37027.1,37027.1,37.23901990704106,6781.455,20232.700194869685
870899,Vehicle parts and accessories; n.e.c. in heading no. 8708,2023,842,États-Unis,13372823.096,78110.1,78110.1,171.20478780593035,1378852.914,869.851313379463
880730,"Aircraft and spacecraft; parts of aeroplanes, helicopters or",2022,056,Belgique,2134112.229,8432.56,8432.56,253.0799933827924,,
880730,"Aircraft and spacecraft; parts of aeroplanes, helicopters or",2023,056,Belgique,3932617.068,13379.21,13379.21,293.93492351192634,2134112.229,84.27414521881738
880730,"Aircraft and spacecraft; parts of aeroplanes, helicopters or",2022,124,Canada,580647.525,1149.06,1149.06,505.3239386977182,,
880730,"Aircraft and spacecraft; parts of aeroplanes, helicopters or",2023,124,Canada,3162199.009,6484.12,6484.12,487.68360378894903,580647.525,444.5987234682521
880730,"Aircraft and spacecraft; parts of aeroplanes, helicopters or",2022,156,Chine,1180263.543,3715.65,3715.65,317.64658754188366,,
880730,"Aircraft and spacecraft; parts of aeroplanes, helicopters or",2023,156,Chine,173443.585,710.92,710.92,243.97060850728633,1180263.543,-85.30467317840386
880730,"Aircraft and spacecraft; parts of aeroplanes, helicopters or",2022,251,France,1172161323.577,1914620.0,1914620.0,612.2161700896261,,
880730,"Aircraft and spacecraft; parts of aeroplanes, helicopters or",2023,251,France,1006048429.614,1869598.0,1869598.0,538.1094917805859,1172161323.577,-14.171504435591276
880730,"Aircraft and spacecraft; parts of aeroplanes, helicopters or",2022,276,Allemagne,3477463.322,8386.6,8386.6,414.6451866072067,,
880730,"Aircraft and spacecraft; parts of aeroplanes, helicopters or",2023,276,Allemagne,7904622.066,16303.92,16303.92,484.8295419751814,3477463.322,127.31000542814637
880730,"Aircraft and spacecraft; parts of aeroplanes, helicopters or",2022,380,Italie,17189.926,601.5,601.5,28.57843059019119,,
880730,"Aircraft and spacecraft; parts of aeroplanes, helicopters or",2023,380,Italie,8877.822,1027.0,1027.0,8.64442259006816,17189.926,-48.354507168908114
880730,"Aircraft and spacecraft; parts of aeroplanes, helicopters or",2022,410,Corée du Sud,5382.327,4.22,4.22,1275.4329383886256,,
880730,"Aircraft and spacecraft; parts of aeroplanes, helicopters or",2023,410,Corée du Sud,792.583,0.5,0.5,1585.166,5382.327,-85.27434323481276
880730,"Aircraft and spacecraft; parts of aeroplanes, helicopters or",2023,634,Qatar,2836.52,543.0,543.0,5.223793738489871,,
880730,"Aircraft and spacecraft; parts of aeroplanes, helicopters or",2022,682,Arabie Saoudite,6755.171,80.0,80.0,84.4396375,,
880730,"Aircraft and spacecraft; parts of aeroplanes, helicopters or",2023,682,Arabie Saoudite,286881.407,3305.09,3305.09,86.79987746173326,6755.171,4146.841523330793
880730,"Aircraft and spacecraft; parts of aeroplanes, helicopters or",2022,724,Espagne,807711.893,11920.93,11920.93,67.75577853405733,,
880730,"Aircraft and spacecraft; parts of aeroplanes, helicopters or",2023,724,Espagne,4686541.558,26338.07,26338.07,177.93792627933635,807711.893,480.2244090517558
880730,"Aircraft and spacecraft; parts of aeroplanes, helicopters or",2022,784,Émirats Arabes,115985.703,1693.62,1693.62,68.48390016650724,,
880730,"Aircraft and spacecraft; parts of aeroplanes, helicopters or",2023,784,Émirats Arabes,124308.334,1603.84,1603.84,77.50669268754989,115985.703,7.17556628509637
880730,"Aircraft and spacecraft; parts of aeroplanes, helicopters or",2022,826,Royaume-Uni,24743747.324,92342.48,92342.48,267.9562788870301,,
880730,"Aircraft and spacecraft; parts of aeroplanes, helicopters or",2023,826,Royaume-Uni,32858676.687,113427.2,113427.2,289.6895690539835,24743747.324,32.795878719344124
880730,"Aircraft and spacecraft; parts of aeroplanes, helicopters or",2022,842,États-Unis,8425200.207,12722.12,12722.12,662.2481321509308,,
880730,"Aircraft and spacecraft; parts of aeroplanes, helicopters or",2023,842,États-Unis,50391764.654,80573.35,80573.35,625.4147885622231,8425200.207,498.1076225599062
940199,"Seats; parts, (of other than wood) for use in the assembly o",2022,056,Belgique,1186.635,821.31,821.31,1.444807685283267,,
940199,"Seats; parts, (of other than wood) for use in the assembly o",2022,156,Chine,680.612,264.0,264.0,2.5780757575757574,,
940199,"Seats; parts, (of other than wood) for use in the assembly o",2023,156,Chine,23.985,23.0,23.0,1.0428260869565218,680.612,-96.47596574847344
940199,"Seats; parts, (of other than wood) for use in the assembly o",2022,251,France,95104888.395,2917589.0,2917589.0,32.59708217812721,,
940199,"Seats; parts, (of other than wood) for use in the assembly o",2023,251,France,98255978.487,3539592.0,3539592.0,27.75912548310653,95104888.395,3.3132787863780004
940199,"Seats; parts, (of other than wood) for use in the assembly o",2022,276,Allemagne,763.139,209.0,209.0,3.6513827751196173,,
940199,"Seats; parts, (of other than wood) for use in the assembly o",2023,276,Allemagne,639.298,57.3,57.3,11.157033158813265,763.139,-16.22784315832371
940199,"Seats; parts, (of other than wood) for use in the assembly o",2022,380,Italie,2439.999,1680.0,1680.0,1.452380357142857,,
940199,"Seats; parts, (of other than wood) for use in the assembly o",2023,380,Italie,5563.045,1032.9,1032.9,5.385850517959144,2439.999,127.99374098104141
940199,"Seats; parts, (of other than wood) for use in the assembly o",2023,392,Japon,345.756,45.0,45.0,7.683466666666666,,
940199,"Seats; parts, (of other than wood) for use in the assembly o",2022,528,Pays-Bas,9744.642,1278.0,1278.0,7.624915492957746,,
940199,"Seats; parts, (of other than wood) for use in the assembly o",2023,682,Arabie Saoudite,723.886,22.0,22.0,32.90390909090909,,
940199,"Seats; parts, (of other than wood) for use in the assembly o",2022,724,Espagne,80815328.688,8984981.0,8984981.0,8.9944907716555,,
940199,"Seats; parts, (of other than wood) for use in the assembly o",2023,724,Espagne,140419459.865,13539102.8,13539102.8,10.371400671025262,80815328.688,73.75349719495782
940199,"Seats; parts, (of other than wood) for use in the assembly o",2022,826,Royaume-Uni,8522.281,264.0,264.0,32.281367424242426,,
940199,"Seats; parts, (of other than wood) for use in the assembly o",2023,826,Royaume-Uni,334482.672,19150.04,19150.04,17.466421584497997,8522.281,3824.8021979092214
